{"k": 10, "noise_std": 10, "mean reward 1": [-67.94019876908935, -176.43235049591567, -53.00917337661895, 34.36396305306352, 87.1854986254886, -45.337223769846496, 160.46296285699668, -101.78437782560772, -72.91077604967795, 31.94747347569021, -1592.4930953543242, 44.60784880106569, -130.5216320427767, 1515.2544907731217, 738.0568466046157, 797.4606012150473, 1426.755368613499, 904.016752458783, 1252.1233353656683, 330.93093418002934, 1767.6549736300053, -1366.2089470726648, -381.6602669942662, 298.7563957368487, -1628.5856105339963, 1231.5310206413778, 482.1177265510883, 161.62015796814785, 573.8257120756223, 244.68990014190388, -746.5624233979943, 46.29221027490122, -1864.6699554274062, -481.9553818987169, -513.5544552009161, -239.55945894174437, -46.79580045674248, 1490.1321901632343, 637.9919506802356, 390.4838947964969, -461.683389744356, -994.1518028750206, 7.7427177383526224, -703.3534907925833, -844.1242534092901, 334.39761702124633, 948.6397662499996, 838.9546397021668, 1811.1284791968715, -499.87137407890367, -217.8446061377441, 713.4378692415135, 90.13852942979467, -817.9535043172926, 1218.0154872300225, -2249.0122116602197, -886.7217964475209, -31.159767243392622, 209.92807980233454, -1193.5997648681894, -45.867953957970364, -2234.389411934489, 110.19384652228325, 2363.5238859995106, -703.2683146066647, -1631.3479592402334, -487.92559230557833, -1023.8137025255069, -235.03758353963798, 2270.24153374703, -583.4909604213858, -368.0324380981581, 1139.4710978618896, -1160.4545061788194, -32.022975654179135, 353.85854462751973, 231.84608098460356, 851.1001664029707, 932.1379600336966, -917.6864015272407, -98.5807620194236, -90.75020157772313, -1059.2944475393517, 884.9834900502553, -394.6749131831704, -1320.5034149313292, -598.5347790733041, 265.3790364827841, -72.97720566345882, -622.4238577579264, -3004.576188279566, -1240.6144777722975, 1730.0790238695608, -13.813970060156278, 1953.7110553090529, -963.4012984410014, 892.2558518440013, -1062.1241855825733, 331.55919852606974, -580.0727612820189, 174.05197513865912, -406.5468357927533, 681.6358328143801, 709.6314535559297, -1759.949367340382, -1158.7947240390374, -39.7880638769887, 662.289920052913, 1589.8059199919219, 1101.9183587734274, -1449.1476759099537, 496.5150787287696, 205.63008860865008, 183.23543103496158, 1233.3642498771542, 1326.9109835576148, -1093.6947820972591, 1153.7156673825066, -1707.9099188283453, -463.1231568810435, 60.417261776848605, -1875.9531827543021, -384.7324155934347, -79.30684517530612, -567.604060186101, 47.604891774718226, 770.3323931572114, -1101.2251171763398, -43.53005455341532, 974.3103756916848, 1351.736102799532, -657.967800591201, 1184.7019778455635, -703.746965891081, -230.13500831796492, 587.0122339613592, 206.57936725565708, 93.11695525337518, 994.718746479915, -1087.4276448382252, -118.25879780997528, -690.3991961772639, -520.149450701514, 1403.6003747493237, -1041.5231894823792, 175.20792719826406, 18.03086369880568, -181.04032857678632, 1969.5648850879486, 2453.4567470225193, -38.278066245412745, -559.4142451405387, 27.707686632679398, -916.1154934854355, -29.584057737888614, -54.055445202773186, -25.262356285224463, -177.80832931077174, 665.0475773301239, -300.2341514425578, 1849.0514113891713, 237.16693432112126, 804.9847835867356, -2255.77014229852, 860.7470541492489, 518.9259796693113, 498.593898733643, -538.1322137254608, 1174.9009826198053, 822.2139844851724, 661.8172019782439, 494.77319271488165, -2721.146636406205, 1321.549829143591, -1194.944755318077, 1045.2306100940555, -706.2840092531969, -250.09644136073837, -187.20698104654792, -1247.0219248477415, 1407.866997054812, -1502.493052335948, 608.5773121608864, -1466.6432447642571, -81.44865280616565, -911.2957456522568, -1420.2276632512117, 838.6477972200803, 882.3363033522677, 551.1062644596068, 790.3449221117669, -802.1516918717251, -690.7766973759552, -1271.7535504234454, -766.0406318197815, 466.3699256452533, -1712.754264092036, 280.50696320203645, -1274.4923609921752, -509.7808759422087],