{"k": 10, "noise_std": 10, "mean reward 1": [-55.65111209239338, -51.26108374999926, -55.79139367982905, 18.40848243136409, -151.57324728320745, -133.9333203153203, 40.122723959548786, -82.66730098298915, 36.61648777591109, 155.3755067304473, -500.1905262323207, 290.4396621896954, -1786.074820512653, -942.2698618744423, -1090.3257990788009, 1292.8350853230224, 42.718232221890304, -44.91523561785158, -1182.674849940175, -808.4539552174924, -652.4261933085838, 258.344197073523, 725.0399429632131, 67.64529428645733, -1265.8226517818362, 863.1375143803201, -372.00972104051175, -1195.6806524640103, -168.8763173329911, -232.0935811364186, -5.032205819571001, -111.61072875259812, 1115.2230784335459, -1214.283041189092, 718.0251458398384, -512.3301781505568, -1247.269948304, 930.2972214732835, -274.29363081586035, 250.0476741783582, 694.1980873465793, -152.41219308084894, -2702.4772156206063, 487.92781480412685, -529.2936657021697, -286.1734632831716, 2039.668618699146, -1122.9401419868886, 851.3619514945061, -156.05157877737014, 73.09262033123338, -752.943249600712, -183.00131253937, -230.20334855067776, -66.91309307412119, -1183.4558393007776, -288.52736222281, -453.62148159654384, 1950.3659955631808, 405.76435608402574, -1537.489486133045, 73.42076575953634, -754.4342493194971, -18.965955774826167, 1673.2918986343648, 498.3082721573102, 1189.9849866301843, 915.5716567280435, -925.3983056566703, 210.0799453704855, -1637.9128981423617, -1329.6292954913542, -1098.2646780262326, -973.8060276433085, 661.9098097997676, 435.20791904655914, -1358.711323963157, 537.9507105607101, -1470.4963677660946, 608.2834308587445, 431.19257642420683, -742.9956317391154, 165.73690218828534, 1820.8794035329593, -1414.4161047167345, -293.06072792899505, 1061.2229640170572, 165.4666131691534, 1268.991496102698, 290.2917069148134, -1409.1233387664856, -144.47025495594562, 335.0538901742655, -152.0722874159867, 25.73633482205171, 561.9078599774651, -1530.1786844514197, 170.25444783252647, 569.3937739425344, -1094.932824040981, -130.6943565255958, 145.27438977962987, -321.0129169129693, -495.7654998938927, 377.4873761942383, -130.1165247199508, 1160.087323976917, -1105.4699224654362, 595.3642796559698, 189.98520627377192, 600.5352205778883, 1160.8730488871397, -237.5712692642109, -931.1915384699548, -481.4285688684624, 2106.6368465727223, 554.1862825474324, 125.16138811280379, 70.3107255979738, -1332.646039044193, -611.5291176749954, 430.8970093772662, 1804.7628836083397, -2185.6316259623836, -95.52932357714133, -1313.954944094697, 247.23609808057864, -686.2956796660706, -120.8571678531814, 1104.2703702068277, -1359.4403262663632, 2706.9091908042865, -1616.687414853755, 1435.7465278419413, 341.594538017792, -995.6539335996271, -3227.1681157133016, -103.04417761479732, 587.930149116249, -243.04743315575746, 2368.3839410111045, 745.7462015770941, -1223.725083986524, 1092.2069084847303, -136.4053542327546, -254.7735654329347, 1980.5265763511309, 1703.6607538874352, -459.71237384902935, 1068.8987044826551, -487.8699357580839, -941.725290094734, 796.3217802938534, 643.1196108826505, 415.6193970466063, -393.2481902925142, 775.186905107852, -410.8232384189221, 1703.7279521856049, 670.1650848777101, -305.07504449893287, 834.8047941034375, 1129.9959766740892, 584.1016799987764, 823.335336434197, 5.638887948904947, -1232.9142963183763, -883.3413381905402, 1104.2053554753656, 277.7377338014602, 358.0349880126234, 257.37147924921203, 605.9967977442966, -772.0531560590828, 1006.9886659845291, -1095.6091485533857, 76.90465985951707, -526.7711358233215, -1500.119274265475, -753.9712043689549, 304.3347534267437, 627.9476314723407, 306.5579309121242, 297.56062864894034, 102.31875052909842, 504.2472280165375, 146.82984998277797, 753.3999527632823, -7.261566796618268, 34.99362446756916, 1.4290000906525602, 1408.9103878845833, 2083.532077518802, 1108.46223504609, 2454.1256231383286, -1034.360672122356, -2001.6122452210418, -763.6913965323085, -284.37000394129336, 732.9455677813864], "mean reward 0": [55.65111209239338, 51.26108374999926, 55.79139367982905, -18.40848243136409, 151.57324728320745, 133.9333203153203, -40.122723959548786, 82.66730098298915, -36.61648777591109, -155.3755067304473, 500.1905262323207, -290.4396621896954, 1786.074820512653, 942.2698618744423, 1090.3257990788009, -1292.8350853230224, -42.718232221890304, 44.91523561785158, 1182.674849940175, 808.4539552174924, 652.4261933085838, -258.344197073523, -725.0399429632131, -67.64529428645733, 1265.8226517818362, -863.1375143803201, 372.00972104051175, 1195.6806524640103, 168.8763173329911, 232.0935811364186, 5.032205819571001, 111.61072875259812, -1115.2230784335459, 1214.283041189092, -718.0251458398384, 512.3301781505568, 1247.269948304, -930.2972214732835, 274.29363081586035, -250.0476741783582, -694.1980873465793, 152.41219308084894, 2702.4772156206063, -487.92781480412685, 529.2936657021697, 286.1734632831716, -2039.668618699146, 1122.9401419868886, -851.3619514945061, 156.05157877737014, -73.09262033123338, 752.943249600712, 183.00131253937, 230.20334855067776, 66.91309307412119, 1183.4558393007776, 288.52736222281, 453.62148159654384, -1950.3659955631808, -405.76435608402574, 1537.489486133045, -73.42076575953634, 754.4342493194971, 18.965955774826167, -1673.2918986343648, -498.3082721573102, -1189.9849866301843, -915.5716567280435, 925.3983056566703, -210.0799453704855, 1637.9128981423617, 1329.6292954913542, 1098.2646780262326, 973.8060276433085, -661.9098097997676, -435.20791904655914, 1358.711323963157, -537.9507105607101, 1470.4963677660946, -608.2834308587445, -431.19257642420683, 742.9956317391154, -165.73690218828534, -1820.8794035329593, 1414.4161047167345, 293.06072792899505, -1061.2229640170572, -165.4666131691534, -1268.991496102698, -290.2917069148134, 1409.1233387664856, 144.47025495594562, -335.0538901742655, 152.0722874159867, -25.73633482205171, -561.9078599774651, 1530.1786844514197, -170.25444783252647, -569.3937739425344, 1094.932824040981, 130.6943565255958, -145.27438977962987, 321.0129169129693, 495.7654998938927, -377.4873761942383, 130.1165247199508, -1160.087323976917, 1105.4699224654362, -595.3642796559698, -189.98520627377192, -600.5352205778883, -1160.8730488871397, 237.5712692642109, 931.1915384699548, 481.4285688684624, -2106.6368465727223, -554.1862825474324, -125.16138811280379, -70.3107255979738, 1332.646039044193, 611.5291176749954, -430.8970093772662, -1804.7628836083397, 2185.6316259623836, 95.52932357714133, 1313.954944094697, -247.23609808057864, 686.2956796660706, 120.8571678531814, -1104.2703702068277, 1359.4403262663632, -2706.9091908042865, 1616.687414853755, -1435.7465278419413, -341.594538017792, 995.6539335996271, 3227.1681157133016, 103.04417761479732, -587.930149116249, 243.04743315575746, -2368.3839410111045, -745.7462015770941, 1223.725083986524, -1092.2069084847303, 136.4053542327546, 254.7735654329347, -1980.5265763511309, -1703.6607538874352, 459.71237384902935, -1068.8987044826551, 487.8699357580839, 941.725290094734, -796.3217802938534, -643.1196108826505, -415.6193970466063, 393.2481902925142, -775.186905107852, 410.8232384189221, -1703.7279521856049, -670.1650848777101, 305.07504449893287, -834.8047941034375, -1129.9959766740892, -584.1016799987764, -823.335336434197, -5.638887948904947, 1232.9142963183763, 883.3413381905402, -1104.2053554753656, -277.7377338014602, -358.0349880126234, -257.37147924921203, -605.9967977442966, 772.0531560590828, -1006.9886659845291, 1095.6091485533857, -76.90465985951707, 526.7711358233215, 1500.119274265475, 753.9712043689549, -304.3347534267437, -627.9476314723407, -306.5579309121242, -297.56062864894034, -102.31875052909842, -504.2472280165375, -146.82984998277797, -753.3999527632823, 7.261566796618268, -34.99362446756916, -1.4290000906525602, -1408.9103878845833, -2083.532077518802, -1108.46223504609, -2454.1256231383286, 1034.360672122356, 2001.6122452210418, 763.6913965323085, 284.37000394129336, -732.9455677813864],