{"k": 10, "noise_std": 10, "mean reward 1": [47.092110825203626, 164.7485071908067, -40.68579123707171, -123.12132780358729, -23.40430405134085, -25.537296163245205, 29.558637074849216, -41.226900652571395, -47.013253471031916, 194.4747500565395, -604.3380632893671, 1698.037790759032, 534.1915859396303, 374.86370655983717, -1066.3338647903445, -1227.4762849239473, -837.4351562528785, -1400.7073362004173, 708.0237680411356, -749.8849659608064, 1636.1804833120486, -1275.0452358422735, 805.4758927089223, -143.2428291605732, 324.51362415127926, 329.2290639047276, -378.4933403558545, 633.6211184988016, -343.40022962776237, 629.0225018394361, -342.41097431733493, 563.5278746983672, -1300.4459627524052, 19.989208610303578, -484.4453313582963, 382.0579425345653, -322.3269601639635, -225.4388369673774, -637.2982385373816, 1193.0106211258812, -263.1549640188763, -1069.1220112209269, 445.3800363008747, 1495.5340435931464, 566.7865809535334, 1853.715663308576, -3040.2979434633535, 815.4563268243661, 1178.2824184078172, 447.33293342957097, 414.48507359484887, -400.3795507929028, -661.0444617260748, -403.62470034394295, -1507.989347929901, 744.6486386662759, -1243.2777465196423, 936.5773204317161, -816.6790563409882, -1044.7331445133975, -981.450127878961, -372.36535662937047, -179.208975105277, -263.24622259047817, -547.6069990203159, -1433.9761186131523, -2030.5738129308995, -729.5676262061319, -1999.6199423114494, -458.8970335335323, -630.520287522904, -1316.3890855964892, 758.1849436349489, 1758.5574734040608, -251.80733093136553, -471.39293344301825, -1244.381633339269, -29.64229520246633, 1113.283286900533, 887.5976627148409, -1244.5380400941738, 1613.0397081471167, -356.6774573322765, 2118.3610726905263, 1950.831061670428, -1261.0872372963888, -474.16899140522924, -1249.7417407925686, -774.2204521896086, 839.5977196573954, 390.22382756436605, -251.46554081986827, -1640.537578515422, -1251.8724334077901, 21.34606656002809, -696.8213570662095, 323.7820003710826, -1911.9983684380948, 778.0423758686252, -724.1950322438258, 875.3319521992115, -1465.0252677382423, 293.08092866104136, -250.12515096337205, 1054.140875489372, 2765.3707434806556, -284.9751008516133, 797.0481940469444, -273.85460195915005, 1681.6244313924478, 902.3602951064975, 754.7406356077843, 1386.173002172753, 705.4038211561602, -34.137540623926284, 289.48884177289005, -579.173880891264, -664.393874528185, 750.4960793972979, -46.870050179626176, -541.6583305579993, -368.46227306299403, 751.0905589011061, 1212.65878682347, -802.1049254075294, 1854.6719175858204, -694.9333381869719, -63.448977041638656, 975.008909503456, -195.8250810572827, 950.1360785015015, 964.6851937459385, -2210.031605175823, 612.8653548688559, -249.1947959790465, -1177.8881110107595, -57.190723687460476, -313.9630275919707, -1488.185509339387, 909.8898511974003, 1233.250852736661, 1574.982213334541, -57.09858533905843, 611.1019389087681, -1595.4927017233388, 542.3739404755217, 1198.0830889856463, -506.51663778665767, 523.3813417897121, -1576.4581998615788, -551.7686128754419, 1173.3367381315643, 962.3821558362702, 1096.8084021654147, 744.6256688803658, -1090.4038985314833, 562.2021153580406, -923.178905324043, 462.5871259596022, -877.556553084765, 474.7049404753439, 686.4928312684245, -756.1142901676322, 65.59978354075544, -255.91856357964718, 2038.1935794202818, 678.0800940105167, 619.3708529431907, 1904.3513954740017, -1128.3068129206547, -304.14767339716053, 1350.8196531292135, -1828.6960011066994, -385.90291634922596, -19.978232192552305, -611.8486489808535, 1173.5935741143376, 49.48025016734512, 1040.2573151136635, 557.1713493022982, -404.6743124804626, -228.50244650266637, -1335.275957362416, -1202.1920215103103, -1619.2056090552103, -1540.5474445052675, -1262.6947446288927, -65.90118516569576, -1514.0342929531791, -786.7823561518611, -421.1576573570839, -1040.7328339220658, 433.2943325372548, 545.5483297139662, -17.449757473890482, 421.03720592036933, 450.7275235007204, -626.1084733695193, 1741.8410603095815, -106.5134883518576],