{"k": 10, "noise_std": 10, "mean reward 1": [-31.33946077064203, -57.46179120219366, -154.3880113159364, 15.442255362974464, -130.0674277263233, -120.82868761704475, 117.56883659658047, 45.55188907524352, -177.58009590693956, -27.293879891034766, 225.7335734527537, -1029.659861571448, 1356.7563432456197, -1979.1424075799127, -386.8514855248675, -1036.1915487437236, 1743.2464477443873, -231.89816625564833, -44.85537408620015, 422.9351124135638, 109.94932835260781, 1344.3720456022145, 22.61930418082203, -147.4353155701466, -1382.248736024477, -62.71299073698554, -860.5321434013614, -262.5755654440307, -720.5246438764362, 1222.881903139189, 241.19986702379396, -900.5039723301412, -1291.3385415796959, -136.48379445935274, -586.1278371912113, 2252.4609088849, 240.8501112227685, -382.98166539669126, -280.72826305665944, -369.46142069448155, -396.3003548349292, -907.6665884477716, 760.5279500187285, -1126.899743340597, 1783.06709769096, 875.0351226672724, 808.2805310878722, 433.32667891755915, 168.86850267857366, -1019.3926355617748, -400.1456373245517, -502.8305730346059, -1208.8235117971983, -1921.626185925976, -1619.9420725372754, 1066.988472148667, -310.2235965591672, 1282.0229193385053, 2987.720384416508, 834.8206819346025, 228.98388882121895, -747.4930415642276, -1320.1529302954566, 270.03618652987626, -666.3909906227021, -849.0089327730927, 68.02575584102901, 472.42553656608146, -470.20856035097216, 414.731653353893, -798.9992361801246, -765.3286155110654, -1876.4508190067854, -328.5693072370896, -1871.8803356459055, 276.9829369105608, -315.1709475734143, 486.9317063880124, 167.7717466639614, -1033.9857316462903, 231.29708178164657, -172.71611622971594, -1261.8556000004319, -1806.9115086484587, 93.45162294597, -1721.576097675031, -813.3401464523063, 281.41703788760896, 240.76785298182344, 324.49056628809757, 1663.1412086408645, -638.3337055426255, -41.344058444992136, 532.1481426921713, -65.03819575104094, -516.6471283997539, -460.5033928578325, -1241.817988500224, -219.4627784251257, 2093.8033616324033, -537.0513160842706, -265.7138227853502, 937.263872619514, -469.30988345970724, 524.0963089482186, 2433.8825395050076, -380.7092042468608, 1743.508747535243, -506.0011714038203, -752.4917517876391, -815.1062864472528, -995.7619064384344, -484.65905251165526, -1037.5596164222957, 1345.4398573754843, -1778.039277928705, 1755.424964946296, -1685.5626979847007, 622.5195467574448, -139.98204298132805, -539.5704982600589, 527.0535757649869, -2054.557867424524, -44.920524349235684, -1195.9134709309178, 649.2329809541066, 626.7106438047309, 1401.0252115116502, 824.420366630881, 24.41362503105711, 544.5760313971572, 371.5166369830735, 1482.877397499276, 943.5984784873388, -570.0986789564778, -1062.0358959821613, -561.6671750180042, 1822.914293605857, 1513.9540869219604, 208.581340012924, 876.0226978551225, -1950.2782224911002, -1495.1265195183698, 829.3453500295066, -283.497447150369, -1002.6978079406979, 1289.3875125546426, -1813.3043271367947, 434.939549340197, 587.2041382543172, 834.6121108441455, -171.43145521566993, 186.19568409659232, 330.3005009409426, 432.5067489256445, 1216.38033761976, -1255.2406311349102, -332.4041499421257, -2147.277349784411, 2996.124135170486, 1089.533931253623, -563.103723041046, 1759.9353569075781, 145.3245023468998, -868.0626050084742, 1751.5932683857804, -447.4144854338295, -2172.1848329540226, -842.7848314986284, -1681.0436064466016, -477.6663192374591, 1704.0387629732886, -742.732494453033, -1185.0052758217498, 1396.929157143615, 751.9471516166911, -839.7317684855823, 1894.1721370949817, -2689.820203831586, 1739.842466961705, 791.0854647331041, -726.8949860191028, 45.71819530828493, 57.49052479234583, -623.2156027567866, 190.79162615295567, -368.82508556788673, -1355.0469885037228, -1127.1781557599836, -139.57861703228556, -956.701759926448, 2007.920468747582, -619.3526199001484, -480.7951404391053, -185.0911751683286, -1235.7728319622245, 1256.9124278118154, 1194.9704298192278, 510.1632807983257, 74.85120833419707], "mean reward 0": [31.33946077064203, 57.46179120219366, 154.3880113159364, -15.442255362974464, 130.0674277263233, 120.82868761704475, -117.56883659658047, -45.55188907524352, 177.58009590693956, 27.293879891034766, -225.7335734527537, 1029.659861571448, -1356.7563432456197, 1979.1424075799127, 386.8514855248675, 1036.1915487437236, -1743.2464477443873, 231.89816625564833, 44.85537408620015, -422.9351124135638, -109.94932835260781, -1344.3720456022145, -22.61930418082203, 147.4353155701466, 1382.248736024477, 62.71299073698554, 860.5321434013614, 262.5755654440307, 720.5246438764362, -1222.881903139189, -241.19986702379396, 900.5039723301412, 1291.3385415796959, 136.48379445935274, 586.1278371912113, -2252.4609088849, -240.8501112227685, 382.98166539669126, 280.72826305665944, 369.46142069448155, 396.3003548349292, 907.6665884477716, -760.5279500187285, 1126.899743340597, -1783.06709769096, -875.0351226672724, -808.2805310878722, -433.32667891755915, -168.86850267857366, 1019.3926355617748, 400.1456373245517, 502.8305730346059, 1208.8235117971983, 1921.626185925976, 1619.9420725372754, -1066.988472148667, 310.2235965591672, -1282.0229193385053, -2987.720384416508, -834.8206819346025, -228.98388882121895, 747.4930415642276, 1320.1529302954566, -270.03618652987626, 666.3909906227021, 849.0089327730927, -68.02575584102901, -472.42553656608146, 470.20856035097216, -414.731653353893, 798.9992361801246, 765.3286155110654, 1876.4508190067854, 328.5693072370896, 1871.8803356459055, -276.9829369105608, 315.1709475734143, -486.9317063880124, -167.7717466639614, 1033.9857316462903, -231.29708178164657, 172.71611622971594, 1261.8556000004319, 1806.9115086484587, -93.45162294597, 1721.576097675031, 813.3401464523063, -281.41703788760896, -240.76785298182344, -324.49056628809757, -1663.1412086408645, 638.3337055426255, 41.344058444992136, -532.1481426921713, 65.03819575104094, 516.6471283997539, 460.5033928578325, 1241.817988500224, 219.4627784251257, -2093.8033616324033, 537.0513160842706, 265.7138227853502, -937.263872619514, 469.30988345970724, -524.0963089482186, -2433.8825395050076, 380.7092042468608, -1743.508747535243, 506.0011714038203, 752.4917517876391, 815.1062864472528, 995.7619064384344, 484.65905251165526, 1037.5596164222957, -1345.4398573754843, 1778.039277928705, -1755.424964946296, 1685.5626979847007, -622.5195467574448, 139.98204298132805, 539.5704982600589, -527.0535757649869, 2054.557867424524, 44.920524349235684, 1195.9134709309178, -649.2329809541066, -626.7106438047309, -1401.0252115116502, -824.420366630881, -24.41362503105711, -544.5760313971572, -371.5166369830735, -1482.877397499276, -943.5984784873388, 570.0986789564778, 1062.0358959821613, 561.6671750180042, -1822.914293605857, -1513.9540869219604, -208.581340012924, -876.0226978551225, 1950.2782224911002, 1495.1265195183698, -829.3453500295066, 283.497447150369, 1002.6978079406979, -1289.3875125546426, 1813.3043271367947, -434.939549340197, -587.2041382543172, -834.6121108441455, 171.43145521566993, -186.19568409659232, -330.3005009409426, -432.5067489256445, -1216.38033761976, 1255.2406311349102, 332.4041499421257, 2147.277349784411, -2996.124135170486, -1089.533931253623, 563.103723041046, -1759.9353569075781, -145.3245023468998, 868.0626050084742, -1751.5932683857804, 447.4144854338295, 2172.1848329540226, 842.7848314986284, 1681.0436064466016, 477.6663192374591, -1704.0387629732886, 742.732494453033, 1185.0052758217498, -1396.929157143615, -751.9471516166911, 839.7317684855823, -1894.1721370949817, 2689.820203831586, -1739.842466961705, -791.0854647331041, 726.8949860191028, -45.71819530828493, -57.49052479234583, 623.2156027567866, -190.79162615295567, 368.82508556788673, 1355.0469885037228, 1127.1781557599836, 139.57861703228556, 956.701759926448, -2007.920468747582, 619.3526199001484, 480.7951404391053, 185.0911751683286, 1235.7728319622245, -1256.9124278118154, -1194.9704298192278, -510.1632807983257, -74.85120833419707],