{"k": 10, "noise_std": 10, "mean reward 1": [-52.995394073042654, 152.3917132641311, -9.32493674357233, 53.51433460055347, -5.476997354136637, 31.047184324060428, 177.09776399857122, 140.65729304011765, -60.92456412492897, 24.798016749139666, 238.2289620439024, -189.57570491681318, 1880.0336107853652, 24.877344523232825, 1140.3922900933155, 462.25661171263283, -1319.4767820079621, 417.7030233525578, -961.1969332319313, 23.181576020263783, 204.81787351429196, -610.7248317627976, -1041.9534109774552, -318.68385898012116, -121.70337628348382, 1127.8379512353183, 670.1491145205586, -397.42007520300336, -1114.5251186920937, -983.2487338820164, 1547.1713391716164, -2207.394457720901, 581.2086001744648, 126.5307755908041, -1218.0772671687362, 449.856032331566, -197.83622761409907, -835.5882837181664, 1141.3190660070427, 1410.8202922225694, -249.52733775112446, 617.451054344201, 1741.4288020177337, 697.5813198826478, -1597.5070902430743, -76.10564097076681, -1428.250222852897, -1004.1999494443003, 151.0914235780965, -1051.8151688771586, -943.1181640430308, -101.1282810749608, 388.7785064285618, -522.1256885037127, -803.3855769710989, 158.88675638490017, -363.43602644088884, 1315.5698134393713, -2341.609569661892, -1182.1624216801654, -78.91890413415288, 162.39794257940156, 956.8512779634309, -2219.2242978639706, -2348.5276621666685, -172.52407463358978, 170.9596666642227, 565.4133248059571, 380.0285014928252, 330.9255466896179, 296.2052804314335, 648.113512241851, -1054.4803988990925, 45.00408994453793, 708.5636370839627, 327.38331592100565, -255.4281284677124, 996.2702349069164, 387.8061961395318, -456.78097052580665, 1001.0947459113162, 188.3116838520902, 21.42908713921583, 157.16057001642054, -457.60444716294637, 524.0813203593962, 934.0325618293424, 1002.7074782846707, 848.3649064406084, 157.3402173039001, 1142.3598716067656, -653.2680845546903, -1851.9457020875088, -327.4169760143332, 1274.509917703337, -3663.8167486282273, -1615.7488812757833, -607.8388601371596, -1995.0295241107547, 1471.3183614161615, 2686.585787010281, -604.1276169150501, 1155.7562150050715, 22.21094120844125, -826.2639359898066, -421.16214590145876, -824.1290126298724, -223.2789909075338, 864.1322703077325, -385.09972898144275, 1182.1735230078514, -119.89496077274741, 687.3093181332397, 465.4130370175073, 821.5137139884993, -317.2843794238545, 718.5490807914043, 1324.9957528755094, 207.35369457196086, 887.5418984663588, -341.30080567958356, -1083.691107932027, 357.53930854421316, -289.4737733306082, 619.2671864851028, 979.4096599759463, 91.2154708088795, -417.373113885388, 590.5599840093041, 825.5971617750624, 1017.2644018924759, -1102.9642228483333, 280.33886742526255, -1467.4622245615528, -512.2532785147641, 211.1240571127953, 773.6740781123192, 327.19834278380216, -1784.2572395357138, -90.07573496431415, -28.396425447584626, 1456.662328122571, 1760.6532182770782, -386.64934918319085, -1491.6615320675219, 50.4184785922365, -462.40837624098265, 240.05710944326495, -311.1610130200658, -1869.9273304169176, 53.43989177651238, 179.38688072998247, -269.96974722940917, 1520.7712517790696, 1763.190300673593, -1311.246394748566, 1500.6070707909585, -123.80216318606436, -2304.006198442324, -543.0300225269946, 646.9374759351236, -1158.3780938220698, 442.6017224861031, 1033.6442865990334, -1258.4772464383884, 1608.3641249058517, 311.039855380698, -1222.1936434183294, 29.66913393368977, -1092.274799067511, -658.1956541473667, -792.0233222440891, 170.30141001742695, 188.371155056556, -261.94599394278976, -910.5446168991938, 423.5303071136825, 711.8835104027344, -512.5061791235711, 626.2347730621228, 356.2670224567915, -802.4653996016987, 104.92159293529184, -265.7767413399024, -1900.525757197517, 568.4031030319514, 1530.7330321205843, 135.35173167483418, 1174.376445229775, -1017.7632377229504, -616.7981168823251, -2011.6598026927772, -698.9571413609742, -1872.9407592922698, -459.76554487005023, -62.21014118434209, -445.5400824426364, 145.07613497708275, 846.4253772673572, -2022.4020050232334],