{"k": 10, "noise_std": 10, "mean reward 1": [-122.53122555704077, -86.76402693445499, -31.828928642061943, -69.50449594167569, -168.01675254910998, -28.539045739899265, -65.67982866629974, 102.60375286857555, -53.55611750726076, -79.3213544823273, -179.43503614896193, -1367.245265426663, 1090.2368877151248, -1223.36951014431, 1445.8908885925237, -1120.9897283113974, -1297.7142671568079, 455.24206201155215, 1915.8446836174753, 999.0647201986736, -188.05209133969055, 674.2904158613542, -451.1329576132031, -645.5160859302736, 868.9049229086812, 37.414098188479095, -1132.2389558185916, -335.9984043781563, 651.1445383885359, -606.6181938921422, -478.4118786549368, -1761.8789313228542, -626.3767689057014, 1018.8859355970648, 811.7284574822946, -324.41904892755014, 2811.668301362804, 489.43562528359274, 836.3654976320839, 457.4566492566978, 1066.6635828688989, -488.19390504705103, 2717.963963085447, -118.04247021611131, -1276.6941318698541, -1070.5634418803518, -1732.9362455026846, -218.26486095903147, 14.69983940899997, -165.5229116132945, 1137.8693725487144, -865.3546335876232, 1284.033154081849, -1074.7845016463095, 436.00787445659836, -2765.7784426556655, 242.81289486010004, -934.8275016015466, -758.6330718083852, -1212.2399669157799, -900.5288403130625, -1226.700335159169, 1414.1331175441578, -403.3818222195567, 590.0787495795176, 1090.0768700195247, -810.9636388186819, -271.6753022840779, -358.2731084249311, -570.7270402636584, -1638.5606989958567, 539.8916113214821, -2532.432986920517, 672.5932613635639, 2765.1424745949816, -254.91182810660362, 279.37066426827465, 1044.2677138952442, -114.77896041833135, 1227.9644147030592, -980.8381171468561, 476.9195235333041, -453.72213856474497, -494.6255218500995, -1498.1706618457156, 1293.226762881784, -1474.1430710312925, 1012.065011649614, -1078.9636603962258, 2293.260655799111, -2027.4984393858858, 121.32275334631508, -1591.3946350099643, 1015.6032890075813, 771.2419665405256, 432.6647137556053, -415.3794536134381, 807.3862097656499, 301.2678556197828, 500.61395652175474, -3.7104377582750203, -226.88082786321567, 194.36159831668775, -1188.7681564783452, 216.67483362806797, 2088.6674522908, -515.1400116629505, -108.44157765812979, -16.31304527033224, -1556.2043792308011, 653.331032291148, 138.7419519233961, -564.2909905051289, 1325.0807303095396, 1235.876691046539, 964.5960932494341, 708.41401480104, 703.8820392813329, -1754.0722353554197, 894.6094261974615, 450.37658896900405, -2124.016358937877, -454.6666159846602, -488.7659309323087, -1352.5666263796547, -111.37912701521788, 197.68736526332574, 113.85403014049436, 172.2315706805534, -424.0336697301833, -1384.7420327554505, 150.1931711822714, -16.974687073516414, 160.3345982909515, -309.0391440423741, -1570.0263058849346, 412.5248335026443, -397.24275124691115, -193.91625872307162, -39.78439073818825, -844.9234399053619, 1820.1316801314456, 984.5128870743446, 1010.6306197059663, 1316.2621388117668, 1088.286991814892, -869.3250694095673, -1806.0117949805792, 128.89621015935631, 486.63428825613295, 2546.526047245225, -359.7420480315895, -39.79634363314233, -89.6782183404897, 750.1544449815813, -472.7328277368481, -341.3431794392353, 438.5653148010693, -1837.3070723062667, 1120.174794130791, 1474.3423214721122, 1650.85371683296, -22.31159015058024, -1427.680175791097, -1949.1822231932374, 90.2835433705879, 89.50831705725895, 506.35098822663275, 1154.131555583803, 1549.5072216005178, 670.7197472044858, 684.649151753887, 199.80304625434874, -700.220928257216, 390.22353899992396, -661.4905599081608, -1327.7309650488191, 1617.6594228128276, -1159.7493701938874, 79.67737521375686, 736.7413807922932, -113.61870330202879, 2239.640113451864, -1538.0183745668282, -1846.1785527501731, -1215.069371828178, -426.40597852417665, -939.114973511068, 59.25974301993895, -2245.808226713725, -1546.6992397851548, -942.5512371726745, -1478.8720539175738, 928.1385113963669, 277.98092899092853, -1000.8237442422708, 631.618906914667, -451.9533513796642, 826.8057204517564, 942.5688707820717],