{"k": 10, "sigma_z": 10, "mean reward 1": [-548.7950730356928, -148.032971265066, -729.5416930200521, 111.05915233479149, -331.43529958590807, 8.979610311608365, 1346.3863902870023, 588.8718847510361, -1190.6216509507342, 1124.0404031305968, -1107.6275492972627, 1185.376585452044, -832.6843174408101, 1170.105760380389, 192.8783503658426, 1116.9389527679707, 574.9335495855345, -1115.3531374905035, -863.3167759895498, -1402.5786317089985, 193.36094977546657, 1124.0274335592528, 183.14908786402407, 615.8312699127464, 1581.3119098791417, -1298.3059478681046, 232.54361985826205, -779.19243428088, -623.9842663284236, -354.95526077606, -307.44604720972325, -56.984689618238974, 408.81066635148653, -1173.5229650647875, 205.131854582223, -105.23967063954036, -1125.1243458589383, 786.125043164729, -571.7048174410193, 136.27166755606083, 1764.2124018634445, -184.78374566143933, 1421.7042315196074, -18.59507940028169, -1011.7186024489811, -1606.7664437293327, 1231.2854551611915, -31.282078635200605, 2312.866427612174, -444.039631295672, 2084.391422096621, -685.4742302807205, 299.089880972551, -1487.730639245318, -1162.054377375741, -318.459109689818, 788.936926066163, -310.5128355733096, 1477.1978431241478, 334.6771458065173, -277.9940391900911, -16.78513692490826, 971.939303575123, -1194.4441957165272, 476.9326147704016, 481.21507068419646, 513.8524820900657, 1322.2834814090313, -790.8483835101031, 1677.011059964172, -452.90171324593194, 522.1421513210978, -1064.242180259328, -996.7159303265106, 412.03480442989144, 13.457562104064852, 1180.3921403823638, 607.3439914275842, -22.168322483213114, -573.5866007991372, -249.7155830273041, 1170.9386095932616, 1084.1792918590195, 242.92678695059345, -1339.5104517416098, -1800.2831415749704, -119.22352984692535, 728.8097130576793, 235.7386562776968, 394.1127095110867, -199.99542963213094, -430.5993814781508, 861.1437177919278, 1372.4288121526392, 10.489755513641441, -319.0633210983106, 480.66391019673205, 580.8166016315541, -845.622553711028, -649.2706251936651, -343.0295016748621, 627.1054637722173, -176.28803551124915, 1979.8245483831265, -855.4299076541608, 695.7479227111535, -229.5970058320815, -1159.7161882482815, 1384.9182950712038, -810.936957072018, 799.3976055303227, 195.69576627735913, -1352.0965730145008, 1481.6407542302245, 332.44619307247217, -304.4109878504881, -755.4539112651506, -580.502011244097, 290.8994901508647, 935.7653454738554, 1607.6568324792927, 66.34513687617954, 864.9974213830266, 828.2348931951898, 698.9748659503316, 736.7743683815675, 2357.9970800381643, -2.962978341878575, -973.251344783969, 1316.8741135523867, -1566.0494559914519, 2317.531415958903, 793.1880000979131, -889.7322840581554, 226.07726010563692, -227.62527176566007, -80.47123464256161, -449.01081863036956, -375.12313515542564, -585.7485962805594, 834.343715061251, 1526.4003334532067, 12.944772970782159, 1104.7648078485847, -849.657114033794, 1574.0556727941653, 1539.8494378487164, -302.50968078870295, 1693.571576918479, -1901.1773616238295, -676.5095039921974, 507.43011564587545, -660.1589980962993, -1624.7529840734533, 52.979253970036936, -687.0452515618839, -298.37708635548694, 1674.0894637103002, -661.2358473371781, -883.369731610183, 60.712998754884985, 173.3023400707018, -2627.4918292742727, 199.08033112444895, -928.322899311952, -1152.6507539807444, 2785.624037735065, -504.545686516365, 1584.4008468326244, 275.8252367368985, -1597.3050312932678, 749.3431052567953, 505.20121690135085, 500.1223017245236, 676.5037927170384, -599.3087134122314, -1300.6261194194926, -270.81088455674717, -409.4704386755309, -1110.8829611219853, 513.0991547521002, -368.01696916014333, -235.29171787123926, 321.1129253959298, -173.03959706739155, -1597.2290343578927, 662.4541237979814, 510.2363829403533, -30.158838233696848, 42.196220491143244, -2339.731814519525, -559.6680879044209, -847.7202167204533, 556.7144463558689, 710.2201507496326, -47.54374791970548, 228.4652590442498, -539.7735434904952, 83.46690676477712, -308.6576031659288],