{"Stationary": {"actions": [0.0, 0.0, 1.0, 0.0, 0.0, 1.0, 0.0, 0.0, 0.0, 0.0, 0.0, 0.0, 0.0, 0.0, 0.0, 0.0, 0.0, 0.0, 0.0, 0.0, 0.0, 0.0, 0.0, 0.0, 0.0, 0.0, 0.0, 0.0, 0.0, 0.0, 0.0, 0.0, 0.0, 0.0, 0.0, 0.0, 0.0, 0.0, 0.0, 0.0, 0.0, 0.0, 0.0, 0.0, 0.0, 0.0, 0.0, 0.0, 0.0, 0.0, 0.0, 0.0, 0.0, 0.0, 0.0, 0.0, 0.0, 0.0, 0.0, 0.0, 0.0, 0.0, 0.0, 0.0, 0.0, 0.0, 0.0, 0.0, 0.0, 0.0, 0.0, 0.0, 0.0, 0.0, 0.0, 0.0, 0.0, 0.0, 0.0, 0.0, 0.0, 0.0, 0.0, 0.0, 0.0, 0.0, 0.0, 0.0, 0.0, 0.0, 0.0, 0.0, 0.0, 0.0, 0.0, 0.0, 0.0, 0.0, 0.0, 0.0, 0.0, 0.0, 0.0, 0.0, 0.0, 0.0, 0.0, 0.0, 0.0, 0.0, 0.0, 0.0, 0.0, 0.0, 0.0, 0.0, 0.0, 0.0, 0.0, 0.0, 0.0, 0.0, 0.0, 0.0, 0.0, 0.0, 0.0, 0.0, 0.0, 0.0, 0.0, 0.0, 0.0, 0.0, 0.0, 0.0, 0.0, 0.0, 0.0, 0.0, 0.0, 0.0, 0.0, 0.0, 0.0, 0.0, 0.0, 0.0, 0.0, 0.0, 0.0, 0.0, 0.0, 0.0, 0.0, 0.0, 0.0, 0.0, 0.0, 0.0, 0.0, 0.0, 0.0, 0.0, 0.0, 0.0, 0.0, 0.0, 0.0, 0.0, 0.0, 0.0, 0.0, 0.0, 0.0, 0.0, 0.0, 0.0, 0.0, 0.0, 0.0, 0.0, 0.0, 0.0, 0.0, 0.0, 0.0, 0.0, 0.0, 0.0, 0.0, 0.0, 0.0, 0.0, 0.0, 0.0, 0.0, 0.0, 0.0, 0.0], "rewards": [-410.61027497871305, 1209.7106786266907, -122.29586138720121, 325.9943543006276, 13.465356683122302, 1075.0076212415472, 810.6785605293007, 769.9467855785159, 42.71299177100258, -260.18028879518283, -250.99830237337258, 1514.1567693824747, 329.3344812995955, 428.3793795694952, -277.38623039175974, -596.4480366402344, 2766.2683507775, -212.95434111867127, 462.96770556684396, 558.4906517794811, -1358.0120243804422, -815.222793626164, -149.45472781440893, -664.3853803207222, -274.50779899692867, -54.057105448271855, -862.4132883002293, -107.48797834334246, -623.4718272061598, 568.6055462734935, -3132.3354354512003, 1581.6522081419039, -515.8579411606845, 550.0532034660495, 754.55710573706, -2312.0839012218953, -502.8068947684238, -486.0216277879298, 916.7787654633378, 1265.3139329802134, -267.0630805569885, -475.6408886994315, -890.923768793659, -664.0173028007126, 2237.3533717565942, 73.19343803523795, -340.5001359542138, 1484.0443113094477, -304.0998654113018, -1053.9800677113903, 1319.5423969622454, -2973.6142325888704, 1673.0812433602164, -484.8149802127054, -1244.0244634658811, -249.70735334248016, -1167.9568119066541, 1036.3051122527816, -229.7348716162329, 963.7974448693057, 179.59589802360526, -1456.2028869753103, -460.5210197699681, 820.658291071141, -961.1140219812643, 645.6911755072952, -583.5878429424943, -1000.3674667015849, 1236.4367144548694, -257.1388621180962, 594.6519117732203, -69.82228843137447, -2111.915942611484, -575.4384545141374, 847.2463170375746, -407.2930342103467, -270.4748757849676, -1243.0308706389237, 71.1598577033828, 2092.5677992516535, -142.0371241456943, 781.361249467175, -1153.3086195477013, -782.7305119301394, -1771.615215984836, -463.9603111166425, -857.7416220639418, 722.5181233736193, 147.80354636790238, 2701.4859056846744, -1071.4805925502865, -758.1839288039671, -1355.7573556690465, -125.93535687854764, 170.17385246595347, 2270.472474309468, -404.13658671355904, -742.6661303873068, 922.1426759364963, 60.909813789399095, -1357.076161159897, -155.45746331962675, -874.1955692917476, -767.5502324646568, 1704.281882982394, -1716.4387642828672, 833.0274039302362, 1329.5456270010418, -2002.2596159517968, -1266.8165909230752, -1297.9271209111203, -2113.9301152725566, -231.50996604575198, 782.8504876487575, 927.433870006939, -587.7398315357602, 938.021669819692, -332.5865392945674, -713.3414928597397, 1137.7200857214204, -298.87621707400154, -478.14800912377086, 1615.906994790641, -143.53011411017914, -638.9998219432957, -85.71925981689002, -1421.3398041316204, 83.70954481056731, -62.57559244190898, -149.61019395469307, 1027.8350547508785, -1260.9991238047535, 1898.8838725602677, -664.6348117447421, 1491.8636321538486, -1096.3375118050606, 1859.6212973838346, -478.2428249243107, -25.926721992864643, 551.2746320940734, 130.83041266602012, -544.990960232201, 2859.124960032583, -63.58175128575204, 870.7657494152751, 797.2478495797677, -2017.1312792826961, 393.32763055755703, -1.7219097787391697, -1328.005909823219, -131.08117276262524, -1643.0101794522118, -323.1628572083027, 365.6543931671034, -140.9387293669089, -759.8482113458347, 174.009869004234, 452.0633431842794, -705.9282636469601, 354.74848199991624, 989.8873763967091, -865.4323781424779, -676.8957976812958, -332.10282512124724, -893.924602510375, 2260.4837728861285, 1283.198067901802, 714.4134302027335, -48.15877127918266, 354.8855524550352, -1360.4978041458874, -893.543082510195, -310.4072119694785, 1492.322848658809, -1139.919160714264, 1068.0207652514223, 0.6597521032748601, 259.55730884850874, 1469.908069298382, 731.6971612430522, 1351.5447160668841, -942.3476532688952, -52.61893325615503, -508.2189147459656, 73.60439683841183, -567.783525288788, -2718.531205819066, -304.4225093154678, -1084.5697757788357, -1123.6803465425785, 1797.8761015950176, -144.79347435728195, -365.8104145608172, 1285.8570161480604, -142.74297913076995, 1202.7999649107412, -220.0620199711327, 2060.8979905401084, -841.0644851049522, 1327.5012731247111]}, "Latent AR LinUCB s=2": {"actions": [0.0, 0.0, 1.0, 0.0, 0.0, 1.0, 1.0, 0.0, 0.0, 1.0, 1.0, 0.0, 0.0, 1.0, 0.0, 0.0, 1.0, 1.0, 0.0, 0.0, 1.0, 1.0, 0.0, 0.0, 1.0, 1.0, 0.0, 0.0, 1.0, 1.0, 0.0, 0.0, 0.0, 1.0, 0.0, 0.0, 1.0, 0.0, 1.0, 1.0, 0.0, 0.0, 0.0, 1.0, 1.0, 0.0, 0.0, 0.0, 1.0, 1.0, 0.0, 0.0, 1.0, 0.0, 1.0, 0.0, 0.0, 1.0, 1.0, 0.0, 0.0, 1.0, 0.0, 0.0, 1.0, 1.0, 0.0, 0.0, 1.0, 1.0, 0.0, 0.0, 1.0, 1.0, 0.0, 1.0, 1.0, 0.0, 0.0, 1.0, 1.0, 0.0, 0.0, 1.0, 0.0, 0.0, 1.0, 1.0, 0.0, 0.0, 1.0, 1.0, 0.0, 0.0, 1.0, 1.0, 0.0, 0.0, 0.0, 1.0, 1.0, 0.0, 0.0, 1.0, 1.0, 0.0, 0.0, 0.0, 1.0, 1.0, 0.0, 0.0, 1.0, 1.0, 0.0, 0.0, 1.0, 0.0, 0.0, 1.0, 1.0, 0.0, 0.0, 1.0, 1.0, 0.0, 0.0, 1.0, 1.0, 0.0, 0.0, 1.0, 1.0, 0.0, 0.0, 0.0, 1.0, 0.0, 0.0, 0.0, 1.0, 1.0, 0.0, 0.0, 1.0, 0.0, 0.0, 1.0, 0.0, 1.0, 1.0, 0.0, 0.0, 1.0, 1.0, 0.0, 0.0, 1.0, 1.0, 0.0, 0.0, 1.0, 1.0, 0.0, 0.0, 1.0, 1.0, 0.0, 0.0, 1.0, 0.0, 0.0, 1.0, 1.0, 0.0, 0.0, 0.0, 1.0, 0.0, 0.0, 1.0, 0.0, 0.0, 0.0, 1.0, 1.0, 0.0, 0.0, 1.0, 1.0, 0.0, 0.0, 1.0, 0.0, 0.0, 1.0, 0.0, 0.0, 0.0, 1.0],