{"Stationary": {"actions": [0.0, 1.0, 1.0, 1.0, 0.0, 0.0, 0.0, 1.0, 0.0, 1.0, 0.0, 0.0, 0.0, 0.0, 0.0, 0.0, 0.0, 0.0, 0.0, 0.0, 0.0, 0.0, 0.0, 0.0, 0.0, 0.0, 0.0, 0.0, 0.0, 0.0, 0.0, 0.0, 0.0, 0.0, 0.0, 0.0, 0.0, 0.0, 0.0, 0.0, 0.0, 0.0, 0.0, 0.0, 0.0, 0.0, 0.0, 0.0, 0.0, 0.0, 0.0, 0.0, 0.0, 0.0, 0.0, 0.0, 0.0, 0.0, 0.0, 0.0, 0.0, 0.0, 0.0, 0.0, 0.0, 0.0, 0.0, 0.0, 0.0, 0.0, 0.0, 0.0, 0.0, 0.0, 0.0, 0.0, 0.0, 0.0, 0.0, 0.0, 0.0, 0.0, 0.0, 0.0, 0.0, 0.0, 0.0, 0.0, 0.0, 0.0, 0.0, 0.0, 0.0, 0.0, 0.0, 0.0, 0.0, 0.0, 0.0, 0.0, 0.0, 0.0, 0.0, 0.0, 0.0, 0.0, 0.0, 0.0, 0.0, 0.0, 0.0, 0.0, 0.0, 0.0, 0.0, 0.0, 0.0, 0.0, 0.0, 0.0, 0.0, 0.0, 0.0, 0.0, 0.0, 0.0, 0.0, 0.0, 0.0, 0.0, 0.0, 0.0, 0.0, 0.0, 0.0, 0.0, 0.0, 0.0, 0.0, 0.0, 0.0, 0.0, 0.0, 0.0, 0.0, 0.0, 0.0, 0.0, 0.0, 0.0, 0.0, 0.0, 0.0, 0.0, 0.0, 0.0, 0.0, 0.0, 0.0, 0.0, 0.0, 0.0, 0.0, 0.0, 0.0, 0.0, 0.0, 0.0, 0.0, 0.0, 0.0, 0.0, 0.0, 0.0, 0.0, 0.0, 0.0, 0.0, 0.0, 0.0, 0.0, 0.0, 0.0, 0.0, 0.0, 0.0, 0.0, 0.0, 0.0, 0.0, 0.0, 0.0, 0.0, 0.0, 0.0, 0.0, 0.0, 0.0, 0.0, 0.0], "rewards": [-145.68331028571828, 1309.6473265341792, -624.6026795455301, 1218.853099484002, -531.1129433387669, -378.3336707951544, -122.21632547442098, 1318.0352012471074, -489.2557524344937, -602.9966208621196, -406.4578515005995, -627.397193150633, -1481.081100214088, 95.83577089605274, 1219.2702350601571, 2435.6089790845826, 1114.2738269386002, 470.08375491066585, 219.26557286976643, -709.7047356427001, -126.89559530815903, 550.7803137386757, 416.633872163043, 1529.2518218051157, -695.5195082014595, 2.6984610621643506, -257.526345518219, 1060.8130101362644, 772.8989056842038, -197.86329603106472, -955.1397833959904, 563.5198494084296, 224.3805781595165, 1039.5713284906449, 2276.961053945513, 1580.1938574513006, 651.4248544413399, -594.1339693491345, 492.6216794128622, -499.0462976829402, -292.1565685842053, -203.42023718822247, -303.35095528893663, 3192.1132880536293, 9.329160402997546, -343.80908528349, -1127.0676508726876, 724.6819722051514, 697.559392475139, -18.11210900791827, -966.785415132611, -1812.8137577576774, 963.8843453904018, 1220.8507112369123, 277.0163003199108, 1224.1804514128419, -256.50728988582824, -875.7586716637089, -210.66627933577965, 525.6522158743588, -978.3635582027745, 449.9820896124965, 251.79023166219605, 608.9039955549495, 584.2573691633303, 1787.4504528718417, -189.59452358413262, -433.2234632555461, -816.9993436778974, -481.92425657563496, -1719.992521196399, -512.6499275606193, -758.6443145194945, -295.68415777771617, -999.8902528722398, 348.73207349209713, 571.6466187444234, -880.3891925599769, -48.50398732887783, 547.3018731463147, 1799.4135521190042, 1070.8715962172812, 639.9025610999872, -449.63614124833003, 78.6875913311622, -690.1459111713714, 898.35257918126, -2101.733052691236, -72.31661411796554, -1535.684830174143, -2039.211543235552, 184.03580232936696, -781.8784732093807, -521.2652929160301, 564.1366397790644, -3.811867737876256, 733.9186169483309, 292.3355427466255, -474.00611925187036, 167.42630594190138, 1123.1679877414629, -1764.4945803667927, 2146.428904787692, -722.1155217100463, -796.4600480428106, 968.3526493559913, -423.8956815580885, 697.9404545641515, 1886.0788649367296, -1283.5162113811023, 1574.4563006527328, 357.3696343634192, -1868.2506355069743, -741.6243865731232, -845.3491292117598, 1259.7966943381712, 509.19168021692644, 2367.160444550566, -659.8444696961167, -377.0243446975836, -551.5960299850573, -532.3317763351965, -523.5145981751557, 798.2357845650932, -642.378747344663, -289.86563003713525, -969.7817587156164, -0.7995322175244792, 414.41138516103456, 2629.558059363523, -507.2714196323774, 171.53415987424222, 585.6777827744967, -1099.5913605237147, 2576.0004756362755, -466.13934501797655, -298.3317586646306, -605.5294876110929, 765.2960045660512, 63.185093744891205, 1019.7426524358118, 1068.357903747115, 1961.0265498653494, 684.6390437322276, 163.843280404899, 293.0008439193509, -85.80480734667697, 1072.5848267059685, -1721.0349606104148, -896.9665556134415, -956.83713523642, -1690.7624767496393, 982.1632365957959, 720.7048064107463, 174.4318534732185, 10.051796977306177, 462.24411401949453, -697.7958820603886, 80.51780966160722, 1074.92622802777, -233.44187940819765, -380.1936373303644, 843.7796048157328, -1042.6209130466873, 407.8949202380979, -6.724836394278784, -4.49940956109627, -472.04477527752795, -418.70339295791035, 1513.4037568338315, -1272.2833124453798, 1754.8782258804567, -1956.8475329205069, -974.5336124916261, -806.0835235185829, -22.256618456523157, 12.582474624395836, 708.6672312034398, -789.9930393532954, -436.61296788987823, -613.7245326792207, -180.33037376396376, -1404.2855105632348, -2.9998912428224047, -177.3419798862831, 984.1337396707913, -458.6595169897175, 518.7222751855518, -1210.5721535268387, -282.699708803287, 489.96261921396444, -518.772044946109, -1409.0022251724583, -671.8092959964684, -1169.6322173835758, 307.28461806767484, 132.29711192149642, -1076.5033472205562, 155.69902915009285, -1309.8795746655026]}, "Latent AR LinUCB s=2": {"actions": [0.0, 1.0, 1.0, 0.0, 0.0, 1.0, 1.0, 0.0, 0.0, 1.0, 1.0, 0.0, 0.0, 1.0, 1.0, 0.0, 0.0, 1.0, 0.0, 0.0, 1.0, 1.0, 0.0, 0.0, 1.0, 1.0, 0.0, 0.0, 1.0, 1.0, 0.0, 0.0, 1.0, 1.0, 0.0, 0.0, 1.0, 0.0, 0.0, 1.0, 1.0, 0.0, 0.0, 1.0, 1.0, 0.0, 0.0, 1.0, 1.0, 0.0, 0.0, 1.0, 1.0, 0.0, 1.0, 0.0, 0.0, 1.0, 0.0, 0.0, 1.0, 1.0, 0.0, 0.0, 1.0, 1.0, 0.0, 0.0, 0.0, 1.0, 1.0, 0.0, 0.0, 1.0, 1.0, 0.0, 0.0, 1.0, 1.0, 0.0, 0.0, 1.0, 1.0, 0.0, 0.0, 1.0, 1.0, 0.0, 0.0, 0.0, 1.0, 1.0, 0.0, 1.0, 1.0, 0.0, 0.0, 1.0, 1.0, 0.0, 0.0, 1.0, 1.0, 0.0, 1.0, 0.0, 0.0, 1.0, 0.0, 0.0, 1.0, 0.0, 0.0, 0.0, 1.0, 1.0, 0.0, 0.0, 0.0, 1.0, 0.0, 0.0, 1.0, 1.0, 0.0, 0.0, 1.0, 1.0, 0.0, 0.0, 1.0, 1.0, 0.0, 0.0, 1.0, 0.0, 0.0, 0.0, 1.0, 1.0, 0.0, 0.0, 1.0, 0.0, 0.0, 0.0, 1.0, 1.0, 0.0, 0.0, 0.0, 1.0, 1.0, 0.0, 1.0, 0.0, 0.0, 1.0, 1.0, 0.0, 0.0, 1.0, 0.0, 0.0, 1.0, 0.0, 0.0, 1.0, 1.0, 0.0, 0.0, 1.0, 0.0, 0.0, 0.0, 1.0, 1.0, 0.0, 0.0, 1.0, 0.0, 0.0, 1.0, 1.0, 0.0, 0.0, 1.0, 1.0, 0.0, 0.0, 1.0, 1.0, 0.0, 0.0, 1.0, 1.0, 0.0, 0.0, 1.0, 1.0],