{"k": 10, "sigma_z": 10, "mean reward 1": [868.1875293985623, 31.727315059302473, 849.1661862419086, -840.4638652939904, 1257.3237333226634, -284.2340293542046, 151.24430069945075, -479.72086105270273, 336.7621509845984, 829.3942407201351, 204.02548891392564, -110.44940839042705, 1211.4612602144973, -241.81127449799772, 935.5675595717223, -939.6102330037618, -568.522912140394, -1253.3902243932332, 1686.0451954449336, 2828.9507764432137, 2151.1908214616465, -598.4242593435587, -541.220039826305, 102.8732366486234, 394.38447644993664, 1367.8646595400091, -480.5153036030638, 735.7730624121062, -387.7614087275188, -302.95280382665374, -456.1673304032152, -506.69064657610267, 391.46827319025243, 1781.4322958699759, -254.68121244346597, -769.6694741973795, -311.0212551073292, -391.13518173602523, -815.1884762249495, 945.4926517791216, -432.06560317609035, 197.95900868741762, 1014.0087715686926, 38.148124063806186, 1883.1599909470053, 229.79047899985227, -46.357463351219295, -263.5037810749858, -434.26682305040265, 1482.4776716507802, 1433.6403840355472, -546.1582692351905, 945.4034760871291, -755.0258405225544, 1107.0952773164063, 1246.959582416153, -286.4055424901969, 516.8348802314207, -1035.9569597988407, 210.91278563247, -1354.4259845474216, -662.9473691259574, -307.82239869642405, -44.89420747042687, 213.2452027907937, -200.69927555882714, -1150.6057713364503, 558.1263392294559, -661.6065570875132, -1049.331625806896, -48.30377763727085, 1143.3948571673081, 2.0399202585445586, 392.42545007381364, -473.7742936112424, 613.6261641029248, 565.8367695323528, -432.48712747136545, 491.2763552770182, -163.11472307630038, 1580.0997439644111, 1271.511686141639, 330.34615647524566, 534.5175119381416, -1070.7787905495459, -594.7218199402485, 270.293549069211, 136.40890394245378, 1522.439639763841, -1330.3290251764415, -93.91096375044926, 1198.2453275541939, -435.01934378168903, 472.0204712923083, 683.0330485695338, -704.8920737194434, 490.2034301139671, -757.993487511023, -1354.4900457478536, -1189.2949952570739, 359.5057967793581, -785.0242844936067, 1462.2677322682862, 1713.0771016529638, -611.200600000383, 350.9819963921646, 588.2515484298817, -221.84744831536838, -659.8892472227509, 474.53523032040164, -877.6772575133597, 1472.1382970512811, 813.5487316279675, 1750.340025153619, 258.9508496849303, -2.8314190946660656, -1222.0641334217285, 636.6186572373576, 38.45645958335879, 574.8581852138758, 9.613971268726301, -1457.7790466444803, 165.0410793380965, 561.3941825672442, -600.9938775618934, 545.0732860574224, -97.82489690435594, 516.0177969319799, -788.0669054245406, 2316.1008484585154, 33.33978873823904, 324.7775184817881, -503.2748541595494, -502.5314488459987, 126.03919941931063, -79.10924416917786, -1426.317580365791, 1447.6203792181946, 541.3563326957858, 1440.9823996281764, 1560.3250139479467, -72.45766462029842, -3577.540569523074, 665.9052517157141, -1125.3038255165536, -1145.3033250552085, -68.19539902562309, -1169.5443011334219, 1179.5049346077665, -821.5625049192754, 1061.2819690016292, -210.65880276002216, 266.30021597758457, 2178.609964515097, 1285.7179237654962, -663.956237327669, -880.9931203034062, -452.62873397571315, -1527.0775018047118, -745.7944176075348, -640.6511212302064, 790.6256974404561, 158.28716039507793, 1275.673581827039, 99.02367792792339, 287.22320610885487, 596.4087943157559, 2221.5645314232947, 923.9909864599662, 640.5023342395897, -717.2498559830714, -1361.3010912419024, -939.0023259998846, 549.6173104568403, -19.43057047443628, 1050.6123231764616, 1455.8325193129904, -216.63144582499783, 1161.7804442227637, 292.1592764337362, -2156.1061484688244, 112.4988904168049, 475.07324896149646, 470.7700219319162, -698.2981009458769, 2713.6879245757045, -378.2997174966777, 455.0657608459705, 168.38359507183415, -477.199002440973, -1039.2411350221855, -1446.379562304265, 89.86342750442935, 883.258573452952, 784.85701444749, 1551.315137293365, -147.61457990080044, -1280.8347462512502, -90.89297481689012, -284.28765061758753],