{"k": 10, "sigma_z": 10, "mean reward 1": [-70.13264319462446, -2027.944446129873, -853.7228290061103, -423.2246115485899, 1187.569065011372, 2047.3900035664635, 276.80246229549715, -518.9712390302516, -522.959899303371, 84.69237017128556, 1436.6218624933222, -313.66313147014637, -1088.8706023083848, 708.0116448606085, -212.29294633346177, -542.1980600121533, 278.847831779014, -1026.4098278364015, 89.11632022646216, 742.2752484210156, -1034.8191804267499, -1715.8662835205298, -2226.0053171502404, 805.1923201551258, -314.3724390929036, 2004.8125945476293, -238.08376138221158, 1000.4143488166451, 651.604919029596, 2119.2098152993117, 1341.1995446306528, 256.22782920500595, 939.0040527820307, 148.73244942098393, -172.0655426106661, 561.1034396650417, 545.6079140720005, -44.776360621919494, -25.82335924838968, 689.0349572035406, 721.856082115184, 151.7657379364353, -1270.1568981076302, 735.9025757257516, -1926.5244901166652, -311.86391590131433, 191.64598698157027, -510.3829929316026, -1555.1717836707485, -1505.330103946751, -237.78465615261243, -1395.640562583641, 1366.0910905144513, 295.45940068545417, -1050.7136237168068, 488.87015654497026, -1112.858315777256, -265.2796043244902, 666.8451145177149, -149.59508900568662, -1451.63805130409, 3079.8176417025516, -293.36406875632053, -731.0710609488054, -1441.2495418096269, -617.043471394146, -792.0450788424928, -678.7878450709655, -451.3140424000811, -1545.487357399037, -1000.0029715028891, 1826.9221976632962, 334.86898975589037, 1792.5343461298478, 428.09630985528776, 260.5819439965892, -472.16023799508855, -305.14105692434464, 13.893669162859013, 453.78235549701833, -467.68149036747457, 795.188653016453, 467.1224225266588, 36.86600078099802, -1153.8948045936556, -253.38089825613451, -568.6549089675478, 1121.4656820853063, 2284.2427826027483, -485.49277747759305, -194.06686292226038, -128.37697032685332, -474.8373201630991, 1977.9825435110586, 327.6389521831308, -984.0192844843108, -592.4849026261867, -508.1963704158843, -1375.1756549876059, 557.5083185186088, -2597.9044907091416, 1596.550414268578, 350.54849476695404, 1278.0837021133116, 388.26478748040296, -194.00007864375615, 217.64651745038046, 924.2253629056288, 1204.6213486213949, -390.7916783129008, -1555.6082969159386, -3287.6279203258305, -1197.1075116716604, 661.2252671610898, 29.382349015241658, 1556.3075245325208, -220.06845018380125, 1612.0787794086577, 178.81010488166345, 2995.3943073045843, -1644.081139280231, -310.8900897478785, -559.7789231237289, -1644.8859882695187, -804.7016225088455, 743.912507209692, -2306.6229766119063, 800.9325637054527, 488.4173203678122, 812.1139036951613, 1600.4638240069735, 568.089634647664, 583.1450192704375, 294.07733361395367, 795.9392086640769, -498.2198138375111, 2026.2596536610286, 693.0994502030966, -375.1511623030046, 80.96767882433862, 152.53523910529032, -1264.4666081265461, 1199.5853776583701, 162.04094608574073, -597.9869639366768, 972.2412675316804, 343.0073178978449, 247.82813482975374, 869.2838844266687, 900.9103940054374, 831.343664262701, 47.74820807245255, 625.8676521138452, 130.71944361557337, -1330.676071863209, -760.516851954846, -556.4720716665405, -817.5462612225961, -622.1822393113086, -104.34904456286289, -264.37940015993166, -28.935643230162977, 645.390699027547, 458.273774159651, -113.43089817939203, 814.7461027141082, -806.066626325188, -918.8182122301965, -503.7224756950371, -576.9850969785125, -906.8042163596388, 1019.8179842381269, -806.720781993377, 1085.4175310756236, 1153.9739947558598, 646.3769609641444, 58.07298737242262, 1012.9559593693376, 501.1390644523578, 306.9297472741566, 787.4388356061532, -2310.701147722634, 1026.6568427657355, 1282.0920848302562, -847.9806797060696, 180.64828352171557, -802.2205873617272, -786.7235084830318, 487.5634297150564, 96.12822714821733, -998.1007413554821, 339.67672719505066, 1147.8307960482095, 162.28440283877492, 2021.275915423765, -616.3015617786667, 623.5016434845843, 1229.1826294894813, -102.65174394427277, -211.94398207960256],