{"k": 10, "sigma_z": 10, "mean reward 1": [410.59843420568683, -1209.445556630831, -122.22173786249033, -325.2296747323041, -12.33204887574704, 1075.820388808208, -811.9354349563246, -770.3834522787498, -43.00360263511327, 259.4663224304048, -1169.9870479856781, 861.303281141272, 1249.1865205029867, -187.9022028171403, 32.343192794000416, -668.9688588758654, 1553.8703647755, -600.5421894676356, 2547.69809259009, 1982.3685151124848, -1705.9402247704686, 2255.3152293304497, 979.6502983870113, -1103.4383881186845, -126.08363816776861, -1643.3819535457144, -2694.8677646737556, -629.3730156476579, -618.6330735029355, -545.3875916631926, 99.81774863127342, 532.6608534587106, -170.55709201758012, 2753.780904214918, -592.6111124917654, 1449.0840323342577, 1083.8300245433454, 1341.7524980652838, -1209.5204667264297, -118.65414817544648, -1192.8998452007318, -449.4719573361561, -974.1334304593901, 1238.1637040007888, -656.1438423263548, 207.91102318813626, 517.9360948527626, -376.6902351508999, 830.3908329739696, 268.00734130425406, -792.5894536353912, 2347.206481393996, -779.3080731592682, 246.01569533733763, 158.83942114825328, -1064.223385116013, 668.4238185785576, 640.1520402007056, -844.2115189437505, -102.20784591433257, 290.6537600309874, -104.34207363282853, 1089.3480882350623, 1160.0894588947067, 318.32092845546606, 270.2334076606893, 478.34741373014714, -1182.578759533529, 166.73479248023065, 145.94272115727497, -666.8309491269051, -679.914746073013, -696.1608608874939, -1013.9755592622098, 154.90204486345257, 224.35071108560663, 356.6334320636983, -547.3203248500707, 287.92582437564437, -1177.4213743140756, 858.3110635866714, 988.9369382226322, 2206.6686168793403, -630.0106464675016, 100.92268989124852, -1628.3996090581684, -37.50559376794298, -262.38757049840905, 1339.3297850489332, -483.45666762818917, -919.3014710063471, 1051.531363207337, 1069.2616376048309, -451.1126284923353, 582.5890613811714, -2642.7802668995446, 39.755553340308445, -420.294590262637, 1223.6205156315418, 1734.1175310633198, 2446.1183433214183, -980.7288451905881, -1304.3874063833912, -1551.396171478769, -1011.9927411068494, 63.75331169788967, 883.282669634122, -1121.611155993212, -1628.6214478865909, 382.19759151342333, -751.3495702108899, 2195.4585278895875, 1015.4008499009024, 154.16553610398188, 313.8191033426087, 892.9797000861258, -308.0744685245195, -997.8159942167526, 320.70505176180797, -1510.5844964863222, 1785.97829255985, 323.08887864883224, 837.7209006467607, -218.68115795261, 1148.9696433710503, -48.763870671104705, 2895.4633529075586, -392.2533984637336, -971.2626951342644, -476.5473034839623, 953.0428805042627, -44.6446286919806, 116.91605023297652, -1474.9804963786667, -989.1435588683325, -53.911095389663245, 668.7943580186814, 489.4579081785016, 325.0996009581498, 579.1789299279111, -313.2142493807713, -294.76511300767146, 74.05855695898444, 1491.3667156420772, -739.0707743226582, -809.641002532722, -204.06281635515992, -2111.719368931468, 509.28182037831203, -1119.502410292685, -940.3156586264405, -1275.7005382911668, 1658.2957187105048, -613.1470313931819, 47.717670050524234, 185.7846286788343, -15.098766857552715, 447.2147443388639, -222.72076837413266, -171.88394370601765, -750.7916086866289, 1582.9018646073155, -1032.226467569017, 3088.240549372518, 289.3044097449196, -63.23104528227621, 510.9199715132258, -827.4008884423687, -233.08017461647657, -977.4182086171771, -2277.0535062362433, 465.2077339458905, 585.5042431431159, 154.79307284312455, 882.7392711608015, 1.5604713917222734, -387.7964312260463, 95.85405888874243, 1055.3571416604184, -1204.5114297840491, 875.6426105465625, -1375.7444301799317, -207.75972951377844, 656.6265849398609, 1349.4899739441114, -46.575273326457854, -674.0403261274164, 539.3374528325477, 126.97826805730892, -1276.529649977158, -968.4586371536302, -934.3878222481926, -1274.0321977099263, 2356.1711773982097, -243.0001427958867, 798.4124572971152, -228.20146894456929, -1261.6134305202045, 572.6430205604108, -1534.4959464904982],