{"Stationary": {"actions": [1.0, 0.0, 0.0, 0.0, 1.0, 0.0, 0.0, 0.0, 0.0, 0.0, 0.0, 0.0, 0.0, 0.0, 0.0, 0.0, 0.0, 0.0, 0.0, 0.0, 0.0, 0.0, 0.0, 0.0, 0.0, 0.0, 0.0, 0.0, 0.0, 0.0, 0.0, 0.0, 0.0, 0.0, 0.0, 0.0, 0.0, 0.0, 0.0, 0.0, 0.0, 0.0, 0.0, 0.0, 0.0, 0.0, 0.0, 0.0, 0.0, 0.0, 0.0, 0.0, 0.0, 0.0, 0.0, 0.0, 0.0, 0.0, 0.0, 0.0, 0.0, 0.0, 0.0, 0.0, 0.0, 0.0, 0.0, 0.0, 0.0, 0.0, 0.0, 0.0, 0.0, 0.0, 0.0, 0.0, 0.0, 0.0, 0.0, 0.0, 0.0, 0.0, 0.0, 0.0, 0.0, 0.0, 0.0, 0.0, 0.0, 0.0, 0.0, 0.0, 0.0, 0.0, 0.0, 0.0, 0.0, 0.0, 0.0, 0.0, 0.0, 0.0, 0.0, 0.0, 0.0, 0.0, 0.0, 0.0, 0.0, 0.0, 0.0, 0.0, 0.0, 0.0, 0.0, 0.0, 0.0, 0.0, 0.0, 0.0, 0.0, 0.0, 0.0, 0.0, 0.0, 0.0, 0.0, 0.0, 0.0, 0.0, 0.0, 0.0, 0.0, 0.0, 0.0, 0.0, 0.0, 0.0, 0.0, 0.0, 0.0, 0.0, 0.0, 0.0, 0.0, 0.0, 0.0, 0.0, 0.0, 0.0, 0.0, 0.0, 0.0, 0.0, 0.0, 0.0, 0.0, 0.0, 0.0, 0.0, 0.0, 0.0, 0.0, 0.0, 0.0, 0.0, 0.0, 0.0, 0.0, 0.0, 0.0, 0.0, 0.0, 0.0, 0.0, 0.0, 0.0, 0.0, 0.0, 0.0, 0.0, 0.0, 0.0, 0.0, 0.0, 0.0, 0.0, 0.0, 0.0, 0.0, 0.0, 0.0, 0.0, 0.0, 0.0, 0.0, 0.0, 0.0, 0.0, 0.0], "rewards": [1186.8793449016405, 59.41375904083377, -883.7837415490803, -635.8823782457142, 979.0942378062692, -723.967023637206, 1079.2942196980682, 882.6058313893261, -1050.0737729933269, 290.6365579720724, 827.084271605968, 1319.957341752891, 775.8977540441554, 620.1535878052986, -1295.8245642529419, -300.5462945342294, -410.100942187628, 529.9372424801792, -179.84630333384925, 988.4226060235409, -1158.1484563984689, 1082.3857491692343, -859.1023973755543, 368.16233847242705, 213.26599950649918, 1009.5976918056691, -902.8554200179585, -1488.6741335251108, -611.5159143729512, 380.97451164220166, -1161.419585011062, -1021.5410639693682, 666.3672447935528, 417.1052753294474, 518.1375459920376, 305.67170148698415, -2726.4061420510593, -1006.3793385153344, 537.6130626287021, -290.6104757682421, 1017.9307004101312, 1493.5970469390932, 211.80817998820763, 1253.007084572181, 340.4343452228877, -238.147749772297, -62.75553590471519, 611.3470528932689, -448.4604672685029, 1171.107721378368, 121.20005988375779, -24.496628011382775, 1063.1417905419357, -1512.830384161049, 1216.120358584905, -41.13315555195996, 1438.1592783605006, -798.2166179095029, -176.0952691839883, -1087.5292872056536, 568.4734331664675, -1064.8372039169979, 1830.914163857832, -320.22194473772373, 404.8506240215543, 227.97947935236508, 1375.214417282636, -532.2593832617654, 806.5773318526597, -611.5871126232055, 421.9378074555868, 521.4040147045216, 1452.7794075858133, 1197.6642277393428, 2161.00718523328, -514.5177253676308, -14.764717668916958, -420.09823479668705, -136.32514244612952, 1424.5470111466998, 1459.3849517103783, -122.28219267523184, 1295.9472869504025, 2386.253951360704, -421.4162566030048, 446.6688434946969, -597.7796397568778, -2098.8082650446154, -975.7757557464047, 1219.4411335019008, -57.62409115159629, 715.5400205887507, 326.8370142855451, -675.995906651704, -444.81613770667525, 2339.1244889412014, 278.2005660041908, -1159.419404256357, -70.44920524606997, -861.8391016739616, 1942.249313237684, 727.9392368268201, 1033.5828376284014, -611.9877656696759, 1182.117264702881, -227.04946617872872, 624.318112882314, -948.4188295056506, 693.9814168388658, 728.2071396162079, -1517.7145383719585, 291.6131407459795, -916.945320750589, 1069.5846797530044, -1323.4811777638793, -772.4893029726584, -637.9745309363932, -559.4193175104704, 840.1726761879897, -351.48113004379354, -1660.1196239432425, -1359.7080634676984, 482.083728178864, -2354.059633769605, 223.27826667604594, 783.3960717626891, -1988.1849018919884, 1836.4649920974382, 146.12900613124958, -871.2715298135151, 52.11272105300607, -146.3569769606728, -3423.364374079826, 913.6704345952343, 1198.7148001970975, -584.5707503911743, 1621.6718608234842, -234.23179147724517, -501.3990869055921, 256.7044785680829, -1352.2879005459138, -957.0783367594173, -1148.7661400181773, -1047.1686746048604, -1950.3537758147268, 2351.6748249625757, -1024.053967612707, 1806.2209363147822, -1185.4250899151177, 509.0274906952456, 189.69449672017095, 50.787789316303545, 2123.500715320597, -1508.0766736668622, 32.544531523359936, -1280.6206060543632, -306.40256986045256, 732.6758180864568, 507.42900765527, 78.45815363353259, 3223.6292585383912, 346.13954708291556, 1248.9423208403696, -382.1441851677218, 1412.466530148656, -226.81583306294482, 900.4389186991269, 824.6800124833079, -663.0015383651491, 1383.5432867561112, -272.10741396813404, -21.987734899006867, -237.4304980459638, -567.0474966876282, -1292.29508371115, -824.0721507189035, 337.69432395749976, -1439.2749027175985, 60.537593506779594, -324.3125927952649, 92.81882337882797, 350.5171546950562, -574.860449462647, 82.18903866064339, 578.5879109524352, 166.55650187502698, 927.5121797603973, 471.6211368546681, 89.69800681756851, -595.2999098963533, -22.563812634927945, 976.7076803420664, 234.8232433440636, -359.20436438993033, -674.7815877946592, 337.3996939129012, 818.2706421172435, 380.77454116478367, 720.8689932392102, -939.0151265875832]}, "Latent AR LinUCB s=2": {"actions": [1.0, 0.0, 0.0, 1.0, 1.0, 0.0, 0.0, 1.0, 0.0, 0.0, 1.0, 1.0, 0.0, 0.0, 1.0, 0.0, 0.0, 1.0, 1.0, 0.0, 0.0, 0.0, 1.0, 0.0, 0.0, 1.0, 1.0, 0.0, 0.0, 1.0, 1.0, 0.0, 0.0, 1.0, 1.0, 0.0, 0.0, 0.0, 1.0, 1.0, 0.0, 0.0, 1.0, 0.0, 0.0, 0.0, 1.0, 1.0, 0.0, 0.0, 1.0, 0.0, 0.0, 1.0, 0.0, 0.0, 0.0, 1.0, 0.0, 0.0, 1.0, 1.0, 0.0, 0.0, 0.0, 1.0, 1.0, 0.0, 0.0, 1.0, 0.0, 0.0, 1.0, 1.0, 0.0, 0.0, 0.0, 1.0, 1.0, 0.0, 0.0, 1.0, 0.0, 0.0, 1.0, 0.0, 0.0, 1.0, 1.0, 0.0, 0.0, 0.0, 1.0, 1.0, 0.0, 0.0, 1.0, 0.0, 0.0, 1.0, 1.0, 0.0, 0.0, 1.0, 0.0, 0.0, 0.0, 1.0, 0.0, 0.0, 1.0, 0.0, 0.0, 1.0, 1.0, 0.0, 0.0, 1.0, 1.0, 0.0, 0.0, 1.0, 1.0, 0.0, 0.0, 1.0, 1.0, 0.0, 1.0, 0.0, 0.0, 1.0, 1.0, 0.0, 1.0, 1.0, 0.0, 0.0, 0.0, 1.0, 1.0, 0.0, 0.0, 1.0, 1.0, 0.0, 1.0, 0.0, 0.0, 0.0, 1.0, 1.0, 0.0, 0.0, 0.0, 1.0, 1.0, 0.0, 0.0, 1.0, 1.0, 0.0, 0.0, 1.0, 0.0, 0.0, 0.0, 1.0, 1.0, 0.0, 0.0, 0.0, 1.0, 1.0, 0.0, 0.0, 1.0, 1.0, 0.0, 0.0, 1.0, 1.0, 0.0, 0.0, 1.0, 1.0, 0.0, 0.0, 1.0, 1.0, 0.0, 0.0, 1.0, 0.0, 0.0, 1.0, 1.0, 0.0, 0.0, 1.0],