{"Stationary": {"actions": [1.0, 0.0, 1.0, 1.0, 0.0, 1.0, 0.0, 1.0, 1.0, 1.0, 0.0, 0.0, 0.0, 0.0, 0.0, 0.0, 0.0, 0.0, 0.0, 0.0, 0.0, 0.0, 0.0, 0.0, 0.0, 0.0, 0.0, 0.0, 0.0, 0.0, 0.0, 0.0, 0.0, 0.0, 0.0, 0.0, 0.0, 0.0, 0.0, 0.0, 0.0, 0.0, 0.0, 0.0, 0.0, 0.0, 0.0, 0.0, 0.0, 0.0, 0.0, 0.0, 0.0, 0.0, 0.0, 0.0, 0.0, 0.0, 0.0, 0.0, 0.0, 0.0, 0.0, 0.0, 0.0, 0.0, 0.0, 0.0, 0.0, 0.0, 0.0, 0.0, 0.0, 0.0, 0.0, 0.0, 0.0, 0.0, 0.0, 0.0, 0.0, 0.0, 0.0, 0.0, 0.0, 0.0, 0.0, 0.0, 0.0, 0.0, 0.0, 0.0, 0.0, 0.0, 0.0, 0.0, 0.0, 0.0, 0.0, 0.0, 0.0, 0.0, 0.0, 0.0, 0.0, 0.0, 0.0, 0.0, 0.0, 0.0, 0.0, 0.0, 0.0, 0.0, 0.0, 0.0, 0.0, 0.0, 0.0, 0.0, 0.0, 0.0, 0.0, 0.0, 0.0, 0.0, 0.0, 0.0, 0.0, 0.0, 0.0, 0.0, 0.0, 0.0, 0.0, 0.0, 0.0, 0.0, 0.0, 0.0, 0.0, 0.0, 0.0, 0.0, 0.0, 0.0, 0.0, 0.0, 0.0, 0.0, 0.0, 0.0, 0.0, 0.0, 0.0, 0.0, 0.0, 0.0, 0.0, 0.0, 0.0, 0.0, 0.0, 0.0, 0.0, 0.0, 0.0, 0.0, 0.0, 0.0, 0.0, 0.0, 0.0, 0.0, 0.0, 0.0, 0.0, 0.0, 0.0, 0.0, 0.0, 0.0, 0.0, 0.0, 0.0, 0.0, 0.0, 0.0, 0.0, 0.0, 0.0, 0.0, 0.0, 0.0, 0.0, 0.0, 0.0, 0.0, 0.0, 0.0], "rewards": [825.6075116111518, -1863.4531159072317, -275.19736055315104, -717.8583112841603, -670.5155295262379, -457.9056233912449, 761.1473466221593, 267.38097344753857, -1139.4710739681732, 674.7558036716779, 2107.3000784585183, 30.597870918673998, 280.5096874882502, -1089.6396759460529, 154.82412108540836, -1324.5736516659983, -387.44566675154397, 912.7017857190189, 681.868361718047, -984.1859168782006, 992.5088906556628, -1181.5349086101528, 267.39771416431984, 120.65597287865694, 1000.4550261934556, -345.2458716438374, -1225.30138621033, -101.14342824718001, -788.728110111525, -318.1104697500013, 224.35591994301828, 1661.5177293188876, 480.5619765316347, 640.2330911454949, 1608.912097494912, -1126.745026215476, -841.2406712146154, -456.6404417174557, -831.4759241969396, 275.7421373144517, 1131.8921826601852, 2145.2943698210784, 187.1770829087629, 783.6744633613731, -187.83867495488073, 630.8488225449722, 185.46378133342944, -705.1605213755014, -281.749616586758, -1478.2958252006495, -1121.9427056646177, -831.3349518540731, -159.4813745894393, -166.6831406801361, 1645.0323168511986, -638.9201887572457, 1735.1175070521992, 404.48631666325434, 376.757795262056, 763.4144171371476, 898.2627065523301, -671.9643405761866, -295.1708875811194, 2185.9750150484806, -1652.2875664228256, -1102.1718109879212, -648.4772544366565, -1889.8349911192913, 93.43158015731063, 509.47204072768005, -1533.1409027555453, 1623.9134224231243, -1578.1772723029303, 503.53305942753224, 2498.5967463298834, 701.8903130918417, -878.0792908184709, -519.8036289147775, -560.2944353043215, 125.8870012630161, -1809.6255476056438, 169.84520328617256, -1511.7598905888613, 869.8483631880227, 1282.4934561767752, -116.71815980304675, 2377.0654124581497, 577.2230446492675, 2233.8930342190442, -1422.3765404836345, -124.41053314107891, -1628.5957855946178, -353.92231666591726, 204.48449485122075, -446.16479809624366, -676.4765465407976, 436.1167092447744, -379.0800708876693, 684.864660794503, -465.5267353818667, -1406.1230991419109, 827.779622010788, 1442.7174840685022, 972.9026344914836, 1303.3098686546537, -1437.5818288670137, -496.9737805489893, 263.2735423466831, 356.6401835127195, 167.9770472945648, -1374.6840664262684, 59.2088891433587, -1456.6778654044792, 1227.2248896529843, 206.91809878620916, -683.8410201922437, 247.20205453757058, -697.408281579894, 249.04688812795322, 1475.5291642706168, -461.68240519591393, 310.78415151784645, -50.73983608557853, 663.8128075221912, 1284.88111396912, -1655.571115880192, 375.5498830089811, 908.6041281316968, 210.78510254378367, -949.7239831786645, 487.81865803431464, -366.973064561675, -614.3483278918677, 1357.4675718514416, -616.3189531750522, -544.2969391898758, 1460.0084715627565, -1188.7897774792407, -613.395806901447, 285.565076918178, -1213.7587560314635, 456.2020637552785, 351.2157033467298, -1299.3499124621435, -1551.6174154351572, 209.5762298202947, 652.6082351128788, 1862.0121763625132, -294.9729705724025, -790.5192963884444, -1184.051372030372, 615.4845292439669, -219.8702150951713, -910.0796797847013, -1799.3046773594222, -861.3230647639649, -551.6082825799552, -1122.4786046154882, 3417.798316420942, 588.4294486479283, 1122.443068150387, 1623.690042958197, 991.8271107367582, 997.1478213541343, 2551.6016543762553, -1498.7569898431307, -727.5666539111427, 29.684889534284764, -1224.1944984581662, -1310.1555474677677, 2009.91545593582, -966.668702652981, 1752.4930355951096, 2697.1815341799143, 551.9515023034055, 1516.6303052123385, -146.55543881520813, 2257.8846631742563, 1020.4689056249058, 576.5429685456229, 255.3735782312403, -947.7119568805472, -95.9931141787733, -2057.528599020547, -1356.9008719749208, -780.843346617339, -554.2994948567004, 801.440080757548, 305.09187273835306, 282.7722298121441, -975.6466827656157, -560.753954677476, 1494.7798678849697, 903.3019575814968, 442.94766469294086, -679.0073793155225, 995.3277997090917, -1033.2746258236132, 1589.646556416326, 1001.655818929643]}, "Latent AR LinUCB s=2": {"actions": [1.0, 0.0, 0.0, 1.0, 1.0, 0.0, 0.0, 1.0, 0.0, 0.0, 0.0, 1.0, 1.0, 0.0, 0.0, 1.0, 0.0, 0.0, 1.0, 1.0, 0.0, 0.0, 1.0, 1.0, 0.0, 0.0, 1.0, 1.0, 0.0, 0.0, 1.0, 1.0, 0.0, 0.0, 1.0, 0.0, 0.0, 1.0, 0.0, 0.0, 1.0, 1.0, 0.0, 0.0, 1.0, 0.0, 0.0, 1.0, 1.0, 0.0, 0.0, 1.0, 1.0, 0.0, 0.0, 1.0, 1.0, 0.0, 0.0, 1.0, 0.0, 0.0, 1.0, 1.0, 0.0, 0.0, 1.0, 0.0, 0.0, 1.0, 1.0, 0.0, 0.0, 1.0, 1.0, 0.0, 0.0, 1.0, 0.0, 0.0, 1.0, 1.0, 0.0, 0.0, 1.0, 0.0, 0.0, 1.0, 0.0, 0.0, 0.0, 1.0, 0.0, 0.0, 1.0, 1.0, 0.0, 0.0, 1.0, 1.0, 0.0, 0.0, 1.0, 1.0, 0.0, 0.0, 0.0, 1.0, 0.0, 0.0, 1.0, 1.0, 0.0, 0.0, 1.0, 1.0, 0.0, 0.0, 1.0, 1.0, 0.0, 0.0, 1.0, 0.0, 0.0, 1.0, 1.0, 0.0, 0.0, 1.0, 1.0, 0.0, 0.0, 1.0, 0.0, 0.0, 1.0, 0.0, 0.0, 1.0, 0.0, 0.0, 1.0, 0.0, 0.0, 1.0, 0.0, 0.0, 1.0, 1.0, 0.0, 0.0, 1.0, 1.0, 0.0, 0.0, 1.0, 1.0, 0.0, 0.0, 1.0, 1.0, 0.0, 0.0, 1.0, 0.0, 0.0, 1.0, 0.0, 0.0, 1.0, 1.0, 0.0, 0.0, 0.0, 1.0, 0.0, 0.0, 1.0, 0.0, 0.0, 0.0, 1.0, 1.0, 0.0, 0.0, 1.0, 1.0, 0.0, 0.0, 1.0, 0.0, 0.0, 1.0, 1.0, 0.0, 0.0, 1.0, 0.0, 0.0],