{"Stationary": {"actions": [0.0, 0.0, 0.0, 0.0, 0.0, 1.0, 0.0, 0.0, 1.0, 0.0, 0.0, 0.0, 0.0, 0.0, 0.0, 0.0, 0.0, 0.0, 0.0, 0.0, 0.0, 0.0, 0.0, 0.0, 0.0, 0.0, 0.0, 0.0, 0.0, 0.0, 0.0, 0.0, 0.0, 0.0, 0.0, 0.0, 0.0, 0.0, 0.0, 0.0, 0.0, 0.0, 0.0, 0.0, 0.0, 0.0, 0.0, 0.0, 0.0, 0.0, 0.0, 0.0, 0.0, 0.0, 0.0, 0.0, 0.0, 0.0, 0.0, 0.0, 0.0, 0.0, 0.0, 0.0, 0.0, 0.0, 0.0, 0.0, 0.0, 0.0, 0.0, 0.0, 0.0, 0.0, 0.0, 0.0, 0.0, 0.0, 0.0, 0.0, 0.0, 0.0, 0.0, 0.0, 0.0, 0.0, 0.0, 0.0, 0.0, 0.0, 0.0, 0.0, 0.0, 0.0, 0.0, 0.0, 0.0, 0.0, 0.0, 0.0, 0.0, 0.0, 0.0, 0.0, 0.0, 0.0, 0.0, 0.0, 0.0, 0.0, 0.0, 0.0, 0.0, 0.0, 0.0, 0.0, 0.0, 0.0, 0.0, 0.0, 0.0, 0.0, 0.0, 0.0, 0.0, 0.0, 0.0, 0.0, 0.0, 0.0, 0.0, 0.0, 0.0, 0.0, 0.0, 0.0, 0.0, 0.0, 0.0, 0.0, 0.0, 0.0, 0.0, 0.0, 0.0, 0.0, 0.0, 0.0, 0.0, 0.0, 0.0, 0.0, 0.0, 0.0, 0.0, 0.0, 0.0, 0.0, 0.0, 0.0, 0.0, 0.0, 0.0, 0.0, 0.0, 0.0, 0.0, 0.0, 0.0, 0.0, 0.0, 0.0, 0.0, 0.0, 0.0, 0.0, 0.0, 0.0, 0.0, 0.0, 0.0, 0.0, 0.0, 0.0, 0.0, 0.0, 0.0, 0.0, 0.0, 0.0, 0.0, 0.0, 0.0, 0.0, 0.0, 0.0, 0.0, 0.0, 0.0, 0.0], "rewards": [442.2054981562212, 1664.9966424518616, -1021.6771617856054, 681.3598781090385, -625.0693067134773, -1260.0580631366915, -945.0716181271617, 1643.5785544892033, 3064.575126676781, -1067.1180881518126, -481.9974548743281, -680.2804079670597, 71.8928079440711, 1244.845136804286, 343.27838200291046, 738.1553127826886, 2625.1391124922175, 160.03410669024174, -266.09034712855566, 352.4265683342978, -179.40860884547382, 148.99422025482318, 1633.1711763235373, -1130.4330326212005, -905.6414191015342, -266.15545351377597, 120.07156239082984, 1064.7644110454555, 1764.6810081584126, 1591.54522083411, 44.71209687591329, 1280.8536478519782, -951.0781019594057, 1031.9879335951132, -1371.9868768920187, -2577.9322994125937, 2063.500555151451, 459.6873331682921, -514.3821883883583, 129.79783309075117, -806.309774820014, -207.31186884687983, 918.2019775125069, 207.23091977750371, 1261.8191872220975, -1390.1268235306625, 177.33874625917346, -154.59052523988015, 1611.4169845731951, -2427.6924930781583, 1796.6301902501, 655.9476316076971, -332.923528598409, 1457.9991036326762, -515.9519287594047, -967.2651294974371, 1243.8914147455196, 701.577347714575, -388.62524232648303, 1085.559709285534, -578.2615637303874, 328.73136960851804, -643.4108141879858, 2247.883100076282, -51.01331057931889, 2525.0330950726725, 1546.1416636827746, 1054.5969085536324, -282.88833739396586, 197.5175995495507, 2655.685854006855, 491.98216805770073, 2092.1751708537513, -32.72317474073488, 189.14136870960806, 514.2881237107076, 290.02091132169966, 210.3962322824391, 1097.479148745137, -1630.9537941564859, -2111.3481720503714, -422.0764465462778, -339.27742687495834, 922.0331511961139, -338.00472777957793, -1.7826685276690668, 2026.5764100030335, 681.5576553101071, 1431.993822475215, -548.1586708369186, -626.0472216775568, -2268.0782447761035, -310.5784050738244, -664.5010501161388, -661.3812271705771, -671.6938646423931, 327.5758325473896, -886.4741773210795, 722.2936448991918, 472.2452562818432, 724.2648667092363, 908.225038328597, -255.87009504446317, -12.169283210382162, -1812.230242602262, -519.8775001614334, 1163.2231371657024, 976.6374082620964, 1116.9910018742091, 1161.507209603256, 190.95259892588135, -1298.6513504992247, -432.715417583058, 470.7579928506537, 42.99571831023295, -755.6416545306549, 93.0621678837793, 678.8819218266998, 1763.7759573533508, -2.1820755648220675, 432.4308506788115, -1587.0472755467367, -1488.55572467539, 57.377748313726386, 83.88096595530878, 241.68397241553205, 711.0758445985103, 1886.0486547089927, 249.50008700653893, 49.98837591074965, 609.2864431291894, 448.0678591578343, -517.3131847836531, 1053.9498368219754, 1570.2804623625264, 288.6960143062343, -151.66946521941097, 87.01419433069546, -441.07068904750054, -671.6099493527107, -1563.1616246513222, 901.7899672168273, -1005.8620997223762, 392.7597871034824, -57.30745660473278, 1487.682957811317, -1839.914736285097, -223.33057415817132, -591.9274237883014, 960.6723795778953, 1721.5613966836404, 1302.0289082767538, -1743.4882864611025, -1166.2469533112053, 1451.4728300082938, -498.14543129812824, -294.7603752627243, 1559.8148016967352, 103.85014407950008, 1234.180609056232, -33.20287280970074, -1003.0657032509584, -1182.1675297676397, 286.3025895674992, -219.003556729402, 617.2017857057174, -2310.0043918370134, -1868.3613409438838, -2004.516857838601, 1280.7970258162788, 1274.2741237615533, 974.1913046010876, -1470.16506063004, 283.90941645192294, 1364.6696134549472, 1142.5398455660008, 1877.0498587630145, -477.5516869320516, -1371.3771452427695, -1497.776269027538, 994.6462555782438, 916.3670603565557, 2201.912581019268, 669.3538225849369, -449.85518007484353, -2622.785452955566, -28.891202968407434, 729.3827521067587, -1070.8865665824237, -396.89995503222207, -1950.2688314613797, -456.51184803543146, -1220.9870902323214, 1853.2904031635753, -92.17842524047911, 1764.9444856036364, 157.5917734086821, 1432.9785867852477, -1358.174357774916, 1732.3486408253862]}, "Latent AR LinUCB s=2": {"actions": [0.0, 0.0, 1.0, 0.0, 0.0, 1.0, 1.0, 0.0, 0.0, 0.0, 1.0, 1.0, 0.0, 0.0, 1.0, 1.0, 0.0, 0.0, 1.0, 1.0, 0.0, 0.0, 1.0, 1.0, 0.0, 0.0, 0.0, 1.0, 1.0, 0.0, 0.0, 1.0, 0.0, 0.0, 1.0, 0.0, 0.0, 0.0, 1.0, 1.0, 0.0, 0.0, 1.0, 1.0, 0.0, 0.0, 1.0, 1.0, 0.0, 0.0, 1.0, 1.0, 0.0, 1.0, 0.0, 0.0, 1.0, 0.0, 0.0, 1.0, 0.0, 0.0, 1.0, 0.0, 0.0, 1.0, 1.0, 0.0, 0.0, 0.0, 0.0, 0.0, 1.0, 1.0, 0.0, 0.0, 0.0, 1.0, 1.0, 0.0, 0.0, 1.0, 0.0, 0.0, 1.0, 1.0, 0.0, 0.0, 1.0, 1.0, 0.0, 0.0, 0.0, 1.0, 1.0, 0.0, 0.0, 1.0, 1.0, 0.0, 0.0, 1.0, 1.0, 0.0, 0.0, 1.0, 1.0, 0.0, 0.0, 1.0, 0.0, 0.0, 1.0, 0.0, 0.0, 1.0, 1.0, 0.0, 0.0, 1.0, 1.0, 0.0, 0.0, 1.0, 0.0, 0.0, 1.0, 1.0, 0.0, 0.0, 1.0, 0.0, 0.0, 1.0, 1.0, 0.0, 0.0, 1.0, 0.0, 0.0, 1.0, 1.0, 0.0, 0.0, 1.0, 0.0, 0.0, 1.0, 1.0, 0.0, 0.0, 1.0, 1.0, 0.0, 0.0, 0.0, 1.0, 1.0, 0.0, 0.0, 1.0, 0.0, 0.0, 0.0, 1.0, 1.0, 0.0, 0.0, 1.0, 0.0, 0.0, 1.0, 1.0, 0.0, 0.0, 0.0, 1.0, 1.0, 0.0, 0.0, 0.0, 1.0, 1.0, 0.0, 0.0, 1.0, 0.0, 0.0, 1.0, 1.0, 0.0, 0.0, 1.0, 1.0, 0.0, 0.0, 1.0, 0.0, 0.0, 0.0],