{"Stationary": {"actions": [1.0, 1.0, 1.0, 1.0, 0.0, 1.0, 0.0, 1.0, 1.0, 1.0, 0.0, 0.0, 0.0, 0.0, 0.0, 0.0, 0.0, 0.0, 0.0, 0.0, 0.0, 0.0, 0.0, 0.0, 0.0, 0.0, 0.0, 0.0, 0.0, 0.0, 0.0, 0.0, 0.0, 0.0, 0.0, 0.0, 0.0, 0.0, 0.0, 0.0, 0.0, 0.0, 0.0, 0.0, 0.0, 0.0, 0.0, 0.0, 0.0, 0.0, 0.0, 0.0, 0.0, 0.0, 0.0, 0.0, 0.0, 0.0, 0.0, 0.0, 0.0, 0.0, 0.0, 0.0, 0.0, 0.0, 0.0, 0.0, 0.0, 0.0, 0.0, 0.0, 0.0, 0.0, 0.0, 0.0, 0.0, 0.0, 0.0, 0.0, 0.0, 0.0, 0.0, 0.0, 0.0, 0.0, 0.0, 0.0, 0.0, 0.0, 0.0, 0.0, 0.0, 0.0, 0.0, 0.0, 0.0, 0.0, 0.0, 0.0, 0.0, 0.0, 0.0, 0.0, 0.0, 0.0, 0.0, 0.0, 0.0, 0.0, 0.0, 0.0, 0.0, 0.0, 0.0, 0.0, 0.0, 0.0, 0.0, 0.0, 0.0, 0.0, 0.0, 0.0, 0.0, 0.0, 0.0, 0.0, 0.0, 0.0, 0.0, 0.0, 0.0, 0.0, 0.0, 0.0, 0.0, 0.0, 0.0, 0.0, 0.0, 0.0, 0.0, 0.0, 0.0, 0.0, 0.0, 0.0, 0.0, 0.0, 0.0, 0.0, 0.0, 0.0, 0.0, 0.0, 0.0, 0.0, 0.0, 0.0, 0.0, 0.0, 0.0, 0.0, 0.0, 0.0, 0.0, 0.0, 0.0, 0.0, 0.0, 0.0, 0.0, 0.0, 0.0, 0.0, 0.0, 0.0, 0.0, 0.0, 0.0, 0.0, 0.0, 0.0, 0.0, 0.0, 0.0, 0.0, 0.0, 0.0, 0.0, 0.0, 0.0, 0.0, 0.0, 0.0, 0.0, 0.0, 0.0, 0.0], "rewards": [444.0849798809212, -1292.6636965592447, -128.2195921670076, 652.2405149766001, -1958.2044474716786, -1597.5740050423135, -72.08220756751595, -792.7688376293014, 1652.3485837410706, 1401.2701605659097, 771.1077510650989, 586.050592793624, 1327.7144461720873, 610.126359572201, 175.00238217940324, 1519.0715961553037, 884.7487220444136, 1244.1116541617405, 1450.9392053464132, 1152.3222282043157, -380.81177048217546, 705.2859300238355, -1583.2968106697715, -908.4383734096881, 340.23743259213876, -870.4478899275898, 369.3608328608255, 603.8047140237762, 224.44281511090293, 464.69564406091786, -235.36592141372722, 332.45863117564215, 650.0724419594584, -18.862366479239718, 524.4207236720649, 312.3780265232255, 566.2388667844559, 563.5064899798675, -521.753302560508, -1915.435251427954, -892.6169377111346, 1370.5815104121493, -796.5516340821209, 2779.643379810388, -696.0771610863486, 129.76497351658125, 545.9714897750988, -294.3125716990749, -1817.0212464350932, 615.5822453903188, -1211.4681841002762, -204.1145303625243, 1601.5461981951275, 1081.0017132467233, 48.799486852973516, -1646.945237834706, -445.5447255072061, 391.3776509017686, 947.1019587900485, -2258.159211787795, -128.57332548931032, 981.6268121988195, -590.4005416533771, 1864.1803072121934, -212.35273197383856, -606.2901456014672, -1358.612758068322, 1472.207066162913, 355.0247196811016, 2003.8791290158701, 499.38953875269203, 1176.1567209347581, 61.91385927898913, 1034.7024243144224, 936.0672216206336, -508.34912805434203, 175.00827445201327, 1061.4703058995624, 212.09312847583595, -369.6374589906004, -627.05434397315, 601.2429784598163, -858.6982940641564, 1475.7680670368766, 433.59066316724466, 332.67150272334203, 1933.2756655846479, -291.9898599569711, -431.5723526645607, 2212.6883395724967, -939.8631030425336, -273.4877424587035, 934.8139596509673, -780.1853618270611, -334.03931494900036, 1105.9045106222559, -1005.249997143673, 75.20610151932571, 1775.4675343595761, -443.6083964408888, 974.5686866101942, -2001.8227045132203, -68.75035711880594, -118.87896303149591, -496.2655511341611, -1221.1118714380939, 715.2683019470276, -105.43921031756943, 1674.8754958771594, 350.238504623795, 106.36067553963042, -258.046859019606, 334.02021565283815, -288.4867281087582, 1042.2220857052823, 951.0696525830389, -322.68423640122455, 1298.792742275393, -1470.470413402542, 942.8420322535455, 462.80280465050186, 457.82491282093605, 773.7436840410404, -71.02936116810805, 269.65538082482567, -1016.5840337290055, 707.1773424179817, -3571.6530379725637, -586.9039735338405, 431.99968707191726, -1476.5552522456178, 986.2422500847608, -1014.7156352559518, -940.9455355527813, 821.4828694343238, 944.6854290540907, -1360.2748342423215, 71.56706301566716, 130.68194078262377, -1049.9805793753408, 3585.1584222739316, -447.5529311483144, -1493.440598858167, -570.1974261225347, -131.11253685407468, 1837.5158721664661, -1308.7476390166298, -1263.7283087044957, 139.03917948762404, -715.4038926549094, 1623.865751903723, -122.53877992334304, -570.0378261441873, 1074.5185395623826, -294.34099672173147, -459.4105329938341, 1097.187975513047, 95.8717489815664, 1631.0949906406875, -1234.2725069281387, 383.0773345267464, 711.2970752784004, -179.78916522789757, -276.6473150770705, -973.7963659593725, -3088.32851201285, 1231.5600598455237, 567.8741362991959, 872.9567546987279, 929.9629523977613, -630.1209495239539, -671.9999376823058, -860.6093544972236, 48.28299302954505, -1330.7096693888564, 152.28600140989175, -421.03633259746175, -532.9555035676586, -445.37515348441366, 736.1671783169809, -1231.3050290693275, 2037.243623416453, -443.32053269817305, 193.1001106565862, 552.5055275798371, -1707.870881199965, -1715.6129899358443, -968.3358939375053, -1918.5491517540593, -1295.7297852155311, 1500.740979961727, 833.5899289882329, -168.92795686987898, -303.8276993305138, -393.9419481776586, -2152.617554837519, 1713.4451868365063, 774.3511013783118, 727.7664391081958, -685.791740714909]}, "Latent AR LinUCB s=2": {"actions": [1.0, 1.0, 0.0, 0.0, 1.0, 1.0, 1.0, 0.0, 0.0, 0.0, 1.0, 1.0, 0.0, 0.0, 0.0, 1.0, 1.0, 0.0, 0.0, 0.0, 1.0, 1.0, 0.0, 0.0, 1.0, 0.0, 0.0, 1.0, 0.0, 0.0, 1.0, 1.0, 0.0, 0.0, 1.0, 1.0, 0.0, 0.0, 1.0, 1.0, 0.0, 0.0, 1.0, 1.0, 0.0, 0.0, 1.0, 0.0, 0.0, 1.0, 1.0, 0.0, 1.0, 0.0, 0.0, 1.0, 0.0, 0.0, 1.0, 1.0, 0.0, 0.0, 0.0, 1.0, 1.0, 0.0, 0.0, 0.0, 1.0, 1.0, 0.0, 0.0, 1.0, 0.0, 0.0, 0.0, 1.0, 0.0, 0.0, 1.0, 1.0, 0.0, 0.0, 1.0, 1.0, 0.0, 0.0, 0.0, 1.0, 1.0, 0.0, 0.0, 1.0, 0.0, 0.0, 1.0, 0.0, 0.0, 1.0, 0.0, 0.0, 1.0, 0.0, 0.0, 0.0, 1.0, 1.0, 0.0, 0.0, 1.0, 0.0, 0.0, 0.0, 1.0, 1.0, 0.0, 0.0, 1.0, 0.0, 0.0, 1.0, 0.0, 0.0, 1.0, 1.0, 0.0, 0.0, 1.0, 1.0, 0.0, 0.0, 1.0, 1.0, 0.0, 0.0, 0.0, 1.0, 1.0, 0.0, 0.0, 1.0, 1.0, 0.0, 1.0, 0.0, 0.0, 1.0, 1.0, 0.0, 0.0, 1.0, 1.0, 0.0, 0.0, 0.0, 1.0, 1.0, 0.0, 0.0, 1.0, 0.0, 0.0, 0.0, 1.0, 1.0, 0.0, 0.0, 1.0, 1.0, 1.0, 0.0, 0.0, 1.0, 0.0, 0.0, 1.0, 1.0, 0.0, 0.0, 1.0, 1.0, 0.0, 0.0, 0.0, 1.0, 0.0, 0.0, 1.0, 0.0, 0.0, 1.0, 1.0, 0.0, 0.0, 0.0, 1.0, 1.0, 0.0, 0.0, 1.0],