{"k": 10, "sigma_z": 1, "mean reward 1": [-2.188179501611526, -0.3780429738744182, 4.64306917732651, -10.392445628111297, 10.611309859971811, -5.45552904622855, -18.26113862757463, 9.024869315400974, -4.460402520198267, -6.693321052338831, -5.216046072756064, 2.966882216018729, 2.7865239101211996, -6.456203222471774, -3.0358773112084245, 0.04064949704592846, 1.1625600946495873, -1.099109371729989, -0.3983213843099289, 0.35235703797510487, -0.06209979969229501, -0.41132044522163747, -0.3328215618722604, 0.02893895636303412, 0.5804597340236806, -0.2886399184632019, -1.5553769175677021, -1.1698172243708604, -0.26731429540753127, 0.2644160485597276, 2.1469530567543873, -0.07042732954352329, 0.14641694018045825, -0.034901174331643525, 0.22885629377215433, 0.059173438122470064, -0.2112517872208935, 0.056565367186304116, 0.12389441520165674, 0.3577645220394936, -0.10925901389718984, 0.006427741436202783, -0.14547486587877334, -0.2301617294454117, -0.5185574341042439, 1.631080139021384, 1.3113173790336425, -0.8155727001131735, -0.737197844605733, -0.29016683720755565, 0.6583102095931499, 1.3607017075291439, 0.6139258417473045, 2.3326333084400166, -0.25854863970425673, -0.4108897926547809, -2.16611676705809, 1.4051047366227578, 1.498068444348958, 2.870968276706996, 0.5598272942760099, -1.5781656776132187, 1.2707848987462658, -0.8808127312880261, 0.7143527519461048, 0.4277290395172969, 2.716226264842725, 0.5151479412637212, -1.9508262494561954, -1.4980449430637703, -0.2117122264990734, 1.2629354893508704, 0.9244419266928607, -1.0314302879338104, -1.0182561334167377, 0.4999917956531281, -1.4283454851314294, -0.03431234151406175, 0.8889121449551254, 0.8109325034835492, -0.22948764882479444, -1.8380591827192845, -0.12970002106362072, -2.604987600980979, 0.8066759971769095, 1.864488007357652, -0.7178213644760779, -0.19798852127600974, -0.070296484486005, 0.19398120520972104, 1.5461994407874624, -0.4668101494697488, 1.0961854134292786, 0.006434582355492345, -1.3482946588949818, -1.6563403286724696, 1.5826750205417448, 0.6476081831650333, -0.14011769204479368, -0.25058927028076317, -1.0712367480784997, -0.6845158624039472, -1.336120429395405, -0.05932217768781867, 2.4462541220434404, 0.5438418245100514, -0.2436546811021102, -0.419736965612592, 2.0984299379010913, -0.7352183536357657, 1.2253501390317445, 1.0138901287904758, 0.43882487495802874, 0.06609708316048396, 0.15096413801933106, 0.377377423398297, 0.4561541440569089, -1.3426732205944494, -0.661439625780749, 0.7355407795228832, 0.8158842174979632, -0.3278189796298717, 0.6895977221929745, -1.1393836428641138, 1.0970500255821816, -0.8207593064961447, 0.5066148852986894, -0.7001288321351311, -0.3187198566706595, -0.15127216913245495, 0.6366957470148049, -0.819576808871376, -1.7246515063981744, 0.019699493060249894, 1.112948378467043, 0.7524768632502687, -1.363671334722221, -1.759545001395925, -1.0596347035905138, 1.1182675002885605, -0.2279307071597524, 2.199903726916029, 2.206718936981928, -0.6557435558481182, 0.7089516994597402, -1.2997360824598032, 0.16359782845917814, 0.3982515515342312, -0.6340041641978775, 0.0671139684293045, -0.6769100087338423, -0.8048398779501059, -0.8442201586760492, -2.5376714163234184, 1.3760042531309913, -0.23077694554676276, 0.9575379060913229, 0.024859959127475018, 0.78513520053933, -0.07529471177594009, -1.5297945222703215, -0.588611047375346, 0.9169307551542918, 1.2758975611589263, -0.20810342265503984, 1.0349870052629506, 0.24027306872659362, 0.05578421025034924, -0.9773723022425297, 0.19389207859096486, 0.44367000139017887, 1.560282151293215, -0.8819648922090929, 0.5563714856148838, -0.355987474385081, -0.40294036274036743, 1.1087020341747804, 2.3422304617112757, 1.1159798750235457, -1.1598658481930348, 0.04697656790817972, 0.30609047321021154, 0.3924807258625537, -1.554988556977883, 2.0467800010098434, 0.42007328148538714, -0.4197023118720118, 0.8876357664381371, 0.9100889454362189, -0.19390130847121267, -0.9828012945520568, -0.45262534916834496, 1.7569367538615928, 1.6589883083779322, 1.1582163713204137, 1.539533732287865, 0.4394369625101691, -0.7982917440255273, -1.3213901130649786, -0.7189571805629761],