{"k": 10, "sigma_z": 1, "mean reward 1": [0.8406126906436109, 12.047024699609302, 10.358962477062871, 18.931989602503055, -16.382281496880427, -5.4813309253143565, 10.407574768166635, 14.143627555363494, -9.587787095225043, -5.939657753286195, 2.549998957540917, 0.7801856523167006, -0.9484814374185042, -1.48385574777157, 4.996874569739072, -0.3385060703818931, -1.9775636190044525, -2.4968668457900156, 3.44410996166145, 4.2006117502042954, -2.3563611511440588, 1.1454353191926425, 1.4361746290565562, -0.4680154104485752, -2.4080244252149146, -1.3689648440530657, 0.4217996800615078, -0.5846374955621032, -0.9529836151797684, -0.25464374330295747, 0.03252835046488345, -0.006315345237837444, -0.6846795221218926, 2.179186027728869, -0.19587610496558816, 0.9147150912384199, 0.7951270844851872, 1.5860799244777948, -1.0689696275313516, -1.310758557574456, -0.052882426760758106, 0.3490360568649694, -0.7183061306683964, 0.9804571322151148, 0.30157351332378113, -0.38291648256530797, -0.41796793548532046, -0.5760987499672953, 1.0881615772057898, 0.24794963783572818, -0.48351557332802064, 2.185598996224577, -0.4234079273190698, -0.3397553459302439, -0.5621949426760456, -0.3952257066409366, 1.2836442382184952, 0.3615280562377574, -0.32856146237396894, -0.5352614381970043, 0.13929196027592988, 0.17468006780380477, 0.6223743707657325, 1.2631336483870115, 0.8141250353856732, -0.1644997265797944, -0.2454514759048988, -1.0375739553098824, 0.15522019705474344, 0.7100850104494053, 0.12270892227555014, -0.7586094604784771, -1.1019653550429216, -0.7955082126948114, -0.08757022001045078, 0.3081855569098931, 0.747283272379937, -0.5145359387767188, -0.2617380945834434, -1.4114043791653246, 0.4700352569596954, 1.4095836446931533, 2.643516098804298, -0.5128665520777724, -1.1121439268781317, -1.6975900541405706, -0.10713068618631785, 0.3474992168433413, 1.8286548977469, 0.7279023590321542, -1.4742275429223017, 0.08749839248123137, 0.6874479546996005, -0.41848096309712285, 0.023360856947853822, -1.66505999510328, 0.7104625205252411, -0.524199035281926, 0.9021041352089161, 2.0014704498931812, 2.305446606129472, -1.0670097214983079, -3.163848167117944, -1.7005838245803302, 0.14644331720171494, 1.2809523917514225, 1.4105653701468763, -0.3456767962213865, -2.4274472209790567, -1.1369707389216686, -0.925106513922897, 2.375735896765221, 1.834662824254913, 0.7086820103354298, -0.3004854891725894, -0.4115457542496357, -0.5124798387814539, -1.4981227745143004, 1.1697265420105627, 0.34130870245189404, 2.0428985698823543, -0.24542185859091864, -0.026351772331031698, -0.6468223955420576, 0.618222626410428, 0.7791475309480287, 2.6741382515982473, 0.3074885795793995, -1.6233213636059491, -0.9799298615495898, 1.2312879437838788, 0.9361246285280692, -0.4747530435761989, -1.039584719472631, -0.4146341024718156, -0.25348319829700056, -0.009537671589738894, 0.6534677120708313, 0.7347115708195984, 0.7171563486484628, -0.8543430022124596, -1.1492032287367446, -0.04156590508347828, 2.2348660056922434, 0.021620833568322784, -1.3922663819888483, -0.37440995570902835, -1.6267057509348368, 0.14191882849072893, -1.1800107386178247, -0.04583599770202895, -0.8122594558689554, 1.213061224611482, -0.372504887295811, -1.2813483645552344, -0.08666022011539594, 0.5355336466918736, 0.8534115101079296, -1.0244356602209603, -0.0030399592952549542, -0.33849219004239833, 1.4429233874488145, -0.9101841978577068, 2.547250355213498, 1.009848809260328, -0.5595750042353755, -0.34831822251205297, -1.0399120481943964, 0.8165003960344605, -1.17007899872616, -1.6485904310583668, 1.046075277202881, 1.1483648502251889, -0.07710683114757598, -0.5483209550554813, -0.056925428455231006, -0.0025747446357769765, -0.6112786480527173, 1.0043553511935546, -0.21296669042408167, 0.7737090998606108, -1.4109749316840512, -0.4467871194162358, 0.7001555673077008, 1.48947482562403, 0.4050489304213273, -1.5652857952426746, 0.5450279439398842, 0.46628687952566755, -1.549799759932499, -1.5714725020290945, 0.09502667311847929, 0.05219059762316103, 1.729186313865381, -0.4381415597561156, 0.4049664738954575, -0.7223907936507763, -1.7169332399913313, 0.5487112581456267, -1.2327364378307983],