{"k": 10, "sigma_z": 1, "mean reward 1": [-6.513131989323928, -9.46389133524665, -0.5897679800708719, 3.2946935570852336, -6.001653287131722, 4.939257375570522, -4.853231332361576, 15.640226468541002, -3.891938273021254, 4.420048571974301, -0.646748148767077, -0.22722139748538506, 1.818087825075274, -2.491612803791746, 4.936212970039412, -1.0623646433231744, 1.780832175955324, -2.386865580199852, 0.08485474255879077, -0.026649862363687382, 0.32881690628393656, -0.049894267126239455, -1.1359761993314677, -0.5213453061694705, 0.4341246895128483, -1.4193471778769826, -0.542087479243315, -0.3517479598747121, -0.545281276284644, -2.3638475009329527, 0.5487430025803388, 1.7314472226266129, 1.772388455256817, 0.40425108956452527, -1.4230274086035828, 0.7596738148623432, -0.41659206193251586, -0.5151062219272035, 0.5365803042105078, 1.203376808749461, -0.6172578638952009, -1.0775412313832158, 0.1623030901626386, 0.9815796271573562, -1.134769408250302, -1.736157590361097, 0.7789995683776216, 0.7135941104442055, -0.08554624578175407, -3.4635992578005372, -0.7444639085415755, -0.43595211206444384, -0.43723105467450074, 0.7747944814285084, -0.042127735866260674, 1.1462540606106142, -1.0325148657131438, 0.4805017916549231, -0.47496627165903665, 0.8424400351908661, -0.12481764472783813, -0.5354600461134824, -0.46998873892346754, 0.6135740005688295, -0.5121607034191125, -0.9324519061885076, -0.676019663981912, 0.394644120628517, 0.1741821724566041, -0.8853970168782317, -0.253959471064374, 0.8727401982567283, 0.6602834957562744, -0.7614841258564835, -0.8143941355531321, -0.7705101830819148, 0.25890241316330587, -0.6091485124608759, 0.557872861761308, 1.200860992258411, -0.894419008762401, -1.8382766283624457, -0.5828955573285018, -0.1652757721395478, 0.29161334515704435, -0.6777709599936724, -0.11986264531751134, 2.686599094789968, -1.7006881000751457, -1.8859376516589226, 0.4473939208990231, 0.44382218021851694, 0.3466713620351709, -1.7738326129652138, 1.3310604122724068, 2.06191904707645, -0.8701639775045344, -2.8328832021018626, -1.3328692927342125, 1.6015380906259775, -0.11742991926092927, -0.23103330355298807, 0.5735983367710403, 2.2082049868480302, -0.6376439910768897, -1.5849145881962536, -0.005712506755299225, 1.5606675677452377, 1.7170548696815984, 0.08769385314801925, -0.6137995992001277, -0.6945108732828609, -0.7313734401040066, 1.0095534302842333, 1.0751017661609439, 0.1948813702541285, -0.8903635262648462, -0.8068198164866927, -2.8704314893964114, 0.41378479088493547, 1.8801973949749116, 0.6401710171079171, 2.653173385273391, -0.4370139373196003, -0.510338076526254, -1.2197420612344292, 1.0406121466888996, 2.3118463715253483, 1.154705619794115, 1.2179666077500833, 1.0971821776759498, -0.9642949139334611, -1.739642167281226, -0.6670976197597674, 3.8333928385454876, 1.2043570001660124, -0.5218259753208606, -0.5122802889150595, -1.8167992314716261, -0.07917535668618039, 0.9123275484525273, 2.8976228423753874, 1.5525499442217185, 0.21507517663008568, -1.0389718551057006, -0.5571900428207679, 0.805844011146479, 2.441762915921737, 0.8102979784575655, 0.32321251125343126, 1.3975126816496561, -1.0888179183640845, -1.6237966723769834, 0.22316270059150883, 2.6764803730552615, -0.04587996898525781, -1.2496059765340246, -1.3683516210099191, -0.07082245989751532, -0.5579741022551907, 0.10443773048113592, -0.07287454386983461, 0.19397961135684266, -0.036269191587598226, -0.7406237653102579, 1.9006976244434366, 1.1306332065928562, -1.2482832859601927, -0.9279225176652957, 0.015817762404058897, 1.522828251000325, 0.3709074915212611, -0.5734964274311218, -0.15755624241906704, 0.27510055562670155, -0.13358716688465755, 0.644844114254763, 1.7444398484651067, 0.7039086241880178, -0.14355058292434586, -1.6613296255610444, 0.01744561222867133, 0.5589360181770012, -1.5128597518712394, -0.30235002534327393, 0.22699652072200277, -0.5253720018422723, -0.3002942284208436, 0.14400675929039752, 1.8433127121151824, 1.160454906323172, 1.0259005973086097, 0.1609694272621523, -0.0329028566528069, -1.2660816861383477, -1.1236855147230138, -1.2670142782960552, -0.6254923093950553, 0.19374284009492265, -0.5014618314004753],