{"k": 2, "sigma_z": 1, "mean reward 1": [-1006.1434244795549, 437.7063298402157, 602.8744093502843, 28.34277207242829, -225.1742357929319, -41.24189260958274, 89.58463716159201, 134.46499186349908, -65.04017022147318, -224.63868784392088, -120.65955692893134, 26.62256285159634, 140.95722897238002, 63.8856615838711, -118.52458135385722, -188.22431002382066, -54.623098364880484, -71.84781019958871, -111.47058861222645, -74.66649496438025, 96.48820964303044, 20.917714356391357, -154.31791993333292, -36.73537725354944, 123.66216348673123, 96.6507493217764, -63.0083945492667, -21.865005957740113, 17.16432737356922, 111.47159279529852, 7.137588597769823, -212.9637305672845, -125.97058370810686, 164.04669174041163, 95.73752495550025, 149.73706814632112, 101.45373823219145, 34.1869249254935, 43.694514857318026, -133.95963063703323, -108.94440999682826, -60.476786819196015, 107.52744840378445, 19.94219382478022, -38.19416434717478, 123.3388481469579, 226.20704053864182, 213.3725153405162, 115.84699507583511, -128.74472970269295, -209.96375050842957, -20.587772561695466, 181.29137691390284, 70.68745509092467, -41.82904603517111, -123.63668124221911, -23.929217223738146, 103.32183577842568, -35.97247446906439, -162.15538718714438, -119.8480129994604, 4.621465230014846, -21.97494209094666, -12.221466450805455, 176.37117096859492, -3.1727208968106435, -17.507335868988406, -47.16783812586941, 59.69196315855043, -89.35925181151141, -148.91931861041672, -159.7472775304536, -85.69945814079011, -99.49076787331381, -6.399648977831925, -27.650827133243965, -92.41361826717038, -14.20575378287359, 6.740341463122262, -134.61442231656596, -215.80508378109946, -85.75657825910746, -103.10942903947335, -110.55012675310594, -144.1496732012521, -122.08278908290981, -63.819356184906674, -74.29530759938407, -91.7967006425532, -50.31041802546673, 140.8143383252505, 94.7870183315929, -49.847390045017576, -67.59341834989, 12.398029505570038, -108.27975379808508, 62.804031841985555, 168.63859115531622, 84.06915321353571, -9.92325569718872, 15.68768736176528, -93.90516567575555, -133.95896291154864, 104.15293318254726, 248.2760318182089, -49.31466900678547, -151.86927728958997, 47.55613704989845, 148.22443658626634, 76.2910454603432, -49.05794496739286, -2.116278773048119, 149.08716350442194, 60.11039490855092, -126.10719608734007, -29.56216250752729, 96.1417849928657, 19.987001761128344, -183.71027686999207, -106.66785555086253, 24.132329291122833, 69.45988251142829, 56.81085656608036, -31.44033990208931, -91.0609590636489, -29.040622919113645, 37.17244040842499, 17.519317914347912, 99.6258359867957, -101.50039132801258, -170.47393563885143, 75.46554153865482, -55.996869700865794, -59.17723740651115, -195.08858979812956, -105.03077579339278, 0.19919069944638879, 72.93499612736727, 144.4079355148834, 142.24694821802765, 50.55356215578819, -65.63794226264095, 19.572166433161343, 50.19227338150565, -41.01912741189878, -280.05290196843976, -243.27648984222373, -32.104075253857886, 271.4872414927817, 259.16054225055433, 74.78804611684518, -126.47396926374003, -97.31172768734878, -42.05308257097756, 94.6510828108004, -31.237416829139676, -107.2550856186862, -22.59607215125367, 13.690961014642767, -133.73168616708233, -116.1665474424279, -84.37010161132238, -86.33730198972847, -150.84214596726082, -81.04415828507452, 60.66991218116306, -52.54928295833301, 123.32549404202065, -80.8686427848863, -48.20658629213506, 41.767765305400374, -0.01738415656235004, -6.298304654495124, 28.62654644702889, 55.52027610265519, -118.14756130398321, -56.687391812710345, 94.06714562097463, 68.48983825176255, -101.35345191118445, -178.34280115492177, 9.497260214788028, 102.79673669958412, -108.06122872567097, -179.99864777409877, 13.47267072228937, -93.78627733691609, -60.68597737001039, 54.345001587387976, 207.9804726025607, 325.48611152620185, -11.452744034724294, -99.69954831001343, 106.25718595144045, 3.039023201961022, -90.89630698344409, -187.405219612371, -12.857227007238015, 101.26866889536994, -34.65032642648166],