{"k": 2, "sigma_z": 1, "mean reward 1": [363.6594117512249, 764.3473865233532, 129.65831507129124, -535.6865877636789, -433.63368167319044, 50.52427882767182, 232.76627786315737, 18.691917633705778, -5.2976531241996305, -8.5033878701139, 0.8850614443356216, -101.95221868530591, -34.70935053376009, -3.2704739112605017, 53.03383543441341, -1.8989195406816428, -112.54337738908819, -198.59621857749326, 5.706512726174218, 131.37076797271362, 35.630394704570705, 136.98899106812127, 140.58513416770978, 66.3455679536775, -21.565006256047354, -119.49359084122247, -245.30092922282861, 104.23763954188934, 111.58860619267905, 75.05250556861999, 40.86104862460769, -163.07526783998642, 118.81753078839554, -77.67328623957548, -165.48954354285925, 97.68370964218225, 172.21239162086803, 23.974178464723504, -79.03701580842707, -92.73299159460109, 149.72378655746985, 209.71102195022985, -52.53182265718126, -154.00385952934994, -75.33216024280655, 54.93641395033117, 0.04100385376456517, -11.547917813994898, 23.622793806211988, 29.136263154407022, -27.386381234715955, -106.90578499304135, -89.24848165718787, 84.71447524802002, 91.28562657200644, -68.79745421397334, -47.74389616792157, 56.6082445062969, -8.89459921017296, 91.08679756927275, 88.29742711366643, -6.558113586897768, -178.58123763500774, -89.0543461314856, 50.35952428724225, -159.4203718797919, -156.19739163263438, -5.071519541833788, 51.92195865348408, 113.10231916257038, -6.508787494881563, 58.48155988975998, 41.264243198180786, 97.20195291939203, 111.5444997226752, -133.02282853111944, -99.51182403300639, 46.03005310357216, -20.08136713221568, -82.03512977467663, 3.662539130024528, -38.77829157589665, -179.4275339398997, -152.818202594215, -103.54360175873438, 115.83251528741638, 15.95835715027565, -22.137351110626145, -63.8991483989296, -41.35582697409117, 204.00681805487562, 154.11069350690005, 122.11614780654358, -36.00289486733264, -197.189120915375, -18.494926971837323, 146.71978645938694, 103.1977465398569, 182.01427354206686, 18.888922811081716, -167.61964412772272, -86.93439363888035, 161.16204028670708, 349.34869157664497, 100.09808247142236, -53.58421118242237, 48.571442875039736, 32.572630713228165, -11.712362051011963, -268.3356226335507, 1.5545329520310736, 18.69522904249754, 198.85221717105833, 82.86312481853295, -54.82356265031747, -50.09267898169081, 121.84061689626489, 175.48125061789824, -31.153252098733088, -157.20893356070928, 91.70280760751905, -62.0488693288469, 1.678017727908343, 3.4126283406022417, 59.60155419680038, -4.087117688197428, -235.75115356765514, -251.25669698448866, -80.86235004344643, 108.83742239225231, -38.98936971642431, 8.142095735322808, -137.7889725302732, -163.21839264218266, -31.26799109106011, 157.3206171413948, -36.701408121769866, 72.5087955114538, -7.319642462313347, -18.192680198199135, -51.03071180832247, -76.26147791440371, -43.427722445439734, 203.2879047064287, 237.16521764348562, 106.68063379012867, -158.63170582621447, -119.18239785326514, 130.8507780025271, -92.3269506014135, -315.21179490935475, -128.59180921841948, 169.09940602217776, 155.5551739755458, 154.23978788507765, 5.828914164274966, -161.95371485353394, -70.67346284614685, -85.31482566684512, 127.365116972202, 175.07782625551386, 232.71316804865765, 107.74948022757609, -238.64894638030088, -194.20981402803002, 73.13793570025896, 283.0374754401491, 202.81467575156947, -172.67141255678354, -140.66097796539165, 105.79523670881792, 62.805308935985735, 15.639854891075272, -38.93452788789462, -199.72801886155338, -26.230542811507984, 61.076081132643026, -4.829636819193128, 59.96485405111266, -15.587781660226717, -185.85401780376392, 17.834920723173965, -146.85001995135883, -186.63297783312166, -30.376591500556106, 5.430248483930978, 102.30116115000993, 71.23264414103187, -19.637124504662896, -61.275534040664795, 0.20005913449952506, 119.25534446733388, 113.89925147835226, -109.44413311042231, -202.95430711135225, -152.49828128513334, -7.749199601461676, 133.93617640472695, -25.83483679776656, -163.8868459795364],