{"k": 2, "sigma_z": 1, "mean reward 1": [-1027.209962369688, -130.98323766834199, 576.8070133381945, 411.84014093517777, -120.63871926252048, -127.46382543501389, 102.02525212451836, 159.36111497138765, 52.5685301345574, -75.53509281877274, -128.2696294514277, -36.45458923887571, 161.071747108247, 68.92856663963609, -107.37535521203671, -173.56653137058132, -9.8395821548846, 80.65554290115537, 103.39323916588828, -26.962314835428185, -109.22899928070422, 80.92729958590074, 178.83393848831116, 109.08552611798127, -136.78731536356582, -218.92190541473394, -46.39784548873204, -54.08646956210437, -73.36574956667083, -123.50304305543848, -157.87973833250388, -48.47129295602984, 192.1524736742651, 171.2417664654905, 70.05957685513583, 13.760838280471432, 32.403271160941074, -171.7903136455165, -143.38315014931894, 43.51380764945807, -12.47141282871851, -70.00039193132268, -84.30809428606774, 119.31406031821945, 89.53216603171204, 158.53005467217307, 205.3821425248705, 63.63854787046252, 10.531414209550483, -234.6051000326337, -83.522037172127, 90.53374299289071, 102.47041140495506, 271.2979340122547, 192.95143713029444, -144.8247941417341, -140.434710937235, -200.06273514701772, -125.00924358516947, 168.00053652618027, 93.16604526937931, 41.00436695430322, 5.988351629532512, 60.916773391225874, -28.72669398636272, 4.633681443520333, 30.39702874071864, -119.07511038687969, -139.5713895207541, -83.99462811389401, -47.61664193309951, -24.6891219074139, -30.89461192196028, -5.3840178364433555, -104.20290249226763, -22.678546851038345, 153.4963318480149, 237.12232921473407, -83.60973740868121, -203.88170398848916, 122.1961298869497, 343.4463041967155, 107.20658950627842, -121.75330461243992, -69.64164181060846, 39.9269549058016, 147.34872158358772, 156.05638002462197, 39.9280195917418, -62.030758750047085, -49.57357268424119, 73.75180777837745, 43.51840949501574, -26.167390622795388, -51.18264540753088, 44.70032801553337, 19.113803264645966, -71.25690473661726, -193.14731131545352, -113.8934475341836, 125.25332829694209, -44.36582627448491, -201.52975374106273, -210.18034019775936, 76.64794349089699, -7.549269872042075, -50.871022149492916, -65.54371058045425, -15.148329329528687, -212.80181124777587, 6.742563621725184, -46.00482546126929, -59.93316330403321, 51.03200472400127, 71.7683469626939, 23.417464463881235, -96.22870253495603, 36.3526638170004, -20.189698600127638, 128.5878297824276, 77.76341091177376, -212.18853802565985, -66.84465199971528, -165.40039569922916, 63.967548045044474, 368.21450070284124, 170.549896467911, -203.0518771394104, -455.98625595411494, -219.17506442166098, 44.29790899975485, 156.34054056179318, -216.5305618556274, -229.92127130966728, 214.6659702993334, 87.61177033584624, -63.998293627991956, -179.83726293425528, -140.46418766278398, -119.32845056592916, -53.541463225010034, -52.22888215187186, 36.74654074559535, -16.049419737628945, 101.77726306744562, 46.90146018745158, 23.69360530439194, -88.13177333024656, -28.793373075078744, -147.0448948885065, -70.00349811972492, -161.96082492828566, -228.538060828732, -98.18175483819526, 233.11535975827536, 135.17303064844884, 107.40624117675104, 130.19781936359672, -21.52879931878114, -3.2049064293435237, -18.69071757014255, 74.89351602658293, -82.36830108704267, 79.11592619463622, 14.768527900923335, 158.48574812457085, 223.74381324153222, -171.4366299588248, -311.00982024463184, -189.2501861749016, 68.72244350563884, 106.52374111791312, 20.198194130360882, -65.8683923419107, -117.28749246318353, 156.70821718933948, 38.06307583296137, -67.91344621269889, 94.83051497706424, -15.303401338639445, -75.5990274089582, -52.07686745125597, 217.8383940154217, 236.12246075450116, -48.95257367021769, -23.32422200596449, -71.01354701360225, -186.11225421916652, -150.6054892178109, 66.3593394782965, 342.5793798218102, 35.39646543364754, -145.54333993128213, -1.0912821918396265, -73.18190582945537, -323.9306122129298, -180.2538604953065, -1.1157934431935468, 56.425503567465675, 163.40928753402983],