{"k": 2, "sigma_z": 1, "mean reward 1": [79.09219271105896, -964.7634673094592, -621.5187231209457, 129.79222009156578, 310.8847948940707, 123.7712906622489, -31.689783213222753, -35.22329728903368, -117.44838312981973, -101.80127123013322, 80.15771682462905, -7.319671314472087, -27.74940056228776, 212.12115706720903, 289.17105033856376, 202.0997008158303, -108.65825809434675, -150.5783547360196, -131.51845270277653, 218.31703784493342, 147.2974098473512, -149.88967118341358, -283.33957002452894, -79.79541327937369, 71.4756816597304, 55.961019621718286, 70.90289725640973, 11.225687468403178, -107.71259734969678, -205.02257512860646, 2.3228965643818267, 351.3311519914794, 181.25122776861556, -55.32584108343062, 8.893327306567445, 47.956537892158956, 135.9503613586604, 181.98892143822977, 102.54267496908791, -130.26693690801721, -22.93979963386382, -56.04861971790507, -254.53193744072144, -206.7706678917819, -32.606894906819846, 174.1660643857922, 108.24678031524464, -12.02829318781198, 35.33232297356409, -25.901543912957365, -125.05379338429219, 24.24858639408718, 136.12525284657943, 213.82575793363148, 41.85696071740341, -77.85802151311309, 143.3604414403868, -57.68725740908431, -242.14660244831788, 45.229650717661116, 205.04138939425508, 120.7116859111312, -77.10964750800484, -27.083227813896503, 92.39335899714763, -8.376549501210139, 53.7056824303225, -89.69893011740956, 41.135026880125736, 95.7071819648258, -40.4040169699165, -153.35072748003626, -85.58293509768262, 37.74741748910857, 53.66722738102611, 148.0875943232758, 58.702401452586805, -95.53061927361009, 76.06257590700721, 162.20716409878776, 25.96079460437665, -108.24086650524882, -216.68606700881398, -66.16374439920996, 111.32495968137894, 94.26210908069656, -23.056099002533355, 161.69729783140673, 254.1008194155733, 257.7753448692636, -23.382488021878288, -118.35374179370766, -110.87144123625745, -42.61334677810136, -24.90929140634226, 146.9488406695032, -6.779153421285066, 24.29217713712577, -12.78896381335577, -44.6717747096642, -64.229274055833, -57.04503122665579, 126.51346092595847, 51.8378184491431, -175.724449220174, -154.0681119394981, 202.5566539342609, 158.85498361398572, -131.44243549242992, -38.578732607162024, 144.60291770341314, 109.95345703001927, -147.97859756906533, -228.05734938101617, 178.54543917419042, 85.40579223053204, -65.57000691969512, 121.38403929098307, 53.9510779900191, -100.02148146071703, -169.36701321826516, 31.073650065856718, 60.18103305393876, 152.39564697876483, 69.49466601933958, -115.8734605537163, -79.23235080394355, 24.026271209496393, -71.08970378273271, -122.74506329007193, 45.481000227139255, 45.49016764878263, 89.83948555020523, 46.44197873167113, -55.15268884821566, -78.4782496084108, 38.51824497026606, 37.762853499850344, -21.664286092750604, 69.65480833679433, 52.16303657935267, 76.44687671798185, -112.47928861621249, -172.305264710451, 213.20941213868517, -27.449119433123272, -19.07133204439575, 281.90236155183163, 295.0801329694275, -20.975576007945975, -69.58907274364819, 95.14487759599544, 74.29301381481767, 50.457790039926124, 122.82530005025194, 165.18162697168316, -17.30050042872064, 27.995438938269768, -22.85438181715723, 75.2998010340609, 319.57343428019647, 184.14514785038523, -4.79693340379741, -111.66280608347785, -158.38162946036135, -18.94734476776861, 171.07214878891673, -90.28370869822336, -222.45203322261102, -145.42537151733924, 81.26057287781028, -36.883772681873396, -92.28326342629805, -51.27224564177787, 154.6815159692942, 62.30878246491065, -71.84015488261808, -151.75533173992085, 18.725671163639078, 38.517182274227196, 90.80612130330378, -71.43060602413198, -82.62858017634026, 7.115882756102964, -16.18486587124496, -36.03685241976913, -75.11001597500912, 81.26228270870331, 44.24320576464882, -1.6242564596127913, 16.322330033863768, -164.04897626862765, -101.53586407323178, 27.004309714250464, 52.46522099896044, -59.5776926101078, -87.65143536069039, 14.183794875726225, 108.37887188905277, 37.31858578722683],