{"k": 2, "sigma_z": 1, "mean reward 1": [-1267.0888984596047, 1014.129269121681, 919.7702368409956, 120.29708823676044, -482.1704480371273, -301.1151488188277, 153.4821687949364, 76.51259383732561, 132.916239772241, 167.7923313233179, 169.40472246952598, -107.59389832663256, -200.68155732485775, -174.04328434761024, 192.3767892963376, 116.10201245112954, 49.286225246561045, -72.66633652316011, 79.59424662868055, 51.872850197292706, 85.35385125388031, -87.38431187355383, -177.9947491963834, -126.23766926411355, -143.87394564085648, -40.514046196339116, 21.886533466851354, 108.91214770007636, -47.40100427954013, 71.97786747092096, 167.87420249752006, -54.933689021272116, -62.055163539352456, -13.527192481854467, 62.6034582363853, -128.32062417665392, -110.58219572427556, 6.422285576727267, -5.3808566110556955, -22.667401940041763, 72.64662300493639, 96.84230118529102, -80.3687283731939, -242.65603391258045, 73.39636679460885, 315.24163849544686, 10.883323725988658, -146.7499860378887, -167.1683186521561, 163.78605641892767, 123.81437298934853, 54.17582691855032, -179.4448626788145, -282.1446903244886, 44.962906896584485, 38.42802713103994, 60.22859938202665, 51.39856080141936, 0.17120983036998869, -53.06992980565302, -151.8346552143187, -213.69703626695534, -95.70828720270666, 73.17155901915348, 110.70379643453197, 14.585214157819523, 37.82477336976135, -120.35987041010232, -1.4030423804190506, -37.951502650375765, 62.08368055669815, 4.910817363613784, 66.74238205396873, 105.40151742843, 184.6813912344565, 139.26794947490245, 14.87814119583007, -30.131837361011993, -87.95684925543881, 139.2469446532516, 34.17540420118228, 100.39206957693314, 116.40229370789785, -260.80327274967044, -255.11020904446406, -277.80936370616945, -209.02050455931231, 106.32974545834726, 95.53652813671863, 51.47398174622293, -5.950437676216963, 29.31030025767121, 115.55481612054174, 51.9153606985064, -235.74134070913826, -169.39602493746438, 47.87009132094134, -24.545836391317955, -10.533560083751137, -57.10852663629375, -133.4057515128964, -141.1341025544948, 60.5264320097139, 289.22735893376927, 218.87294380977903, -126.55446122339815, -156.67979891324734, -28.563037048835294, 174.71128052442583, 43.553100297128466, -11.712527767658932, -0.7583796101476692, 23.812050880265474, -8.875141165286568, 55.362768286299094, -80.23932617376602, -33.561316662264964, -41.43643209719687, -30.85263680440552, -120.92816767971108, 2.722527897697863, -26.66366966489553, -26.34403219659603, -125.49002045865032, -198.25829833786108, -73.33344312401735, 239.23670507724148, 40.0052291610052, -223.38720406489108, -133.2133733011149, -13.86927995683619, 200.1351692079801, 335.48775886207886, 111.89578630415457, -143.178476565403, -80.77772123781891, -114.39820854532859, -26.747276727721086, 128.41577418539418, 62.904216323786954, -102.39466296276545, -86.11765363878402, -47.259423623856165, 50.51947885861621, 59.74810381700688, -69.21955322678333, -233.98244628649545, -68.224430769344, 223.34751956527273, 74.55861549186248, -150.65206424824544, -17.576993089236037, 266.9509966094146, 154.124188943053, 62.66327569752382, -70.99140689267274, -46.4224098146764, -60.8881227239481, -159.90991147321594, -107.89429671095792, -29.814753835875717, -109.13394625106379, -37.45531277314182, -36.3356741172691, 99.53921523050533, 132.7928509344773, -41.042684607015886, -42.208029722301696, 15.818461235379353, 105.16729898515895, -106.63823528554968, -184.75216134581817, 27.600854398011844, 86.44788125416207, 5.713409726643298, -128.01763099283986, -79.67317738263354, -11.258120202943967, 18.429617534050802, 67.66144298750199, -38.976324174344704, 68.41350940625792, 32.97675308808687, -98.1330732516942, -34.626585944772344, -134.14112975344446, 181.43130204912927, -3.0223195911667, -31.60470748592075, -106.40755701637832, -44.73624896888877, 47.850491267383596, 55.171292201236696, -139.36951150622147, -81.89648685574684, 247.80429592037999, 52.49575104263462, -85.49150062390856, -119.49412250010074, -86.55934078181818],