{"k": 2, "sigma_z": 1, "mean reward 1": [-22.220748760859106, -514.6853388336901, -212.27434653359046, 260.0595067234988, 221.93360772814876, 39.74908335528312, 254.46937991098673, 126.47253635712352, -123.19885988475272, -164.2321879051955, -1.9499550436242241, 50.918880569596695, 122.73493208782158, -48.37135614227275, -61.23901620769313, 64.74601017198182, -79.40175547135304, -87.60359271082496, -72.27138316732706, -35.641462933351185, -3.051580247616953, 2.2208390140503464, 101.65029010157977, 174.35966984234264, -30.858229920179745, -155.49968880359484, -114.74674406897476, 70.5808606577994, 87.57950596099468, -184.93133920340796, -117.0605113122789, 146.03273111467067, 172.8449621439434, 292.9387081515884, 79.55895635850703, -144.0656685377889, -147.96140443214162, -76.07763752340021, 99.02719398318418, 158.15438399186573, 79.23175442325076, 109.94493284418331, 117.94338590899581, 6.777528967515914, -93.84573899186208, -51.281626121282834, -162.8740034365888, 29.13094589591243, -13.402345491435119, -57.65884545704277, -106.32939985199053, 99.30175219669685, 76.46045821883536, 96.97321338305747, 51.746816483364846, -206.57664891341088, -249.5145118649157, 115.33054452061707, 172.7865652767005, 65.37504768669982, -120.21649081214419, -238.82240068202242, 132.44175360425007, 102.90440418983474, 258.1254183074981, 273.9644780011047, -67.84807010183498, -285.20132761505295, 44.57106364263781, 65.89548985910675, 200.4093398306492, 181.3005680446672, -117.22653354579293, -172.84979663730232, -69.94077666758992, 79.72263403371369, 58.005590484977354, 164.634132802549, 25.249466949806358, -67.02248186610616, 109.90269763841067, -131.1518117408727, 4.64356164411075, 63.65435895274896, -166.61405519017342, -75.20932702086455, -44.98396137198902, 226.4457278422917, 108.64058694884022, -71.48566755816167, -19.64366910437636, 68.38163780849172, -90.64018201108614, -160.75882830268324, -47.06045535558193, 102.3625452375029, -80.50533298507222, -247.73255617455757, -96.05339082530897, 48.179274071497765, 8.156327409764074, -35.35614627615394, -26.14239258094413, 236.08485686923964, 186.09019057111956, 96.41846745173169, -123.82015321326598, -191.47965443380355, -3.1668717754667064, 191.34154362270937, 83.22206533632858, -122.1861093065855, -214.32148092828473, 50.9409734865878, -17.12780429089158, 26.247481498911046, -62.644230576147685, -21.909655894757243, 128.01739673568116, 98.47155836569843, -123.42902258157476, -263.5016721605675, -119.48005207345416, 67.76708083269128, -34.17439175656498, -259.0658680710222, -96.9762044405743, 272.391057362226, 97.27221318539321, -81.82621988929266, -67.09785648964586, 84.10879314768016, 180.1789396497726, -48.90805637518899, -203.64608530142286, -95.85990647886358, 156.9937463654688, 232.93975829712645, -39.56491585475786, -178.03606771640457, -130.34340711074233, 62.78346833475332, 96.2888056582304, 93.25032464284631, -171.70057544115508, -166.96901557687661, 23.14956788973183, 74.68128064264792, 101.01088561942302, -24.363911442409954, -178.27460210479535, -195.45297430628193, -16.017320277306588, 241.91683149822882, 241.31954904470015, 15.295024528243712, -45.45053019756071, -85.81300149290739, 149.85662390778444, 45.66531549928685, 65.92565032236585, 56.211206346111744, -3.940415748786155, -150.75661966402487, -3.5615361097292464, 20.893221174087618, -106.54616804282036, 50.24211495673625, 102.07860117153074, -14.851050657299126, -24.411685717717674, -36.37994998867412, 111.92104456277102, 49.76612997969864, -51.09186534476239, -86.59070152982457, -91.95157875414806, 10.349642699041862, 61.25148137471433, -16.96531358811874, -178.95023624429527, -35.701517818593466, 8.108181251026236, 22.086901872743393, 90.27304599204695, 220.2861593526631, 104.19405747056891, -59.04594034581725, -234.44541765515967, 100.73078975481802, 150.37254926567357, 2.629148258203795, -123.17102353401846, -143.9839349978439, 114.50189722352616, 267.7571749492256, 96.53380491352912, -29.659102838074304, -190.2435056749179, -101.8525364046363],