{"k": 2, "sigma_z": 1, "mean reward 1": [-306.9704729962789, -254.63372371480045, 10.577521252467864, 156.1625116562361, -36.79370919258715, -126.9951156398609, -65.16015707589264, 99.86925160474608, 26.016860603974933, -53.219826021498726, 28.5443771216019, 32.10413835171605, 13.948928469072525, 25.822652849375217, -110.78132640857919, 81.35454660754327, -85.1065902104901, -228.24489020274044, -48.84274723628996, 89.64822083185554, -10.075458135289484, 10.456704370371227, 131.77023634021688, 33.40618828082693, -127.44291980557443, -111.25600019097664, 205.920696654617, 348.07033337857087, 51.944279760175625, -172.75142122560092, -90.07614629661336, 66.482525991937, 39.59715862458897, 45.15513686591679, -79.89053207603295, -27.018230042106033, 22.743604167108916, 124.02988042543012, 15.363875560138373, -73.20026105877415, -10.236620096393722, 92.0810327165639, -52.73029872222642, -22.166527179024463, 20.114373556867125, 137.79868902787413, 2.5291644362848253, 87.17805375222432, -20.85485093345026, -158.8136589923957, -19.223915101604934, -58.61559426594207, -30.48277755277712, -89.55822020002806, -116.36510002293676, 204.1058755012632, 141.42735155852694, 84.11815937999842, -46.458314650301574, -78.29566587744856, 35.78129558962916, 9.466025992088161, -41.43818820494196, -16.606220350982493, 25.413180410554492, -49.42058014443984, 20.66774095576379, 10.082418734722193, -30.92624433264348, -12.406491255921095, -67.43507777393962, -190.1589684111788, -122.9091574178593, 1.7685101184297558, -54.94553587591551, -112.97541201550636, 4.570413289830161, 110.08352733663816, 76.13529359266208, 74.89331268147967, 49.62382121468509, 89.66646358270407, -139.40886318568877, -182.3237322572179, -100.37161828602396, 52.667404977881425, -18.6777335353321, -91.07505391272628, -68.69266194751036, -97.36893299298931, -9.269795941940615, -201.42629262090406, -16.9626907882908, -0.03673726568890201, 67.20053006933749, 34.12550754168731, 95.75276837462529, 15.683084137216241, -100.6007560748948, -161.87126442692116, -72.55787147075195, 59.1758804907233, 38.9413044371026, 62.62157665554208, -8.877066735453981, 19.95592290076641, -98.37175122614006, -13.938972207153789, 130.30954860831457, 232.56584286578277, 30.649911868493483, -131.3002826978584, -63.27427228438888, 81.90388263977111, 270.70682765892917, 22.847416378666473, -78.74926991315468, -140.45967465367494, -188.64826434647938, -67.13167632749055, -23.984651497775534, 137.99509409719585, 96.43170104935946, -12.22246598235471, 33.96441280554999, -9.021895491707724, -187.0488067261812, -228.64058075667813, 93.14811540915137, 171.4254669266324, 107.39591505006914, -123.8482087929802, -199.2382217972924, 181.26096376463957, 198.28512975289695, 100.69357223771003, -262.6455059512989, -221.8871545315611, 139.82269053844811, 143.82098750347416, 93.76499180329027, -20.471724386420536, -81.31420178596717, -48.941836791656726, 90.10891312085363, 154.99894088421544, -30.219945419994232, -12.23572573364371, 128.95642222495198, 121.16186034154293, -209.1679303187038, -40.168532746229005, -19.08352037366755, 2.0553459060389967, -123.72426291127513, -98.24737366574851, -34.95592091764332, 153.60562451108777, 35.66174414978608, 51.85713719596634, -138.72411670476086, -78.44188784571064, 80.41945847702112, 100.66079791757248, -188.27141713420312, -73.95883765185634, 107.76329917524548, 144.18239135004617, -134.6309533786572, -61.218684460054405, 100.57459088745446, -43.809978763873936, -113.26307064476046, 42.329160854255996, -31.844833084076384, -86.93012097669738, 55.04269117519706, 33.0797140422699, 150.18375952333597, 223.3906193095745, 80.82328437536282, -194.1570670223396, -29.413993080811895, -74.57701771149874, -165.12792028949798, -157.50504112674895, 156.599448882546, 264.8251346502041, 10.58741129189587, 89.24644458258189, -214.14872505812576, -134.03613948771368, -60.12021325793011, -161.7540488624393, -151.5493223271439, -2.695136332130009, 81.46973642371664, -67.73828222586837, -216.4059990700318, -143.8886560087417],