{"k": 2, "sigma_z": 1, "mean reward 1": [-147.10962625111085, -1380.7372710238815, -694.575763705567, 413.2479331239085, 517.1570368030212, -80.26020041952957, -333.45451771346177, -94.37000661203557, 15.197255376040552, 98.95726823225868, -141.92677034768596, -140.62607153311055, 54.466545988738126, 121.65693882387679, 19.96852078570568, -33.48084456006758, 114.80731543888861, 147.03166428862397, -38.66662635763372, -343.4721770251373, -91.78322628839713, 127.18670110638483, 151.54722971446773, 5.047871827827318, 30.838918355667523, -29.188872064127068, -42.12365000446254, 44.7463505044706, 10.273287832818207, 44.67487593920482, 1.0661553726932422, 3.2692949145332384, 71.46393278319704, -14.158628930973, 24.87473084823566, -88.5397955765545, -12.924295168760192, 12.693247119331758, 29.890541854047164, -4.703811738832398, -27.406468134549844, -29.254887711697858, 91.17537378682812, -19.32119113960712, 159.82971209503657, 133.69060232466182, 30.719693094712074, -44.94484776256774, -114.79217532501238, -207.24896995595276, -154.7650752031727, -107.04440195950072, -58.43353120582654, 46.956609355670906, -42.02717439167678, -283.478469417537, -86.37397121760736, 111.69387960661537, -77.39743884775363, -39.66685181166966, 51.21985740714737, 90.5029508786767, -14.594947403677466, -254.02976380669395, 67.60240134897148, 169.82547693800328, 187.16002003208783, 76.30758706484154, 9.93538231170199, 97.49222166770284, -17.439642022693004, -177.00190606472881, 26.761147570536693, -31.4738863014856, -27.79813550619262, 13.420963104659553, 17.953919790232927, 1.8923363539802416, -62.19466949259951, -16.44221558090242, 41.86179608153381, 10.11618214749742, 71.43306692842225, 11.653130549820261, -141.8741868726022, -100.65598745910857, -156.2764353644378, -18.465198730072434, 27.200998137417763, 146.72501124664302, 176.94161702074797, 101.48231066151419, -162.58001382181274, -119.65701972152966, 140.9196207213138, 218.92674937031566, 104.2030482106175, -247.71336111163072, -102.36158099922072, 224.91493689382324, 86.76166049842418, -11.781662832396533, 119.7870081780874, 76.7412873058638, -104.95060606094195, -9.815873769238316, 139.3042309968182, -57.89474991834086, 15.214128795633485, -48.59912459385189, -34.33388063391504, -78.92876612341583, -34.90804627899148, 0.8299224448023751, -112.71711558247326, -104.04161790545491, 8.233432556170506, 193.73488185942466, 173.94574047463993, 17.967383385245178, -121.05172299317906, -99.26030908862063, -15.498064459520588, -39.27707150973427, -99.11506779198412, 43.02696215259832, 65.49262617978917, 110.58082360188033, -134.3998107110414, -267.42601661861124, 59.49671403092411, -50.87613890371259, -75.47477513186324, 63.998642376045645, 63.57901469128948, 56.03241669067936, -139.10985073388034, -123.44162524287132, -40.25146345697736, 71.97080128847216, 45.71228605973379, 53.768259340783246, -114.34101051094414, -94.39373366247763, -4.197910351227932, 247.91934584106946, 247.00772595813723, 55.764711274100485, -69.57287753066895, -185.35715991650034, -87.70280451688333, 134.1076017947604, 124.59840523994734, -190.51117727452373, -224.32763266910217, -48.266832396787166, 188.7290707430683, 92.19222571702863, -89.18342354290594, -43.97345615019205, 20.086864453739867, -35.77296745910997, 10.933448118724554, -108.72732165898462, -93.93910700067781, -2.0733426527350884, 54.15665894998124, 1.724586838485359, -46.37576009475647, 114.81846994787817, 130.502349936278, 49.19027123061765, -57.304608042999824, -63.23590705202919, -6.569916784889193, -1.917467889577018, -165.44862222260582, -201.54181521687633, -202.74567078649332, 74.5444590535474, 230.157428004304, 44.73859692219065, -54.949095557643915, -50.24228592557812, -59.110868311702006, -1.4818465884263068, -13.228304759668653, -136.93537729472507, 86.29338742020978, 199.04304570079896, 117.42542351021706, 37.69969353514647, 71.49791748719556, 128.53468946346376, -147.99538720723257, -65.25801228537432, 1.637364765785354, -10.44783440785005, -147.64649168748838, -11.794088282571181],