{"k": 2, "sigma_z": 1, "mean reward 1": [-439.65710101855626, -1775.4596936790329, -729.9941387182851, 663.927389659061, 618.9138427990082, -150.73603301897813, -372.1911739502479, -41.05387407466002, 65.8160435092405, 384.84249334315825, 171.89985066634748, -145.86690641053096, -200.10682381817338, -13.166811227269278, 65.34380703469718, 24.278645233304633, 88.9883703352802, -104.54330427792868, -21.41366934871918, 10.093769370413352, -46.6879970260923, -48.43251471851787, 84.86393687726871, -99.98699128139191, -128.31130699520781, 54.25937872570821, 11.963680994775828, 249.37765042577348, 128.30477792118234, 21.030113888124692, -70.09286797468836, -36.85002074542567, 91.27831524243905, 39.486501344494606, -21.995117897687155, -119.8362709960469, -26.696204718430195, 117.36264186940457, 219.12959019106998, 257.46542341384986, 99.68682060916994, 44.19924856380373, -30.85488303469824, -57.43203496323077, -18.543654443166712, -16.848920311754732, 14.59884104136681, 88.57616921883749, 189.15488906587163, -38.68747030337404, -27.278692667779726, -20.1105029527547, -39.122419940748046, -26.36341310040573, -12.954808306160093, -69.32024033574092, -81.23644609274905, -22.436707518452533, 49.41701764664166, -135.05768053805832, -202.28632386753037, 147.19016438688013, 261.77977891687203, 128.2480640499208, -144.5872819499429, -253.80089509739256, -164.61077136952596, -19.467146635371236, 188.85808967321674, 90.49768602673709, 89.09256178093513, 77.69338119337917, -58.287817763586624, -160.3273559074473, 112.4807138920271, 80.74618209722388, -48.479906553670325, -135.8915018707362, -128.1701918277627, 155.83963557019084, 142.1640877277579, 26.30612232315242, -245.66813774913166, -219.35655007460534, -9.420004592938094, 105.95771524054165, -68.68639804645605, -229.73809141951526, -240.18079728958855, 252.72746268925079, -33.643115304965086, -272.2998057174754, -114.51478630109536, 151.44985709257966, 118.60566487024447, 254.7923423953531, 76.30306092331224, -182.28722505704923, -137.8290377241297, -74.32798689412647, -24.977323844300802, 81.17751248864047, 77.2349013421892, -38.31464589289672, 5.750518742913513, -17.80947003422034, -154.99666293852326, -24.697822028210048, 16.725253410836565, 14.842425174226145, 82.86037800035939, -53.58842892631994, 89.56263771066058, 180.5264151152107, 92.61602128002048, 12.476016725010203, -153.9023146368299, -11.723324408004476, 108.61801415470083, -13.763825223781122, -18.34433357813826, -204.45534331722456, 52.88205295836597, 112.82466489213736, 106.08913707545014, -64.1816569392437, -109.96428631740145, 15.487697521104987, 43.05236733611313, -10.347617455697558, -66.8052445035822, -55.823989404628406, -44.39641848306611, -174.84002036943093, 24.083554379593686, 189.1646629300709, 41.98391220333862, -118.46081998732035, -40.09460453457341, 271.8308666077356, 242.6280618139011, -125.18130493164527, -242.42869045772832, 25.982207224009436, 53.44886197274891, -181.48811630672972, -36.67203965497311, 78.09478100180208, -77.8370009306167, -186.31088674282546, -24.673807022132472, 129.04291862969916, 191.6480314365773, 141.10962406991536, -108.31763831470526, -42.699860784562404, -167.9406272943964, -179.59460342922765, -121.809262311744, 43.81556724483113, 185.95294340265713, 82.60726046644422, -81.27575743088602, 100.41951833619285, -0.401769997397583, -24.544883335316893, -133.28031266576738, 89.20854272548439, 135.44517193773947, -15.431417263625564, -85.32702689607562, -105.36668076163073, -45.64941891386008, -44.594343938701215, 160.8308619194527, 35.71111462967491, -78.7094221053404, -34.855686551047356, -22.753053937766197, 27.574976107954996, -11.001024222587159, 87.8549003969895, -1.8909012495089916, -102.52767961486016, 135.92955651252322, 41.13837827598851, -17.062527896791835, -81.85672176154091, 112.00221628377062, 70.7320616644599, 74.95786682345852, 117.57834325017885, 184.35077885170136, 10.931699916485202, -76.2402662402422, 49.87193947807362, -25.32286313992782, 46.6851412895037, 100.64175537414657, -41.75677008156896],