{"Stationary": {"actions": [0.0, 1.0, 0.0, 0.0, 0.0, 0.0, 0.0, 0.0, 0.0, 0.0, 0.0, 0.0, 0.0, 0.0, 0.0, 0.0, 0.0, 0.0, 0.0, 0.0, 0.0, 0.0, 0.0, 0.0, 0.0, 0.0, 0.0, 0.0, 0.0, 0.0, 0.0, 0.0, 0.0, 0.0, 0.0, 0.0, 0.0, 0.0, 0.0, 0.0, 0.0, 0.0, 0.0, 0.0, 0.0, 0.0, 0.0, 0.0, 0.0, 0.0, 0.0, 0.0, 0.0, 0.0, 0.0, 0.0, 0.0, 0.0, 0.0, 0.0, 0.0, 0.0, 0.0, 0.0, 0.0, 0.0, 0.0, 0.0, 0.0, 0.0, 0.0, 0.0, 0.0, 0.0, 0.0, 0.0, 0.0, 0.0, 0.0, 0.0, 0.0, 0.0, 0.0, 0.0, 0.0, 0.0, 0.0, 0.0, 0.0, 0.0, 0.0, 0.0, 0.0, 0.0, 0.0, 0.0, 0.0, 0.0, 0.0, 0.0, 0.0, 0.0, 0.0, 0.0, 0.0, 0.0, 0.0, 0.0, 0.0, 0.0, 0.0, 0.0, 0.0, 0.0, 0.0, 0.0, 0.0, 0.0, 0.0, 0.0, 0.0, 0.0, 0.0, 0.0, 0.0, 0.0, 0.0, 0.0, 0.0, 0.0, 0.0, 0.0, 0.0, 0.0, 0.0, 0.0, 0.0, 0.0, 0.0, 0.0, 0.0, 0.0, 0.0, 0.0, 0.0, 0.0, 0.0, 0.0, 0.0, 0.0, 0.0, 0.0, 0.0, 0.0, 0.0, 0.0, 0.0, 0.0, 0.0, 0.0, 0.0, 0.0, 0.0, 0.0, 0.0, 0.0, 0.0, 0.0, 0.0, 0.0, 0.0, 0.0, 0.0, 0.0, 0.0, 0.0, 0.0, 0.0, 0.0, 0.0, 0.0, 0.0, 0.0, 0.0, 0.0, 0.0, 0.0, 0.0, 0.0, 0.0, 0.0, 0.0, 0.0, 0.0, 0.0, 0.0, 0.0, 0.0, 0.0, 0.0], "rewards": [539.0537815970046, -465.52117686335447, 24.188369965724796, -139.7942262805701, 72.8583807889396, -34.67165610828621, -61.71804217581787, -92.43088562894594, -171.72956296823332, -137.22352677373036, -108.69103228352498, 22.240882492569018, 23.162069889197802, -159.7709646360536, -210.75395675271716, -124.52286140170155, 94.3680574627988, 209.3281861146174, 79.35596144525115, -132.65437314687918, -259.9008350946554, -97.05072626886874, 65.34612746959431, 56.73343022945056, -64.80296274322698, -12.630642653450845, -34.29767787173108, 117.15805989145282, -18.503273996098734, -119.92350922135701, -42.641218540377025, 63.81842861258738, 173.80904092708317, 114.50321241117616, -16.458282767082604, -217.8047314331833, -171.22420090899365, 167.31835932629005, 131.73762672887847, -217.3184539546027, -190.64367336980732, 154.38715281835866, 255.72915662386416, -111.41587774229187, -102.58103372778254, 154.93960322531487, 34.28875368611423, -70.14545309424672, -167.91191651460264, -99.53024814511407, -100.06008663397705, -199.4990396912132, -6.760579169141362, -94.50259658971068, -171.81686983776333, -92.76909554614149, 50.65624958457209, 51.377941940986766, -161.28362617907885, -368.55998106114885, -255.96259729769957, 47.78269177369639, 179.55937756543742, 224.14076220113202, -46.962010701634, -225.71463642371558, -109.67950391453218, 162.97948365075135, 109.92163471423308, 71.33592358339536, -12.618858132864812, -85.44173891160618, -93.4594733070684, 115.831644269442, 147.68473112959103, 76.05955507731711, -61.729876942448904, 73.90517146395389, 17.975643673895433, -75.37102599548686, 40.69642570866023, -1.9099101355832517, -205.81470970825086, -243.8322493555886, -238.7226312882122, -15.65480369401464, 250.82848680343193, 208.07308091533494, -22.01170842482244, -7.237462559849353, -89.58086881375048, -18.94120647069622, -8.859680596823802, -35.99248876274765, -144.5264446448121, -68.66988132726547, 73.62058666150158, 128.97561001099612, 134.59739858404205, 41.730712032128714, 27.591078852122724, -137.76823525136513, 19.976839300084414, 94.33662047447332, 74.10268646474933, 77.8284627494047, -106.69060700610314, -36.243846536362206, -54.51865518932679, 53.46390620751384, 45.444506798472545, 41.68683217384515, 135.48774568327764, 232.08405473338823, 66.53423776838734, -84.67817366683765, -111.21926666193367, 113.72427297670373, 164.94092749777857, 174.30197438839318, -12.258609485261257, -162.2139727623567, -178.96824594433673, -140.1905008715303, 174.74652129055278, 175.74210892863775, -14.233806396505713, 68.98145000775656, -15.66441895607339, -44.359413750740686, -118.40916746739875, 95.08549425547743, 199.4077592963328, -63.57302234369141, -114.95590344970199, 69.13875919558532, 104.89487189104014, 43.4113576607702, -273.37140026530994, -291.78494909364326, 100.27457647358688, 85.175888310499, -27.91191038920996, -76.10026000239128, 263.8328967425087, 167.41704016448065, -162.64591293570425, -110.4218066529327, 217.0021176777351, 202.77411973119152, -82.4037921198391, -14.27516372428921, 73.8051122100235, 41.18972976762912, 16.66313250442501, -131.25635537949915, -195.85820911630145, 27.57168156415893, 250.9997394547939, -115.43335235479827, -122.61497338902085, 68.83875088875503, 118.06215034371507, 31.196109625682666, -3.3390670351981306, 74.01232887243687, -93.37348114005356, -187.28540642437318, -143.64039944243405, 263.8933125309419, 355.2667873334881, 160.04520796874266, -185.8934096369848, -137.08376618997835, 78.54526657146653, 161.47719096789447, 65.12745717372464, -30.41398822880493, 40.414315044322336, 138.96637259262403, 12.632807304666132, -67.22177739481903, -5.106758719167655, -12.583969485426254, -98.47222506427681, -23.671113964848782, 58.36004217289466, 53.53049401374219, 62.96298458838433, 61.986561753446054, 21.552897806952757, 39.53088889844927, -81.15896405438147, -107.92649425758576, -82.35687440249696, 37.75377816214221, 166.93722243558773, 59.15025836730214, 32.78650250839549, -52.26685456620597]}, "Latent AR LinUCB s=2": {"actions": [0.0, 1.0, 1.0, 1.0, 1.0, 0.0, 1.0, 1.0, 1.0, 1.0, 0.0, 0.0, 0.0, 1.0, 1.0, 1.0, 0.0, 0.0, 0.0, 1.0, 1.0, 1.0, 0.0, 0.0, 1.0, 1.0, 0.0, 1.0, 0.0, 1.0, 1.0, 0.0, 0.0, 0.0, 1.0, 1.0, 1.0, 0.0, 0.0, 1.0, 1.0, 0.0, 0.0, 0.0, 1.0, 0.0, 0.0, 1.0, 1.0, 1.0, 0.0, 0.0, 1.0, 0.0, 1.0, 1.0, 0.0, 0.0, 1.0, 1.0, 1.0, 0.0, 0.0, 0.0, 0.0, 1.0, 1.0, 0.0, 0.0, 1.0, 1.0, 1.0, 1.0, 1.0, 0.0, 0.0, 1.0, 1.0, 0.0, 1.0, 1.0, 0.0, 1.0, 1.0, 1.0, 0.0, 0.0, 0.0, 1.0, 1.0, 0.0, 1.0, 0.0, 0.0, 1.0, 1.0, 0.0, 0.0, 0.0, 0.0, 1.0, 1.0, 1.0, 0.0, 0.0, 1.0, 0.0, 1.0, 0.0, 1.0, 0.0, 1.0, 1.0, 0.0, 0.0, 1.0, 1.0, 1.0, 0.0, 0.0, 0.0, 1.0, 1.0, 1.0, 0.0, 0.0, 0.0, 1.0, 0.0, 1.0, 1.0, 1.0, 0.0, 0.0, 1.0, 1.0, 0.0, 0.0, 1.0, 1.0, 1.0, 0.0, 1.0, 1.0, 1.0, 0.0, 1.0, 1.0, 0.0, 0.0, 1.0, 1.0, 0.0, 0.0, 1.0, 1.0, 1.0, 1.0, 0.0, 0.0, 1.0, 1.0, 0.0, 0.0, 1.0, 1.0, 0.0, 1.0, 1.0, 0.0, 0.0, 0.0, 1.0, 1.0, 0.0, 0.0, 0.0, 1.0, 1.0, 0.0, 0.0, 1.0, 1.0, 0.0, 1.0, 1.0, 0.0, 0.0, 1.0, 0.0, 1.0, 1.0, 0.0, 1.0, 1.0, 0.0, 0.0, 0.0, 1.0, 1.0],