{"Stationary": {"actions": [0.0, 1.0, 0.0, 0.0, 0.0, 0.0, 0.0, 0.0, 0.0, 0.0, 0.0, 0.0, 0.0, 0.0, 0.0, 0.0, 0.0, 0.0, 0.0, 0.0, 0.0, 0.0, 0.0, 0.0, 0.0, 0.0, 0.0, 0.0, 0.0, 0.0, 0.0, 0.0, 0.0, 0.0, 0.0, 0.0, 0.0, 0.0, 0.0, 0.0, 0.0, 0.0, 0.0, 0.0, 0.0, 0.0, 0.0, 0.0, 0.0, 0.0, 0.0, 0.0, 0.0, 0.0, 0.0, 0.0, 0.0, 0.0, 0.0, 0.0, 0.0, 0.0, 0.0, 0.0, 0.0, 0.0, 0.0, 0.0, 0.0, 0.0, 0.0, 0.0, 0.0, 0.0, 0.0, 0.0, 0.0, 0.0, 0.0, 0.0, 0.0, 0.0, 0.0, 0.0, 0.0, 0.0, 0.0, 0.0, 0.0, 0.0, 0.0, 0.0, 0.0, 0.0, 0.0, 0.0, 0.0, 0.0, 0.0, 0.0, 0.0, 0.0, 0.0, 0.0, 0.0, 0.0, 0.0, 0.0, 0.0, 0.0, 0.0, 0.0, 0.0, 0.0, 0.0, 0.0, 0.0, 0.0, 0.0, 0.0, 0.0, 0.0, 0.0, 0.0, 0.0, 0.0, 0.0, 0.0, 0.0, 0.0, 0.0, 0.0, 0.0, 0.0, 0.0, 0.0, 0.0, 0.0, 0.0, 0.0, 0.0, 0.0, 0.0, 0.0, 0.0, 0.0, 0.0, 0.0, 0.0, 0.0, 0.0, 0.0, 0.0, 0.0, 0.0, 0.0, 0.0, 0.0, 0.0, 0.0, 0.0, 0.0, 0.0, 0.0, 0.0, 0.0, 0.0, 0.0, 0.0, 0.0, 0.0, 0.0, 0.0, 0.0, 0.0, 0.0, 0.0, 0.0, 0.0, 0.0, 0.0, 0.0, 0.0, 0.0, 0.0, 0.0, 0.0, 0.0, 0.0, 0.0, 0.0, 0.0, 0.0, 0.0, 0.0, 0.0, 0.0, 0.0, 0.0, 0.0], "rewards": [1088.9625323309795, 110.5364237176193, -463.10748995793034, -24.29438675782692, 191.18178361405856, 336.559989237226, 97.38831566504354, -151.6933676446611, -182.7410304257586, -2.667977601968547, 127.04980322593592, -21.92696593665199, -94.99378801957641, -3.541123799115622, 57.73490531981849, -111.6196555416681, -114.78709530356083, -14.453489672683435, -26.802375328333653, -107.73471906676382, -30.79866129230047, 137.57997432367952, 32.94104587759484, -42.72579737910992, 77.64764272794768, 240.7323117881022, 169.18722332381682, 29.327926337436992, -50.3516424197077, -100.60462225095667, -193.1936795364374, -102.82897259276892, -43.749786542835345, 31.150582200999217, -405.3684457411836, -148.18369770922303, 147.36585903486628, 215.34309519394128, -137.99779398336955, -132.60802444283357, -128.00043970546187, -88.84974056363701, 195.1178265810404, 208.81812698111983, 100.851358073699, -65.22008018922821, -149.7511905669582, -31.075681649537138, -38.71398919881988, 166.3104932705353, 75.1444731366381, -65.48348604516379, -72.30315148440779, -132.0182855684621, 86.9291777222485, 367.1276080657229, 221.75211434702047, -61.83989750041311, -126.16287331574446, -50.21242356969629, 244.35609969122652, 274.31716161101315, -152.1354044081469, -232.1770591024297, 156.859295478455, 124.45569619454558, 66.29524830766316, 66.79268099982306, -125.96867041464566, -388.70272269808015, -316.95610296184606, 269.3736434819249, 212.94793317889406, -181.8237285916871, -277.93404641803465, 138.9487056352598, 306.4132921797927, 81.68768005917384, -262.85449825556987, -76.18987026011246, 202.8507785256749, 221.9289082204115, 33.096299096819, -140.34496520233301, -253.60157106114312, -52.93090967338044, 227.6787447830078, 83.28840106257216, -91.40531132692405, -97.13223949601817, -70.09860617678953, -48.129972165918105, -9.261001540395515, 273.9616191606124, 220.0407832618495, -52.03321525727606, -39.066928122815106, 79.5170466314214, 80.7730788193931, 71.39524381700475, -182.11768873589386, -84.99635190087622, -2.4084198851276453, -6.052747090044847, -192.95268784564743, -232.12544352559073, -89.5069879334628, 32.11025695796824, 108.78340470658482, -141.54299124301042, -75.70748198194633, -78.43989671723469, 51.14442600213352, 150.65585240732923, 55.72995771075279, -165.06975305267156, -1.9837598783353316, 134.34374404109715, 23.202402399675048, 127.32873575171578, -0.22778207434252568, -113.99553609083652, 45.60504233961611, 81.70033461671572, 3.577318382591796, 177.80342010865516, 346.36932052517477, -120.6403716640167, -161.18823462627637, -111.26427799713332, 106.84607089397643, 52.17735656648357, 7.782011652697407, 36.949147912240704, 134.22623023396764, 301.1561579523876, 108.58863429326593, -151.67701451388555, -234.73153638833736, 118.9540486398247, -11.91279686167977, 47.1013467125999, 74.68150895557548, -45.97912174823185, 20.6314157494996, 29.85202789018643, -150.2380880885213, -113.98052239321069, -75.19852992690122, -154.12570318507147, -123.8200363354206, -15.764956883219458, 175.3465313241895, 242.4927568934641, 7.018795760022524, -48.9154040449735, 15.816179978850622, 70.8054079653978, -55.56079811582923, -14.828129923362832, 72.38810344805358, 193.34277836263485, 111.08569184186429, 75.45421261371118, -186.42155626367708, -33.09880762368601, -18.742528514699387, -188.56130904446502, -150.60114047949185, -157.74608158315965, -56.267279897462835, 17.749489435452418, 42.12018846058771, 83.8639139111924, -0.06654876183016253, -198.5565329758283, -10.672804144072716, 384.7699578630268, 31.50184660456328, -279.39357448991854, -128.37620751349363, 184.99131893020197, 136.07012027955923, 159.40006843289777, -75.69527610149878, -83.81776065962742, 91.35923000742885, 154.3845688034941, -193.75974650808658, -277.4446270820067, 18.50293307698921, 255.22103987924723, 78.93917567535915, -71.93634030829487, -0.45033889651454345, -8.666390425265206, -162.79664675904434, -59.92286003968494, 138.17422950427783, 55.83482988418366]}, "Latent AR LinUCB s=2": {"actions": [0.0, 1.0, 1.0, 1.0, 0.0, 0.0, 0.0, 1.0, 1.0, 1.0, 0.0, 0.0, 1.0, 1.0, 0.0, 0.0, 1.0, 0.0, 0.0, 1.0, 1.0, 0.0, 0.0, 1.0, 1.0, 0.0, 0.0, 1.0, 1.0, 1.0, 1.0, 1.0, 0.0, 0.0, 0.0, 1.0, 0.0, 0.0, 0.0, 1.0, 0.0, 0.0, 0.0, 0.0, 0.0, 1.0, 1.0, 1.0, 0.0, 1.0, 0.0, 1.0, 1.0, 1.0, 1.0, 0.0, 0.0, 1.0, 1.0, 1.0, 0.0, 0.0, 0.0, 1.0, 1.0, 0.0, 1.0, 1.0, 0.0, 1.0, 1.0, 0.0, 0.0, 1.0, 1.0, 1.0, 0.0, 0.0, 1.0, 1.0, 0.0, 0.0, 0.0, 1.0, 1.0, 1.0, 0.0, 0.0, 1.0, 1.0, 1.0, 0.0, 0.0, 0.0, 0.0, 1.0, 1.0, 0.0, 0.0, 0.0, 1.0, 1.0, 0.0, 0.0, 1.0, 1.0, 1.0, 0.0, 0.0, 0.0, 1.0, 0.0, 1.0, 0.0, 0.0, 1.0, 1.0, 0.0, 0.0, 1.0, 0.0, 1.0, 1.0, 0.0, 0.0, 1.0, 0.0, 0.0, 1.0, 1.0, 0.0, 0.0, 1.0, 1.0, 0.0, 0.0, 0.0, 1.0, 1.0, 1.0, 0.0, 1.0, 0.0, 0.0, 1.0, 0.0, 0.0, 1.0, 0.0, 0.0, 1.0, 0.0, 0.0, 0.0, 0.0, 1.0, 1.0, 0.0, 0.0, 1.0, 0.0, 0.0, 0.0, 1.0, 1.0, 1.0, 0.0, 0.0, 1.0, 0.0, 1.0, 0.0, 0.0, 0.0, 0.0, 1.0, 1.0, 0.0, 0.0, 1.0, 1.0, 0.0, 0.0, 1.0, 0.0, 1.0, 1.0, 0.0, 0.0, 1.0, 1.0, 0.0, 0.0, 1.0, 1.0, 0.0, 1.0, 1.0, 0.0, 0.0],