{"k": 10, "sigma_z": 0.001, "mean reward 1": [410.59843420568683, -1209.445556630831, -122.22173786249033, -325.2296747323041, -12.33204887574704, 1075.820388808208, -811.9354349563246, -770.3834522787498, -43.00360263511327, 259.4663224304048, 123.86300550446146, 346.8284729029652, -283.6599546933831, -175.3577374813702, 202.29309423895302, 59.38221871108363, -25.77760212885777, 9.746900446255365, -138.9980879522211, -22.00999208890119, 107.82959775497025, 0.6241145362992788, -23.192233129252156, 6.867802411119239, -30.89284291276152, 15.60182943559255, 37.79264662405929, -19.631802551638177, -15.477771219442408, 4.627470538021022, -6.948801444243537, 8.771013157338256, 9.472484364156806, -11.445728664841374, -2.77381775095894, 5.594998778363244, -1.2700436910465196, 2.8491721196450763, 1.0379763245199836, -5.247514673111459, 0.42136155537587877, 2.574855431598084, -1.1565415607744762, 0.6414846677821913, -0.07347695759015115, -1.595060235306951, 1.0039619978543626, 0.8938644269173216, -0.6738928065269242, 0.12291142008999027, -0.09547671874804214, -0.20249141808401228, 0.4194683963310188, 0.20787756003405022, -0.3939855120699814, -0.018495858135099602, 0.10883338137720555, -0.04536746652738377, 0.11047390902247907, -0.017815166801015733, -0.1389779782834888, 0.06626672497554931, 0.1342223953881961, 0.07457670143656861, 0.09401762826652467, 0.000879171085977153, -0.0056354329169879605, -0.07025882740443491, 0.022456373598500716, -0.005652315829555955, -0.04645799137553656, -0.08162485916007849, -0.08285449326530053, -0.07887069594991301, 0.01265350852484965, 0.012892086161382047, 0.04363315809720918, -0.059864589027744365, 0.02637259246194448, -0.10903325186319031, 0.08231904997695756, 0.09537985328847917, 0.22445156584376655, -0.06487920956515983, 0.00975044601498799, -0.1599462247590049, -0.005892259607033504, -0.02714277264389526, 0.13571647269606177, -0.049180322619947904, -0.09198531129227831, 0.10605548020203553, 0.10594695382325425, -0.04518373411778114, 0.05900463870348042, -0.26471742919473823, 0.0039676561709402775, -0.041737059826959945, 0.12197732486714265, 0.17349190312782334, 0.24487797877607423, -0.09830079060061003, -0.13042211098977835, -0.15503347537057158, -0.10134133764824385, 0.006437459501946606, 0.08840790698496251, -0.11226751432435841, -0.16283936050108974, 0.03826003343095387, -0.07518873949827465, 0.2195768110067446, 0.10155958138534599, 0.015372670814854193, 0.031399530189214646, 0.0893119003172511, -0.03082910159461483, -0.09976805885782043, 0.03207407622646153, -0.1510746940377602, 0.17860806799323145, 0.03231257158422718, 0.0837631290521944, -0.02186221064560398, 0.11489718995570256, -0.004881946420443818, 0.28955129288323084, -0.039224963695525944, -0.09712984107426677, -0.047652052576813674, 0.09530402381787803, -0.00446629690130697, 0.01169372767613338, -0.14749837982273878, -0.09891565815474013, -0.005389881173795863, 0.06687918804454612, 0.04894518696234983, 0.03251080439117318, 0.057917592338426103, -0.03132184411278327, -0.029475967558511906, 0.007405685373170413, 0.14913647373715205, -0.07390675167456019, -0.08096427015393316, -0.020406395877223062, -0.21117171144708083, 0.05092808003399203, -0.11195030129391584, -0.09403144035274656, -0.12757013513220292, 0.16582954832870775, -0.06131461638742037, 0.00477171265155814, 0.01857844853983631, -0.0015098282720986552, 0.04472143802404396, -0.022272078290556996, -0.017188363236501338, -0.07507918696144948, 0.15829018566641748, -0.10322262847082321, 0.30882403897893607, 0.028930443116989883, -0.006323093984482664, 0.05109198566899463, -0.0827400869608939, -0.02330801092341914, -0.09774182777567701, -0.2277053487850201, 0.0465207767967385, 0.058550419585778155, 0.015479308890061112, 0.08827392924750137, 0.00015604421090102547, -0.03877964199890194, 0.00958540692633934, 0.10553571230483602, -0.12045114204575749, 0.08756426165577655, -0.13757444421049875, -0.020775972343233053, 0.0656626587768456, 0.13494899668228352, -0.004657526869975956, -0.06740403248450585, 0.05393374482199465, 0.012697827110025935, -0.1276529649420587, -0.09684586398206292, -0.09343878201345804, -0.127403219764429, 0.23561711757139508, -0.024300014137319376, 0.07984124572645257, -0.022820146991599018, -0.12616134295978934, 0.05726430204201499, -0.15344959470694747],