{"k": 10, "sigma_z": 0.001, "mean reward 1": [155.8236226265901, 555.6113996055615, 15.368639894608455, -0.6442826601729482, -66.75959570625042, -933.9718350066836, 470.9211082520363, 1647.485071908067, -406.85791237071714, -1231.213278035873, -51.81387708779547, -665.6381713689661, 278.1715644265115, 469.8751111943011, -369.05080759017335, -185.55534198826265, 240.19844615443463, -10.903783730275403, 141.88659940087751, 87.14714103480857, -233.53908747277288, -47.25476686335778, 98.97731023113985, -35.04903457394882, 21.779563419250675, 8.190388978693795, -72.54056578675461, 29.041771365576235, 51.79693975387922, -21.963226645907895, 1.2944164018407711, -1.4853125037300996, -23.208833057908123, 16.99712606034665, 12.26062824368357, -16.075931635778726, 0.8731336089812222, 1.9236325906751486, -4.9103850962102165, 8.532003044162652, 1.8471313724755598, -7.470104459636167, 1.9006340311482968, 1.4893055201601988, -1.6942304806250106, 2.8068286537155034, -0.9047885491991332, -2.5929675015636855, 1.7415290791385696, 0.6554831625477948, -0.7288825232538647, 0.8016469931568224, -0.5212235145698207, -0.7936874301062469, 0.723527022192805, 0.13162407239769927, -0.5465443673734826, 0.38278298373226777, -0.2711547838288344, -0.2691289239601096, 0.27825166471070734, -0.1128428234516723, -0.1941065777185957, 0.11225463710327437, -0.11825126430528303, -0.17489642528267227, -0.07136229530575935, -0.14332644015808954, -0.25808817201358103, 0.023680601898409034, -0.08846291580788636, -0.13896314067916926, 0.11806090268819788, 0.13917248919725111, -0.0371027984709072, -0.015163130403362896, -0.13820536027756278, -0.005852156208448417, 0.12470862184833274, 0.07330764104233173, -0.12430294102202223, 0.17382559694362532, -0.043536780820086225, 0.21107940850058557, 0.19990244314860303, -0.13188233145890052, -0.04578681684313448, -0.12082088853996183, -0.08147360288071125, 0.0841685931090177, 0.0409199975145115, -0.02730823797038491, -0.16305122455283552, -0.12402196379378558, 0.00033040228658873596, -0.06925297696944749, 0.0331103811403079, -0.1920640450405545, 0.07826754828486453, -0.07214343515296791, 0.08682402229525257, -0.14618033107448059, 0.02954827470223588, -0.02537961017962042, 0.10561754086853334, 0.27659168431733905, -0.028750596844227566, 0.07988212172428066, -0.02732869318699216, 0.16800819607429063, 0.09032959581097473, 0.07548080478762, 0.13853129136908632, 0.07062192648821056, -0.003411029309198846, 0.028888529904306754, -0.05787272666048281, -0.06644190170857343, 0.0750204876352311, -0.004653233426424184, -0.05417248832434945, -0.036867440135592296, 0.07512992987491639, 0.12126224523938758, -0.08022053300224474, 0.18548049552915938, -0.06949845256310878, -0.006351448932497545, 0.09751004852191539, -0.019585334058636068, 0.09501020543137564, 0.09647372499680208, -0.2210058898138538, 0.061284810392450186, -0.024915766819903918, -0.11779055666285275, -0.00572011000653726, -0.031394247579942136, -0.14881983602117585, 0.09098863479694859, 0.12332648226411874, 0.15749729913969737, -0.005710093850444596, 0.061111000779359236, -0.15954985176756123, 0.054237370771700204, 0.11980880373250287, -0.050652097279934735, 0.0523381282412485, -0.1576455147387206, -0.05517712150158534, 0.11733370553110076, 0.09623838351968039, 0.10968065321726037, 0.07446260157674747, -0.1090402821655801, 0.056220097067846565, -0.09231786182772093, 0.04625876767329598, -0.08775573144974833, 0.04747052143224547, 0.06864931744414081, -0.07561147765298683, 0.006559996593613306, -0.025591839191725717, 0.203819327979996, 0.06780802476127912, 0.061937094717348117, 0.19043511987677342, -0.11283067121105467, -0.03041476258932742, 0.13508195375555213, -0.1828695926132808, -0.03859028968818324, -0.0019978307412649907, -0.0611848598304814, 0.11735935834005888, 0.004948020645050428, 0.10402573492769006, 0.05571713500686768, -0.04046743396675317, -0.022850242294414725, -0.13352759580243265, -0.12021920375186303, -0.16192055940623976, -0.15405474467972208, -0.1262694753930783, -0.006590117490938724, -0.15140342950542576, -0.0786782361700651, -0.04211576509567313, -0.10407328358069706, 0.043329432953609644, 0.054554833394822116, -0.0017449759018364004, 0.04210372041570195, 0.045072752615228084, -0.0626108474491864, 0.17418410594169054, -0.010651348667459808],