{"Stationary": {"actions": [0.0, 0.0, 0.0, 0.0, 1.0, 1.0, 0.0, 0.0, 1.0, 0.0, 1.0, 1.0, 1.0, 1.0, 1.0, 1.0, 1.0, 1.0, 1.0, 1.0, 1.0, 1.0, 1.0, 1.0, 1.0, 1.0, 1.0, 1.0, 1.0, 1.0, 1.0, 1.0, 1.0, 1.0, 1.0, 1.0, 1.0, 1.0, 1.0, 1.0, 1.0, 1.0, 1.0, 1.0, 1.0, 1.0, 1.0, 1.0, 1.0, 1.0, 1.0, 1.0, 1.0, 1.0, 1.0, 1.0, 1.0, 1.0, 1.0, 1.0, 1.0, 1.0, 1.0, 1.0, 1.0, 1.0, 1.0, 1.0, 1.0, 1.0, 1.0, 1.0, 1.0, 1.0, 1.0, 1.0, 1.0, 1.0, 1.0, 1.0, 1.0, 1.0, 1.0, 1.0, 1.0, 1.0, 1.0, 1.0, 1.0, 1.0, 1.0, 1.0, 1.0, 1.0, 1.0, 1.0, 1.0, 1.0, 1.0, 1.0, 1.0, 1.0, 1.0, 1.0, 1.0, 1.0, 1.0, 1.0, 1.0, 1.0, 1.0, 1.0, 1.0, 1.0, 1.0, 1.0, 1.0, 1.0, 1.0, 1.0, 1.0, 1.0, 1.0, 1.0, 1.0, 1.0, 1.0, 1.0, 1.0, 1.0, 1.0, 1.0, 1.0, 1.0, 1.0, 1.0, 1.0, 1.0, 1.0, 1.0, 1.0, 1.0, 1.0, 1.0, 1.0, 1.0, 1.0, 1.0, 1.0, 1.0, 1.0, 1.0, 1.0, 1.0, 1.0, 1.0, 1.0, 1.0, 1.0, 1.0, 1.0, 1.0, 1.0, 1.0, 1.0, 1.0, 1.0, 1.0, 1.0, 1.0, 1.0, 1.0, 1.0, 1.0, 1.0, 1.0, 1.0, 1.0, 1.0, 1.0, 1.0, 1.0, 1.0, 1.0, 1.0, 1.0, 1.0, 1.0, 1.0, 1.0, 1.0, 1.0, 1.0, 1.0, 1.0, 1.0, 1.0, 1.0, 1.0, 1.0], "rewards": [1262.1264566842583, 1155.9758865865572, -1346.9071219788393, -23.26071485425953, -1173.3933781326941, 1262.429146209284, 1293.25845742253, -221.30764290094086, 1390.957861556641, 836.7733471490093, -32.46814622669629, 228.79480055622747, -462.3189264170238, 189.68561769384627, 332.943333406179, -408.91989012533156, 13.78077958224543, 170.180046346116, -136.59311054966844, 118.74050550253124, 83.940536240896, -169.93385260141298, 52.05243246040094, 68.73451345977112, -68.69290284159125, 39.21275990582488, 14.218705081246544, -64.2163252038424, 24.231734313001986, 14.081136508235023, -27.95361973570882, 8.905787394767053, 12.994427685858794, -12.953410642081725, -4.8857538609356865, 9.448684115053265, -14.587201797210005, 6.048876027616494, 8.182164422366547, -14.900701651157963, 9.207542549062433, -4.819540246713737, 10.936034486856132, -1.6989543473950621, -16.263306382924043, -16.882510075667277, 7.084993946779502, 6.215597676095844, -3.705302230815795, 10.143214884883832, -2.2299959096507296, -17.830326771741664, -4.649680715686234, -21.79729334282878, 12.999700552642706, 7.689449687586362, -14.914740857473848, 5.014118747153821, -2.989083819640929, 19.14507699324721, 14.880497694076412, 16.327022082448057, 7.997787479680362, 3.184869769334344, -7.253865967880689, -15.602714978944805, 0.731749353976091, -8.259388323115717, -1.903207177395593, -5.082164040092543, -9.926806045069647, 5.69466622852969, -11.737744427542795, -24.295508499324026, 3.8296656763807198, 3.536550453176651, 0.05160802269906195, 0.01776732180429036, 2.9880822607461517, 3.0680905227740247, -0.1557409126390003, -5.038528822894486, -11.205404430396436, -20.452214122391425, -0.5397401252447876, -2.8792633862134878, -2.1193455369096776, 1.0453335294717472, -0.2926922315277582, -4.959705684102042, -9.261956083052658, -3.9582370924350356, -16.268337589795777, -5.74054368766042, 9.871645709717463, -0.016388348514461804, -2.651063216740173, -4.235381443244296, 24.751585005429597, 5.934734324285609, 15.123321175561367, 5.606628006972354, -0.2596385668187612, -7.204567867263374, -0.061335196814599396, -7.791012512286149, 5.166896587614041, -3.591937342277421, -0.6033950884095349, -11.144972794025698, 2.987924660148579, 0.07794855379251375, -17.572637992562356, 9.438894444460136, 7.298173342854921, -6.4873370688724945, 6.7336791238548, 8.565792570412135, -2.265140231420137, 7.672317429211934, -1.1771344861411026, -22.394068272502903, -9.90977260353853, -2.93126591912618, 14.32336455655523, -3.397974094845391, 24.887616874460196, 4.025559353588493, -6.711797202445741, 16.287081085217864, 10.42594260259136, -0.6326594217803881, 11.622725508153504, 7.738151213527089, -10.359888861691541, 7.288685719801153, 5.1048837155488815, 2.0507933154068407, 5.417012082273981, 11.367015461554514, -8.815774656117739, -3.212616927108029, 5.845502077083486, -2.353562500283009, -8.911009850108808, 15.031234919846868, 0.19366861124889306, -11.89539005119857, 9.214845402752731, 5.835536512331554, 8.171399871691523, 3.3530925058518557, 3.2912078399897857, -4.859253788496996, -7.984885217882181, -5.837925292738569, -14.70684072864916, -1.2360819081189296, -0.4620695393719223, -0.7715093340999916, -13.898928451459904, 12.83525943075516, -11.493358090919163, 10.168572919189785, 0.9330901105278637, -9.475389075997848, 14.419524698809436, 5.18660933945734, 4.894161472690113, -13.65288584017554, 6.932501416459995, -1.6869461692369403, -14.89238137432786, -3.143611172682837, 7.278211603849817, 8.076311135808604, -3.741977401741903, -9.501023234270068, 3.7122151826291354, 10.00975119931987, -8.415350368143311, 10.060628874483616, 1.992344022863331, 21.250128293316966, -11.544515788910454, -4.758115721257983, -7.921962936514883, 0.8800796466109868, -10.968839293406788, -5.871630809905698, -1.9248310589312576, 11.90107136935071, -4.355349620799385, -18.796863666279503, -0.8980683529466947, -10.37894120799478, 5.234001285145038, 1.0503557888122577, 9.927263443779834, -8.35047704531256]}, "Latent AR LinUCB s=2": {"actions": [0.0, 0.0, 1.0, 0.0, 1.0, 1.0, 0.0, 1.0, 1.0, 0.0, 1.0, 1.0, 0.0, 1.0, 1.0, 0.0, 1.0, 1.0, 0.0, 0.0, 0.0, 0.0, 1.0, 1.0, 0.0, 0.0, 0.0, 0.0, 1.0, 1.0, 0.0, 0.0, 0.0, 0.0, 1.0, 1.0, 0.0, 0.0, 0.0, 1.0, 1.0, 0.0, 0.0, 1.0, 1.0, 0.0, 0.0, 1.0, 1.0, 0.0, 0.0, 1.0, 1.0, 0.0, 0.0, 0.0, 0.0, 0.0, 1.0, 1.0, 0.0, 0.0, 1.0, 1.0, 0.0, 0.0, 1.0, 1.0, 0.0, 0.0, 1.0, 1.0, 0.0, 0.0, 0.0, 1.0, 1.0, 0.0, 0.0, 1.0, 1.0, 0.0, 0.0, 1.0, 1.0, 0.0, 0.0, 0.0, 1.0, 1.0, 0.0, 0.0, 1.0, 1.0, 0.0, 0.0, 0.0, 0.0, 1.0, 1.0, 0.0, 0.0, 1.0, 1.0, 0.0, 0.0, 1.0, 1.0, 0.0, 0.0, 1.0, 1.0, 0.0, 0.0, 1.0, 1.0, 0.0, 0.0, 1.0, 1.0, 0.0, 0.0, 1.0, 1.0, 0.0, 0.0, 0.0, 1.0, 1.0, 0.0, 0.0, 1.0, 1.0, 0.0, 0.0, 1.0, 1.0, 0.0, 0.0, 1.0, 1.0, 0.0, 0.0, 1.0, 1.0, 0.0, 0.0, 1.0, 1.0, 0.0, 0.0, 0.0, 1.0, 1.0, 0.0, 0.0, 1.0, 1.0, 0.0, 0.0, 0.0, 1.0, 1.0, 0.0, 0.0, 1.0, 1.0, 0.0, 0.0, 0.0, 1.0, 1.0, 0.0, 0.0, 1.0, 1.0, 0.0, 0.0, 1.0, 1.0, 0.0, 0.0, 1.0, 1.0, 0.0, 0.0, 1.0, 1.0, 0.0, 0.0, 0.0, 1.0, 1.0, 0.0, 0.0, 1.0, 1.0, 0.0, 0.0, 0.0],