{"Stationary": {"actions": [0.0, 1.0, 1.0, 1.0, 1.0, 1.0, 1.0, 1.0, 1.0, 0.0, 1.0, 1.0, 1.0, 1.0, 1.0, 1.0, 1.0, 1.0, 1.0, 1.0, 1.0, 1.0, 1.0, 1.0, 1.0, 1.0, 1.0, 1.0, 1.0, 1.0, 1.0, 1.0, 1.0, 1.0, 1.0, 1.0, 1.0, 1.0, 1.0, 1.0, 1.0, 1.0, 1.0, 1.0, 1.0, 1.0, 1.0, 1.0, 1.0, 1.0, 1.0, 1.0, 1.0, 1.0, 1.0, 1.0, 1.0, 1.0, 1.0, 1.0, 1.0, 1.0, 1.0, 1.0, 1.0, 1.0, 1.0, 1.0, 1.0, 1.0, 1.0, 1.0, 1.0, 1.0, 1.0, 1.0, 1.0, 1.0, 1.0, 1.0, 1.0, 1.0, 1.0, 1.0, 1.0, 1.0, 1.0, 1.0, 1.0, 1.0, 1.0, 1.0, 1.0, 1.0, 1.0, 1.0, 1.0, 1.0, 1.0, 1.0, 1.0, 1.0, 1.0, 1.0, 1.0, 1.0, 1.0, 1.0, 1.0, 1.0, 1.0, 1.0, 1.0, 1.0, 1.0, 1.0, 1.0, 1.0, 1.0, 1.0, 1.0, 1.0, 1.0, 1.0, 1.0, 1.0, 1.0, 1.0, 1.0, 1.0, 1.0, 1.0, 1.0, 1.0, 1.0, 1.0, 1.0, 1.0, 1.0, 1.0, 1.0, 1.0, 1.0, 1.0, 1.0, 1.0, 1.0, 1.0, 1.0, 1.0, 1.0, 1.0, 1.0, 1.0, 1.0, 1.0, 1.0, 1.0, 1.0, 1.0, 1.0, 1.0, 1.0, 1.0, 1.0, 1.0, 1.0, 1.0, 1.0, 1.0, 1.0, 1.0, 1.0, 1.0, 1.0, 1.0, 1.0, 1.0, 1.0, 1.0, 1.0, 1.0, 1.0, 1.0, 1.0, 1.0, 1.0, 1.0, 1.0, 1.0, 1.0, 1.0, 1.0, 1.0, 1.0, 1.0, 1.0, 1.0, 1.0, 1.0], "rewards": [395.02504839013886, -377.6643868687365, -438.8880892904706, 550.8087590159912, -1392.801029082111, -317.34568861542755, 564.4086590056183, -51.37822293208044, -530.5574251047599, 463.45070154105116, -514.1234359136189, -42.631179461411605, 333.8020745522636, -18.57392522622208, -130.86098313121784, 32.54584086953581, -13.246073089906439, 82.37564019113981, 91.46363087957776, -113.47370888190702, -72.80139178834118, 3.8063432091802074, -2.8569706497047287, 17.55890969299405, 22.570279931538252, -46.42453112301096, 9.857586206540002, 4.942884915234831, -16.0748841338509, -12.013366643705215, 6.399881042321191, -28.16397860998695, -2.6613863678952687, 11.82379973370574, -10.251462455858407, 1.5642716386513071, 1.256563081336592, -17.230497319676847, 0.5652854047673621, -12.344920945212412, -0.6099072383826312, -5.474608076308615, -26.219558312610737, 4.291961331800559, -22.70627542137506, -8.42485667567699, -13.095537477824912, -2.852619172542073, -24.622568944804247, -13.24155197595308, -11.6316997846345, 9.972820830966286, 15.206116085074557, -5.671284212992233, -8.878392791740067, 4.119282774865853, 20.725372170636902, 10.808201035570997, -2.95661043476118, -6.1130291928740474, -11.853123632089765, -3.133133526759828, 1.9768500444679808, 6.039258942418854, -5.781457971019946, -7.367720484622699, -15.017566423429747, -1.5376612399463532, 11.638938226933051, 9.643230845168308, 8.287214195694371, 13.175289721824878, -14.960785570488422, 1.0694091555523442, -5.672085903080786, -2.2742714506212645, -3.8520415128575793, 22.735932835160124, 2.9505622025533955, -4.655882650461105, -8.728754284242573, 11.141477738107529, -7.041568627878422, -14.263780129286536, -18.056280686969984, -1.3411875738205823, -0.7897425020572318, 10.70582524327454, 6.609887314667129, 2.8501127540202074, -14.500025735360119, -16.22621978158465, 8.839904782346673, 32.99495523827303, -0.34670895764510534, 8.61740886424262, -8.270859978342791, 15.780283156778484, -6.650406590730366, 9.56855791599227, -1.109753182559022, -4.394030902781145, -10.722975543483349, -9.85578864030981, -3.36427313774973, 4.654079659472179, -14.11782376996172, -4.167806796294578, -3.5550938959469036, -2.882189125396496, -16.570199657657977, 12.860600119960004, -2.8506164748894793, -4.363274636791418, -7.082675451717896, 2.7684570398316355, -8.661541500943574, 8.136572964952691, -2.005750071302337, -6.739516552686778, -1.734561758965359, 2.1691856863767516, -7.57859954633913, -0.8542641261895987, 6.937591968386301, -2.425084418523838, 5.748038276650151, -13.678967468890072, 0.7582729035044607, -2.5682143505194595, 5.5898335497819565, 13.565751976843544, 6.864277453701922, 9.316223091877355, -0.40137205563224315, -10.555484952618679, -10.28093863403389, 5.049890101619506, 12.71501168344043, -12.688820005587418, 16.22905838990653, 4.551662128414779, -1.702450636453766, -9.567022034723752, -4.67687810936819, 4.883823418712864, 5.674081159057078, 4.1425813021846425, -0.7565070982996396, 5.6233754246968815, -4.3310241083140015, 14.854546541557477, -8.109350093981185, 1.2484247966769737, 15.650584020274486, -14.71732454698413, -2.3583419974830133, -4.162577876980158, -1.8875852368251465, -11.028569212982072, -20.51049505920625, 1.3174769297256677, -6.237174804142286, -3.3389188358392237, -7.1992421645456535, 10.326119264296258, -16.72446851454642, 10.425698288383085, 16.528720836397834, -5.409762959570701, -18.2125939096646, 4.062621883426463, -18.63889456778986, -15.272575415055378, -1.1341030291768073, 0.31631382001346475, -0.44257781322175244, -10.209258269689611, -6.70087726119717, 22.301042133269714, 12.47431226554443, -11.583706586773738, 8.953478378303114, 2.7688219450776996, -6.123997235941638, -6.997262920365428, 17.086945947823462, -11.395798138083014, 9.135035979353386, 4.378282799337076, -10.325877541897295, -9.299790291857471, 3.6805720914491125, -20.823391338206633, 4.705908116906745, -3.2453868955555247, -13.043374555197099, 2.321768296986678, -11.224367142978728, 11.919746992031193]}, "Latent AR LinUCB s=2": {"actions": [0.0, 1.0, 1.0, 0.0, 0.0, 1.0, 1.0, 0.0, 1.0, 1.0, 0.0, 0.0, 1.0, 0.0, 1.0, 1.0, 0.0, 0.0, 0.0, 0.0, 1.0, 1.0, 0.0, 0.0, 0.0, 0.0, 1.0, 1.0, 0.0, 0.0, 0.0, 0.0, 1.0, 1.0, 0.0, 0.0, 0.0, 0.0, 1.0, 1.0, 0.0, 0.0, 0.0, 0.0, 0.0, 0.0, 0.0, 0.0, 0.0, 0.0, 0.0, 0.0, 0.0, 1.0, 1.0, 0.0, 0.0, 0.0, 1.0, 1.0, 0.0, 0.0, 0.0, 0.0, 0.0, 1.0, 1.0, 0.0, 0.0, 0.0, 1.0, 1.0, 0.0, 0.0, 0.0, 0.0, 0.0, 0.0, 0.0, 1.0, 1.0, 0.0, 0.0, 1.0, 1.0, 0.0, 0.0, 0.0, 0.0, 1.0, 1.0, 0.0, 0.0, 0.0, 1.0, 1.0, 0.0, 0.0, 0.0, 1.0, 1.0, 0.0, 0.0, 0.0, 0.0, 0.0, 0.0, 1.0, 1.0, 0.0, 0.0, 0.0, 0.0, 1.0, 1.0, 0.0, 0.0, 0.0, 0.0, 1.0, 1.0, 0.0, 0.0, 0.0, 0.0, 0.0, 1.0, 1.0, 0.0, 0.0, 0.0, 0.0, 1.0, 1.0, 0.0, 0.0, 0.0, 0.0, 0.0, 0.0, 1.0, 1.0, 0.0, 0.0, 0.0, 0.0, 0.0, 1.0, 1.0, 0.0, 0.0, 1.0, 1.0, 0.0, 0.0, 0.0, 1.0, 1.0, 0.0, 0.0, 0.0, 0.0, 0.0, 0.0, 0.0, 0.0, 0.0, 1.0, 1.0, 0.0, 0.0, 0.0, 0.0, 0.0, 0.0, 0.0, 0.0, 0.0, 0.0, 0.0, 0.0, 1.0, 1.0, 0.0, 0.0, 1.0, 1.0, 0.0, 0.0, 0.0, 1.0, 1.0, 0.0, 0.0, 0.0, 0.0, 0.0, 0.0, 0.0, 0.0],