{"Stationary": {"actions": [0.0, 1.0, 0.0, 0.0, 0.0, 0.0, 1.0, 0.0, 1.0, 0.0, 1.0, 1.0, 1.0, 1.0, 1.0, 1.0, 1.0, 1.0, 1.0, 1.0, 1.0, 1.0, 1.0, 1.0, 1.0, 1.0, 1.0, 1.0, 1.0, 1.0, 1.0, 1.0, 1.0, 1.0, 1.0, 1.0, 1.0, 1.0, 1.0, 1.0, 1.0, 1.0, 1.0, 1.0, 1.0, 1.0, 1.0, 1.0, 1.0, 1.0, 1.0, 1.0, 1.0, 1.0, 1.0, 1.0, 1.0, 1.0, 1.0, 1.0, 1.0, 1.0, 1.0, 1.0, 1.0, 1.0, 1.0, 1.0, 1.0, 1.0, 1.0, 1.0, 1.0, 1.0, 1.0, 1.0, 1.0, 1.0, 1.0, 1.0, 1.0, 1.0, 1.0, 1.0, 1.0, 1.0, 1.0, 1.0, 1.0, 1.0, 1.0, 1.0, 1.0, 1.0, 1.0, 1.0, 1.0, 1.0, 1.0, 1.0, 1.0, 1.0, 1.0, 1.0, 1.0, 1.0, 1.0, 1.0, 1.0, 1.0, 1.0, 1.0, 1.0, 1.0, 1.0, 1.0, 1.0, 1.0, 1.0, 1.0, 1.0, 1.0, 1.0, 1.0, 1.0, 1.0, 1.0, 1.0, 1.0, 1.0, 1.0, 1.0, 1.0, 1.0, 1.0, 1.0, 1.0, 1.0, 1.0, 1.0, 1.0, 1.0, 1.0, 1.0, 1.0, 1.0, 1.0, 1.0, 1.0, 1.0, 1.0, 1.0, 1.0, 1.0, 1.0, 1.0, 1.0, 1.0, 1.0, 1.0, 1.0, 1.0, 1.0, 1.0, 1.0, 1.0, 1.0, 1.0, 1.0, 1.0, 1.0, 1.0, 1.0, 1.0, 1.0, 1.0, 1.0, 1.0, 1.0, 1.0, 1.0, 1.0, 1.0, 1.0, 1.0, 1.0, 1.0, 1.0, 1.0, 1.0, 1.0, 1.0, 1.0, 1.0, 1.0, 1.0, 1.0, 1.0, 1.0, 1.0], "rewards": [235.87567182753529, 315.85632881447606, 466.0942822876687, 907.7783088201903, -375.1771686253759, 615.9220434477193, -685.949493770161, 1437.2377068422095, 323.42415146434286, -661.9280772389063, 385.0161455315147, 339.498196432138, -173.17513298792366, -201.4919281159763, 207.7802777322777, 84.10541439969938, -150.34148935309358, -112.11905102155893, -108.91852342463817, -19.147146885405615, 138.40120636828746, 39.77993839470473, -34.28577927822869, 5.057495047966527, -14.794840831973936, 6.054180047903703, 47.24924075076632, -11.827769296408153, -20.244974602818424, -0.2988161656919459, 3.9896714856592617, 0.9527626850073698, 6.922067754798445, -8.344344332685244, 7.452834479348301, -1.5623677432194327, -17.047045839763037, -11.792766662995888, -0.9716361122740022, -5.731724224773444, -3.325587278016641, -4.50265975273013, -0.5714451660948866, 4.4424629584531745, -12.258687670486962, -1.633861080326925, -9.49256819874444, -14.11643116845422, 4.534513508744791, 12.486033775527693, 14.265707206135358, -1.9761506761954137, -4.319172624151062, 5.597965410263539, 6.654298532827051, -3.887283065150986, -22.3016364267341, -1.2088228857172205, 9.892652634382076, -6.156912752970496, 13.759354702832011, -2.610989695871818, -8.214525815640469, -20.488086294701567, -8.467490630651415, 8.518759218944284, -2.3886070762194893, -16.438798730423652, 2.939901609732134, 6.15779224859003, -2.1522597541937105, 15.268555593524452, -10.346805047767258, -5.32707097041868, 5.004405148633889, -11.533227100359312, -3.424639350910704, 18.69911765630806, -9.74234469346512, -10.366295641461729, 1.5772186358057239, -13.272795704187265, -7.256457019752563, 18.636600730329565, -12.920051627116738, -3.8337697712723675, -7.4536098685732455, 4.404134800758498, -8.586660407688436, -2.112435963071935, -3.4496199619787915, -8.076076979738778, -25.327829939911233, -16.859192747235497, -0.8036399015957858, 5.1750004707249, -3.2906933139112904, 5.491236309142644, 4.52830035898088, 17.34694225449919, 9.421674070769804, -10.62718891552903, 8.971114077181145, -13.20705043076434, -14.728917106599358, 7.574903508126144, 3.108998874147509, 5.14562698193285, -3.106974825236394, 6.861388037940918, 8.281068952196915, 9.28644540594118, 25.215014704814006, 16.828701958256982, 0.46840840390137956, -4.978729315867314, -9.870934773240467, -1.088151399427163, 8.264597831755335, -1.9004331545775806, 4.475174760729371, -2.917776083739788, -16.180573400234536, 2.521986833957144, 18.104737642115012, 14.25006814234335, -3.36223724566148, -5.783215748943916, 4.400517891101437, 12.780078975970804, -7.59884828456863, 6.97434747458993, 2.2893070910025033, 6.116725182062014, -13.145658243773264, -8.808511418557007, 13.073112683691322, -15.719498181831321, 14.859980920800027, 1.1399301921073455, -15.415546594173065, 1.2093977100100928, 8.950975260402013, 4.4758784527072, -10.173962322254708, -1.2875229907177432, -19.949966865393577, -4.165866183559009, -1.5880250464210222, -15.608423403093564, 19.79044499089464, -2.0747638979886536, -10.514487845714362, 2.420786813736493, -15.981134905497798, 10.563588844399805, 17.602177944906835, -10.622888959050684, -10.974353525179902, -2.2881943578047967, -1.1793282120042616, 7.650787070065217, -8.529619278923342, -13.20823599773984, -1.9964272721815022, -12.484134092772988, -6.35594872462524, -6.5465105364397065, 16.47752220595154, 15.099499104729984, 6.652590434708686, 6.143650352252019, 0.26769683466695615, 10.233658805687895, 18.80744565286362, 5.624749975116217, -9.434948001193838, 5.191324116177268, 8.02539875506906, 1.9727120526993367, -7.685978749405495, -9.544197426622825, 7.296098661458349, -10.148709623424123, -6.821608468887431, 25.384903997532852, -18.624981794026386, 7.672302316803915, -5.077887742783376, -1.5828924251548595, 4.394916296480854, -20.554480333004985, -3.7618103521694115, 2.0857648513607887, 2.1726701282221943, 2.2613939580513014, -18.075574036975024, -0.31501184220453116, 11.761304385519432, 5.523109212960177]}, "Latent AR LinUCB s=2": {"actions": [0.0, 1.0, 0.0, 1.0, 1.0, 0.0, 1.0, 1.0, 1.0, 0.0, 0.0, 0.0, 0.0, 1.0, 1.0, 0.0, 0.0, 1.0, 1.0, 0.0, 0.0, 0.0, 0.0, 1.0, 1.0, 0.0, 0.0, 0.0, 0.0, 1.0, 1.0, 0.0, 0.0, 0.0, 1.0, 1.0, 0.0, 0.0, 0.0, 0.0, 0.0, 0.0, 0.0, 0.0, 0.0, 0.0, 1.0, 1.0, 0.0, 0.0, 0.0, 0.0, 1.0, 1.0, 0.0, 0.0, 1.0, 1.0, 0.0, 0.0, 0.0, 1.0, 1.0, 0.0, 0.0, 0.0, 0.0, 0.0, 1.0, 1.0, 0.0, 0.0, 1.0, 1.0, 0.0, 0.0, 0.0, 1.0, 1.0, 0.0, 0.0, 1.0, 1.0, 0.0, 0.0, 0.0, 1.0, 1.0, 0.0, 0.0, 1.0, 1.0, 0.0, 0.0, 0.0, 0.0, 0.0, 0.0, 1.0, 1.0, 0.0, 0.0, 1.0, 1.0, 0.0, 0.0, 0.0, 0.0, 1.0, 1.0, 0.0, 0.0, 1.0, 1.0, 0.0, 0.0, 1.0, 1.0, 0.0, 0.0, 0.0, 1.0, 1.0, 0.0, 0.0, 0.0, 0.0, 1.0, 1.0, 0.0, 0.0, 1.0, 1.0, 0.0, 0.0, 1.0, 1.0, 0.0, 0.0, 1.0, 1.0, 0.0, 0.0, 0.0, 0.0, 1.0, 1.0, 0.0, 0.0, 0.0, 0.0, 0.0, 0.0, 1.0, 1.0, 0.0, 0.0, 0.0, 1.0, 1.0, 0.0, 0.0, 0.0, 0.0, 1.0, 1.0, 0.0, 0.0, 0.0, 0.0, 0.0, 1.0, 1.0, 0.0, 0.0, 1.0, 1.0, 0.0, 0.0, 0.0, 1.0, 1.0, 0.0, 0.0, 0.0, 1.0, 1.0, 0.0, 0.0, 0.0, 1.0, 1.0, 0.0, 0.0, 0.0, 0.0, 1.0, 1.0, 0.0, 0.0],