{"k": 1, "sigma_z": 1, "mean reward 1": [472.05273115762736, 536.0535817518194, 419.4324493960659, 256.59346248138115, 65.86860151351681, 85.80992474860683, -9.310157121180918, 99.506261254019, 200.8192529331395, 181.54571086861844, 264.71969939487064, 270.8888423838984, 188.82172800265982, 253.02438629721985, 270.59037057403697, 44.64492022039865, -143.12492955311097, -206.7073231537053, -54.519562287770974, -140.69865204030458, -217.21529515221133, -345.9104889657075, -302.4705548032359, -109.15033027441771, -332.31211631832724, -262.9172353760708, -201.77219879003115, -213.50377613055866, -39.338342704185905, -0.8745885031353595, -53.82349073933581, -18.180610755950916, -86.5480378205145, -49.09526100266654, -82.62387613634378, -46.04305635416067, 10.457873903904547, -189.25495251045464, -272.34764098068763, -295.6516007926036, -316.5131942554379, -343.1164700261107, -141.4435699189981, -149.11221407354316, 74.81331853820778, -82.84143217640538, -103.92561660299424, -42.97701478739215, -13.132430341179191, 46.60614247822402, 173.51737773731858, 187.12825805124126, 171.52070614989435, 120.3617553081092, 39.442988520475396, 77.24840626837872, 1.0531900236296132, -111.55970417278445, -127.74192815411713, -69.65586408879338, 12.20456890953262, 148.09809190649275, 172.97435386210958, 68.57958498704579, -19.230305207991982, -96.16160689719612, 79.63907221018866, 37.22335732340235, -71.45624066783742, -169.59456898045585, -149.58557808205813, 17.388357557990464, -10.899729213326575, 135.11561790555885, 323.1897961710686, 349.1151113530718, 204.79926545555873, 75.59898091975339, -5.156917527238225, -34.86078283900886, 132.93364251566112, 114.91420445857263, 94.96138777063943, 46.20394325026769, 69.45351778313825, -62.44323168156558, 158.3034444100863, 343.4681174708095, 263.00672866333525, 94.45117407161543, -28.237011693977966, -81.24656513593878, -0.20106545147831056, 164.17950041985551, 332.1525779914255, 354.99457185829806, 326.92817792102164, 259.72161409913764, 325.23074762385187, 252.73367560351906, 95.22845813992417, -15.238975992436632, 79.34213681599036, 38.147350379909355, 111.55867136469256, 213.25283111273973, 368.6331078606392, 293.9356845363089, 237.14525197816565, 212.46117404006003, 158.17458765492623, 193.5781495640911, 190.45465048019852, 33.80036821996757, -34.160412719061824, -133.87819566719767, -102.29594125792521, -265.46999163886744, -191.39824593454486, -146.1089366823142, -232.99590492032866, -202.7088120007261, -249.79611403791705, -124.88591954482831, -117.63637004991791, -73.16493679411401, 95.23791023423587, -139.83676373574335, -134.15791351887717, -47.51540980992176, -144.80687263445358, -97.97600531590105, 86.71507335020276, 38.69802708231768, 63.04917585251083, 20.288985369245164, 271.59153053448335, 209.2299482956965, 7.687539139070099, 25.436687739177156, -43.482396323223135, -125.30475178023022, -169.7785146222203, -253.99867251187746, -381.810192429406, -251.13314117517024, -77.96082143619407, -121.11689519398678, -175.0345483877381, -122.29377254695414, -89.93155604833613, -200.61126355753504, -244.78830285176096, -424.6937568497207, -398.7732558387604, -345.4141560273243, -429.86102680330083, -288.53994760343966, -454.6058373995597, -346.84352877264604, -179.64965579551065, -413.8650922325657, -375.15910279632857, -261.3351494428886, -220.9950657329168, -188.41203788836884, -144.63875069822294, 0.8810703902432993, 30.72946427559591, 63.855557534991156, 249.75850048953214, 328.26952427878126, 284.99392119912306, 165.578964604443, -14.749759447844625, 70.05034181060587, 27.505216944906053, 27.588298311307923, 150.4115678977482, 289.98573919533897, 229.9054328189914, 130.055695897158, 128.22355295571214, 188.0318559506652, 254.0374097647915, 140.42677762536812, 71.99643277124899, 40.27811518131239, 100.60944416353499, -14.251976358850516, 154.2300252694803, 200.20780919812546, 242.9581919675882, 145.56593790973739, 272.1880569767408, 210.72184024382935, 219.72437474976215, 105.4176513867219, 33.43293747210646, -113.60330371150353],