{"k": 1, "sigma_z": 1, "mean reward 1": [1079.5458454539223, 1080.719534235741, 834.0126275884732, 991.5947951637801, 1112.8909441030157, 1099.2439593328083, 1180.9559244530753, 996.4567850493573, 817.6495793947879, 712.8057219067506, 620.66152624286, 497.90009388286165, 490.51522659774776, 393.109608941444, 470.41269668467123, 356.08803430884916, 298.3311697847818, 286.69101160931405, 203.8650644496899, 67.0194407923732, 19.461400802386258, 25.96627612379236, 30.924592644978972, 82.91713901111363, 175.23479536445936, 271.66466585740227, 66.58689565728521, -75.17356988871525, 2.0403622429148616, -162.4887668692921, -23.74426341668665, 166.31170495304687, 229.51653855954874, 244.36227343274606, 31.351591823164824, 13.530773923103665, 145.22075876093612, 152.2465900805313, 21.89536948213153, 55.75941738445395, 143.20807898609365, 33.6712115579236, 30.367578999263458, 64.81075989366383, -61.75166403757135, -147.722500327711, -266.11691717891324, -283.112431940459, -139.79306101160054, 122.81102459943816, 91.90858738534577, 113.4555988131884, 55.22527219047995, 154.9638563644842, 72.5948305145202, 318.4710318053405, 327.1280459297329, 272.14132690177075, 369.14477025228274, 259.96135110205137, 94.96489923922593, 200.87005690583885, 203.1616130967846, 232.80996246596004, 34.54744008926917, 73.51684769090467, -89.48841577848499, 14.353156911487963, 126.60484834938974, 13.760702325744756, 28.19724194244433, 50.92335036463227, 138.55608670182988, 107.54376369805783, 44.501300421496936, -194.627135896881, -179.80243894202104, -292.359106688368, -339.5702286238775, -549.0614484212074, -446.8911656431768, -496.60469528206175, -182.64993329963684, -98.61888838402004, -11.730736928686436, -103.90202111250333, -1.532742034244483, 36.071139670337594, 130.07437837648405, 323.6605684548669, 266.36104118600304, 207.02810521411004, 148.20635557059364, 297.19675010712257, 402.126552940992, 362.8770192931839, 243.8315126627529, 91.95913471505312, 234.08602589002544, 290.5684830452729, 144.2172632538715, 122.39123060169348, 93.26377567685479, -35.517875776656325, -282.7832358188014, -235.28253758105038, -72.60344741265796, -7.839529689251434, -59.244061986769495, -9.069209788252463, -17.240584616075513, -128.93059836503966, -56.86208340680945, -116.07081908408601, -110.05462711430044, -70.77319641049694, -163.26753361131455, -136.4103719568478, -159.5249962304552, -234.3767993823943, -194.14008006711103, -78.73175539405128, -95.00875726516624, 59.37777769570606, -60.29733027241232, -65.70485941945871, -42.82730973079361, 59.329600778972136, -51.02579556570963, -118.54070244628514, -184.46796403707683, -262.3808040650393, -190.68248335257172, -206.64190656065048, -24.73867244908059, -30.338426998221045, -61.56898755298232, -62.14309336536604, 20.405343824021337, -72.36918027324646, 1.0854653848618612, -83.02758340476139, -13.421551973190615, -65.29541185883836, -127.41429487007676, -146.94317482704412, -62.427839570853614, 139.73166085031752, 144.5739852432928, 137.52732995609315, 194.5942614037556, 106.69195913317475, 202.61640222459877, 34.69817007748559, 12.262080385129739, -3.444484401848094, -5.124101639663101, -44.79526919363151, -43.58517008179456, -2.1275400123048183, 12.341661171709358, 119.68798584205544, 44.3944825671263, 56.98665603356393, 58.30314003787272, 87.86733757610132, 229.34990112658053, 271.2365894285159, 108.12418823652277, 74.70325257977971, 15.972664813517866, 29.06636235734033, 20.296141976375466, 33.38924509390663, -22.227358563012274, 127.68337027466339, 257.62671592210586, 435.46075824129707, 266.2520325522445, 234.46749575377498, 316.4688407305372, 185.76992860652314, 129.92218629673073, 76.56403805154947, 326.9961458085439, 110.56835052176154, 212.06844332129998, 103.34175312736598, 315.26770466699185, 282.95421063378063, 376.6066990871594, 433.5615963725502, 539.5274478347492, 286.9816050637362, 259.0890620952166, 179.04877679562134, 113.8416942359522, 179.4880265126163, 62.20542013306528, -13.260426287818428], "mean reward 0": [-1079.5458454539223, -1080.719534235741, -834.0126275884732, -991.5947951637801, -1112.8909441030157, -1099.2439593328083, -1180.9559244530753, -996.4567850493573, -817.6495793947879, -712.8057219067506, -620.66152624286, -497.90009388286165, -490.51522659774776, -393.109608941444, -470.41269668467123, -356.08803430884916, -298.3311697847818, -286.69101160931405, -203.8650644496899, -67.0194407923732, -19.461400802386258, -25.96627612379236, -30.924592644978972, -82.91713901111363, -175.23479536445936, -271.66466585740227, -66.58689565728521, 75.17356988871525, -2.0403622429148616, 162.4887668692921, 23.74426341668665, -166.31170495304687, -229.51653855954874, -244.36227343274606, -31.351591823164824, -13.530773923103665, -145.22075876093612, -152.2465900805313, -21.89536948213153, -55.75941738445395, -143.20807898609365, -33.6712115579236, -30.367578999263458, -64.81075989366383, 61.75166403757135, 147.722500327711, 266.11691717891324, 283.112431940459, 139.79306101160054, -122.81102459943816, -91.90858738534577, -113.4555988131884, -55.22527219047995, -154.9638563644842, -72.5948305145202, -318.4710318053405, -327.1280459297329, -272.14132690177075, -369.14477025228274, -259.96135110205137, -94.96489923922593, -200.87005690583885, -203.1616130967846, -232.80996246596004, -34.54744008926917, -73.51684769090467, 89.48841577848499, -14.353156911487963, -126.60484834938974, -13.760702325744756, -28.19724194244433, -50.92335036463227, -138.55608670182988, -107.54376369805783, -44.501300421496936, 194.627135896881, 179.80243894202104, 292.359106688368, 339.5702286238775, 549.0614484212074, 446.8911656431768, 496.60469528206175, 182.64993329963684, 98.61888838402004, 11.730736928686436, 103.90202111250333, 1.532742034244483, -36.071139670337594, -130.07437837648405, -323.6605684548669, -266.36104118600304, -207.02810521411004, -148.20635557059364, -297.19675010712257, -402.126552940992, -362.8770192931839, -243.8315126627529, -91.95913471505312, -234.08602589002544, -290.5684830452729, -144.2172632538715, -122.39123060169348, -93.26377567685479, 35.517875776656325, 282.7832358188014, 235.28253758105038, 72.60344741265796, 7.839529689251434, 59.244061986769495, 9.069209788252463, 17.240584616075513, 128.93059836503966, 56.86208340680945, 116.07081908408601, 110.05462711430044, 70.77319641049694, 163.26753361131455, 136.4103719568478, 159.5249962304552, 234.3767993823943, 194.14008006711103, 78.73175539405128, 95.00875726516624, -59.37777769570606, 60.29733027241232, 65.70485941945871, 42.82730973079361, -59.329600778972136, 51.02579556570963, 118.54070244628514, 184.46796403707683, 262.3808040650393, 190.68248335257172, 206.64190656065048, 24.73867244908059, 30.338426998221045, 61.56898755298232, 62.14309336536604, -20.405343824021337, 72.36918027324646, -1.0854653848618612, 83.02758340476139, 13.421551973190615, 65.29541185883836, 127.41429487007676, 146.94317482704412, 62.427839570853614, -139.73166085031752, -144.5739852432928, -137.52732995609315, -194.5942614037556, -106.69195913317475, -202.61640222459877, -34.69817007748559, -12.262080385129739, 3.444484401848094, 5.124101639663101, 44.79526919363151, 43.58517008179456, 2.1275400123048183, -12.341661171709358, -119.68798584205544, -44.3944825671263, -56.98665603356393, -58.30314003787272, -87.86733757610132, -229.34990112658053, -271.2365894285159, -108.12418823652277, -74.70325257977971, -15.972664813517866, -29.06636235734033, -20.296141976375466, -33.38924509390663, 22.227358563012274, -127.68337027466339, -257.62671592210586, -435.46075824129707, -266.2520325522445, -234.46749575377498, -316.4688407305372, -185.76992860652314, -129.92218629673073, -76.56403805154947, -326.9961458085439, -110.56835052176154, -212.06844332129998, -103.34175312736598, -315.26770466699185, -282.95421063378063, -376.6066990871594, -433.5615963725502, -539.5274478347492, -286.9816050637362, -259.0890620952166, -179.04877679562134, -113.8416942359522, -179.4880265126163, 