{"k": 1, "sigma_z": 1, "mean reward 1": [-108.4413695786604, -129.90956782837566, -88.94131982755256, 82.48244347837867, -50.705830950621234, -60.390288140227, -225.19379113309253, -207.68339971217483, -65.95082528044856, -89.07681243316897, -78.1955401438514, -257.05903438763073, -217.160952246438, -152.82855072875344, -52.83569394124608, 22.379692608484252, -55.04432864755897, -109.36587904158512, -220.37751361102295, -224.15698248870788, -210.03331826353383, -355.4730768551348, -386.5243526984537, -521.1086256428308, -540.9860962995706, -606.9605416980419, -680.7393893406921, -678.3647307034938, -586.9594548431502, -444.6343322199514, -279.031258280378, -321.9248920005291, -75.50042500403387, -114.48006102044666, -168.7853572848681, -147.22180290308938, -4.3345552024057765, -55.94877334461798, 121.75351000120406, -74.20154453164052, 32.08919135863505, -90.2889391996459, -46.82407448108981, -35.45359572252457, -140.64683568180453, -87.55410157859562, -197.13373747959636, -114.860202973655, -19.43222667137198, -72.47626841591719, -195.80959471700785, 131.25436606691264, 150.17985927813106, 105.40864296706332, 110.04527026161273, 85.50871522014549, 378.3805766593813, 446.3821495420799, 293.4130509126569, 387.59851909789114, 525.3783162867115, 466.27906753515117, 645.3058008285221, 635.4424844584122, 457.11760495783426, 473.951472862815, 262.74121827084247, 212.511695091663, 166.36678362401562, 222.4088208509583, 269.2568239314295, 338.15465729905435, 500.0338103275867, 351.26037538622035, 191.2912770933, 150.4459121400301, 214.40107347514058, 73.07677212113128, 14.734663423027028, 4.5825898994139695, -130.89750542576394, -103.78867806359399, 198.70799910892913, 233.45164639772688, 254.16887539579608, 101.82550607446083, 161.17839886364163, 152.2066620596125, 128.1629267922329, -46.187610085754606, 8.186412498495677, 25.69122781873125, 161.05174177266258, 238.73298330213467, 365.5295707673062, 255.20253260889217, 273.95371574714113, 344.7757226031662, 308.96506968931106, 316.82620782017705, 361.7406783846711, 346.3137016728068, 303.82623032772756, 247.88253718552576, 374.2116061709994, 182.65309045976164, 91.33487093601435, 32.24349447102929, -106.7824156925644, -147.56358434840251, -208.50171963654188, -252.58048955723552, -318.9460309599785, -82.72037167552315, -190.39952514541838, -214.91156562725737, -188.8148533933576, -188.0481258990147, -221.04985026442301, -181.37591357793406, -96.6654989865421, -318.287090817483, -411.16629961087847, -292.64662440603865, -230.34899871104483, -142.00959392493903, 48.0576204179965, 279.22946389352796, 348.61490791866487, 356.38896276516283, 606.5146982368237, 591.878415971426, 566.7955519650061, 531.3489278474659, 499.8955009110967, 422.0467028331585, 427.8837487537285, 356.11308243893683, 330.3792508730547, 331.86218456841993, 313.4967187705116, 340.9306018297744, 212.09400085964444, 128.89802343576696, 201.185324047318, 211.27140852255218, 256.7355137208268, 303.3006980967094, 237.47957115894476, 98.01979677597853, 145.25549434751562, 127.3494432021023, 80.89740489174521, 104.77027554677191, 60.70240083508378, 54.45980512661218, 108.11081474254603, -88.35997167519638, -82.31310686245283, -141.8574600288841, -68.25255107136987, -135.23905752662228, -74.05357139684158, 68.6873105777255, -111.73494961765633, -331.3274986734677, -210.09742375468448, -292.05399379844215, -264.48139607164825, -317.43695068995817, -145.6874209403872, -114.31437983021775, -138.27608245079387, -121.3026909151286, -218.88232698758233, -46.41444208671559, 72.18903647162509, -4.271582323737178, -17.44889621349686, -80.87888652695328, -49.94851839515743, -122.06049327040336, -78.65221428435476, -34.47233519608003, -112.99760931046845, -50.94963265329243, -52.592597893555215, -1.308848829447301, 107.87192499772816, 154.08444649568963, 95.69998020744241, -14.467222479428477, 2.9298820270810184, -57.63808696205193, -55.521189818861984, -22.054915423785378, -177.6187059796776, 37.24447221825715, 79.2973171095142, -158.83421622547425],