{"k": 1, "sigma_z": 1, "mean reward 1": [-884.2203172206105, -981.2610933791999, -768.603855084071, -503.07957659750315, -488.9817527776577, -483.8618927513552, -320.2446784138543, -302.025144657433, -449.3508589025195, -451.7605777196729, -431.5872641214807, -285.3016284614234, -301.4361260355663, -258.165737597664, -216.35007848878672, -159.72547139770268, -157.6114492415289, -111.79120071110331, -13.649696434981129, 34.24350755912216, -172.78032230399702, 179.01344941669694, 91.69421483090488, 92.4394533455664, 153.50657611382815, 59.554495698122025, -44.740564783647194, -98.40748215015832, -8.726535100058753, 110.68653912272335, 21.504992158224756, 31.37400122820414, -267.77566080488634, -212.53986974616828, -182.93043838090503, -103.53660628495041, -93.55254973970618, -15.747786348322846, 41.427280897571414, 189.7262775658403, 175.88137824726152, 239.0872632056567, 111.16137944627522, 88.04178733024715, -260.7554693250206, -293.46800628353753, -217.31417567192054, -316.39132648531466, -171.6795491927747, -216.35132433990552, 26.87395315939196, 52.94728142391214, 140.97757705073897, 298.6037692483296, 152.4385331253487, -3.7084061111772204, -47.94981488667373, -105.35406297139293, -33.29669479849879, -97.53728472376363, 2.5539142065278853, -23.47889275938923, -52.597074935457236, -44.07715480718752, -57.15978651853586, -43.78372901212455, -71.1212971165841, -169.77243242614244, -152.3460143332823, -306.6830046507322, -472.41586304403074, -420.7357534019429, -217.45063304161357, -253.6224218618627, -148.37292158645838, -215.92261321704967, -203.39355549916314, -65.32036708083608, -28.28835411187194, -26.105189731674646, 100.7478653485224, 119.92892911285867, 67.03134994762468, 153.71519967993322, 105.54561377479132, 169.82322786218202, 91.63162524176738, 100.67698494408558, 19.038160176614216, -5.821049590974692, -124.71197179813893, -278.6142499310736, -313.27911261497906, -471.4303023511979, -294.79026176632146, -388.38007796012516, -298.51351466100715, -349.8934912718212, -109.6737336618812, -91.05836846497422, -120.7224295581037, 1.2359997624386443, -80.9938751790653, 108.99311424269288, 106.84269126459841, 209.19769242902845, 119.5974117570261, 52.457129396201395, 44.4967993010484, -125.3418442282681, 27.75348642232265, 89.65325982969655, 32.66931917555511, 125.04928383943562, -16.971764330030403, 11.295218326787287, 135.84335711963996, 89.38809092586688, 131.02501025293222, 58.745156031354696, 93.0386129199877, 29.27507341805109, -44.77017794486661, -116.19234137993956, 36.110280576387474, -89.44439668164965, -144.48990329214658, -203.09412446052352, -283.04334546451935, -464.19703121062133, -378.96306641984813, -389.3106894524059, -211.51297166704222, -195.25467600472348, -68.18193305750628, -208.94739735434084, -87.79440020988952, 18.512587679566185, -137.2410246439498, -102.70211546969874, -178.74886319059215, -290.1090184680853, -268.48028481772667, -377.6594885881227, -437.4223406271935, -520.8048908609571, -440.7944120677421, -364.6043344064982, -192.34939683686238, -249.48581793891665, -240.15447231885668, -225.72236528644768, -175.4701876722693, -103.93850745077384, -113.5068135311656, -12.534350444933873, 151.97909584134814, 135.12292457381264, 94.53576772620855, 97.82528133107158, -22.08989977220226, -51.34981606792009, -74.63351808664052, 38.24549433893109, 32.72168460879934, 9.835538442566058, -77.80179009190408, -144.14112529814074, -344.11879765097893, -315.7968266349194, -206.37158116114503, -114.33713494452095, -126.64169605404237, -266.2704475015398, -170.2259152257969, -115.56089683402541, -104.8653383165459, -235.6059855890896, -99.37631369406601, -32.13080897160743, -78.98343301412231, -67.05068932906443, -301.66885547439233, -243.28418543431027, -245.90394134353852, -185.59882335416046, -137.86511262437037, -183.47976026878726, -168.42008431099808, -161.55960217517404, -161.74002406885893, -177.73581302666582, -142.59742614576226, 2.1624819538050843, 91.94027236704714, 44.99925295257521, 108.89246667155376, 32.963652664255285, 89.02069246487923, 88.660127652054],