{"Stationary": {"actions": [0.0, 1.0, 1.0, 1.0, 1.0, 1.0, 1.0, 1.0, 1.0, 1.0, 1.0, 1.0, 1.0, 1.0, 1.0, 1.0, 1.0, 1.0, 1.0, 1.0, 1.0, 1.0, 1.0, 1.0, 1.0, 1.0, 1.0, 1.0, 1.0, 1.0, 1.0, 1.0, 1.0, 1.0, 1.0, 1.0, 1.0, 1.0, 1.0, 1.0, 1.0, 1.0, 1.0, 1.0, 1.0, 1.0, 1.0, 1.0, 1.0, 1.0, 1.0, 1.0, 1.0, 1.0, 1.0, 1.0, 1.0, 1.0, 1.0, 1.0, 1.0, 1.0, 1.0, 1.0, 1.0, 1.0, 1.0, 1.0, 1.0, 1.0, 1.0, 1.0, 1.0, 1.0, 1.0, 1.0, 1.0, 1.0, 1.0, 1.0, 1.0, 1.0, 1.0, 1.0, 1.0, 1.0, 1.0, 1.0, 1.0, 1.0, 1.0, 1.0, 1.0, 1.0, 1.0, 1.0, 1.0, 1.0, 1.0, 1.0, 1.0, 1.0, 1.0, 1.0, 1.0, 1.0, 1.0, 1.0, 1.0, 1.0, 1.0, 1.0, 1.0, 1.0, 1.0, 1.0, 1.0, 1.0, 1.0, 1.0, 1.0, 1.0, 1.0, 1.0, 1.0, 1.0, 1.0, 1.0, 1.0, 1.0, 1.0, 1.0, 1.0, 1.0, 1.0, 1.0, 1.0, 1.0, 1.0, 1.0, 1.0, 1.0, 1.0, 1.0, 1.0, 1.0, 1.0, 1.0, 1.0, 1.0, 1.0, 1.0, 1.0, 1.0, 1.0, 1.0, 1.0, 1.0, 1.0, 1.0, 1.0, 1.0, 1.0, 1.0, 1.0, 1.0, 1.0, 1.0, 1.0, 1.0, 1.0, 1.0, 1.0, 1.0, 1.0, 1.0, 1.0, 1.0, 1.0, 1.0, 1.0, 1.0, 1.0, 1.0, 1.0, 1.0, 1.0, 1.0, 1.0, 1.0, 1.0, 1.0, 1.0, 1.0, 1.0, 1.0, 1.0, 1.0, 1.0, 1.0], "rewards": [-374.4681439430553, 285.66272788775444, 239.72362772346955, 123.00486916555789, 71.64293658847363, 80.82274451537037, 334.44797570043386, 218.43728387031211, 235.55354395014257, 226.60197135494442, 282.8829308940795, 117.06652911849878, 141.9700428804653, 172.4798076676857, 208.77308709106617, 214.0267121742301, 232.45760320881982, -8.701754968515875, -139.587706532545, -118.64786660199844, -177.56784250325708, -75.73946650447938, 34.45887920905746, 105.3529420196795, 316.94930905483585, 259.27382546337975, 143.29221145491428, 237.51150187771808, 144.52901683225636, 69.35261911491513, -34.277328890029246, 36.41650051081885, -40.3067616634169, -112.01828477119538, -147.5422162522767, -244.68489849925328, -236.1872326421954, -339.77477542674706, -362.5019318977184, -325.2307640643832, -322.2403824551558, -523.6349337630622, -423.5363157079696, -285.89340446079217, -211.87301540725127, -195.37419670761258, -172.22713498146402, -171.74954682144153, -200.53642640615456, -183.71483702498742, -177.2737379322989, -81.75704824279093, -142.26441180735222, -68.01381682589508, 11.465307851157851, 5.872435417962957, -65.85969026671042, -97.85087848416221, -136.1070893570231, 3.500838861471479, -119.91261003938146, -295.7720236236113, -385.60430788340045, -428.58101427949003, -408.9322610301157, -272.69055684541763, -296.35279704694835, -248.79884599782625, -80.49975399483247, -2.949240475786354, 66.28690525911678, 135.76191088432842, 7.306687068557083, 121.10723003822346, 44.74932112990681, -151.16661769756558, -77.83991378817629, -10.194716734436499, 73.1907187897701, -58.1771602892825, 30.25951236530601, 100.68069614440682, 113.219831555364, 138.2311648753604, 141.02944862816122, 129.5446388374238, 14.432345765024715, -56.66391826105271, 127.92804852463414, 133.6968648436444, 91.72423637533728, -140.02170676748483, -36.60726335426427, -143.0917995387426, -258.47557777230793, -254.25089006967497, -369.7845682763437, -388.3253993031355, -624.339355966033, -473.53482978403184, -537.743732671438, -455.77320874749853, -484.1417223287456, -341.8730697127374, -200.24360920805165, -125.58317638135115, 13.204016441176513, 125.75064085748186, -72.9100883280943, -119.228602188048, -310.3624767009711, -218.85312386109908, -251.33910933998843, -170.81787185008827, -123.53594738714499, 19.77370038482964, -47.730763465743635, 111.66858822727845, 86.24991709994924, 191.44396773356473, 266.0279987435646, 155.2928255658173, 97.64266394326086, 103.47796372018064, 123.73908192724875, 59.6681093148318, 11.197751430996558, 79.91285958507481, -14.574298890829432, 24.491332869087845, 180.85499085524182, 68.60041337909809, 67.1198823858387, 0.8496275470394938, 93.1295855433568, 88.92471723310527, 159.19240283890673, 38.12917061076762, 61.240966828844364, 146.6026499299095, 153.05809769101293, 80.20868558344276, 96.26766096700011, 280.6594695194696, 249.04251478958457, 28.49119656410782, 9.613259705156379, -156.28253773770695, -135.071123564714, -284.3391900673967, -261.828581197289, -237.03847752495133, -245.8672552741117, -247.6500782687492, -362.7971966688597, -208.67426663774086, -116.65965802029903, -140.99312524734333, -189.82077432897148, -281.3984580158996, -209.66390156848004, -142.06498005665875, 69.55987349249828, 129.44798546898025, 165.67754470496985, 29.008299522840602, -176.63203872724014, -249.10534767632396, -419.184365635029, -345.16665478552176, -266.90758968492156, -210.33173423659233, -176.12733048107842, -175.2150828154112, -54.669345285010166, -64.56945514370445, -75.51894687894244, -7.962570460043423, -41.242818891088525, 38.28479928793991, 187.95314709223132, 35.48837341369847, 210.9518418998389, 103.41882495350735, 157.29360442629311, -77.95481801223455, -87.56628031469573, -50.283091276667314, -170.08871448858386, -181.93206776346443, -278.29358331314944, -260.99109377454494, -150.23325662057977, -311.27489608169714, -76.20405340814472, -32.70778273194551, 47.079392549035035, 35.92160498960654, 125.30599833790133, -108.6884260658481]}, "Latent AR LinUCB s=2": {"actions": [0.0, 0.0, 0.0, 0.0, 0.0, 0.0, 0.0, 0.0, 0.0, 0.0, 0.0, 0.0, 0.0, 0.0, 0.0, 0.0, 0.0, 0.0, 0.0, 0.0, 0.0, 0.0, 0.0, 0.0, 0.0, 0.0, 0.0, 0.0, 0.0, 0.0, 0.0, 0.0, 0.0, 0.0, 0.0, 0.0, 0.0, 0.0, 0.0, 0.0, 0.0, 0.0, 0.0, 0.0, 0.0, 0.0, 0.0, 0.0, 0.0, 0.0, 0.0, 0.0, 0.0, 0.0, 0.0, 0.0, 0.0, 0.0, 0.0, 0.0, 0.0, 0.0, 0.0, 0.0, 0.0, 0.0, 0.0, 0.0, 0.0, 0.0, 0.0, 0.0, 0.0, 0.0, 0.0, 0.0, 0.0, 0.0, 0.0, 0.0, 0.0, 0.0, 0.0, 0.0, 0.0, 0.0, 0.0, 0.0, 0.0, 0.0, 0.0, 0.0, 0.0, 0.0, 0.0, 0.0, 0.0, 0.0, 0.0, 0.0, 0.0, 0.0, 0.0, 0.0, 0.0, 0.0, 0.0, 0.0, 0.0, 0.0, 0.0, 0.0, 0.0, 0.0, 0.0, 0.0, 0.0, 0.0, 0.0, 0.0, 0.0, 0.0, 0.0, 0.0, 0.0, 0.0, 0.0, 0.0, 0.0, 0.0, 0.0, 0.0, 0.0, 0.0, 0.0, 0.0, 0.0, 0.0, 0.0, 0.0, 0.0, 0.0, 0.0, 0.0, 0.0, 0.0, 0.0, 0.0, 0.0, 0.0, 0.0, 0.0, 0.0, 0.0, 0.0, 0.0, 0.0, 0.0, 0.0, 0.0, 0.0, 0.0, 0.0, 0.0, 0.0, 0.0, 0.0, 0.0, 0.0, 0.0, 0.0, 0.0, 0.0, 0.0, 0.0, 0.0, 0.0, 0.0, 0.0, 0.0, 0.0, 0.0, 0.0, 0.0, 0.0, 0.0, 0.0, 0.0, 0.0, 0.0, 0.0, 0.0, 0.0, 0.0, 0.0, 0.0, 0.0, 0.0, 0.0, 0.0],