{"Stationary": {"actions": [1.0, 1.0, 1.0, 1.0, 1.0, 1.0, 1.0, 1.0, 1.0, 1.0, 1.0, 1.0, 1.0, 1.0, 1.0, 1.0, 1.0, 1.0, 1.0, 1.0, 1.0, 1.0, 1.0, 1.0, 1.0, 1.0, 1.0, 1.0, 1.0, 1.0, 1.0, 1.0, 1.0, 1.0, 1.0, 1.0, 1.0, 1.0, 1.0, 1.0, 1.0, 1.0, 1.0, 1.0, 1.0, 1.0, 1.0, 1.0, 1.0, 1.0, 1.0, 1.0, 1.0, 1.0, 1.0, 1.0, 1.0, 1.0, 1.0, 1.0, 1.0, 1.0, 1.0, 1.0, 1.0, 1.0, 1.0, 1.0, 1.0, 1.0, 1.0, 1.0, 1.0, 1.0, 1.0, 1.0, 1.0, 1.0, 1.0, 1.0, 1.0, 1.0, 1.0, 1.0, 1.0, 1.0, 1.0, 1.0, 1.0, 1.0, 1.0, 1.0, 1.0, 1.0, 1.0, 1.0, 1.0, 1.0, 1.0, 1.0, 1.0, 1.0, 1.0, 1.0, 1.0, 1.0, 1.0, 1.0, 1.0, 1.0, 1.0, 1.0, 1.0, 1.0, 1.0, 1.0, 1.0, 1.0, 1.0, 1.0, 1.0, 1.0, 1.0, 1.0, 1.0, 1.0, 1.0, 1.0, 1.0, 1.0, 1.0, 1.0, 1.0, 1.0, 1.0, 1.0, 1.0, 1.0, 1.0, 1.0, 1.0, 1.0, 1.0, 1.0, 1.0, 1.0, 1.0, 1.0, 1.0, 1.0, 1.0, 1.0, 1.0, 1.0, 1.0, 1.0, 1.0, 1.0, 1.0, 1.0, 1.0, 1.0, 1.0, 1.0, 1.0, 1.0, 1.0, 1.0, 1.0, 1.0, 1.0, 1.0, 1.0, 1.0, 1.0, 1.0, 1.0, 1.0, 1.0, 1.0, 1.0, 1.0, 1.0, 1.0, 1.0, 1.0, 1.0, 1.0, 1.0, 1.0, 1.0, 1.0, 1.0, 1.0, 1.0, 1.0, 1.0, 1.0, 1.0, 1.0], "rewards": [-308.2559426606043, -398.9998083948649, -368.48292501785835, -245.4407465875047, -82.04709374525976, -95.63661276160047, -44.26525117688429, 28.757747444904936, 127.52996151594803, 125.11673402547346, 163.52630630774576, 280.97391619069305, 260.4606684521223, 197.7338549445545, 132.20361638318127, 260.7688341940833, 192.62172501716597, 55.93996692417802, 64.06062513113888, 203.95367812126332, 36.87689842911038, 59.53357963360996, 105.27414267229248, 247.27997527522874, 196.19600182090068, 395.43177778445107, 376.9171364007306, 361.14632412636433, 311.4038384081924, 200.1917827470373, 195.75861137890882, 63.647481333682656, 233.31400957109605, 300.8586774185452, 216.49845625849957, 234.8469449228305, 252.35247362698325, 214.00398054909442, 112.31142428553996, 162.39447870326225, 189.28931662606263, 381.8875255042521, 327.77050235176654, 320.3714381241359, 252.0999030571078, 300.4990887950448, 396.5495784943812, 213.19864656132992, 78.28219548644337, 130.4296997977058, 86.077520185199, 31.889868202147525, 29.596245691036795, 37.125992882407814, 8.639463262671164, 146.31758018012337, 267.169557438378, 343.32862607599384, 226.96968279222367, 301.56943706258255, 309.6273892766834, 338.68180992160285, 261.8622963946991, 215.1454918654584, 229.98977067171754, 123.12872959912849, 219.23131255786217, 242.10197060950128, 135.64600168385107, 148.56539855191733, -4.80692278672076, -20.465217081187976, -166.93605854010843, -86.01684728041766, -9.170417193283665, -64.94990341382469, 72.10039309633089, 54.360460725809226, -121.57855218693454, -294.7673998925726, -282.7648512533095, -188.2909131006671, -379.3368993986283, -401.25085398651737, -436.9179151193053, -339.12528575486095, -401.43062981484866, -328.11094306684964, -446.85456983583975, -363.97467676364033, -387.26386117290355, -205.70124929114965, -32.42941244135866, -88.21633487916657, 79.26189963379731, 121.24085794457318, 154.77942352399438, 199.75452986687546, 226.02260730886343, 240.53622903003156, 198.73962437334887, 421.20487611446254, 302.00101945132064, 243.85872932469834, 143.3425631847342, 208.45126197065053, 213.1406272429283, 240.53004654271325, 327.65398496094394, 404.01474303085985, 280.0159881740086, 78.528745649979, 15.16696547447972, 15.550455457717655, 156.99771665182115, 74.96423825143461, -98.88307778755659, -181.75365493040772, -141.11443717336326, -115.84225200708376, -109.03924725749192, -183.397196436473, -191.17478184695244, -110.73298620863768, -164.41109835493478, -235.84307525473412, -162.42868298371437, -142.57313049180354, -118.57250420451241, -285.74619247949823, -221.8611008250291, -282.9560626879899, -322.9427041964871, -435.84334089170045, -354.8276218823303, -401.26675044326504, -376.07848959529997, -404.9694654769271, -336.16116622983805, -241.59140233709346, -295.7260420422055, -287.340983574415, -227.70367114446552, -187.335433113613, -196.93920883147493, -194.1314825401437, -197.72145280327055, -204.57699421575018, -243.19305006108146, -192.90551777235652, -135.33727753482538, -139.85578145430716, -81.20902052085967, -42.48644185907315, 103.35500767637105, 278.7890412486116, 421.63073811877246, 286.99465496711235, 153.91338974759344, 62.70087025975132, 37.22610164676516, 252.96578813157376, 145.21097660450633, 83.53087142674799, -126.02432951717724, -57.47817460781666, 40.73123375163908, 74.12547024757703, 184.19374048821982, 113.80663515361415, 173.14752215520866, -36.933635152851316, -150.74749940539814, -81.13747476183087, -54.70776295295751, -12.644471915156453, 33.88160849150025, 138.59646585826152, 166.60115611719863, 232.96920099808176, 276.3866339507227, 183.6945838542141, 126.25971894406464, 150.99376728143048, 117.73179815597922, -29.526701046568306, -25.07721807544875, -39.72326434732563, -64.1249661733845, -36.71470559315773, 61.37753042619232, 160.98756017302952, 200.33468684642037, 159.49587270981422, 315.7567310554879, 72.94528101178314, 102.47192562219894, 183.91346789132834, 362.693679540748, 306.9868453320375]}, "Latent AR LinUCB s=2": {"actions": [1.0, 1.0, 0.0, 0.0, 0.0, 0.0, 0.0, 0.0, 0.0, 0.0, 0.0, 0.0, 0.0, 0.0, 0.0, 0.0, 0.0, 0.0, 0.0, 0.0, 0.0, 0.0, 0.0, 0.0, 0.0, 0.0, 0.0, 0.0, 0.0, 0.0, 0.0, 0.0, 0.0, 0.0, 0.0, 0.0, 0.0, 0.0, 0.0, 0.0, 0.0, 0.0, 0.0, 0.0, 0.0, 0.0, 0.0, 0.0, 0.0, 0.0, 0.0, 0.0, 0.0, 0.0, 0.0, 0.0, 0.0, 0.0, 0.0, 0.0, 0.0, 0.0, 0.0, 0.0, 0.0, 0.0, 0.0, 0.0, 0.0, 0.0, 0.0, 0.0, 0.0, 0.0, 0.0, 0.0, 0.0, 0.0, 0.0, 0.0, 0.0, 0.0, 0.0, 0.0, 0.0, 0.0, 0.0, 0.0, 0.0, 0.0, 0.0, 0.0, 0.0, 0.0, 0.0, 0.0, 0.0, 0.0, 0.0, 0.0, 0.0, 0.0, 0.0, 0.0, 0.0, 0.0, 0.0, 0.0, 0.0, 0.0, 0.0, 0.0, 0.0, 0.0, 0.0, 0.0, 0.0, 0.0, 0.0, 0.0, 0.0, 0.0, 0.0, 0.0, 0.0, 0.0, 0.0, 0.0, 0.0, 0.0, 0.0, 0.0, 0.0, 0.0, 0.0, 0.0, 0.0, 0.0, 0.0, 0.0, 0.0, 0.0, 0.0, 0.0, 0.0, 0.0, 0.0, 0.0, 0.0, 0.0, 0.0, 0.0, 0.0, 0.0, 0.0, 0.0, 0.0, 0.0, 0.0, 0.0, 0.0, 0.0, 0.0, 0.0, 0.0, 0.0, 0.0, 0.0, 0.0, 0.0, 0.0, 0.0, 0.0, 0.0, 0.0, 0.0, 0.0, 0.0, 0.0, 0.0, 0.0, 0.0, 0.0, 0.0, 0.0, 0.0, 0.0, 0.0, 0.0, 0.0, 0.0, 0.0, 0.0, 0.0, 0.0, 0.0, 0.0, 0.0, 0.0, 0.0],