{"Stationary": {"actions": [0.0, 1.0, 1.0, 1.0, 1.0, 1.0, 1.0, 1.0, 1.0, 1.0, 1.0, 1.0, 1.0, 1.0, 1.0, 1.0, 1.0, 1.0, 1.0, 1.0, 1.0, 1.0, 1.0, 1.0, 1.0, 1.0, 1.0, 1.0, 1.0, 1.0, 1.0, 1.0, 1.0, 1.0, 1.0, 1.0, 1.0, 1.0, 1.0, 1.0, 1.0, 1.0, 1.0, 1.0, 1.0, 1.0, 1.0, 1.0, 1.0, 1.0, 1.0, 1.0, 1.0, 1.0, 1.0, 1.0, 1.0, 1.0, 1.0, 1.0, 1.0, 1.0, 1.0, 1.0, 1.0, 1.0, 1.0, 1.0, 1.0, 1.0, 1.0, 1.0, 1.0, 1.0, 1.0, 1.0, 1.0, 1.0, 1.0, 1.0, 1.0, 1.0, 1.0, 1.0, 1.0, 1.0, 1.0, 1.0, 1.0, 1.0, 1.0, 1.0, 1.0, 1.0, 1.0, 1.0, 1.0, 1.0, 1.0, 1.0, 1.0, 1.0, 1.0, 1.0, 1.0, 1.0, 1.0, 1.0, 1.0, 1.0, 1.0, 1.0, 1.0, 1.0, 1.0, 1.0, 1.0, 1.0, 1.0, 1.0, 1.0, 1.0, 1.0, 1.0, 1.0, 1.0, 1.0, 1.0, 1.0, 1.0, 1.0, 1.0, 1.0, 1.0, 1.0, 1.0, 1.0, 1.0, 1.0, 1.0, 1.0, 1.0, 1.0, 1.0, 1.0, 1.0, 1.0, 1.0, 1.0, 1.0, 1.0, 1.0, 1.0, 1.0, 1.0, 1.0, 1.0, 1.0, 1.0, 1.0, 1.0, 1.0, 1.0, 1.0, 1.0, 1.0, 1.0, 1.0, 1.0, 1.0, 1.0, 1.0, 1.0, 1.0, 1.0, 1.0, 1.0, 1.0, 1.0, 1.0, 1.0, 1.0, 1.0, 1.0, 1.0, 1.0, 1.0, 1.0, 1.0, 1.0, 1.0, 1.0, 1.0, 1.0, 1.0, 1.0, 1.0, 1.0, 1.0, 1.0], "rewards": [603.3782448673904, -426.25103199674004, -494.12520109010694, -343.6040290863309, -261.209739582525, -366.1026363627535, -291.21644574854764, -253.92212570021096, -299.3932484402213, -262.2025745506049, -70.08047310407287, -167.9455079218078, -215.7814085886075, -141.65179891531582, -150.40817954315435, 103.93889567548302, 153.89322667565526, 122.15046311886404, 158.6408144605411, 80.87066750193182, 152.8435552910375, 57.21823044439468, 122.74909253923636, 46.145589181074975, -68.40261319758407, -74.77952317373224, -51.068756921735456, -175.16520688903995, -364.07071420060817, -510.9869586055698, -396.6522350744227, -351.5208913902646, -233.5946133055373, -140.79842847259405, -175.09714936980998, -171.99152420567063, -133.28178285259088, -314.6597648612893, -396.74764291097426, -380.63427883141935, -572.1730260906603, -548.9249706242541, -573.6848432464691, -531.8487842106691, -513.2651357495898, -295.35657542101035, -320.3228623364988, -325.5380554290939, -258.57699681358747, -440.93628032371987, -614.316229007972, -486.3223591263258, -447.1815179513798, -435.68623297575203, -574.2143206518398, -426.30248508199315, -392.4867146063904, -216.3177937124115, -412.9826991047203, -249.77498144720946, -282.3348285410276, -337.14309355862014, -206.7007893950276, -187.73084679617423, -395.44626218150387, -392.05321419876935, -314.9808937633642, -280.7815067726961, -198.41684315213573, -44.84707104406208, -83.01746413030159, 64.825894074953, 112.68171830493361, 43.5278979741028, -88.35702686445293, -233.8175379285543, -221.36126702745563, -275.4483028907898, -245.72721510802052, -177.38044758929377, -248.24072279058137, -78.95729200844858, 57.49122705083594, 82.81820521414251, 70.18624035948403, 174.9711934058936, 173.0858870945398, 150.72538562525764, 209.1488436873071, 277.31179880800846, 372.48719289240137, 300.49219514439477, 357.5188067821427, 447.895729732067, 425.18157867044516, 486.13507002758405, 555.9139766341589, 412.0066743455296, 461.74273311406273, 506.96253238431785, 392.61730064214026, 385.4368882269134, 360.97827076435294, 391.3751675111141, 564.8210589132699, 319.6178052957923, 190.99309737708802, 159.04032408047672, 133.54293221943988, 317.30693303233227, 369.2962538746847, 265.3920900966338, 50.18992908254073, -33.7041863089487, -107.71925557362977, -164.71735464159553, -177.64791772756755, -76.92039494601683, 167.96751399799695, 183.87136775898787, 238.34454854418186, 226.62314761067836, 118.83047311354281, 83.89607223357352, -16.2001333320655, 65.05364945508877, 50.565642481153446, -106.85996051513342, 101.90732809608583, 176.1416903149107, 85.66032499114519, 58.178652108370315, 288.16077456994026, -2.581355362672787, 31.209433410061955, 61.83360042862796, -24.57284032836334, -11.360972717083413, -182.40603537394497, -14.872258115684026, 5.686709282021811, -18.26491941385958, 102.44766564859393, 94.81064313383865, 99.74699287182617, 30.668581336984733, 20.24771503845173, -8.606423023097172, 165.54034832127726, 285.17139382297887, 191.84562592873698, 192.935254570619, 241.38468555723472, 166.72564311181858, 174.22900627145128, 141.529448282917, 226.9353700544164, 270.28778046749744, 248.8311294306677, 200.29710551236974, 88.10035605855016, -22.4758074185485, 46.245649301725614, 81.47419156099204, 277.20902079647954, 322.1369643595111, 413.2121937509988, 367.4167660064313, 200.45555504485952, 195.75829887424416, 178.05507587326704, 281.8943355945629, 367.11253138100614, 322.85787077012776, 290.6488841618144, 189.77074840753795, 270.9215813703657, 93.15477457942336, 70.91944032671799, -2.6091709603645334, 72.41690946697993, 135.8515184495999, 10.025706291923832, -114.25454237746143, -8.65167097320925, 88.76275674039188, 156.84001648600807, 61.9997384496925, 74.89013842920849, -152.23981545355977, -137.7555762501868, -173.27895484906543, -149.31902408592154, -143.4081654803585, -94.63164246059243, -21.6699948996689, -30.951973406870216, -53.82793899839367, -188.36375848895617, -67.68957320420007]}, "Latent AR LinUCB s=2": {"actions": [0.0, 1.0, 0.0, 0.0, 0.0, 0.0, 0.0, 0.0, 0.0, 0.0, 0.0, 0.0, 0.0, 0.0, 0.0, 0.0, 0.0, 0.0, 0.0, 0.0, 0.0, 0.0, 0.0, 0.0, 0.0, 0.0, 0.0, 0.0, 0.0, 0.0, 0.0, 0.0, 0.0, 0.0, 0.0, 0.0, 0.0, 0.0, 0.0, 0.0, 0.0, 0.0, 0.0, 0.0, 0.0, 0.0, 0.0, 0.0, 0.0, 0.0, 0.0, 0.0, 0.0, 0.0, 0.0, 0.0, 0.0, 0.0, 0.0, 0.0, 0.0, 0.0, 0.0, 0.0, 0.0, 0.0, 0.0, 0.0, 0.0, 0.0, 0.0, 0.0, 0.0, 0.0, 0.0, 0.0, 0.0, 0.0, 0.0, 0.0, 0.0, 0.0, 0.0, 0.0, 0.0, 0.0, 0.0, 0.0, 0.0, 0.0, 0.0, 0.0, 0.0, 0.0, 0.0, 0.0, 0.0, 0.0, 0.0, 0.0, 0.0, 0.0, 0.0, 0.0, 0.0, 0.0, 0.0, 0.0, 0.0, 0.0, 0.0, 0.0, 0.0, 0.0, 0.0, 0.0, 0.0, 0.0, 0.0, 0.0, 0.0, 0.0, 0.0, 0.0, 0.0, 0.0, 0.0, 0.0, 0.0, 0.0, 0.0, 0.0, 0.0, 0.0, 0.0, 0.0, 0.0, 0.0, 0.0, 0.0, 0.0, 0.0, 0.0, 0.0, 0.0, 0.0, 0.0, 0.0, 0.0, 0.0, 0.0, 0.0, 0.0, 0.0, 0.0, 0.0, 0.0, 0.0, 0.0, 0.0, 0.0, 0.0, 0.0, 0.0, 0.0, 0.0, 0.0, 0.0, 0.0, 0.0, 0.0, 0.0, 0.0, 0.0, 0.0, 0.0, 0.0, 0.0, 0.0, 0.0, 0.0, 0.0, 0.0, 0.0, 0.0, 0.0, 0.0, 0.0, 0.0, 0.0, 0.0, 0.0, 0.0, 0.0, 0.0, 0.0, 0.0, 0.0, 0.0, 0.0],