{"Stationary": {"actions": [1.0, 1.0, 1.0, 1.0, 1.0, 1.0, 1.0, 1.0, 1.0, 1.0, 1.0, 1.0, 1.0, 1.0, 1.0, 1.0, 1.0, 1.0, 1.0, 1.0, 1.0, 1.0, 1.0, 1.0, 1.0, 1.0, 1.0, 1.0, 1.0, 1.0, 1.0, 1.0, 1.0, 1.0, 1.0, 1.0, 1.0, 1.0, 1.0, 1.0, 1.0, 1.0, 1.0, 1.0, 1.0, 1.0, 1.0, 1.0, 1.0, 1.0, 1.0, 1.0, 1.0, 1.0, 1.0, 1.0, 1.0, 1.0, 1.0, 1.0, 1.0, 1.0, 1.0, 1.0, 1.0, 1.0, 1.0, 1.0, 1.0, 1.0, 1.0, 1.0, 1.0, 1.0, 1.0, 1.0, 1.0, 1.0, 1.0, 1.0, 1.0, 1.0, 1.0, 1.0, 1.0, 1.0, 1.0, 1.0, 1.0, 1.0, 1.0, 1.0, 1.0, 1.0, 1.0, 1.0, 1.0, 1.0, 1.0, 1.0, 1.0, 1.0, 1.0, 1.0, 1.0, 1.0, 1.0, 1.0, 1.0, 1.0, 1.0, 1.0, 1.0, 1.0, 1.0, 1.0, 1.0, 1.0, 1.0, 1.0, 1.0, 1.0, 1.0, 1.0, 1.0, 1.0, 1.0, 1.0, 1.0, 1.0, 1.0, 1.0, 1.0, 1.0, 1.0, 1.0, 1.0, 1.0, 1.0, 1.0, 1.0, 1.0, 1.0, 1.0, 1.0, 1.0, 1.0, 1.0, 1.0, 1.0, 1.0, 1.0, 1.0, 1.0, 1.0, 1.0, 1.0, 1.0, 1.0, 1.0, 1.0, 1.0, 1.0, 1.0, 1.0, 1.0, 1.0, 1.0, 1.0, 1.0, 1.0, 1.0, 1.0, 1.0, 1.0, 1.0, 1.0, 1.0, 1.0, 1.0, 1.0, 1.0, 1.0, 1.0, 1.0, 1.0, 1.0, 1.0, 1.0, 1.0, 1.0, 1.0, 1.0, 1.0, 1.0, 1.0, 1.0, 1.0, 1.0, 1.0], "rewards": [-1929.4607889254016, -1698.1756860952535, -1489.6825390971946, -1326.5926569021487, -1064.9543388750226, -1093.4139933767567, -1102.258502998802, -885.507283750538, -839.658049245613, -569.0954025419795, -399.85489281414004, -488.5978905983443, -449.3217110905379, -420.73681553193546, -404.1933608008546, -346.175582892489, -202.80462065972273, -345.59616748092714, -364.59511419131064, -280.02675135705584, -449.1721051410377, -288.23285182025387, -304.4855509094494, -369.45061217253476, -266.1652438258292, -191.4512139295673, -60.97945652356968, -204.13174320518215, -81.13562871276153, -208.0801812462919, -205.91746329335527, -214.5897480856662, -256.23636161276335, -252.31483914209292, -332.19592003326545, -211.82307995376107, -88.062938632743, 10.685495762966806, -33.02440184558679, 163.2615060279905, 139.4225738382782, 114.13974912687557, 8.828063752975302, -44.90483091692973, 126.41598178564087, 16.915142794215154, 112.97898552087986, 280.7534901694371, 189.2181351478631, 173.8204172874239, 204.8723268342001, 75.08000024498547, -141.5438996103397, 36.183863456110814, 139.89574871053432, 26.052249681437623, -78.78425101305979, -98.93003748787503, 109.64012401778537, 42.51168874209813, -83.68609361826236, -102.54251000452636, -103.70935497755487, -157.28931167188864, -299.65251866203187, -410.43499911117, -361.71251254335, -333.0165874154517, -391.23340673231104, -258.27203261071816, -236.43389055255025, -199.5801176115635, -142.7088962612781, -115.51445996556562, 51.91472930299953, 71.50129297688318, 126.1195301443841, 150.90729966676062, 251.34512774819183, 233.41610481693672, 457.3603186525611, 545.5478022988577, 568.0173717745638, 455.37720899870334, 277.56620639874956, -122.46257697439006, 10.003015977523674, -136.00747315337424, -136.00867289195048, -113.96033368704732, -3.0624852983032107, -43.49857505552786, -123.97906886533164, -94.21911904444589, -130.79681039992784, -266.0761176017362, -254.72935006860652, -91.88621474300646, 47.82128684865534, -10.21012126107142, 105.37808887550896, 73.68031442080482, 38.71510889304627, -41.700119336802295, 107.7587866958771, 50.69248475644874, -72.4901586728768, 29.579474469298425, -92.01472059380892, -99.22145241401134, -75.62602034180945, 138.50181752911985, 146.10578889428444, 169.3629320891326, 341.6404317759278, 348.5676318489491, 263.5898125180788, 127.63660596615364, 217.32895702238392, 307.2849067842184, 143.8450600044529, 77.93091561083428, 207.7106158589845, 257.72295475796585, 166.23026332342843, 234.09535768750624, 88.85936961972362, 315.585818100724, 238.89720115010942, 309.7228593929405, 213.0290199125346, 63.90731118936801, 167.97936428763785, 189.6293359085771, 35.54973700193539, 208.98660995648325, 313.0880340065893, 330.5179292179123, 172.4673469966631, 115.77403754860822, -19.28783408034104, -232.99946509578723, -209.72224282034043, -107.7612731194179, -156.67575914744583, -92.7942696537248, 88.2733414044393, 101.29832972198925, 56.65453433807781, 24.522144526790292, 14.313603062518451, 38.052499385265, 67.26413152943053, 37.34564199830737, 17.273699414802195, -178.44110480701164, -67.36819959253651, -148.5660506590326, 51.76312815281384, 187.9367669340272, 179.10788270737942, 237.72990904539412, 143.7246229104582, 35.88466694843549, 35.84588441235652, 102.83422133315541, 254.21960452555894, 314.5797657552484, 476.9323472935655, 419.97627253472007, 366.77244101567203, 522.4197878998942, 420.05061795002393, 299.45838720342124, 372.30593114535367, 432.8400427300771, 374.7887593329184, 343.83090460221104, 450.5092029001679, 356.27159441528477, 384.03018736659254, 401.57540362108955, 253.077390736946, 158.7360714138659, 339.63350643532976, 166.3572585364606, 302.13719521164086, 235.91659692151822, 339.57947918172033, 475.9603975935825, 276.0384346467346, 152.9879568963956, 293.25760890920515, 302.4786576946571, 163.3803414187831, 20.689845262158144, -18.093142778050183, 28.56038812036633, 144.0400204886921, 126.78800231431828]}, "Latent AR LinUCB s=2": {"actions": [1.0, 0.0, 0.0, 0.0, 0.0, 0.0, 0.0, 0.0, 0.0, 0.0, 0.0, 0.0, 0.0, 0.0, 0.0, 0.0, 0.0, 0.0, 0.0, 0.0, 0.0, 0.0, 0.0, 0.0, 0.0, 0.0, 0.0, 0.0, 0.0, 0.0, 0.0, 0.0, 0.0, 0.0, 0.0, 0.0, 0.0, 0.0, 0.0, 0.0, 0.0, 0.0, 0.0, 0.0, 0.0, 0.0, 0.0, 0.0, 0.0, 0.0, 0.0, 0.0, 0.0, 0.0, 0.0, 0.0, 0.0, 0.0, 0.0, 0.0, 0.0, 0.0, 0.0, 0.0, 0.0, 0.0, 0.0, 0.0, 0.0, 0.0, 0.0, 0.0, 0.0, 0.0, 0.0, 0.0, 0.0, 0.0, 0.0, 0.0, 0.0, 0.0, 0.0, 0.0, 0.0, 0.0, 0.0, 0.0, 0.0, 0.0, 0.0, 0.0, 0.0, 0.0, 0.0, 0.0, 0.0, 0.0, 0.0, 0.0, 0.0, 0.0, 0.0, 0.0, 0.0, 0.0, 0.0, 0.0, 0.0, 0.0, 0.0, 0.0, 0.0, 0.0, 0.0, 0.0, 0.0, 0.0, 0.0, 0.0, 0.0, 0.0, 0.0, 0.0, 0.0, 0.0, 0.0, 0.0, 0.0, 0.0, 0.0, 0.0, 0.0, 0.0, 0.0, 0.0, 0.0, 0.0, 0.0, 0.0, 0.0, 0.0, 0.0, 0.0, 0.0, 0.0, 0.0, 0.0, 0.0, 0.0, 0.0, 0.0, 0.0, 0.0, 0.0, 0.0, 0.0, 0.0, 0.0, 0.0, 0.0, 0.0, 0.0, 0.0, 0.0, 0.0, 0.0, 0.0, 0.0, 0.0, 0.0, 0.0, 0.0, 0.0, 0.0, 0.0, 0.0, 0.0, 0.0, 0.0, 0.0, 0.0, 0.0, 0.0, 0.0, 0.0, 0.0, 0.0, 0.0, 0.0, 0.0, 0.0, 0.0, 0.0, 0.0, 0.0, 0.0, 0.0, 0.0, 0.0],