{"k": 2, "noise_std": 1, "mean reward 1": [79.72735537468539, -52.28568310003618, 50.3933952254999, -147.1834830503491, -25.00773322576334, 61.1867949986855, -51.23345359075058, 171.91881575574612, 44.11926764466037, 52.78862812764296, 60.41995710784058, 30.319954275501765, -17.916145561025573, 107.09098544363601, 146.47966195168084, 23.523289621585878, -61.90200602736146, -116.59210996380057, 11.260174641006243, 184.73071357443857, 92.77437738596339, 151.51643601054238, 141.25781465810562, 77.69464632295082, -131.5026146820622, -270.7792091189833, -66.7166764690782, 200.15864568900744, -44.18921266811411, -36.05301056846275, -186.50949542713713, 64.39928058396004, 310.8400184757064, 58.942555520522575, 22.944312289959324, -25.49468825538355, 146.02248757227042, 208.94271879460723, 198.27044831650932, 51.93351659066063, -115.95134985876045, -100.57259321956482, 82.03959978534034, 37.88941228518644, 76.50835259946633, 8.595389704274666, -147.18963467905758, -71.73741006285603, -89.92910993201629, 32.49002525647687, 167.63952770219527, -94.17044888338454, -67.92776051136607, -137.20539647866997, 85.57460500210495, 127.99807583519109, -19.847957723053256, -179.92912135048292, -213.8223302296868, -35.23707174769385, 153.135992456391, -26.366467777353254, -44.64367627945367, -121.43795628088183, 225.13213678792007, 308.9434333522151, -56.4630915497211, -211.19546328728228, -204.20211699112852, 144.04080601396453, 197.9558341881193, 12.142527003099064, -156.1912206573385, -195.48647520655354, -156.75851122859416, -67.04219241794735, 132.69437465103144, 75.46357389100405, -81.20451741836371, -196.6057675365869, -101.87554171246201, 227.3308179091257, -57.8012340078077, -126.90597882016301, -37.577692227435, -8.01595799706581, 187.50694760632928, 151.34351807311614, 57.56876994996968, -166.16311626138284, -139.54852230289097, -96.03325421230012, 111.61284163631736, 86.12087602660354, 116.89907809761952, -95.15615239645408, -142.99440216881848, -151.281800417372, 102.25218200590291, 113.383718973659, -65.42120690037086, -37.99477901905598, 86.9170559096248, -96.30172797261113, -17.936177234309948, -37.590539694040345, -162.1162206382718, -179.06053213134703, 79.077169913572, 124.85882230890543, 28.05315862439995, -194.47913727728863, 20.386404687593405, 159.5327235450892, -42.79985339665304, -21.93321039764201, -8.249244780627105, 28.974574198224744, -72.85464020103086, 53.99129612883856, 101.87244175569954, 1.6916825817369252, 65.99862843682227, -10.53343130662816, -36.698899036795865, 186.169580995306, 124.97059270279513, -132.44145179264794, -181.2594180916871, -48.43651960455563, 139.8217822158602, 243.57017617555616, 25.997964193913436, -73.01773841919014, -318.9229002001938, -104.56521224406865, 103.61187727768106, 36.199794945721486, 23.086723108240676, -215.01652745005532, 37.835157519065696, -1.0964995135206435, 3.2333436910853166, -105.61068682962012, -15.050657858491261, -50.33226196341586, -49.66066169736426, -49.922228932285165, -20.045273365888622, -76.04092750337915, -122.00507874801856, -174.93510631755572, 56.98779811493279, 53.487332549151255, 77.17457109351346, -13.03260365573338, -75.60061832447322, -233.17796726133636, -58.39648127452095, -34.837296450306454, 10.48963941582172, 123.28514930553315, -14.078565609577531, -141.41440763354828, 161.05943175923952, 101.18707131697988, 97.70295938801378, 48.76278675968928, -46.71699862670393, 67.02105331585715, 54.45127172490935, 37.362107039368695, -95.56169441031912, -325.55583121155996, -154.54067639968875, 76.94053182811817, 105.64960204776011, -3.3739871224116618, -44.11743981520206, -57.53364544503403, -18.824817637672158, 88.69872283500627, 183.64108639520987, 32.66887568131448, 254.00581426816777, 64.50192133488977, -138.12125566783698, -93.12855750243024, 211.58305780033854, 199.78407991861192, 194.5094280385583, 294.7476585784167, 249.32044980851512, -14.237687382268982, -0.20216665953856072, 13.636617815994489, 150.5415556963497, -7.288749801883688, -64.31351897027801, -66.06583855534925],