{"k": 2, "noise_std": 1, "mean reward 1": [-138.14162401404363, -143.32666868048264, -76.22544800781516, 13.655995595242981, 114.23057194293709, 128.07927501132795, 89.48147754618667, -196.50492745796996, -13.398149803410252, 135.98402364354195, 116.70077643080607, -32.255078850585626, -158.33451334986086, -177.62264599293343, -53.89375034327585, 105.33379271288925, 315.01380059301977, 75.59725752244508, -349.8807829963071, -257.7822291112213, -16.512975088641426, 193.57923896401047, -42.24881469217188, -50.8365627949394, -144.03858396720986, 17.254783965553923, 29.86014213808571, 66.28460980338214, 158.5023262251952, -139.92667436288053, -283.64856907650824, -66.2728531674166, 48.99111650490684, -18.835221006268966, -62.30061566714306, -21.075079831000984, 8.393857264648139, 45.82491197226073, 114.05316450486447, -9.410434560875652, -56.950156272867915, -34.311543386698126, -168.22233048905508, -69.79692568838746, 62.94743207589689, 2.964515940651835, -60.57143523483843, -114.62198308813419, 4.670443201431285, 97.51339051751735, 108.60791055006827, -99.17549802311515, -171.90879384966573, -82.15409316744007, 46.971485430895896, 4.022770610820348, -41.30588549127444, -33.53769326103862, -8.364280527399725, -5.443455569065425, 32.51881663549913, 159.96700165734364, 314.17591400246783, 66.9807739479071, 101.88969383255737, 100.9660956070622, 13.234664914096184, 111.43555227919488, -72.76476127416458, -42.78459271114574, -0.10006499437087701, 53.298767611530195, -165.85591327374928, -58.14423574785776, 35.284178085144056, 107.16460922544621, -102.79470800735051, -40.948175091449755, 83.99371513532263, 50.95739677299122, -39.336760757843045, -64.57259845309318, -39.330416285525764, -125.58451708463008, 125.62553704414667, 183.91437310118118, 8.958442415881922, 75.3736850437181, 31.12519918940091, -9.22257057355553, 83.62817463935014, 54.23789868646208, -22.156430195289982, 85.32493678787205, 34.72323187365503, -31.955797968355142, -12.68702919256831, 103.36486455120377, 123.94388378083028, 13.128946268128022, -55.03476460862977, -71.40164719558878, -12.434194631536657, -78.32089668060351, 49.45877271447537, 108.805982524126, 136.5414730607594, 27.281461205839108, -100.82364348850106, -212.889145234633, -83.42703269129697, 117.10157777257733, -76.09458467082695, -19.115657220440163, 147.86326630288454, 103.75255285100748, -58.458862620933786, -22.347363388256092, 250.10260636159666, 194.519431735313, -4.172783205985472, -216.04180751412915, -83.91631961550513, 84.0334816989085, 149.78233649198742, 129.45904068047008, 51.04703505832347, 11.665538756259647, 42.6669927105018, 119.46641652839212, -42.02324895101914, -64.71888831162921, 62.754203691080825, 100.92538055653617, -230.2141227092901, -102.76286233061815, 34.15816486263728, 268.6383438012772, -101.52025613656663, -192.42771290593922, -75.29495259884918, 83.74898248871563, 107.0856928927944, 81.99100426017962, -62.90138507520312, -55.68795216804264, 204.16096642380586, 164.62827918655495, -77.13390443960928, -53.06078724152437, 46.43685526982305, 129.93377316819507, 92.81983957837858, 104.02054686976857, 30.215613968487425, -79.00621920469597, 23.95327786586986, -147.06057323454732, -165.94075439708206, -76.94118627155704, 8.734523031700503, -82.13810417674358, -187.51830793202458, -146.15206114751683, -67.77334684545757, 24.470868218155374, 289.2837855852909, 7.0804848135361365, -191.9418700343019, -71.08266478302443, 66.05299372074495, 63.14010839969969, 94.96304626611929, 100.44390685900436, 16.223471232746917, -25.35036439694721, 119.04764167801952, 138.96427822584917, -1.8583899166859679, -104.27992595638513, -60.982364407241576, -226.60873730260542, -126.66493543971602, 40.322066171409766, 26.084168584514757, 79.03924685788483, 39.17835612253896, 64.15055024739529, 121.11822356104436, 62.47021601267424, 54.68490399728727, -2.550130365125267, 63.84326415899775, 105.01045771842499, 92.19617320271031, -222.324293183275, -198.5234678492998, 69.1139744050466, 329.3560886905021, 39.51030466336283],