{"k": 5, "noise_std": 0.001, "mean reward 1": [-17.994860441113726, 61.69415467679315, -13.36503256767892, -42.40036662355256, 16.841775475263685, -24.77735812013245, -4.3200224852377795, 0.32648543347881925, 2.6332566136612554, -1.3081517257225879, 6.97272835882657, -0.741336345580609, 2.4389921244486237, -0.3631802545234143, 0.49411604495252875, -1.2566136342319356, 0.2869922197052532, -1.0805061915365057, 0.3363816427156701, -0.35347726744338887, 0.3020641767526522, -0.1354504411736307, 0.26733947552648074, -0.15784662505256808, 0.19348516413472894, -0.13882881369002728, 0.19408096613961415, -0.13874885773834902, 0.044388566151081596, 0.013873582608112936, -0.06047988599503434, -0.0004502783396838026, -0.09890014244110493, -0.14272780861206544, -0.14002828761657274, 0.0812333773275703, 0.002438407856237201, 0.09310839721175287, -0.03504876305693105, 0.07243013529417522, 0.21415306150875998, -0.041925818015391816, 0.09589292287756197, 0.09638993464517462, -0.1461825932694566, 0.272151482847502, -0.03401741838127879, 0.05663260291888087, 0.03257022841190376, 0.08000173652149889, -0.07981843316254222, -0.121823553560496, 0.016423374548500857, -0.23833280869843498, 0.06698866884461317, -0.10176084934425268, -0.060971739734716424, 0.035593492755288364, -0.11810849298404735, 0.006321368280803679, 0.06133882520190431, -0.11651115755956744, -0.20796527869615422, 0.05591966714189168, 0.006275617441898183, -0.14933737938170374, 0.060687994212396, -0.13310855079387823, 0.1096633724686967, -0.05411884130754692, 0.12992855163878697, 0.03787120939349453, 0.05801380992203735, -0.0074629745547372325, -0.03033443620771988, 0.07604040534525633, -0.08427867312125255, 0.18780545007903637, -0.015393000956318362, 0.22372669713456453, 0.014371923185708832, 0.043916769537153504, -0.10298116146777721, 0.007736495497443564, -0.05454087927028264, -0.02303671197242941, -0.12150110887329686, 0.07978206046712455, -0.29243099603450573, 0.05421373442072682, -0.14267096560891077, -0.07576739033486338, -0.08075121330229834, 0.044122267303414134, -0.03295412637072168, -0.02365283166334797, 0.051903977058434136, 0.09263383506189281, 0.03384383239932976, 0.1509177898790768, 0.07232270152351244, -0.15617288201095625, 0.01489122677414273, 0.00723610446930527, -0.08406979062570576, -0.02173688473832901, -0.1207428873878505, 0.10993930001281008, -0.19024299699126057, 0.04301572633627914, 0.017170732580202273, 0.041741674089135865, 0.010375170139958739, 0.017073420343087467, 0.05137842990249057, 0.08744416646980113, 0.0768530830595902, -0.05041911625485696, -0.09375313398954659, -0.051960253112538074, -0.07210685007976729, -0.15025994150823638, -0.0683262481361415, 0.06532161651208182, -0.009809259446236538, -0.0152932771542655, -0.11286498744287626, -0.044402912835589656, 0.13939278229817945, -0.10298547385631271, 0.06812084675112429, -0.08060265655198852, -0.14402447693914422, -0.019314655720421833, -0.14030930558041863, -0.0264643045488083, -0.12033183325973139, -0.07934301595954751, -0.08757085777939481, 0.05048772154066751, 0.10448822917897478, 0.05003762831131264, 0.07186206989658181, 0.004740929157646831, 0.02213689288506508, -0.03727065196192158, -0.12048015926424432, -0.09645356557661408, -0.11628761269013148, 0.03770340974515121, 0.028687551219100438, 0.05232732695320101, 0.1809996952633504, -0.05756260257818504, 0.06756766362628282, -0.052301303196601534, 0.23889307905338333, -0.06204856342266728, 0.01637803484631704, -0.0974196018810573, -0.038300646452641515, -0.08201551881999296, -0.01036043877388631, 0.21238398226960495, 0.040225530897106274, 0.07297412171825117, 0.04614094695177696, -0.12022707121755537, -0.11269656287866468, -0.009413329487363271, -0.03881637172883166, -0.34034328850274626, 0.18629371869145797, -0.1812366249748599, 0.17822002398127215, -0.04815678426370482, -0.07034587283370267, 0.009383000166419823, -0.07655175904612063, -0.005290253766229773, -0.03698766488795728, 0.1266882179896047, -0.05771659151682551, 0.20138544050054658, -0.06764380548283935, 0.18651399093006452, -0.10273460763392679, 0.12115462962533252, -0.15232562173821562, 0.0492131385609483, -0.015867585638863303, -0.027507984408952506, 0.029856605881822672, 0.07642907952316502, -0.09138948147333753, -0.015481285151091597, -0.12322142204125296, -0.0335508492995963, 0.2188612059326473, -0.025640308792090255],