{"k": 5, "noise_std": 0.001, "mean reward 1": [-41.578142789277905, 125.6351637246515, 102.32899810745243, -117.66612246912483, 143.82787241888926, -68.96367801256369, 20.904939985758322, -25.34951890911063, 13.977182530356716, -32.67059704032598, 20.87181398411381, -16.742387616674513, 11.983325177354526, -6.055430792419832, 8.902585615763, -5.427540294785526, 5.963227412433935, -4.203761382734283, 3.0396923300976906, -2.993366328382262, 1.7809117877829759, -2.188679573732612, 1.3701440729913392, -1.1236845739504355, 0.9270216682360457, -0.47971898313962336, 0.6304381996307863, -0.43310124466849254, 0.38680183239833676, -0.27823883462469023, 0.3351446013104153, -0.4059576303709724, 0.25722474138663964, -0.040166655418298156, 0.10873963993541556, -0.19967173464078314, 0.03567703498014965, -0.15484511074986157, 0.1448289321786304, -0.026915196623980314, 0.19082279383040743, -0.088714356408881, 0.07488481747130389, -0.011027443778906097, -0.037248025861048875, -0.09967409505608313, 0.18657308988316135, -0.08403458248251491, 0.19544248189125576, -0.051197137496012964, -0.07091882313355627, -0.07410528953455467, 0.020791483118985758, 0.08454504516055286, -0.050515496245289025, 0.0010715386967061484, -0.013397403417721547, -0.17439847061625302, -0.10067547266536757, 0.07462178459892217, 0.04385136772243701, 0.19040215769162835, 0.17804640151333948, -0.08939786220949726, 0.03223236249719878, -0.23983522025161597, 0.15558392177383132, -0.12759066183363532, 0.26841754891902536, -0.15881264447254806, 0.13975306504335794, -0.07769256954897157, -0.00821519157643781, -0.12902124271585838, 0.03745032297394741, -0.009215196053728995, 0.04956762431775324, -0.15411855199390664, -0.00042846297909342624, -0.22656236013295292, 0.29013448800176905, -0.08073201809232755, 0.060484314495223485, -0.022169639495471814, 0.0759895208170906, 0.17612225479590246, 0.06825160772878716, 0.0020319222658484294, 0.00791839643494463, 0.13109859000982435, -0.16246671003852772, -0.057471592051787104, 0.06658137212778022, -0.09367970468033102, 0.0793977307469843, 0.043498613422762275, -0.06787194106073845, 0.09555262378229253, -0.055622576311532834, -0.07443751815162532, -0.0393979003071375, 0.005002820960783513, 0.11452349584315051, -0.03991514773969526, 0.15016932075102124, 0.15869798847348549, 0.00048602022459692167, -0.10754661141749706, -0.18478572625328152, -0.025975519795880177, -0.16205174129082003, -0.10159193741906497, 0.26429064496060145, -0.05872408078838837, 0.15325227005020758, 0.09540000716337056, 0.08273202447313402, -0.13012390717154979, -0.07274177623047402, -0.07921618617813071, -0.09086688446152924, 0.010918909320580879, -0.1309673919223277, -0.0676963825203184, 0.08990962942203698, 0.022032278418864994, -0.11777422420925467, -0.14055144036143977, 0.02938496657932737, -0.20773751565289852, -0.15877515677633985, 0.04186431690010556, -0.19714613264635059, 0.05456531152247024, 0.003909925842380781, -0.16792163697535528, -0.039226612067824455, -0.007773930470224495, -0.014893859018623152, 0.08543348524352529, -0.00877278057375515, 0.015186462898643085, 0.09932980576396824, 0.028769449811980572, 0.08021060890410545, 0.0060019224312960915, 0.054746379368509075, 0.0014424264959234834, -0.06872697069191736, -0.059225364612826306, -0.15793576208861992, -0.04597424105414962, -0.15469928186892862, 0.07226265732195476, 0.01131884564438409, 0.05063040440800223, 0.06678649968589162, 0.18676374792293168, -0.17619012155521563, 0.15386008411737245, -0.11277815369713826, -0.04363871562802361, 0.026875866072417418, -0.04173874093386209, 0.1561338180564043, 0.0479470644981816, 0.27723231240941076, 0.06975003814506557, 0.20162440707033819, -0.07430265408359842, 0.004961679596856747, -0.0008852583779036345, -0.04936424501837068, -0.017548702835262397, 0.2653350020668683, -0.27766090381575276, 0.11412427683289278, -0.0724810152634131, -0.023967746298999, 0.13371863406158302, -0.0029768925422866623, 0.08078511750861064, -0.0721720173814714, -0.014935149774830724, -0.02884197767663787, -0.06353126256422924, -0.17527963080833844, -0.05002928980402305, -0.09727036884279518, 0.07658514242942539, 0.07961894338724854, 0.34002588689988517, 0.01687955771613471, 0.1522815192618691, 0.0374928483439599, 0.03431231136669651, -0.07917328663921123, -0.06791583498964633, -0.0013848871489927214, 0.01838493317501569],