{"k": 5, "noise_std": 0.001, "mean reward 1": [57.19719384058962, 151.95230346403707, -6.759866821846979, 40.30010232298278, 111.8181749910703, -33.52217830459313, 24.185277082267902, -10.234149473441995, -13.051035429533034, -18.78869396760327, 1.2162672837267268, -13.100889326712096, 4.658891771532798, -1.2169668210311761, 4.49537996898065, 0.310532610085133, 3.621656110565537, -0.8783641312218877, 1.5387816764712905, -1.3143137615219385, 0.05574661697241609, -1.0722724035732338, 0.07040325530308517, -0.7462540106165643, 0.3133942632821536, -0.15976199476048542, 0.15646183289154653, 0.04946838054208057, -0.08869989966207538, -0.11794801222680348, 0.1110595556373001, 0.07146449762278197, -0.15846430306078874, 0.11256156436789516, -0.13536210688023598, -0.14759319077215183, 0.059120832535475426, -0.07816981649904756, -0.0001012169605716268, -0.022798508862554374, 0.16765078909893977, -0.15938720520490623, 0.026204775061647204, 0.10929081868717057, 0.1511852709704848, 0.14799676713962542, 0.03301278265584736, 0.08624575510240422, 0.06559516395870833, 0.06782995877011441, 0.07921474947509116, 0.0180047982601473, -0.018989448471461487, 0.050084073408539966, -0.10096689896207697, -0.012013945774589604, -0.051592406086452734, -0.058626508647594805, -0.23561605861277304, 0.13507689970097023, -0.02172188206593708, 0.07711334330220707, 0.04163060893474231, -0.07082553985478625, -0.018521055810223775, -0.04667663172172669, 0.08316648205797197, 0.01054634850083207, -0.0029655337194764366, 0.20544309301709715, 0.06756305208893121, -0.07236491998197712, -0.032422386627510534, -0.009673117302422408, -0.1600655428969593, 0.09104805384546062, -0.125625772126843, -0.04885781074480777, 0.047811709011166915, 0.08876528160468557, 0.06705480611875345, 0.0008187562549423055, -0.059548952918572304, 0.10622173980886507, -0.011713833524497211, 0.03978788421682073, -0.04086718479984321, 0.13250154077101375, -0.08101632475866916, 0.10497618365805025, 0.0403484278351679, 0.0538660158051916, 0.06981111389372055, 0.05607062646518534, 0.054034671581523364, -0.06538846999747058, -0.11782647582558783, -0.23404351835462955, -0.20210501732370376, -0.029638508549877065, -0.04085385778400275, 0.02223951199336086, 0.2607479355213303, 0.01935369204700183, -0.015461418914803357, -0.028150271296092228, 0.048827131176941506, -0.09829544086750183, 0.04952601257126753, -0.08294231175995212, 0.018408833750415333, 0.03729537802481128, -0.05114839592457094, 0.11128983235695594, 0.08217266063662422, 0.09958452769061313, -0.034966324061712815, 0.07592254254916776, 0.04473328002688702, -0.022097992306051424, -0.0022816208989917433, 0.11117952990487337, -0.12241872798913253, 0.22719878319501183, 0.07523820796571082, 0.11831100099306607, -0.013790867815589638, 0.12648612131057757, 0.06184718682532462, -0.01553648793096305, -0.02967184338319371, 0.014666974705068133, -0.09665311299487211, -0.1300610373627603, 0.19208223959080506, -0.188029348969681, 0.21651110280844513, -0.2103632163478864, 0.28658705409335533, -0.1267062415608103, 0.09738285622261429, -0.1514313571303743, 0.06785715323473979, -0.012147187978234296, -0.011435146169678357, 0.09685399876061475, 0.045598839612635986, -0.1095943312437177, 0.1377868634145654, -0.21460880701664042, 0.20308792918243196, -0.07772818327469547, -0.0661136674662764, 0.08470423310547076, -0.10486157888555123, 0.0754871661791729, -0.30803449980596004, 0.1214080011986396, -0.32451227460705834, -0.03363619085060982, -0.05947809759438514, -0.04830276947510237, -0.06403810458214061, 0.04374970029827136, -0.10934125492042125, 0.09175554903281069, -0.12202385263066885, -0.13708585689812952, 0.034834236673230316, -0.287432362823863, 0.08251906024064434, 0.04108667911182181, -0.17327518156304642, 0.023730396332255457, -0.13982219897893944, -0.23945322620751672, 0.0518196669064413, 0.11936399639855838, -0.014365415526749274, 0.04782207364903244, 0.007265595816960494, -0.007947178124990514, 0.08708492983174691, -0.06503011445306736, 0.1081789564923765, 0.02731265424362561, -0.06968826157214623, -0.0954775740854819, -0.021762778312231407, -0.17572254532086323, -0.11879248718034026, -0.08020474678924314, 0.09785263889759171, -0.054041429044011456, -0.08938759337344775, 0.07083201798078334, 0.01536737253817939, 0.07154674137832842, 0.06701046375662587, -0.060709065041000494],