{"k": 5, "noise_std": 0.001, "mean reward 1": [-100.12611888174314, -101.9803802010659, 14.851680051409943, -140.53493647897318, 14.393673722929861, -25.298053788867996, 16.246904171941253, 1.537916254265139, 31.593757211052825, -3.4299630205143616, 16.928444510980317, -4.907248710576333, 3.3046416447730853, -7.050271647680449, 0.7821225852334057, -5.768349413017218, 1.2730728262107212, -2.202653257815813, 1.7620623619167144, -0.7698626099354922, 1.7043343163616949, -0.3310185233770182, 0.8967211721452727, -0.547252775918019, 0.5845225782938673, -0.5979216617761149, 0.33143398608767205, -0.3881497208509929, 0.22956518329565295, -0.33576759831242226, 0.24338928735498103, -0.15014160491290002, 0.1103664111749751, -0.10150320163781221, -0.08292534916898607, -0.08924295554411563, 0.03720535328727212, -0.05658473131590416, 0.060037716288186285, -0.12571898260551181, -0.013284159928814295, -0.10173627991892646, 0.01089087468335047, 0.04786785943390039, -0.13971962808799424, 0.24910469520529863, -0.09373076413189706, 0.20129149241554556, 0.07914363484784324, 0.15624580969193788, 0.0534776227201596, 0.23608098043295914, -0.015798062853589964, -0.06609049807684339, 0.08616604664563386, 0.11250814044087666, -0.11341935602456067, 0.23267597778463886, 0.018452543709648057, 0.23984679490172012, 0.057581316672410184, 0.06966023147979429, 0.07570103170531448, -0.12121890329726001, 0.13463520822778666, -0.10038718728577903, 0.2220354990396133, -0.027637566712899846, 0.1484432580054034, -0.029149931010508764, 0.1252412625223337, -0.08339034056816819, -0.05829942185154475, 0.005036376532191255, 0.02261472000744893, 0.07048332744915536, 0.13303050464590074, -0.027374824809948323, 0.23298413648323618, -0.13477853144250349, 0.018741688576386115, -0.16784257786107046, -0.04092877349029018, 0.10128382603256897, -0.015847094713830445, 0.13973436054136204, -0.13604262141063148, 0.10732842182038342, -0.047768050046510815, -0.03932213962535506, 0.05277683862612273, -0.08282619689960674, 0.01704459188094592, -0.15436876447085043, -0.19418463117388177, -0.18813037974531957, -0.039673635872518424, 0.08096973393010831, 0.032978453519787586, -0.03150720066815149, 0.05325580735472777, 0.062305721581620385, 0.12048932579408862, -0.01807322261899448, 0.1237467581697492, -0.19748928096909835, -0.01774389978709237, -0.0975399044602468, 0.012157707139774399, -0.09276298238845496, 0.014019673952444259, 0.014148763998456207, 0.008925020673611455, -0.020891706000935234, 0.07447721204425672, -0.018916013330178293, 0.05063569538837756, -0.03261817270901179, -0.029240470880107165, 0.025132566272146332, 0.05682448212234201, -0.21642275755229062, 0.14131718380942104, -0.14335595248572194, 0.019892265412498174, -0.20216501235269638, 0.1664712164777241, -0.2684802480013885, 0.06499531055738662, -0.11650928150339096, 0.11321287258172569, -0.20261567894342566, 0.1795743815100997, -0.15325480110305328, 0.08588991663083857, -0.04095809283726543, 0.05737909011766622, -0.028270364188318953, -0.23109470485052516, 0.06063841659917804, -0.14393080413817774, 0.007314010053468613, 0.18552364968176363, 0.09957177155419093, 0.2157920061384348, 0.1100798265448642, 0.17545038869257193, 0.11435699974730032, -0.0325142659809006, -0.09490466155821713, 0.08501213963853449, -0.04789152485909986, 0.05059817613053411, 0.16350616193701514, -0.07105091766796574, 0.02517670164653849, -0.1479649932036548, -0.016059867418624127, 0.02745706833300629, -0.08673712956239397, 0.04614177038168403, -0.03653156541140953, 0.006154600014153753, -0.08836690467256161, -0.06185662060379448, -0.06081345695025784, 0.2097886107261581, 0.035858574144085456, -0.020766944151271435, -0.060157691735871106, 0.05463676591188403, -0.03864155718699886, 0.18397560249131611, -0.07677164094323954, -0.03112144110566442, -0.04277139528362265, -0.01002131068455817, -0.0129445066440089, -0.13007287462490996, -0.04081354500333636, -0.08864575107077335, -0.057602171338099806, 0.05021146964664191, -0.008436944410012012, 0.06898616836342972, 0.03050215942293227, -0.011628470366667351, -0.1012794633603811, -0.08948888103060161, -0.0691137324733064, 0.010664223226779988, -0.18130132134853552, 0.14903413954142644, -0.03305258592043553, -0.040527274853935, -0.13877530793209125, -0.12182857379444914, -0.04927816632168034, -0.06456392121119463, -0.15738769124438173],