{"k": 5, "noise_std": 0.001, "mean reward 1": [-87.48743744661846, -71.9855864426785, -30.10531054987668, -44.446419440954294, 157.922532836381, -22.07648519031829, 81.74125877072413, 3.214054923408955, 21.348677601269873, -24.981556643791624, 8.366166072622818, -26.858156405337542, 2.573839805207439, -12.046113313056859, 4.8637756296731265, -4.312636952135153, 6.9000263677630835, -1.690042534552107, 4.4563845359211, -1.4893923607389536, 2.071916872756564, -1.90959856820734, 1.0030542007631695, -1.5199570476574105, 0.38960459332032, -0.7296448201670811, 0.43812790155779, -0.3291058782207319, 0.44932819500850774, -0.2355408714941398, 0.3959836115891623, -0.22983989559956514, 0.03216439675003001, -0.02760180081542, 0.11591083441175525, -0.10753060177223807, 0.12438590163985469, -0.08522632028014716, 0.14534653751220408, -0.08708227870045439, 0.159219301478714, -0.12595500125001702, -0.08158613716180596, -0.11000189323602881, -0.13728173539423855, 0.12677185016684525, 0.051890486729597826, -0.03865499370008501, 0.1765723563093928, -0.09387077461302613, 0.024306572479526767, -0.028285190659328274, -0.06607104817864191, -0.058565842000463865, 0.10091840892933043, -0.0417325181334949, 0.033019437961303515, 0.10545747293745332, -0.040759687829236224, -0.17801867491194565, 0.0047334995805320855, -0.09965755556593661, -0.052305056362780517, -0.036928299098626306, -0.09409948264957413, 0.05265491136265601, -0.3531905736991909, 0.02094612241876838, -0.28570513624090854, 0.011096586782169095, -0.2530290270226116, -0.03748873022288074, -0.13226362952814927, -0.02740640822107888, -0.010619381260786665, -0.20763310862150952, 0.002092552103135736, -0.032958916735953046, 0.13744308711301842, -0.0032220292793063653, 0.16927330579554356, -0.21729101169153867, 0.10993518519194989, 0.057612880249575754, -0.04683288807867986, -0.04932761206334495, 0.0539140153367194, -0.08545134845879442, 0.022206324386209456, 0.04235653985673432, -0.07858073265068909, -0.015703964730142204, 0.012350377871735724, 0.17023541523227587, -0.08445445128425293, 0.21146319475961245, 0.008075167066141767, 0.0643287980732598, 0.05497455962521386, 0.010805652510669185, 0.03190303783507679, 0.10333362372417375, 0.08576019760719122, -0.14317913179908054, 0.010382272978855321, -0.03747849316383425, -0.006297453273703421, -0.16035608912879362, 0.1709714096251607, 0.02707849091947752, -0.03669063060879787, 0.16630791753984137, -0.12468246226902567, -0.022759286098531527, -0.07440217320341513, 0.06682633870157123, 0.1815147963991676, 0.0503654125283924, -0.040554317792139576, 0.05176948745428102, -0.1390043918300612, 0.03402524157934169, -0.18126662246447986, 0.06015423323635848, -0.21477108745501186, -0.04850810521711735, -0.14063902151196014, 0.02839821726029636, 0.08059441238925531, 0.06117666909558088, 0.11844141266575815, 0.057147530341482115, 0.14437229540773755, -0.056167887837836585, 0.33780577948053686, -0.25811210903688814, 0.28720955028781303, -0.1186190314021123, 0.059430098335768164, -0.06770919350306746, 0.15208353348522066, 0.10302629807285221, -0.12611522480789214, 0.1445018289924954, -0.07677257120350894, 0.07653102082688266, 0.008450102836532676, 0.09116784888948815, -0.007400167772536964, 0.0634702208403658, -0.005880677562518897, 0.007506529375418685, 0.0912431349194993, 0.11129416483813968, -0.07818239944503869, 0.2844871455025815, -0.1847617115993353, 0.1310243201561349, 0.05424714733463212, -0.0855931380704142, -0.02887639132879188, 0.03070077195660394, -0.14143880480983997, -0.18173887699718344, -0.1445890029613635, -0.08845018399970689, 0.10352035456323166, -0.0001885407068112101, -0.04996672557684877, 0.06739026886203059, -0.1432306497066256, -0.07673892010863922, 0.08653209233317184, -0.1466211609781435, 0.08199677789057093, 0.2893690754211309, 0.10754458938681329, 0.2596937108790864, 0.16547799523973739, -0.07367903907302066, 0.21561514328130746, -0.0553650595238246, -0.10713668531708237, -0.14969340454928087, -0.08591170758650758, -0.18592113399667404, 0.09625239560609404, 0.03246934434357271, 0.016120787115566217, 0.14895261251971717, -0.02333203175982877, -0.007687815772754788, -0.0162305506316976, -0.012666976357237968, -0.019127849502509852, -0.12475127766251018, 0.0907898856851284, -0.08569017239340197, 0.024077585652382685, -0.04718930978257913],