{"k": 10, "sigma_z": 0.001, "mean reward 1": [1436.2216345858317, -243.0467957742026, -757.4121874206129, -935.5666275694874, 146.01633778838686, -1408.9131931937227, -375.53453971152084, 110.47624247890293, -383.5401306430736, -199.5789807729441, 350.02201407911366, -286.89988531068076, 124.63919676393044, 192.30480031840668, -172.76811712354728, -23.695711226547626, 72.52814920532403, -135.7137800920996, 24.36271752372002, 48.500939725424054, -81.0035459715665, 19.554389676175575, 41.58862186471183, -38.222463492593135, 23.683747242070996, 16.369384295640387, -33.56503187390653, 11.659583608827681, 9.961545490254856, -18.97687015301501, 8.630410995482883, 3.2839960423550933, -11.912435514008322, 7.908501337931901, 3.520962306738244, -7.22706362676764, 4.403623423767799, 0.6371962885165642, -4.5474150198711305, 3.501122932951841, 0.28313139467782183, -2.895238647531486, 1.9770488410730738, 0.04260848793035293, -1.628701544535385, 1.5435274557066214, -0.18991650758148496, -1.065941340466998, 1.0420020180842275, -0.19584221731620108, -0.4709729705027232, 0.7078445705653926, -0.19696053950107212, -0.13401791155670847, 0.40781416006009463, -0.0748012037761977, -0.25019968738511605, 0.13100257721480313, -0.1279844007670601, -0.061563133777161466, 0.1648822378735493, -0.17856724558638856, -0.14242173299814567, 0.129664374902089, -0.09511897902393517, 0.012282084651396843, 0.13774708064409974, -0.17925105331553287, -0.07650896889974189, 0.09162546095951561, -0.10069577721385471, -0.03449229235128976, 0.006692682599038267, -0.00014358141652695338, 0.2020272879026599, 0.2409854050743851, 0.032485130487880584, 0.17241802348512295, 0.07318836160797759, -0.0740635404153241, -0.13459363992828752, -0.07560472861344368, -0.3265392138902029, 0.005554655265196229, -0.08890131764766758, -0.041359164377487274, -0.029855293909497056, -0.07725531660297037, 0.03071524226837742, 0.2320198411981881, 0.0669534955807775, -0.04697082084806345, -0.006617708934769214, -0.05604637331117195, -0.11548395359524977, 0.022831146089890744, -0.1891625770970564, -0.06502953790675292, -0.01776463153343147, 0.10626918165953171, -0.1194083949848005, 0.07980468461580298, 0.1452199343472047, -0.044840070165081625, 0.017239824800369497, -0.1721290865315158, -0.18834582898531366, -0.09114067905311342, -0.14075472568556976, 0.014922927077203437, 0.05918968132772298, -0.12292226084078917, 0.1603629492454573, 0.014435982085641081, 0.053312043568113525, 0.09061133772072077, -0.04881747466111425, 0.008535999507772656, -0.007389911081318097, -0.16382751254489467, -0.04715468754314731, -0.03035711943227521, -0.19007780327157356, 0.030526258206063868, -0.09006763454631074, 0.10988870139449781, 0.03179579372366155, 0.05626051641030598, 0.09769906224069957, -0.15687243058390052, 0.05910216534651617, -0.08257790174505894, -0.12445311188069132, -0.08766841680509047, -0.1181955075109121, -0.1327851882951861, 0.04083730698710746, -0.060849350658383435, 0.03514000668097203, -0.04446664820943222, 0.08963613001409552, -0.02751841793757612, 0.18161526166312397, 0.05080075637155992, -0.15509019773509167, 0.2320713817206106, -0.19190924628626166, -0.0011678701666486353, 0.09214989449446537, -0.14957213542896025, 0.15740838659718365, 0.03050673087274773, -0.18714249825644208, 0.16190119398944966, -0.10602385245700537, 0.1877116172680183, 0.15868954971543892, 0.011149741775286654, 0.032009770547335815, -0.14896724635976366, -0.11182276830395588, -0.06506761082581501, -0.019058360184814112, 0.06868551824777823, 0.06206412644750569, -0.03802698505324105, -0.011955977236231775, 0.037011267374371895, -0.08606623243451064, 0.1922472748052662, -0.1662927695051793, 0.08306294510294704, -0.08798234726826655, 0.04725027428031146, -0.007074610267928862, 0.013834137899887097, 0.04156557794856447, -0.0807742308532088, -0.012144383144936212, 0.08922202150004671, -0.07097327325760934, -0.06231123528970281, 0.07020380611564916, -0.1220557306972723, 0.030059884545196237, -0.006818847385367245, 0.10733077904739048, -0.04890626633489406, 0.012759257857434035, -0.18809201467682202, 0.24969959821352852, -0.09915179489756848, 0.08387161144529523, -0.2417188102031276, 0.05180575885460985, 0.18362499326062703, -0.017845474181278166, 0.125403376873663, -0.10570248343006036, -0.1784590532190536],