{"k": 10, "sigma_z": 0.001, "mean reward 1": [-1278.2468979632915, -1161.0506971980567, 1342.0855373616607, -1.2033473195931188, -1193.8112096681168, 1268.911401565963, -1301.9956146738014, 233.25329227360382, 1379.3681840290815, -836.821566807393, -30.150201560747824, 231.35879680272825, -447.7400963026955, 172.19371898580422, 324.89181751012933, -392.1721966943148, 9.79386840613447, 166.7879941190576, -145.1715342169998, 109.3152537631152, 82.54174568068025, -167.19383864563883, 40.229323535709945, 63.08040325519051, -67.65858228675695, 37.13812727572289, 12.696441150067967, -61.01555621849193, 33.08411359745023, 22.22067126794745, -29.81484075570663, 16.02989801194137, 1.886832136069856, -20.17254594840565, 16.919745466547127, 4.295227446838511, -13.781205229651308, 7.355290922302046, 0.057923508300724624, -6.2935934836623755, 7.369898898041435, -0.1861461074861022, -5.323005129891255, 3.861186639839289, -0.29127486571677796, -2.192801381039242, 2.6678786515507813, -0.7794516699453554, -1.8333064100038137, 1.844020610122157, -0.26570016165675947, -0.8776480441141982, 1.0831108679299768, -0.6039514807871816, -0.5319832531605755, 0.6301215995903957, -0.3020421111136902, -0.09869996617941677, 0.5054259003658677, -0.2798457588256508, -0.02019218905835279, 0.2293280360674492, -0.007938442584568862, 0.1368935572077367, 0.30616561012345306, -0.009789169801888046, 0.033257777310075703, 0.153051527997334, -0.1372514534274127, 0.16060636984597093, 0.015253399892726867, -0.10572625681573075, -0.08251440364836435, 0.00577161855791395, -0.13141425815591856, -0.008661162205568463, 0.1779670006167524, -0.10711544891281764, -0.05081061687457343, 0.06743855925825414, 0.03796975449703925, 0.03663326618656253, 0.06213558678690029, -0.03783824987730044, -0.013916863232220068, 0.02894985113397252, 0.028824938442963337, -0.07710764880034751, -0.046158437527646756, -0.14518450216060583, -0.14527283595425083, -0.19057129663077108, -0.03656841361464532, -0.02751094545324707, 0.012377410307491845, 0.002619317112011093, -0.04229174596587146, -0.034374246949475176, -0.028039516960388592, -0.2075888384989525, 0.02876233998867264, -0.060941514541105565, -0.0632285777139553, 0.005803156878168435, 0.01874911668913846, 0.1462227484697492, 0.09745208228474478, 0.11131728634356819, -0.012127105333749725, -0.044122756929371384, 0.21032417734082742, -0.03521142528441857, -0.020532841095976185, -0.05983994187008588, 0.012281841322373217, -0.008022094924391989, 0.01458012422272634, -0.05841903671378825, 0.010697168981722068, -0.05167550269246985, -0.022333457215865257, 0.056751592257528, 0.017542840345608927, -0.1481223680558875, 0.04470992453682914, -0.05235865880839019, -0.1300814556479099, -0.0182808940346021, -0.08708315544198532, -0.00027085900581995414, -0.15617855260564342, 0.06064373630007292, -0.03842856986434897, -0.17112884801366535, 0.09680858185313604, -0.04989554770505112, 0.048901398575596375, -0.003503825251853726, 0.09993795779425216, -0.21224460778927526, 0.15267957327124343, 0.029288936004312857, 0.03683582296057006, 0.060974583251829126, 0.027538150387298125, -0.15797648945854106, -0.049670498297985005, -0.06359289693789058, -0.0680769670170656, -0.078868101912729, 0.09373714297408031, -0.0229436039440637, 0.05753570651226129, 0.025105661619702856, 0.07305861615574014, 0.12945189628254483, 0.04470395943918366, 0.12061563780833635, 0.026813417500717373, -0.009096178115006015, -0.07234127196587466, -0.12323166005298236, -0.10259527730103592, -0.11461025827217457, -0.01659509299825988, -0.047359201894509, 0.010856761368557276, 0.009540422051818839, 0.1518991043540001, -0.11009083140333766, 0.12316100037791647, 0.27804400296795306, -0.05369799933737892, 0.16142717748566085, 0.11010726946675271, -0.1364651872764723, 0.06121719148845156, -0.05976744385015907, 0.03504554823665397, -0.079898400910881, -0.12689251008820265, -0.028184783614079056, 0.06769808382705313, -0.11936131535184166, 0.17170403169432802, -0.21281027162075628, 0.07330556244103605, 0.18879958621104276, 0.01902177409826996, -0.15076195106012982, 0.0030830943879775205, -0.2624876567312113, 0.019204663135358287, -0.08381754091294609, -0.10950389246935292, -0.05521269269728531, 0.09057339980119956, 0.06969380232170591, 0.02527534148727447, -0.01323557410655239],