{"k": 10, "sigma_z": 0.001, "mean reward 1": [-104.79004131013336, -156.15368896325123, -50.59796398149226, 290.3617453069352, 2083.1118097784797, 23.35002156624727, 928.391352318625, -294.58341576684467, -1006.1434244795549, 437.7063298402157, -51.305023640464434, -198.39521319851414, 109.90727122995855, -135.26203740385282, -98.50149915032085, 328.5288040523073, 57.21389442311525, -92.59912387552667, 52.736695179877245, -67.6250867184532, -34.65001116886676, 91.18047105531947, -40.40908408528566, -52.649102322962385, 32.48266976782799, -9.951104507476515, 5.4823488631896815, 36.1900727736485, -21.704209648450306, -14.064717869347323, 17.76225115074559, -6.168154243516954, -1.0438470766586223, 8.005728687314992, -11.707538052257387, -2.0734100551945036, 8.94742244717683, -2.8736466034812764, -0.2682621846080173, 2.939671641401628, -4.07648444803913, 0.8057537337812275, 3.314612755978984, -2.3791280832793813, -0.328464578216085, 0.8369457361628777, -1.3646375271487547, 0.6384421709568863, 1.040693980247125, -0.9850035847656177, 0.2274864043492108, 0.6570434070773108, -0.33219319706944717, 0.23506866149458186, 0.13623717528727014, -0.5064681406744632, 0.17456368233226893, 0.16185438494885493, -0.167242625509626, 0.016001946131805056, 0.05571187185914286, -0.09898564941808896, 0.01698688957906334, -0.013749859150282394, -0.1634644804601799, -0.012474588052873242, -0.06299315753493237, -0.025763851916166588, 0.19169223373724248, -0.09342007007801587, 0.08869489440925489, -0.036500871929191506, 0.06482468582682725, -0.1403415639931287, -0.0403244989193328, -0.18836221552652496, -0.09758144192333398, -0.13410884958768485, 0.006067315263013797, -0.09117840978232294, -0.05301472409892582, 0.022867677452019442, -0.037121445263662144, -0.12154130455171988, -0.11959493735816983, -0.08471558053466287, -0.19438458374264814, -0.072506688566714, -0.1567025181353089, -0.12678180851309345, -0.06292355130330374, -0.09466522926767586, -0.08344111478877624, -0.022809124055183542, 0.11146187496432196, -0.002916804380909924, 0.01730486853826879, 0.0028359573503471693, -0.010734470989501059, -0.14099613354814966, 0.14689551701580472, 0.02855226483147365, 0.03766349076622941, 0.070089556652005, 0.04204983128771997, -0.12570484979801783, -0.026502303568269634, 0.09426579309084852, 0.08431806074067137, -0.07992471817573495, 0.02750104679305433, 0.03406585687886378, 0.04644606371777088, 0.08957610582302593, -0.011501031872184795, 0.02299200848132059, 0.1231573184757437, -0.009393472242657675, -0.057192233969399556, 0.06373378927664215, -0.004427590025071228, -0.03240736791025803, -0.10337838693582116, -0.033770271315539384, -0.05574457268245259, 0.03473881105094542, 0.04909826313680912, -0.03228462923618835, -0.038920601162066686, 0.00623731541367679, -0.0057801657175310306, -8.498566961395704e-05, 0.11908558741237601, -0.17060954531049644, -0.052177679059934624, 0.09972146000550383, -0.21319583822432828, 0.058968326719847336, -0.2000136121674738, -0.08690613815125807, -0.038485743003128195, 0.04873030482726684, 0.08922958819677694, 0.1396259159409799, 0.05839176204981392, -0.010891460733312864, 0.0926897177931736, -0.009211120492648184, -0.05644157896502146, -0.23181300839419391, -0.16113619618602862, -0.10319283482111306, 0.17490994757220824, 0.12698763916536646, 0.12048284366212383, -0.02069376726954988, 0.007128910817052537, -0.05695818134088788, 0.0923841612830181, -0.12166196204342428, -0.060335213260133025, -0.022160540340604603, -0.04966733147299369, -0.12388692381950271, -0.00444949537537772, -0.13755662839517432, -0.10036195933356738, -0.12356362981392588, -0.06175839840161768, 0.007003642290236961, -0.09947668784538671, 0.19640445184107955, -0.19192769157691816, 0.09347043560631206, 0.018920540079537893, -0.05995329889129739, 0.03200384997165144, 0.03850579100226878, -0.013165400882538907, -0.10297036151672391, 0.049615709170622385, 0.010369278895490787, 0.006577509827200259, -0.0480102264059406, -0.11326766151025314, 0.017909946050308195, 0.014718045371638658, -0.133729784033917, -0.058379226537300544, 0.01162134070814696, -0.21725149508109656, 0.05349913454114222, 0.022921422875886256, 0.11520858831628204, 0.2896112437631119, -0.040361412747366626, 0.07699456017552392, 0.1449358377027465, -0.12734859839873292, -0.005177623062507937],