{"Stationary": {"actions": [0.0, 0.0, 1.0, 0.0, 0.0, 1.0, 1.0, 1.0, 1.0, 1.0, 1.0, 1.0, 1.0, 1.0, 1.0, 1.0, 1.0, 1.0, 1.0, 1.0, 1.0, 1.0, 1.0, 1.0, 1.0, 1.0, 1.0, 1.0, 1.0, 1.0, 1.0, 1.0, 1.0, 1.0, 1.0, 1.0, 1.0, 1.0, 1.0, 1.0, 1.0, 1.0, 1.0, 1.0, 1.0, 1.0, 1.0, 1.0, 1.0, 1.0, 1.0, 1.0, 1.0, 1.0, 1.0, 1.0, 1.0, 1.0, 1.0, 1.0, 1.0, 1.0, 1.0, 1.0, 1.0, 1.0, 1.0, 1.0, 1.0, 1.0, 1.0, 1.0, 1.0, 1.0, 1.0, 1.0, 1.0, 1.0, 1.0, 1.0, 1.0, 1.0, 1.0, 1.0, 1.0, 1.0, 1.0, 1.0, 1.0, 1.0, 1.0, 1.0, 1.0, 1.0, 1.0, 1.0, 1.0, 1.0, 1.0, 1.0, 1.0, 1.0, 1.0, 1.0, 1.0, 1.0, 1.0, 1.0, 1.0, 1.0, 1.0, 1.0, 1.0, 1.0, 1.0, 1.0, 1.0, 1.0, 1.0, 1.0, 1.0, 1.0, 1.0, 1.0, 1.0, 1.0, 1.0, 1.0, 1.0, 1.0, 1.0, 1.0, 1.0, 1.0, 1.0, 1.0, 1.0, 1.0, 1.0, 1.0, 1.0, 1.0, 1.0, 1.0, 1.0, 1.0, 1.0, 1.0, 1.0, 1.0, 1.0, 1.0, 1.0, 1.0, 1.0, 1.0, 1.0, 1.0, 1.0, 1.0, 1.0, 1.0, 1.0, 1.0, 1.0, 1.0, 1.0, 1.0, 1.0, 1.0, 1.0, 1.0, 1.0, 1.0, 1.0, 1.0, 1.0, 1.0, 1.0, 1.0, 1.0, 1.0, 1.0, 1.0, 1.0, 1.0, 1.0, 1.0, 1.0, 1.0, 1.0, 1.0, 1.0, 1.0, 1.0, 1.0, 1.0, 1.0, 1.0, 1.0], "rewards": [105.61865855622084, -101.60907724516903, 642.9205204227085, 3109.613675864045, -368.44134647989625, 259.71976478736406, -117.19740007220521, 822.879979408379, 129.17110753379862, -540.3516208604843, 452.05783982544074, 186.14477241728287, -231.4702704092487, 100.97551316443088, -152.0802351250294, -230.42285778593015, 207.76128670400124, 40.32179842558952, -91.75229655373865, 76.29769585305444, -23.59405561529749, -36.1953804003977, 93.14111086749341, -16.905139805238054, -52.025500604439536, 25.3690626212559, -14.225804791272816, -9.308304623201199, 30.951789979756764, -14.925995052635672, -14.458072891009179, 17.844632751188445, -3.773720407807536, -2.230703036102039, 9.993794169228742, -9.310160293271396, -5.639473784091512, 8.009502334073272, -4.038990178584894, -0.36321458477959756, 3.377635852922984, -4.625605012907615, -1.122041135539812, 3.7237349897204943, -1.951004165058362, 0.3753473497187279, 1.5772581368113423, -0.2944405761539318, 0.3778418781585127, 2.243555414674914, -0.03893695645467454, -0.42352824073589784, 0.5441640627872579, -0.23345685644730008, 0.18680136105651213, 0.6618547372690881, -1.6784281600352096, -0.1514470433010809, 0.24648065489558144, -1.7248875815881717, 1.9623887572295742, 2.4396031593338394, -0.8476197828752177, 1.3734043211706863, 1.4628245294206126, 0.0659245954485104, 0.8248759907765703, 1.4734020612228855, -0.12659247841414795, -0.002711973520788502, -2.065699398795218, 0.5676070159272761, -1.0357733574752255, -0.1837954951978224, -0.24727602690453038, -0.7933968043351152, -0.8878955779744099, -2.11164521579917, -2.4546998291965845, 0.5778202902033702, 1.4070279512797046, 2.0105394220696775, -0.36968174612580385, -0.6879371118065634, 1.0309686754290985, 0.5084030350250167, 0.3525557245127228, 1.3180718935955065, -0.9147594052358842, 0.8299727980610195, 1.1718952274743986, -0.6537200449133085, 0.56905221479632, -0.08846760115499278, 0.005584648819210211, -0.24198737637004583, 1.3321189766534989, 0.8865703080811681, -2.279085397452365, 0.07567319530007399, 0.3082660895393892, 0.0795074226161588, 1.0935768828868089, -0.8974031940502222, -0.3501454540454145, 2.774092981008887, 1.322607806156955, -0.004704638152145248, -0.8967943905107714, -1.1484323529577063, 1.1360115405944524, 0.78413388433643, 0.3887862028978371, -0.9872739676898574, 0.588824278273732, -0.3520712896709963, 1.9140886341203474, -0.09072722607125669, 0.5938402305872958, -0.07983170625482276, 0.8747144806810834, -0.2783766738551213, 0.09163381540449278, 0.12537154424495592, -2.3859118652930422, 0.44984140045228527, 0.7745415566143542, 0.02309700294815413, 1.4604174704551347, -0.8627267148154323, -0.053982034519269646, 0.04109331243848689, -0.8736298649647483, 0.4797623024455302, 0.39411391870435336, -1.3803978979777307, 0.7366537810216327, -0.5302214437274146, 1.1530733607863137, 0.5544306955882752, 0.8263433527014553, -0.6705825956306719, 1.3114075691981382, -2.288444784323495, -0.2688019747313833, 0.7102595770253712, 1.947324291075446, -0.36598230586972375, -1.121770042692533, 2.4640076529070627, 0.8668256366805766, -0.05310911565970451, -0.662807230596973, 0.836161762143453, -0.1923465635516241, -1.0963935491244121, -0.44305598741665764, -1.3340531729387823, -1.2609004655264173, 1.732854660991957, -0.28920728540366436, -0.5043575820494233, 1.22593851720375, 1.4000170964132372, 2.034044572547966, -1.3718058823279549, -1.531024667486727, 0.4872579533328001, -0.21828401240773165, 1.048556618198509, 2.0216759425539648, -0.47033263273403564, -0.10514871577525822, -0.4381308938716519, -0.43628671341498515, 2.0024680604342926, 1.2580187761973898, 0.6322121446533592, -0.12351494519771095, 0.5684443289620509, 2.297173133548289, -1.2044580584237181, -1.6713179674014214, 0.11586666256527413, -0.2723207891037271, -0.8859773125945178, -1.2973483633397551, -0.020900190066087135, 0.06311051566255393, 1.2536805626715029, -1.1221932703514597, 0.9215516671368984, -0.110355413949262, 0.9422730720691567, 1.353869551496224, 0.8058376008166955, -0.4865481302333746, 1.3860367863561562, 0.24269057603069932, -2.470451741003362]}, "Latent AR LinUCB s=2": {"actions": [0.0, 0.0, 1.0, 0.0, 1.0, 1.0, 0.0, 1.0, 0.0, 1.0, 0.0, 0.0, 0.0, 1.0, 0.0, 1.0, 0.0, 0.0, 0.0, 1.0, 0.0, 1.0, 0.0, 0.0, 0.0, 1.0, 0.0, 0.0, 1.0, 0.0, 0.0, 1.0, 0.0, 0.0, 1.0, 0.0, 0.0, 1.0, 0.0, 0.0, 1.0, 0.0, 0.0, 1.0, 0.0, 0.0, 1.0, 0.0, 0.0, 1.0, 0.0, 0.0, 1.0, 0.0, 0.0, 1.0, 0.0, 0.0, 1.0, 0.0, 0.0, 1.0, 0.0, 0.0, 1.0, 0.0, 0.0, 1.0, 0.0, 0.0, 1.0, 0.0, 0.0, 1.0, 0.0, 0.0, 1.0, 0.0, 0.0, 1.0, 0.0, 0.0, 1.0, 0.0, 0.0, 1.0, 0.0, 0.0, 1.0, 0.0, 0.0, 1.0, 0.0, 0.0, 1.0, 0.0, 0.0, 1.0, 0.0, 0.0, 1.0, 0.0, 0.0, 1.0, 0.0, 0.0, 1.0, 0.0, 0.0, 1.0, 0.0, 0.0, 1.0, 0.0, 0.0, 1.0, 0.0, 0.0, 1.0, 0.0, 0.0, 1.0, 0.0, 0.0, 1.0, 0.0, 0.0, 1.0, 0.0, 0.0, 1.0, 0.0, 0.0, 1.0, 0.0, 0.0, 1.0, 0.0, 0.0, 1.0, 0.0, 0.0, 1.0, 0.0, 0.0, 1.0, 0.0, 0.0, 1.0, 0.0, 0.0, 1.0, 0.0, 0.0, 1.0, 0.0, 0.0, 1.0, 0.0, 0.0, 1.0, 0.0, 0.0, 1.0, 0.0, 0.0, 1.0, 0.0, 0.0, 1.0, 0.0, 0.0, 1.0, 0.0, 0.0, 1.0, 0.0, 0.0, 1.0, 0.0, 0.0, 1.0, 0.0, 0.0, 1.0, 0.0, 0.0, 1.0, 0.0, 0.0, 1.0, 0.0, 0.0, 1.0, 0.0, 0.0, 1.0, 0.0, 0.0, 1.0],