{"Stationary": {"actions": [0.0, 0.0, 0.0, 0.0, 0.0, 0.0, 0.0, 1.0, 1.0, 1.0, 1.0, 1.0, 1.0, 1.0, 1.0, 1.0, 1.0, 1.0, 1.0, 1.0, 1.0, 1.0, 1.0, 1.0, 1.0, 1.0, 1.0, 1.0, 1.0, 1.0, 1.0, 1.0, 1.0, 1.0, 1.0, 1.0, 1.0, 1.0, 1.0, 1.0, 1.0, 1.0, 1.0, 1.0, 1.0, 1.0, 1.0, 1.0, 1.0, 1.0, 1.0, 1.0, 1.0, 1.0, 1.0, 1.0, 1.0, 1.0, 1.0, 1.0, 1.0, 1.0, 1.0, 1.0, 1.0, 1.0, 1.0, 1.0, 1.0, 1.0, 1.0, 1.0, 1.0, 1.0, 1.0, 1.0, 1.0, 1.0, 1.0, 1.0, 1.0, 1.0, 1.0, 1.0, 1.0, 1.0, 1.0, 1.0, 1.0, 1.0, 1.0, 1.0, 1.0, 1.0, 1.0, 1.0, 1.0, 1.0, 1.0, 1.0, 1.0, 1.0, 1.0, 1.0, 1.0, 1.0, 1.0, 1.0, 1.0, 1.0, 1.0, 1.0, 1.0, 1.0, 1.0, 1.0, 1.0, 1.0, 1.0, 1.0, 1.0, 1.0, 1.0, 1.0, 1.0, 1.0, 1.0, 1.0, 1.0, 1.0, 1.0, 1.0, 1.0, 1.0, 1.0, 1.0, 1.0, 1.0, 1.0, 1.0, 1.0, 1.0, 1.0, 1.0, 1.0, 1.0, 1.0, 1.0, 1.0, 1.0, 1.0, 1.0, 1.0, 1.0, 1.0, 1.0, 1.0, 1.0, 1.0, 1.0, 1.0, 1.0, 1.0, 1.0, 1.0, 1.0, 1.0, 1.0, 1.0, 1.0, 1.0, 1.0, 1.0, 1.0, 1.0, 1.0, 1.0, 1.0, 1.0, 1.0, 1.0, 1.0, 1.0, 1.0, 1.0, 1.0, 1.0, 1.0, 1.0, 1.0, 1.0, 1.0, 1.0, 1.0, 1.0, 1.0, 1.0, 1.0, 1.0, 1.0], "rewards": [550.010142025682, 148.2715354411672, 729.1735376439749, -111.25664521028439, 331.9187865904519, -10.305974319455792, -1346.4087195757897, 588.472954753209, -1191.3801991703463, 1122.761770734241, -530.4301844299449, 46.56367771052325, 393.56504894569514, -304.16604961977777, -312.21729632948126, 323.5365101865524, -103.8281693089161, 1.068632405592333, 180.79013391544598, -138.05129492902427, -45.230162031104186, 148.5005602431493, -64.2124404775731, -18.276567738770215, 47.768505027174974, -67.98750679426776, 1.234285021452971, 54.83842086273861, -33.00320362907679, -2.287311590880378, 20.73488715925165, -23.417123115908964, 8.127229481216649, 17.638569137780475, -18.241453691841492, -1.031538149045331, 6.8378946955827065, -8.482902936422358, 6.031178008468464, 5.105810201002249, -9.356574501918024, 2.779503144589858, 2.615068466118058, -4.542655669017169, 0.9745290632463499, 1.7034899596074387, -1.51948547979072, 3.57733109616515, 0.37781268417095415, -0.7586011916867419, -0.15583366413124322, -1.3559131702501328, -0.9408131907983174, -0.4091745429845828, 0.7731442979940222, -1.5019342236539022, 1.5354070439369354, -0.34655132254392446, -1.4113780861983751, 1.4396873404606059, -0.6993030807987949, -0.2735197348415579, 0.34643404061714284, 0.9577662862636737, 1.4869250816541808, 1.0973441063833544, -1.2208158773283513, 0.24807109318096843, -0.04594613639905193, 0.946592986435875, -0.8342138780393806, -0.8590045786857855, 0.5014809877646507, -0.15534711890523034, 1.663289666202207, -0.22089988106841446, -0.44217235366414726, -0.46898962088626206, 0.8748104059095128, 0.8093184352199003, 0.10254351587263191, -0.8095785978100604, -0.2797174186764523, 0.18149425610705605, 0.13973652333505793, 0.9744072256059562, 0.20486452589345033, 1.837588861368065, 0.31185347346909364, -0.04594281401803685, 0.7522345677213281, -0.699919474928107, 0.6904833993885365, 1.8522186798847, -0.14478772403842088, 1.8081366329658164, 1.361018491346481, 0.4348759393363158, -2.070036750243156, 1.1769993430527854, -0.6826919106582836, 0.10163842291188621, -0.21498017403837752, 0.03420476079366883, -0.7563773293119315, -1.1554415292051972, 0.6336886567353855, -1.2690750669369317, 0.11911620755019749, -0.005721253481867493, -0.9021451854923226, -1.491682552440575, 0.8576507053603324, -0.9863279183135097, -0.5422487651551594, -0.6415168351413022, 1.2064047939856137, 0.6693209267072731, 0.0222777169836742, 0.08827512639333153, 0.9399143936859059, 0.17385988916836342, 0.8028820715825089, 0.6121102263178321, 2.1630666448381817, 0.09580633558387087, 1.27581722630618, -1.4347368232779694, 0.16784653015778858, -0.24064914399875897, 0.908468671703606, 0.5798929047916307, 0.8486188622340912, -0.5030044610197233, 0.04978102453342889, -0.17379815380834351, 0.8034006992152388, -0.5601057956152111, -0.9817593638685278, 0.4068955479715625, 0.9073105928807422, 0.6482675379253767, -0.720216006931599, 0.7711261884609725, -1.0066615940162869, 1.749983068619364, 0.5121519118511139, -1.531559350316866, 0.18155881035708799, 0.8442863993533422, -0.511417503980453, -0.4993118491877637, 0.6817492636232538, -0.018689534216045557, -1.1512004855674602, -0.4829170539587958, 0.7816924144264683, 0.36424649898751915, -1.2375393511556654, -0.8940598715494545, 2.3871784589573837, -0.7644908839943805, -0.14727964757529374, -1.2699233060144026, 0.48912223400324245, -1.4241953959558231, 0.44360222209783573, -0.9978533070616733, -0.9191548423881214, 0.7089828842432692, 0.9027480678228579, 0.5123590298195437, 0.6853055714510375, -0.030957653486240286, -0.2408930901673624, 0.9106210821676266, -0.1454140563801157, -0.4219984046635792, -0.7281025513488658, 0.08558214918552354, -0.10890011203542362, -0.041125212941695424, -1.8072698016798112, -0.3474762024397268, -0.6834611148424882, 0.09449039192082531, -0.009031395297986772, 0.23271590924330857, -0.09592809984668965, 0.5042313973989354, -2.097059374426722, -0.2062785588115429, 0.784583381395497, -0.761561908652449, 0.6456055456502974, -0.05152566811943793, -1.0492129300251838, -0.8277050037599749, 0.660143333368041, 0.9119122058365648]}, "Latent AR LinUCB s=2": {"actions": [0.0, 0.0, 1.0, 0.0, 0.0, 1.0, 0.0, 0.0, 0.0, 1.0, 0.0, 1.0, 0.0, 0.0, 0.0, 1.0, 0.0, 1.0, 0.0, 0.0, 0.0, 1.0, 0.0, 1.0, 0.0, 0.0, 0.0, 1.0, 0.0, 1.0, 0.0, 0.0, 0.0, 0.0, 0.0, 0.0, 0.0, 0.0, 0.0, 0.0, 0.0, 0.0, 0.0, 0.0, 0.0, 0.0, 0.0, 0.0, 0.0, 0.0, 0.0, 0.0, 0.0, 0.0, 0.0, 0.0, 0.0, 0.0, 0.0, 0.0, 0.0, 0.0, 0.0, 0.0, 0.0, 0.0, 0.0, 0.0, 0.0, 0.0, 0.0, 0.0, 0.0, 0.0, 0.0, 0.0, 0.0, 0.0, 0.0, 0.0, 0.0, 0.0, 0.0, 0.0, 0.0, 0.0, 0.0, 0.0, 0.0, 0.0, 0.0, 0.0, 0.0, 0.0, 0.0, 0.0, 0.0, 0.0, 0.0, 0.0, 0.0, 0.0, 0.0, 0.0, 0.0, 0.0, 0.0, 0.0, 0.0, 0.0, 0.0, 0.0, 0.0, 0.0, 0.0, 0.0, 0.0, 0.0, 0.0, 0.0, 0.0, 0.0, 0.0, 0.0, 0.0, 0.0, 0.0, 0.0, 0.0, 0.0, 0.0, 0.0, 0.0, 0.0, 0.0, 0.0, 0.0, 0.0, 0.0, 0.0, 0.0, 0.0, 0.0, 0.0, 0.0, 0.0, 0.0, 0.0, 0.0, 0.0, 0.0, 0.0, 0.0, 0.0, 0.0, 0.0, 0.0, 0.0, 0.0, 0.0, 0.0, 0.0, 0.0, 0.0, 0.0, 0.0, 0.0, 0.0, 0.0, 0.0, 0.0, 0.0, 0.0, 0.0, 0.0, 0.0, 0.0, 0.0, 0.0, 0.0, 0.0, 0.0, 0.0, 0.0, 0.0, 0.0, 0.0, 0.0, 0.0, 0.0, 0.0, 0.0, 0.0, 0.0, 0.0, 0.0, 0.0, 0.0, 0.0, 0.0],