{"Stationary": {"actions": [0.0, 1.0, 0.0, 0.0, 0.0, 0.0, 1.0, 0.0, 1.0, 0.0, 1.0, 1.0, 1.0, 1.0, 1.0, 1.0, 1.0, 1.0, 1.0, 1.0, 1.0, 1.0, 1.0, 1.0, 1.0, 1.0, 1.0, 1.0, 1.0, 1.0, 1.0, 1.0, 1.0, 1.0, 1.0, 1.0, 1.0, 1.0, 1.0, 1.0, 1.0, 1.0, 1.0, 1.0, 1.0, 1.0, 1.0, 1.0, 1.0, 1.0, 1.0, 1.0, 1.0, 1.0, 1.0, 1.0, 1.0, 1.0, 1.0, 1.0, 1.0, 1.0, 1.0, 1.0, 1.0, 1.0, 1.0, 1.0, 1.0, 1.0, 1.0, 1.0, 1.0, 1.0, 1.0, 1.0, 1.0, 1.0, 1.0, 1.0, 1.0, 1.0, 1.0, 1.0, 1.0, 1.0, 1.0, 1.0, 1.0, 1.0, 1.0, 1.0, 1.0, 1.0, 1.0, 1.0, 1.0, 1.0, 1.0, 1.0, 1.0, 1.0, 1.0, 1.0, 1.0, 1.0, 1.0, 1.0, 1.0, 1.0, 1.0, 1.0, 1.0, 1.0, 1.0, 1.0, 1.0, 1.0, 1.0, 1.0, 1.0, 1.0, 1.0, 1.0, 1.0, 1.0, 1.0, 1.0, 1.0, 1.0, 1.0, 1.0, 1.0, 1.0, 1.0, 1.0, 1.0, 1.0, 1.0, 1.0, 1.0, 1.0, 1.0, 1.0, 1.0, 1.0, 1.0, 1.0, 1.0, 1.0, 1.0, 1.0, 1.0, 1.0, 1.0, 1.0, 1.0, 1.0, 1.0, 1.0, 1.0, 1.0, 1.0, 1.0, 1.0, 1.0, 1.0, 1.0, 1.0, 1.0, 1.0, 1.0, 1.0, 1.0, 1.0, 1.0, 1.0, 1.0, 1.0, 1.0, 1.0, 1.0, 1.0, 1.0, 1.0, 1.0, 1.0, 1.0, 1.0, 1.0, 1.0, 1.0, 1.0, 1.0, 1.0, 1.0, 1.0, 1.0, 1.0, 1.0], "rewards": [233.28417988734952, 302.2580996542894, 456.85615138023053, 921.7864038745951, -377.8639554484063, 614.5787433282612, -691.5099428386212, 1436.9602976118151, 318.5212664138576, -671.9344297940447, 397.5742211526614, 344.4718367290975, -170.78154221670977, -188.22654456881313, 213.52889328492142, 70.5911333397115, -134.6886380857641, -94.43495215143548, -119.36270350340435, -15.728455187081117, 137.17138098948507, 31.531237927535727, -36.928239181477, 5.671438165012056, -7.614557583848379, 13.376134460987284, 34.09773899362736, -22.44105548581532, -28.513592328759817, 3.867308515395227, 1.97954823872799, 6.228543899691201, 8.724833069933949, -9.848736484603686, -3.3179470425103115, 6.948752685466484, -0.5862374857691579, -1.201583357368765, 0.1341648631770685, -4.883476184242899, -0.5267223555697125, 2.715883065779435, -0.609178326775353, -0.07991198508271813, -1.0953385180580204, -1.2520561731856565, -0.32031863294083374, -0.40811345860843784, -0.18088362879784203, 1.0604098558166046, 1.6524671604195993, -0.47435608482829006, -0.19162261017540438, 0.6923885050192613, 0.31276799710613035, -0.48651201464159977, -2.0234394895018872, -0.2935044935666686, 1.118126004678358, -0.5752740302747286, 1.1663036290256794, -0.2930754526676044, -0.6360009239404047, -2.1166289186728444, -0.8679205209777476, 0.786858371936503, -0.2659854362961177, -1.6226722982148019, 0.33142961396053217, 0.4719995621635506, -0.30047211660712175, 1.5507240713170174, -1.0582500923198155, -0.6106659459703664, 0.49500992765704593, -1.2124771180709417, -0.1833962197453734, 1.8529042648243848, -0.8706549734267113, -1.0683300963499585, 0.36950858239643286, -1.468613659723497, -0.47646160518886777, 1.7679701172079876, -1.3129655389409687, -0.385061287739116, -0.6889009594700487, 0.4630419917007379, -0.818052838010652, -0.3280799113616969, -0.2376458342019379, -0.8155125702337377, -2.4761296231485628, -1.7202421032266602, -0.047391107090597545, 0.5128488666648352, -0.2579344905503607, 0.7189807375334056, 0.4155813745567657, 1.7711375473723912, 1.0001232029275728, -1.0150804866526122, 0.8545749998834063, -1.3062930495093303, -1.4607666719643837, 0.7875379977778024, 0.28039991486439675, 0.4681129841667094, -0.34420529838488245, 0.6632225585090049, 0.8033492167436809, 1.0514810733566617, 2.4241648924231156, 1.7369545494340126, -0.06101655032559662, -0.7477974334424599, -0.9011386550342142, -0.25648163265484797, 0.6754519716133007, -0.19458293669925292, 0.5018724301161904, -0.3016849811011455, -1.643347868327556, 0.2539064384511405, 1.8139329018323032, 1.6420848722731836, -0.22035877184551705, -0.5418753593197387, 0.370671048338594, 1.2452646321803718, -0.7812866879939794, 0.8034274803013622, 0.20342661422594935, 0.5294561075397755, -1.262795627613305, -0.9649719865730423, 1.2277058946499737, -1.5292757839382882, 1.343635086382111, 0.07545632149269305, -1.4862797001051087, -0.05339687255276576, 0.8068178970484551, 0.47603951244975234, -1.0216033147384522, -0.09803777559758384, -2.0291408575087244, -0.2288485865807087, 0.015911043539880515, -1.445938159825658, 2.0567069106851683, -0.3145290715087896, -1.1030578027269609, 0.3342227694337121, -1.6382793562927513, 1.083503141878323, 1.700906744605675, -1.0885821002767369, -1.1878080118088212, -0.14571062494907255, -0.23928576319612965, 0.7483695789602322, -0.899823381398339, -1.3504570758904624, -0.21031987956039813, -1.1666239085587389, -0.6700401554431806, -0.7983897926680064, 1.863361175845242, 1.479695576106986, 0.6137472311087422, 0.7025274496364575, -0.05004670933197042, 1.1137772084069968, 2.0569241139470376, 0.6399946526579123, -0.9189534751345819, 0.608274069790799, 0.8538672323146576, 0.09280167780858947, -0.7367603653282716, -1.1053127593715093, 0.5592684558746894, -0.7715683598721589, -0.7174055175227837, 2.5878637141908807, -1.9044027390460236, 0.6572750255968981, -0.35982078470139833, 0.04196601891229493, 0.5758918998185709, -2.027397603757248, -0.3482252782243983, 0.22819161424830142, 0.19603753442248903, 0.19618880911823378, -1.796796649939379, -0.03702556722933292, 1.041130390067503, 0.5394362300945283]}, "Latent AR LinUCB s=2": {"actions": [0.0, 1.0, 0.0, 1.0, 1.0, 0.0, 1.0, 1.0, 1.0, 0.0, 0.0, 0.0, 0.0, 1.0, 0.0, 0.0, 0.0, 1.0, 0.0, 1.0, 0.0, 0.0, 0.0, 0.0, 0.0, 0.0, 0.0, 0.0, 0.0, 1.0, 0.0, 1.0, 0.0, 1.0, 0.0, 1.0, 0.0, 1.0, 0.0, 1.0, 0.0, 1.0, 0.0, 1.0, 0.0, 1.0, 0.0, 1.0, 0.0, 1.0, 0.0, 1.0, 0.0, 1.0, 0.0, 1.0, 0.0, 1.0, 0.0, 1.0, 0.0, 1.0, 0.0, 1.0, 0.0, 1.0, 0.0, 1.0, 0.0, 1.0, 0.0, 1.0, 0.0, 1.0, 0.0, 1.0, 0.0, 1.0, 0.0, 1.0, 0.0, 1.0, 0.0, 1.0, 0.0, 1.0, 0.0, 1.0, 0.0, 1.0, 0.0, 1.0, 0.0, 1.0, 0.0, 1.0, 0.0, 1.0, 0.0, 1.0, 0.0, 1.0, 0.0, 1.0, 0.0, 1.0, 0.0, 1.0, 0.0, 1.0, 0.0, 1.0, 0.0, 1.0, 0.0, 1.0, 0.0, 1.0, 0.0, 1.0, 0.0, 1.0, 0.0, 1.0, 0.0, 1.0, 0.0, 1.0, 0.0, 1.0, 0.0, 1.0, 0.0, 1.0, 0.0, 1.0, 0.0, 1.0, 0.0, 1.0, 0.0, 1.0, 0.0, 1.0, 0.0, 1.0, 0.0, 1.0, 0.0, 1.0, 0.0, 1.0, 0.0, 1.0, 0.0, 1.0, 0.0, 1.0, 0.0, 1.0, 0.0, 1.0, 0.0, 1.0, 0.0, 1.0, 0.0, 1.0, 0.0, 1.0, 0.0, 1.0, 0.0, 1.0, 0.0, 1.0, 0.0, 1.0, 0.0, 1.0, 0.0, 1.0, 0.0, 1.0, 0.0, 1.0, 0.0, 1.0, 0.0, 1.0, 0.0, 1.0, 0.0, 1.0, 0.0, 1.0, 0.0, 1.0, 0.0, 1.0],