{"Stationary": {"actions": [0.0, 1.0, 1.0, 1.0, 0.0, 0.0, 0.0, 1.0, 0.0, 1.0, 1.0, 1.0, 1.0, 1.0, 1.0, 1.0, 1.0, 1.0, 1.0, 1.0, 1.0, 1.0, 1.0, 1.0, 1.0, 1.0, 1.0, 1.0, 1.0, 1.0, 1.0, 1.0, 1.0, 1.0, 1.0, 1.0, 1.0, 1.0, 1.0, 1.0, 1.0, 1.0, 1.0, 1.0, 1.0, 1.0, 1.0, 1.0, 1.0, 1.0, 1.0, 1.0, 1.0, 1.0, 1.0, 1.0, 1.0, 1.0, 1.0, 1.0, 1.0, 1.0, 1.0, 1.0, 1.0, 1.0, 1.0, 1.0, 1.0, 1.0, 1.0, 1.0, 1.0, 1.0, 1.0, 1.0, 1.0, 1.0, 1.0, 1.0, 1.0, 1.0, 1.0, 1.0, 1.0, 1.0, 1.0, 1.0, 1.0, 1.0, 1.0, 1.0, 1.0, 1.0, 1.0, 1.0, 1.0, 1.0, 1.0, 1.0, 1.0, 1.0, 1.0, 1.0, 1.0, 1.0, 1.0, 1.0, 1.0, 1.0, 1.0, 1.0, 1.0, 1.0, 1.0, 1.0, 1.0, 1.0, 1.0, 1.0, 1.0, 1.0, 1.0, 1.0, 1.0, 1.0, 1.0, 1.0, 1.0, 1.0, 1.0, 1.0, 1.0, 1.0, 1.0, 1.0, 1.0, 1.0, 1.0, 1.0, 1.0, 1.0, 1.0, 1.0, 1.0, 1.0, 1.0, 1.0, 1.0, 1.0, 1.0, 1.0, 1.0, 1.0, 1.0, 1.0, 1.0, 1.0, 1.0, 1.0, 1.0, 1.0, 1.0, 1.0, 1.0, 1.0, 1.0, 1.0, 1.0, 1.0, 1.0, 1.0, 1.0, 1.0, 1.0, 1.0, 1.0, 1.0, 1.0, 1.0, 1.0, 1.0, 1.0, 1.0, 1.0, 1.0, 1.0, 1.0, 1.0, 1.0, 1.0, 1.0, 1.0, 1.0, 1.0, 1.0, 1.0, 1.0, 1.0, 1.0], "rewards": [-145.68331028571828, 1309.6473265341792, -624.6026795455301, 1218.853099484002, -531.1129433387669, -378.3336707951544, -122.21632547442098, 1318.0352012471074, -489.2557524344937, -602.9966208621196, 218.23597157973032, -479.85823231567485, -116.93405453368612, 325.665606318369, -113.55079312386714, -160.7214043042876, 163.77925135180988, -13.897417997857733, 49.60340770215424, 138.8207286529144, -90.44489499938265, -66.95841761804763, 58.394090021209124, -31.697615356111182, -2.1670218877004457, 28.076558981398026, -42.57002868023722, -2.8983041848099176, 36.06088999233067, -9.310554302917977, 1.3488033187926605, 8.08061644687942, -19.49533206318238, 0.6031900668740435, 12.469412707711282, -7.72002298842284, -2.1405445109926955, 4.1725012974515865, -4.980246859416828, 1.9318630914697317, 3.48506728601548, -2.5960483353256447, 1.2503223310124785, -0.36959395496846903, -3.0295753688568388, 1.4319467474494225, -0.5214616150506641, -3.383243012627193, -0.04566332377956539, -1.2680064743526835, -0.007110000153359053, 0.00050664149193691, -0.7812462007819903, 0.9526587876466028, -0.4306076440351408, -0.6526086485509277, -1.1463303648271275, 0.7259282512133335, 0.7714641974429277, -0.006665050492088653, 0.45938146137962904, 0.028704091294509793, -0.10595380513702743, -0.9706325944111343, -0.6077576616748831, -0.6440932278473819, -2.847223291857554, -0.8679142888965928, 0.2961598727063662, 1.0782048549783332, 1.0680857823618481, 1.4478466221795125, -0.45233879365540874, 0.67631388149796, -1.930663561621614, 0.3093228242549825, 0.15039452214235, 1.0073167151807803, 0.679178236184414, 0.38464591355072764, -0.28749930086440084, 0.7083571150153207, 1.1377835583680151, 0.5113578494856698, 0.5654812462004856, -0.773748543923379, -0.7989546088601334, 0.6867605844021695, 0.8426017802881353, 0.5173933335447479, -0.09796436749053558, -1.0310938265750935, 0.8268214490606464, 1.025965827934785, -0.10321950642913641, 0.17417710927239716, 0.34904415069064754, 1.1399991812946118, 0.9645253756994889, -0.7865462326912306, -1.202220511597043, -2.804722757091084, 0.16142225859331114, 0.26689835350618757, 1.6045551095661006, -1.595002340548521, -0.3015040271107299, 0.7485948123609946, -0.1971402080065921, -2.490168883514483, -1.6670520516838565, 0.4098172264609928, 0.19094263236911313, 1.223147822275947, -1.3818645502829014, -0.4628583260017899, 0.6834262197999491, -1.244867004647285, 0.37592541968100823, -1.0537820892234766, 0.9525619336582207, 0.9652246937768553, -0.13995209051462557, -0.3033763221580709, -0.5044261518832036, -0.7195342410027843, -1.0460644278839797, -2.777933051439381, -1.0163826504069247, -0.37547050348206246, -0.6753358013854674, -0.7432441645550495, 0.820059302435578, 0.46221285817770297, -1.4806365648069317, -1.0534112891284557, -1.2870535548326292, -1.1883854796320468, -0.7116312033213994, 0.8187852389374641, -0.9218075594103787, 0.10077015995620164, -1.6509095455433072, 0.09509417783889439, 0.27002032166914436, 0.964077277597736, -0.6641163426388805, -0.025638502509063743, 0.3895546415425709, -1.276252028328717, -0.04588799818778093, 1.1369019385482695, -1.6002576826741424, 1.1705698259395085, 1.3022472164428336, 1.3930765988908416, 0.6973017562533299, -0.999843148272219, 0.9026181287779248, -0.8828516058563053, -0.6996731323391028, 0.2606959957087541, -0.0502510797030102, -0.9146436350291073, -1.0316264509666095, -0.16890024378902047, -0.22739549499383266, 0.01901148494344016, 0.19064648427546094, -0.09564086821060566, 2.6806536865693538, 1.3815666177076866, -1.882251319209963, 0.20243108406507182, 1.9275620010936072, 1.825243453405595, 2.7057662284663557, 0.2861656574828721, 0.7834689121684918, -1.0919175071671345, 0.1948812346767013, -0.8849404020720522, -1.1554093170519744, -1.410356644572077, 1.2047624458323312, -0.535194606143364, -0.7248152551326366, -0.5367551228894945, -1.259180015937864, 2.333359178354678, -1.999936108130641, 0.571197481667208, -0.7080515722526796, -1.3734921563105145, 0.12803681298263522, 0.9973163606117404, 0.30392246724673366, 1.4634479767155688, 1.121712719765926, -0.8785483643523524]}, "Latent AR LinUCB s=2": {"actions": [0.0, 1.0, 0.0, 1.0, 0.0, 0.0, 0.0, 0.0, 0.0, 0.0, 1.0, 0.0, 1.0, 0.0, 0.0, 1.0, 0.0, 0.0, 1.0, 0.0, 0.0, 1.0, 0.0, 1.0, 0.0, 1.0, 0.0, 1.0, 0.0, 1.0, 0.0, 1.0, 0.0, 1.0, 0.0, 1.0, 0.0, 1.0, 0.0, 1.0, 0.0, 1.0, 0.0, 1.0, 0.0, 1.0, 0.0, 1.0, 0.0, 1.0, 0.0, 1.0, 0.0, 1.0, 0.0, 1.0, 0.0, 1.0, 0.0, 1.0, 0.0, 1.0, 0.0, 1.0, 0.0, 1.0, 0.0, 1.0, 0.0, 1.0, 0.0, 1.0, 0.0, 1.0, 0.0, 1.0, 0.0, 1.0, 0.0, 1.0, 0.0, 1.0, 0.0, 1.0, 0.0, 1.0, 0.0, 1.0, 0.0, 1.0, 0.0, 1.0, 0.0, 1.0, 0.0, 1.0, 0.0, 1.0, 0.0, 1.0, 0.0, 1.0, 0.0, 1.0, 0.0, 1.0, 0.0, 1.0, 0.0, 1.0, 0.0, 1.0, 0.0, 1.0, 0.0, 1.0, 0.0, 1.0, 0.0, 1.0, 0.0, 1.0, 0.0, 1.0, 0.0, 1.0, 0.0, 1.0, 0.0, 1.0, 0.0, 1.0, 0.0, 1.0, 0.0, 1.0, 0.0, 1.0, 0.0, 1.0, 0.0, 1.0, 0.0, 1.0, 0.0, 1.0, 0.0, 1.0, 0.0, 1.0, 0.0, 1.0, 0.0, 1.0, 0.0, 1.0, 0.0, 1.0, 0.0, 1.0, 0.0, 1.0, 0.0, 1.0, 0.0, 1.0, 0.0, 1.0, 0.0, 1.0, 0.0, 1.0, 0.0, 1.0, 0.0, 1.0, 0.0, 1.0, 0.0, 1.0, 0.0, 1.0, 0.0, 1.0, 0.0, 1.0, 0.0, 1.0, 0.0, 1.0, 0.0, 1.0, 0.0, 1.0, 0.0, 1.0, 0.0, 1.0, 0.0, 1.0],