{"Stationary": {"actions": [0.0, 1.0, 1.0, 1.0, 0.0, 0.0, 0.0, 1.0, 0.0, 0.0, 1.0, 1.0, 1.0, 1.0, 1.0, 1.0, 1.0, 1.0, 1.0, 1.0, 1.0, 1.0, 1.0, 1.0, 1.0, 1.0, 1.0, 1.0, 1.0, 1.0, 1.0, 1.0, 1.0, 1.0, 1.0, 1.0, 1.0, 1.0, 1.0, 1.0, 1.0, 1.0, 1.0, 1.0, 1.0, 1.0, 1.0, 1.0, 1.0, 1.0, 1.0, 1.0, 1.0, 1.0, 1.0, 1.0, 1.0, 1.0, 1.0, 1.0, 1.0, 1.0, 1.0, 1.0, 1.0, 1.0, 1.0, 1.0, 1.0, 1.0, 1.0, 1.0, 1.0, 1.0, 1.0, 1.0, 1.0, 1.0, 1.0, 1.0, 1.0, 1.0, 1.0, 1.0, 1.0, 1.0, 1.0, 1.0, 1.0, 1.0, 1.0, 1.0, 1.0, 1.0, 1.0, 1.0, 1.0, 1.0, 1.0, 1.0, 1.0, 1.0, 1.0, 1.0, 1.0, 1.0, 1.0, 1.0, 1.0, 1.0, 1.0, 1.0, 1.0, 1.0, 1.0, 1.0, 1.0, 1.0, 1.0, 1.0, 1.0, 1.0, 1.0, 1.0, 1.0, 1.0, 1.0, 1.0, 1.0, 1.0, 1.0, 1.0, 1.0, 1.0, 1.0, 1.0, 1.0, 1.0, 1.0, 1.0, 1.0, 1.0, 1.0, 1.0, 1.0, 1.0, 1.0, 1.0, 1.0, 1.0, 1.0, 1.0, 1.0, 1.0, 1.0, 1.0, 1.0, 1.0, 1.0, 1.0, 1.0, 1.0, 1.0, 1.0, 1.0, 1.0, 1.0, 1.0, 1.0, 1.0, 1.0, 1.0, 1.0, 1.0, 1.0, 1.0, 1.0, 1.0, 1.0, 1.0, 1.0, 1.0, 1.0, 1.0, 1.0, 1.0, 1.0, 1.0, 1.0, 1.0, 1.0, 1.0, 1.0, 1.0, 1.0, 1.0, 1.0, 1.0, 1.0, 1.0], "rewards": [152.8312492114235, -1190.533962167181, -1485.8411051069822, -1869.6913403669375, 266.7345796374539, 434.8168504953533, -904.0884026526869, 193.62360281524067, -917.924076930091, -524.80636152672, 266.6717493426825, 74.0771135537392, -98.40835859226071, -252.74229065226498, -86.96629921498364, -76.62887651043326, -63.53074643917047, 21.829137227721763, 39.89934165304379, 25.076865607363878, 70.06982426666549, 26.350088895292807, -8.754001864440186, 4.358761383536918, -13.646399876653597, -18.263113012832783, 2.4364178182516554, -5.354422883152737, -6.374512986122059, 7.5931753317568145, 3.1584276624666883, 1.2431618660013182, 5.549875440904641, -0.7614402030221334, -2.640191188004545, 2.7336390334780276, 0.5246995927884246, 0.6843392676651612, -0.19376673949479284, -1.8644946439268373, -0.35196585930358737, 0.739598580699191, 0.5146821036777403, 0.060249626527007695, 1.6795218046471918, -1.854429768852298, -1.2013139757942293, 0.8358120799871839, -1.6679250846219922, -0.6693710058432087, 2.6445103588914667, -2.415645373415193, -0.22744913814917334, 0.2730851322955663, 0.3757542997148805, -0.8991132018887045, 0.7868650548098608, 1.4047518323647958, -0.28507355108125976, -0.018762205110366165, -0.5925665716082745, 0.9258382865275906, 0.1270525699865901, -0.2068561743373954, 0.20362321122715665, -0.4042520658298599, -0.37450752623886785, -0.10831005704392768, -0.464167095005359, 0.052308745034083975, -1.077418169786096, -0.6198311083079774, 0.7774043627782792, 0.1958804165568088, 0.6339407138270836, -1.6632595241016142, -1.341322329016974, 0.6644252675469298, -2.0144667939598535, -1.2793405873242263, 0.5159081958131724, 1.5905870804652542, 0.5642595329478681, -0.1563424889401876, 0.11118346292291038, -0.34371021575514277, 0.327150213171281, -1.8754977360573089, 0.08476529432559371, -0.21486997197229696, -1.359497647050326, 1.3296030005634143, -0.7272879162217826, -1.7651434927900707, 2.1649505455512332, 1.2003987360428405, -0.9748377309748147, 0.12377411584986422, 1.6761305362803496, 0.8596395196473848, 0.89956367569096, -0.8890199140679628, 0.6399222542662804, -0.9457960406653589, 0.2283776634902567, -0.09522863069120158, -1.2249307721427103, 0.2942018344250913, 1.1629032604374834, -1.0904030956885844, -1.893370666515784, -1.3707014178053771, -0.44021891100767, 2.5189987089788346, 1.0746226152383316, 0.5501585364163047, -0.9035569191414805, -1.6965142201259753, -0.3595042233223334, 0.7199450254981676, 0.8960797188199321, -1.3383975528102166, 0.0432957841131147, -0.2602970941867827, -0.4189788187081317, 1.1441233944511406, 0.38428800619231396, -1.2493437180874565, 1.2100731261487254, 1.0904853257073897, -0.29657154210858944, 0.12164566605422569, -2.1555124640533503, 0.1486769297367988, 1.262098106113591, 0.7994532880878817, -1.2274818778450052, -0.6613873889240217, -0.26219591029210787, -0.21910653384533113, -1.008532141251466, 1.3189117925505278, 0.15375782298129517, -0.9939668225481864, 1.0646130979454989, -0.19547025406415547, -0.20400440679582432, 1.9909281280167885, -1.127870595616843, 2.709540585455562, -0.28513608948540214, 0.456666045507377, 2.6205438258125193, 1.7357788314706628, 1.780251188768294, -0.32228529014584056, 1.6029953153398813, -0.7640380123679422, 0.5031571205696785, -0.3254509123932253, 0.5764752058900338, -0.4189553361165623, -0.4873091086757835, -1.655028784113605, -1.9944917814008905, 1.6229377940773362, -0.005208891157059609, 0.033814391575357344, 1.213044164249723, 0.2341493388367473, 0.6824487903174484, 1.0254976319686788, 0.16953133943091137, -0.7479732570757992, -0.9490734798856437, 1.0433929910798434, 0.6716367859007835, 1.535177143066488, 0.3338370808828947, -0.6507285053739871, 0.35985677609341404, -0.5711038133923272, -0.6425781945177859, 0.869169311650552, -0.2453717378958816, -0.35060773441777615, 1.975701392259764, -2.091104209824007, -1.323283606702642, -1.2131856047475167, 0.2229797421622759, 0.22922664990757735, 1.0090818655942142, 0.7510279932463879, -2.317553715479416, 0.957820973215383, -0.39530562899107796, 1.2074955923085264, 0.22781852501309902, -0.2137566481059953]}, "Latent AR LinUCB s=2": {"actions": [0.0, 1.0, 1.0, 0.0, 1.0, 1.0, 0.0, 0.0, 0.0, 0.0, 0.0, 0.0, 0.0, 1.0, 0.0, 1.0, 0.0, 1.0, 0.0, 1.0, 0.0, 0.0, 0.0, 0.0, 0.0, 0.0, 0.0, 0.0, 0.0, 0.0, 0.0, 0.0, 0.0, 0.0, 0.0, 0.0, 0.0, 0.0, 0.0, 0.0, 0.0, 0.0, 0.0, 0.0, 0.0, 0.0, 0.0, 0.0, 0.0, 0.0, 0.0, 0.0, 0.0, 0.0, 0.0, 0.0, 0.0, 0.0, 0.0, 0.0, 0.0, 0.0, 0.0, 0.0, 0.0, 0.0, 0.0, 0.0, 0.0, 0.0, 0.0, 0.0, 0.0, 0.0, 0.0, 0.0, 0.0, 0.0, 0.0, 0.0, 0.0, 0.0, 0.0, 0.0, 0.0, 0.0, 0.0, 0.0, 0.0, 0.0, 0.0, 0.0, 0.0, 0.0, 0.0, 0.0, 0.0, 0.0, 0.0, 0.0, 0.0, 0.0, 0.0, 0.0, 0.0, 0.0, 0.0, 0.0, 0.0, 0.0, 0.0, 0.0, 0.0, 0.0, 0.0, 0.0, 0.0, 0.0, 0.0, 0.0, 0.0, 0.0, 0.0, 0.0, 0.0, 0.0, 0.0, 0.0, 0.0, 0.0, 0.0, 0.0, 0.0, 0.0, 0.0, 0.0, 0.0, 0.0, 0.0, 0.0, 0.0, 0.0, 0.0, 0.0, 0.0, 0.0, 0.0, 0.0, 0.0, 0.0, 0.0, 0.0, 0.0, 0.0, 0.0, 0.0, 0.0, 0.0, 0.0, 0.0, 0.0, 0.0, 0.0, 0.0, 0.0, 0.0, 0.0, 0.0, 0.0, 0.0, 0.0, 0.0, 0.0, 0.0, 0.0, 0.0, 0.0, 0.0, 0.0, 0.0, 0.0, 0.0, 0.0, 0.0, 0.0, 0.0, 0.0, 0.0, 0.0, 0.0, 0.0, 0.0, 0.0, 0.0, 0.0, 0.0, 0.0, 0.0, 0.0, 0.0],