{"Stationary": {"actions": [0.0, 0.0, 0.0, 1.0, 1.0, 0.0, 0.0, 0.0, 0.0, 0.0, 1.0, 1.0, 1.0, 1.0, 1.0, 1.0, 1.0, 1.0, 1.0, 1.0, 1.0, 1.0, 1.0, 1.0, 1.0, 1.0, 1.0, 1.0, 1.0, 1.0, 1.0, 1.0, 1.0, 1.0, 1.0, 1.0, 1.0, 1.0, 1.0, 1.0, 1.0, 1.0, 1.0, 1.0, 1.0, 1.0, 1.0, 1.0, 1.0, 1.0, 1.0, 1.0, 1.0, 1.0, 1.0, 1.0, 1.0, 1.0, 1.0, 1.0, 1.0, 1.0, 1.0, 1.0, 1.0, 1.0, 1.0, 1.0, 1.0, 1.0, 1.0, 1.0, 1.0, 1.0, 1.0, 1.0, 1.0, 1.0, 1.0, 1.0, 1.0, 1.0, 1.0, 1.0, 1.0, 1.0, 1.0, 1.0, 1.0, 1.0, 1.0, 1.0, 1.0, 1.0, 1.0, 1.0, 1.0, 1.0, 1.0, 1.0, 1.0, 1.0, 1.0, 1.0, 1.0, 1.0, 1.0, 1.0, 1.0, 1.0, 1.0, 1.0, 1.0, 1.0, 1.0, 1.0, 1.0, 1.0, 1.0, 1.0, 1.0, 1.0, 1.0, 1.0, 1.0, 1.0, 1.0, 1.0, 1.0, 1.0, 1.0, 1.0, 1.0, 1.0, 1.0, 1.0, 1.0, 1.0, 1.0, 1.0, 1.0, 1.0, 1.0, 1.0, 1.0, 1.0, 1.0, 1.0, 1.0, 1.0, 1.0, 1.0, 1.0, 1.0, 1.0, 1.0, 1.0, 1.0, 1.0, 1.0, 1.0, 1.0, 1.0, 1.0, 1.0, 1.0, 1.0, 1.0, 1.0, 1.0, 1.0, 1.0, 1.0, 1.0, 1.0, 1.0, 1.0, 1.0, 1.0, 1.0, 1.0, 1.0, 1.0, 1.0, 1.0, 1.0, 1.0, 1.0, 1.0, 1.0, 1.0, 1.0, 1.0, 1.0, 1.0, 1.0, 1.0, 1.0, 1.0, 1.0], "rewards": [-1595.1333941417813, 755.8358582680111, 1960.5410652359483, 770.5636305566815, 35.30311021500801, -1868.104761295757, 1228.7263155460842, -1068.9204186713273, 209.03350147818963, -2704.378877112862, 318.39156271122306, 309.4412553590768, -425.90733851059736, -293.59845753390243, -31.086663554888602, 295.2532213936079, -209.78533013473458, -162.98109435659987, -13.890143537915264, 70.45269760882906, 160.4824768930441, 128.4948060524746, -90.16168805947687, -46.13252980321133, 19.708700834478424, 4.70468579029768, 18.413140789064617, -9.454073771944667, -50.145021758244795, 0.5292667613030693, 30.20579996298529, 5.1100003873005235, 6.391408007094378, -5.171736595821057, -13.624763822167118, 7.615392507223902, 9.74950733449657, -5.361871881926132, -3.4004340263272357, -2.413179783688125, -2.533157120064338, 5.0540800273755275, 2.051713583247923, -2.889945875331219, -0.6059154147694215, 0.3148093964120157, -1.8855061437549634, 1.6984789304282524, -0.0065545936622802, -2.0636443258821844, 0.8278787382573917, -0.08729783323977647, -1.3073080477690544, 0.9788532005007402, 0.4707472653055286, -0.346120960228718, 0.2308537332443705, -1.2678200773947568, 0.9666362281170351, -0.5757447178257282, -0.3503473132521983, 0.11777196958337463, 0.40225773151517497, 1.9163579516122424, -0.5901081814725216, -0.8127966747833952, -2.605580371772885, 1.2593486367208186, 0.5871818657108419, 0.12065776451381695, -0.8428899644804697, -0.6006204575028031, 1.5006011593114745, -0.20501698392177686, -0.1143847112266484, 0.290778679588435, 1.9923272022908654, 0.08044177186182866, 0.7269448330390007, -0.770761075220728, -0.19278739751742377, -0.6613233382938032, 0.3067494412026863, -2.378365501786278, -0.7886340111692954, -0.41774672215896924, -0.26691868629978144, 0.37174915708395534, 0.7359695017288127, -1.0998729074627327, -0.3328441202596574, -1.4070056897453493, -0.5823239185105162, 0.900846745244982, 0.9102941228189647, 0.6993298033886901, -0.3716886436726758, 0.08804126220731905, 0.488781630338066, 0.3552326599029412, -1.1304551888807846, 0.24044001150443167, 1.0353676242223722, 0.6141486995539223, 1.9510985462980217, -0.2080478857325821, 0.23697620175412426, 0.36769459506310087, 0.6229593590505582, -0.4882533794465226, 0.39743768255491757, 0.20360055975092828, -0.4888589532788377, 2.190466106902751, 0.2444488790532232, 0.09302917913402482, 1.3271447799714446, 1.1175078155711786, 0.011930919920067957, -1.624426021417673, -0.7004844377221269, 0.6575715040295633, -0.3368505142693612, 0.444864706381887, -2.0801028658712104, 0.7601328120810008, -0.7167103084433992, -0.47936777780065815, 1.6092664343967338, -1.1879915653362776, -0.6069116892587889, 0.07470689425251503, 1.1932738565636725, 0.33356295455255486, -0.02578505814241104, -1.3256405086298613, -1.887043523313898, -0.7588957417520448, 1.463792793490005, -0.20990101092932562, 1.0000936863070657, -0.585391066623015, -0.6005669595510659, -0.7158249408862152, -0.019769545973091128, -0.16478018524431903, -1.035425934550503, -0.1270726912087882, 0.26507394079358326, -0.2340274868899563, -1.5112578673253863, 0.00011780238244507579, 0.9446204184082259, 3.5818225089069498, 1.428440974214564, -0.39073490189389426, -1.1720432027409535, 0.7160819590436062, -0.0048959690229155445, -0.47366994573495974, -0.9223653854612043, -0.2257249023104791, -0.18165972274889033, 1.2687248205871504, -0.6881652687459676, -0.07230158477414074, -0.29616930064635294, -0.10329619715199297, -1.0704948396933636, -0.2557025600997009, -1.9128630600305236, 0.37390953014584843, 0.43152088126002064, -1.7085362098081436, 0.46191524489455754, 1.8947578740935256, -0.13860233624729706, 0.4909662061310096, -0.922264991463321, 0.07489088922898857, 2.025980212553538, 1.635001368832455, 3.5953394301238446, 0.9290494536009151, -1.9878563277825627, -1.0216375508703912, 0.3498548385096856, -0.47278448544508533, 0.33362832555823857, 1.4450664557366384, -0.7235860990053408, -0.5040791402196427, 0.14840177657916265, 0.6186369217212705, 0.8966186658459917, -0.13008685454300448, 0.1688826587147003, 2.450671730037479, -0.2893705124187156, 1.6188624996391496]}, "Latent AR LinUCB s=2": {"actions": [0.0, 0.0, 0.0, 1.0, 1.0, 0.0, 0.0, 0.0, 0.0, 0.0, 0.0, 0.0, 0.0, 1.0, 0.0, 0.0, 0.0, 0.0, 1.0, 0.0, 0.0, 0.0, 0.0, 0.0, 1.0, 0.0, 0.0, 0.0, 0.0, 1.0, 0.0, 0.0, 0.0, 0.0, 1.0, 0.0, 0.0, 0.0, 0.0, 1.0, 0.0, 0.0, 0.0, 0.0, 1.0, 0.0, 0.0, 0.0, 0.0, 0.0, 0.0, 0.0, 0.0, 0.0, 1.0, 0.0, 0.0, 0.0, 1.0, 0.0, 0.0, 0.0, 0.0, 1.0, 0.0, 0.0, 1.0, 0.0, 0.0, 0.0, 0.0, 0.0, 1.0, 0.0, 0.0, 0.0, 1.0, 0.0, 0.0, 0.0, 1.0, 0.0, 0.0, 0.0, 0.0, 0.0, 0.0, 0.0, 0.0, 0.0, 0.0, 0.0, 1.0, 0.0, 0.0, 0.0, 0.0, 1.0, 0.0, 0.0, 0.0, 0.0, 1.0, 0.0, 0.0, 0.0, 1.0, 0.0, 0.0, 1.0, 0.0, 0.0, 1.0, 0.0, 0.0, 1.0, 0.0, 0.0, 1.0, 0.0, 0.0, 1.0, 0.0, 0.0, 0.0, 0.0, 0.0, 0.0, 0.0, 0.0, 0.0, 0.0, 1.0, 0.0, 0.0, 0.0, 1.0, 0.0, 0.0, 0.0, 0.0, 0.0, 0.0, 1.0, 0.0, 0.0, 0.0, 0.0, 0.0, 0.0, 0.0, 0.0, 0.0, 0.0, 0.0, 0.0, 1.0, 0.0, 0.0, 1.0, 0.0, 0.0, 0.0, 0.0, 0.0, 0.0, 0.0, 1.0, 0.0, 0.0, 0.0, 0.0, 0.0, 0.0, 0.0, 0.0, 1.0, 0.0, 0.0, 1.0, 0.0, 0.0, 0.0, 0.0, 1.0, 0.0, 0.0, 1.0, 0.0, 0.0, 0.0, 0.0, 0.0, 1.0, 0.0, 0.0, 0.0, 0.0, 1.0, 0.0],