{"k": 5, "sigma_z": 0.001, "mean reward 1": [-707.5221515680333, -3.689419721673601, -1003.5903232552598, 391.39942269766897, -1929.4618655601148, 548.7535510001373, -720.9828541937726, 326.4385366652461, -153.91970275823695, 427.5419218380179, -136.96554056748025, 294.14086099386674, -116.04760761637849, 108.60692300751231, -110.95060380636399, 46.75634119231803, -90.37942543728114, 35.615177418856206, -47.997093181408104, 31.915187527649362, -20.945345705903314, 26.628764472319787, -12.168762698239634, 17.16520261468664, -9.52294872722104, 8.89606098504882, -7.937681956052438, 4.599900648377548, -5.612923443169434, 2.9587960324819624, -3.4129571522718933, 2.3111720880606255, -1.7659231847780583, 1.6874944650921333, -0.9712326407851943, 0.9669930857767801, -0.6122829895801116, 0.5479840906494295, -0.41707637988891405, 0.43393651433596503, -0.2680426299514808, 0.3694049858440098, -0.09547858706073069, 0.10901249690494562, -0.02409431292334012, 0.042440924763129134, -0.055099525595512275, -0.07143713851671483, -0.1049451072462069, -0.02652893505521726, -0.0006843523603344522, 0.07608740672003073, 0.04939998099008498, -0.04580997942453263, 0.10984675002015425, 0.10874103115581343, -0.02673665459199573, 0.04991526287764453, 0.08480051681178094, 0.13828160731861877, -0.0642428620864993, 0.06957287380188798, 0.04828236674973093, 0.10145078052640087, 0.14763356212810289, -0.11978609175396923, -0.0785695272633116, 0.013440089184926111, -0.1454013642843858, -0.05174113960249135, -0.07535036825017494, 0.010202936722781617, -0.013975933257023674, 0.13007608738729012, -0.1254315093368799, 0.10131712500103779, -0.1850695605889645, 0.05686716744806291, -0.1520104794855893, 0.16560212694949772, -0.09974578347250443, 0.10287820436833135, -0.021134325737122484, -0.07347963684649197, 0.07845128620471765, -0.0658312754792371, 0.03021925764950964, 0.12235480521842883, 0.010333174000621819, -0.19284932042369335, -0.04221421128677539, -0.020932708724420625, -0.05564947966481626, -0.021918888377637766, -0.04955974822580063, 0.0670874960924162, -0.035248823439724825, 0.1349501887452178, 0.12869769899585629, -0.02368362928890536, 0.13131952733283506, 0.1677172425863318, 0.08027686050118331, 0.04854704004821242, 0.04194879938632833, 0.06536365334654418, -0.1352573543021642, 0.040154243634607324, -0.14622403494258543, 0.03372819515355388, -0.08568010648807639, 0.15355961809608265, -0.1660855010747205, 0.051778145248702355, -0.16168872934659698, 0.01852549003190956, -0.03481157604374978, 0.03913560858505577, 0.05086537192804424, -0.020147667929464496, -0.009730605256357433, 0.07812969355797887, -0.15914891164906414, -0.004122462544169938, -0.2380459920295899, 0.07708586114270599, -0.11214269141105006, 0.026810108790950922, -0.17917410864343117, 0.1752709891915998, 0.05295219435901726, 0.21474940845984847, 0.1310560312586279, 0.11634008755855578, 0.01335654006283735, -0.05268382083194322, 0.018918616582614373, -0.022840983376060043, 0.09907684502297794, 0.09153427759787323, -0.08978816518509732, -0.01830134520253194, -0.043348006563751276, 0.13188824070469665, -0.04110163285316892, 0.04094737177231746, -0.011095434316837958, 0.11245441654894395, 0.0793796338512934, 0.07134132807884914, 0.0993927830475912, 0.16329016704027707, 0.1520229824602663, -0.12543960258083298, 0.01372598716264735, -0.0768253918607548, -0.15721147387735218, 0.04989898349592927, 0.028204027672745758, -0.010929339455005243, 0.1928361881487861, -0.020656695110948597, 0.23233569455131126, -0.09053360536896111, 0.054419144663578986, -0.11760308190648873, -0.064417949735489, -0.011027693612411266, -0.3210641166589345, -0.18367301718820417, -0.13262196807224258, -0.07041233093130872, -0.10865702808137168, 0.06577357169416549, -0.03556597661898718, 0.15682658926564919, -0.04041881245929601, 0.01116364649307776, 0.0671276372518708, -0.03625106798280564, 0.06845517673470186, -0.010695994451586633, 0.02219622015121521, 0.11145292596745661, 0.12557757679818995, -0.15811441006437923, 0.08940109433994319, -0.04279012729637661, 0.07112717222257069, -0.1887617452872413, -0.13542319643402032, -0.20968715056561044, -0.1358378253808534, -0.19432927082652446, 0.03534360409920113, -0.18481420255864683, 0.028015398789454134, 0.012551143291038932, 0.0003739241192355367, -0.04563952656784569],