{"k": 5, "sigma_z": 0.001, "mean reward 1": [1073.770970132753, -215.60334986214477, 305.43715767004863, 1681.410559672652, -599.9922798940291, 615.3228525993288, -179.39623347970806, -36.09855842928037, -287.4631956180246, 72.34172950782582, -239.65694927953444, 85.31948141283571, -64.01728917033212, 74.21921749166232, -18.00065630839536, 66.85858783954146, -22.40244083205578, 34.05037727590296, -21.893171627680708, 11.432417623064369, -18.93652394079265, 6.478970478728095, -12.134565383991635, 6.184740227343639, -5.457251882324801, 5.446766181475674, -2.606215932556164, 3.875887668132124, -1.966050044580327, 2.2322036781070977, -1.6926646540369128, 1.0563008084564258, -1.281054847673955, 0.5823129451711787, -0.6920491705205347, 0.43937509484662934, -0.4184007078492435, 0.5794443563389685, -0.3568147339578166, 0.3206463328320413, -0.3296492556458642, 0.13476867688475067, -0.014051007879712458, -0.002379009432802758, -0.08230575493046513, 0.037478218855641794, -0.16774111346095916, -0.07948985329052159, -0.027330649663500316, -0.11947444231590308, -0.037775240105158425, -0.11642100302913365, -0.012793078781046912, 0.08389905710829029, 0.015490681807945982, 0.005517144296778991, -0.019205297454375853, 0.08847336582461128, -0.11021485710035242, -0.056022424522636234, -0.19892018893260618, -0.096769089712659, -0.24982870400872076, 0.035451331866988754, -0.12885114369706568, 0.06661862355934373, 0.11820632539963599, 0.12793799140015855, 0.020271461792168776, 0.2323096724805746, -0.0028162029495278863, 0.14550224410425067, 0.04069106905694789, 0.19019328712440428, -0.198067088758082, 0.13866890933196502, -0.22677925510132882, 0.10547270416342423, 0.05160121686854234, 0.008312815277409315, 0.04694621915820894, 0.04582659757819417, -0.04615759257638946, 0.11232757412262874, 0.00604982184282645, 0.23271459735703168, -0.024678578879015273, 0.3673364889061118, -0.1502160134335362, 0.2488344244618941, -0.1374661075765006, -0.09171172063176643, 0.008771804798921175, -0.02853275030721005, -0.03045904574277824, -0.05226802980070231, -0.005517136163156794, -0.01489228773828164, 0.006032164719324219, 0.1633215232033339, 0.015763315601919778, 0.03606473908965654, -0.004790436077232633, 0.11008970225627758, -0.3297619232032583, 0.15416115544137132, -0.3009574942677202, -0.01014540642999773, -0.2410279225825631, 0.13158619039155675, 0.05808305606712066, -0.01151192648004459, 0.15509345558133947, 0.07673164933518482, -0.10404141060394068, 0.2102895267919302, -0.09236252848222745, 0.11040768920050487, -0.043558321661986955, 0.19060608500642984, -0.07184547492281827, 0.2074866021062374, -0.10882161887198703, 0.08587688761777708, -0.17580606305802046, 0.15013584969185273, -0.01427345773208652, 0.1109134579127601, 0.04099815293415763, 0.0649627804210436, 0.03898908963560685, 0.08964586553937844, -0.0019065299897987758, -0.01360208442747676, 0.02018556022942617, -0.2080049482366321, -0.08077858195942998, -0.07061993127828635, 0.07008825738945591, -0.21132288429780025, 0.1107632216607687, -0.028010823186074212, 0.01427723368682709, -0.0670307384161397, 0.005267012823195787, -0.11339340928684122, -0.0627339804470233, 0.09607072768079226, -0.14621663723844272, 0.13076113478327198, -0.06704379244461027, 0.10643582759511742, 0.03571195511851604, 0.10404554463868364, -0.0664101706377402, 0.054521332943029514, -0.008011714120655475, 0.07182229212953732, -0.08511783188096836, 0.18534040807692778, 0.009748015013271567, 0.14854169288367045, 0.10994997072883085, -0.02932276031170975, -0.024217459984129972, -0.03776632718265354, 0.011054763867234668, -0.12220203054804754, 0.05193147142235107, -0.19834669664738125, 0.07524212250774177, -0.12576233576020518, 0.0399393182166851, -0.10695203797389136, 0.08807431763498401, -0.20577345767449187, 0.09578709170004081, -0.06939513942671995, 0.09418234903241572, -0.19917116388080036, 0.28685137511450937, -0.1498947399689185, -0.1049496844991696, -0.08089674823120159, -0.06785562053459747, -0.06513178550793242, 0.06844264104037885, -0.2432901494016572, 0.002188492142261877, -0.10538772419377103, -0.15017860291495919, -0.05576648491094102, 0.09100096149658118, -0.14360309287643377, 0.04963136089212303, 0.007541417310089212, -0.0013532670193638072, -0.04400848615200925, -0.07199632308793816, 0.019725884578836672],