{"k": 5, "sigma_z": 0.001, "mean reward 1": [-64.0448105507906, -1.9860456433873686, 211.21101212459678, -913.4251429342204, -999.2400147902499, -159.25335964806135, -487.21441037392503, -12.825491341838728, 96.09186301022704, 157.4500769077144, 99.42865394760484, 158.25191062745455, 18.91443322337163, 32.05008037416962, -27.12566888452005, -19.51819500737154, -39.57152240124238, -11.204249469472378, -19.347365503824808, 2.973856669273695, -0.7883734588875826, 8.896604000674717, 2.868436543661632, 6.686760866409575, 0.4683687041356648, 1.975258795756456, -1.573057751512796, -0.3145489956116363, -1.7794496777696254, -0.4745801283819304, -0.653048021936648, 0.14180832795016293, -0.11439454608389342, 0.3505675431393982, 0.3092397479236723, 0.1835725378457804, -0.011454039906435447, 0.21524810742356562, -0.13077444727551368, -0.21884986486449204, -0.18341931726810493, -0.13491309056131334, -0.23808914572131418, -0.18375960638898062, 0.09594325458596387, -0.0333138043258325, 0.17105928245636828, 0.2932857853294619, 0.018109192239286705, 0.10056114549988136, -0.04578043047822681, -0.253120054308723, -0.021075351475392374, -0.3013479088033569, -0.16616193065753446, -0.10752071990667161, -0.11305394731231425, -0.036801974206972544, 0.08360359087643843, 0.08238587411194061, 0.11025374508452129, -0.1632654776248372, 0.07342334693498807, -0.0530629653411449, -0.04177612776225672, -0.0163968234530123, 0.0892142933848423, 0.04079586502120694, -0.0158213221148748, 0.03767256230972716, 0.0055165525186966, -0.05571505336955393, 0.006145929177077321, 0.0435073497135464, 0.020742895653649646, -0.03513685680379876, -0.15298393994785411, 0.029113444677550015, -0.11560082150452089, 0.13775215140007274, -0.012649428425893004, -0.0028426166511547513, 0.003032430413775342, 0.17612096341284264, -0.21867107474897712, 0.013828804954731794, -0.08642516063378852, 0.020665205969911164, -0.04353913028533001, -0.024766111610654812, 0.04752320587337692, -0.12118659635316406, -0.04682251298402922, 0.2086213959091495, 0.07292048432642803, 0.17920991782352974, 0.06125881975077651, 0.10794186865238654, -0.09392241383724555, 0.1764111788554028, -0.15707134450116014, 0.2429695186950356, -0.13582928451716117, 0.1326243352511885, 0.07008043385022451, 0.1537809058390067, -0.0933528898343287, 0.13498432312821917, -0.015453640321068624, 0.002131770188868419, 0.05079201771586901, -0.0016981568480737871, 0.07138899916051791, 0.07665176785900045, -0.07075003007835057, -0.019743671664515634, -0.22263944240793623, 0.1749101893428888, -0.07769109222952887, 0.04132281592134074, 0.054895100915439525, 0.13241403831779494, 0.07460416785814301, 0.02943902945148024, -0.05024687140445815, 0.0822235199294918, -0.03671803925542564, -0.10215625970056055, 0.0685812538050521, -0.07422323434658135, -0.09832853862828907, 0.026305363553451755, -0.21354223031068228, -0.008328303494352818, 0.07015499463080255, -0.055783092614885885, -0.05270225626099834, 0.09870556319705046, -0.109969534131973, -0.15840132039667082, -0.04629235188417205, 0.058354808087448376, 0.13036786360501548, -0.022022449960925186, 0.10188944344876397, -0.25823506357781945, 0.01996596297986727, -0.28283965743828055, 0.0914611472141701, -0.2990630328796751, 0.25536159122156843, -0.22975699715036452, 0.3061362839673064, -0.14955913750215266, 0.1799527823937283, 0.03488465493353221, -0.10730656067516889, 0.08317372714182944, 0.10624066834434422, -0.16657866379084893, -0.046408972797805634, -0.0647560926109988, -0.24625966739994554, 0.053658598473529884, -0.11822391712157171, 0.11028433587925997, 0.09358982510993147, 0.03950774834721034, 0.13666402792011897, 0.051213909928479934, 0.0931708729189489, 0.08970656831494295, -0.0922957672904419, -0.046363843753112165, 0.03876894200460299, -0.13397134112722775, -0.22972442781668792, -0.009079723190356484, 0.05815323377012943, -0.20942096186292808, 0.10900489332861941, -0.10775849841378506, -0.2114131766397618, -0.0374837910022107, -0.0296551815312102, -0.1906405642443573, 0.07287927905851224, -0.07483348743750673, 0.13316691450201934, -0.22694195864776853, 0.10822513748333265, -0.2488930181458051, -0.027567950282769142, -0.04719475123101913, 0.045313893046097425, -0.11265446023743309, 0.08949713385334336, -0.04751306352745962, -0.08442929942772238, 0.2095259285310488],