{"k": 5, "sigma_z": 0.001, "mean reward 1": [-1860.3077401266553, -1079.656394659902, 824.2656221525755, -1244.0448958153936, 1765.4207872981387, -221.39743675527956, 761.6869723550722, -81.1073888568646, 355.01621445859814, -363.76010656618877, 157.42542991127357, -289.8413142612737, 55.38658235067875, -143.54773054855835, 77.14025360501982, -65.53655806730092, 82.59769621428387, -28.455188321567633, 53.17009455306753, -21.438409657039422, 26.356009243823703, -22.10995489660131, 12.218537235667103, -17.26877420440498, 7.2467826144057295, -9.922562279069332, 6.058202384660351, -4.880086725867366, 4.85999302040968, -2.724539927909771, 3.4430580670018682, -1.74929114190969, 1.7099024696762932, -1.3594273850041825, 0.8597856607183988, -1.2202690191931895, 0.6708443134432884, -0.7417705500185818, 0.45173838078399486, -0.3943941609576827, 0.5041583015879447, -0.3757015105478199, 0.2502461616524044, -0.036154375668374664, 0.2848366661971365, 0.04228561625704997, 0.11068392710412442, 0.012944640005018479, 0.11449350607607015, 0.021512967443042545, 0.11307421176836469, -0.00963515930852662, 0.004690507986265118, 0.033196150961171296, -0.08536962107115592, -0.023148938699121872, -0.04194685016770408, -0.06629439441550793, -0.2297331188775792, 0.1299152755956439, -0.017974317979362563, 0.07381525846799292, 0.04414294486915914, -0.07286601339002265, -0.016824074730378728, -0.04795584231878743, 0.08427628081221857, 0.009710967991623362, -0.002265132074296886, 0.2048840907585052, 0.06800169916970096, -0.0727347840787569, -0.03214112886078289, -0.009910857560596809, -0.15988012496325169, 0.09089798578495754, -0.12550292547225303, -0.04895321693606071, 0.04789169380163815, 0.08870327252321092, 0.06710585674503372, 0.0007778988792991339, -0.05951651259556661, 0.10619497157332923, -0.011692955305985691, 0.03977062434816307, -0.04085354194763945, 0.1324905245492733, -0.08100738206899459, 0.1049691258687577, 0.040354234832840896, 0.0538614394744266, 0.0698148431561253, 0.05606763631874763, 0.05403706040042562, -0.06539041812904499, -0.11782493509677183, -0.2340447765174739, -0.20210401525166546, -0.029639316480809204, -0.040853204817231335, 0.02223899215667767, 0.2607483588572308, 0.019353355380473256, -0.015461146135748761, -0.028150490271665916, 0.04882730668081258, -0.09829558308639177, 0.049526125908156186, -0.0829424036847797, 0.018408907278762182, 0.037295318798088194, -0.05114834816865599, 0.11128979415869278, 0.08217269156917638, 0.09958450296659925, -0.03496630409401183, 0.07592252650796745, 0.04473329290521712, -0.022098002706050578, -0.0022816125764097807, 0.11117952317993238, -0.12241872259702703, 0.22719877885426018, 0.07523821146151734, 0.11831099818978452, -0.013790865552513095, 0.12648611949667432, 0.06184718828762081, -0.015536489106252016, -0.02967184243880928, 0.014666973943843387, -0.09665311238431105, -0.13006103785509152, 0.19208223998609597, -0.18802934928778284, 0.21651110306446517, -0.21036321655347034, 0.28658705425904224, -0.12670624169381706, 0.09738285632972979, -0.15143135721649034, 0.06785715330396852, -0.012147188033980199, -0.011435146124909935, 0.09685399872455677, 0.04559883964160889, -0.10959433126702793, 0.13778686343332014, -0.21460880703171167, 0.20308792919456714, -0.07772818328444542, -0.06611366745842885, 0.08470423309916061, -0.1048615788804773, 0.0754871661750894, -0.3080344998026784, 0.12140800119599814, -0.3245122746049349, -0.03363619085231794, -0.059478097593011044, -0.04830276947620701, -0.06403810458125161, 0.04374970029755676, -0.10934125491984627, 0.0917555490323483, -0.12202385263029703, -0.13708585689842873, 0.03483423667347083, -0.28743236282405654, 0.08251906024079997, 0.04108667911169665, -0.17327518156294572, 0.023730396332174507, -0.1398221989788743, -0.2394532262075691, 0.05181966690648343, 0.11936399639852449, -0.014365415526722028, 0.04782207364901049, 0.007265595816978129, -0.007947178125004705, 0.0870849298317583, -0.06503011445307653, 0.10817895649238389, 0.027312654243619675, -0.06968826157214145, -0.09547757408548574, -0.021762778312228316, -0.17572254532086576, -0.11879248718033826, -0.08020474678924475, 0.09785263889759302, -0.0540414290440125, -0.08938759337344687, 0.07083201798078266, 0.015367372538179944, 0.07154674137832799, 0.06701046375662621, -0.06070906504100078],