{"k": 5, "sigma_z": 0.001, "mean reward 1": [457.77292113082757, 1768.9412079994654, -2302.0180162403703, 465.1313076981053, -1341.8141347083729, -97.37398883778033, -581.8647959617498, 359.43343397901583, -248.9106299905222, 423.70696210318545, -52.81425765192047, 236.0756215165587, -68.12916628688004, 105.01746496796092, -105.37469248257356, 38.24548660924539, -80.38480128647527, 21.529919237097847, -42.496587374251945, 26.00043546295559, -18.406534271349216, 23.790183810814998, -8.745787229332045, 15.15046133309922, -7.0619661607730855, 7.522380360139019, -6.648647269973418, 3.668539919550621, -5.048019184925207, 2.232065296908624, -2.8134321922792105, 1.7591204137181369, -1.330883522324223, 1.500493721880321, -0.8472678735536717, 0.9450475222674272, -0.5092161134890297, 0.5462175141892504, -0.41344681196443395, 0.28701412373619095, -0.31324682647465374, 0.27414461899215553, -0.3307693765949039, 0.27608241304648373, -0.19352483318145042, 0.225325618172892, -0.21200588909338658, 0.09354288054715364, -0.16439365592287813, 0.011343603861669346, -0.0358574516211487, -0.01154057184134765, -0.007620388836417918, 0.14649326896788895, 0.011645738277495972, 0.023138519197019824, 0.00028499616322188407, 0.05265544708443142, -0.009233562592252153, -0.09773025840014399, 0.06881965815006034, 0.03499138813183795, 0.043464837062170816, -0.05755349145503059, -0.03298059472084237, 0.1364120110690768, -0.13168124902646008, 0.13166670685367665, -0.20579135748196245, -0.08227940541035644, -0.11111010240915666, 0.06750292591837484, -0.12045565985302421, 0.23119804574693903, 0.14052925315104614, -0.015103317454701233, -0.07525875792480946, -0.11672867612429044, -0.008046238527153192, -0.019556805394834873, 0.06001454562604074, -0.0833567136589842, 0.07092543804301424, 0.05421538085496702, -0.14317816426116353, -0.06517185681545236, -0.03587530609338306, -0.01231179919531307, 0.16876538140594013, 0.07280683051570178, 0.06337298200999124, -0.002410029353208502, 0.02076053640480619, 0.03741811486181487, 0.16461137613208482, -0.10859426639885537, 0.02707356392890256, -0.10989554670376533, -0.0358887107788, -0.08891312166885952, -0.13733701457311467, 0.16872818221738647, 0.024373335354595335, 0.12476969476210345, 0.2549844425477753, 0.11294622223334988, 0.1511547473285083, 0.011893599524378759, 0.08510562099165697, -0.03972575382011457, -0.1466917911816048, -0.13427913856876514, -0.2708850236780895, 0.06465357311350288, -0.10740748618473078, 0.0694662500285397, 0.03373753726801783, 0.0013995122105395718, 0.13284151134989822, 0.04801238814781512, 0.01823712376317322, -0.04427093894892155, 0.000749395913447733, -0.17225511203328223, 0.09105469267863692, 0.07428563105273395, 0.11589541007720604, -0.07416009404608515, 0.09464459437971298, 0.013158880964398594, 0.06466592170053011, 0.09304373359494313, 0.06157992245656308, 0.13895692711687105, -0.19937967599760534, 0.17466232775136156, -0.25455914693347537, 0.16220184755323147, -0.2425263164811029, -0.07695651285353261, -0.12022194010119103, -0.11041820599274521, 0.1459871989906665, 0.012944613032829495, 0.2405435691078091, 0.01784307859000885, -0.014652980037622759, -0.1028952820242478, -0.09194872314919832, -0.14773367377061264, -0.12593029585926438, 0.05970378308744588, -0.0024653176091713283, 0.06160355789482621, -0.1584775870632144, 0.18328190791986865, -0.14469489282019635, 0.024869775053035063, -0.0059974602701149205, -0.0292905408139608, -0.020319462622931543, 0.1793588268773662, -0.0063880773650591555, 0.05590699650227654, -0.23060738375256404, -0.07716264645178475, -0.16057365880504754, 0.08398042218802039, -0.19086710653999478, 0.08785827290740601, 0.010785175815956286, 0.25487606019764375, 0.04568873922713308, 0.1180532996101703, 0.142246402991384, 0.06071762660465584, -0.14216177613293726, 0.05438192518923895, -0.2540862940207363, 0.10132215144705223, -0.25042418485727425, -0.1860739081186375, -0.05436032302689609, 0.06549845408354114, -0.08299103128050235, 0.04007461545624337, 0.01327219211718401, -0.019533404175317397, -0.00841469801359994, -0.02050692980256522, -0.07817683811870145, -0.021806499933095903, -0.0255905892071786, 0.004434431467260245, 0.0943168770573011, 0.07436537836692625, -0.049122063638995135, 0.11816748246143512, -0.06154860248617684, 0.09675343346827235],