{"k": 5, "sigma_z": 0.001, "mean reward 1": [585.7976893521987, 291.447762616228, -1010.5664433008052, -1088.9629982077042, 110.53649083756287, -712.2842640597821, 121.67219318233371, 38.15869455639437, 187.8187577116985, 53.62206955273295, 204.3130524605254, -26.000741008685257, 62.419307613905616, -47.129953006078765, -3.9721387132580803, -51.73564989104826, 1.152536222631271, -28.99384347048376, 10.92398027091497, -6.617718257541819, 13.44501034467815, -1.176569442126984, 9.691567963662227, -2.5691128721313126, 3.8866484041801495, -3.475886828082412, 1.143479767412086, -2.814091575056423, 0.8519019170882356, -1.5738728928304868, 0.9716386751925422, -0.638657663288145, 0.7767591499105579, -0.29434615203181036, 0.4993310524573566, -0.4422555906605629, 0.23244219065245197, -0.22152224176650911, 0.021367544110507217, -0.06742360478510767, 0.2345142494797214, -0.15528566192684604, 0.013304649918520007, -0.12018540490999384, 0.0016362647919626043, -0.16487408403949677, 0.17200606092904044, -0.11913834773612164, 0.22127058615334202, -0.029649994222164258, 0.12563826056695224, 0.06790319982363738, -0.14022208124726201, -0.042991106435711184, -0.0827538709980065, -0.056863439991233215, 0.059912941892560384, -0.04603946776995131, 0.07698843819404413, -0.20053193560956767, -0.05679498869983181, -0.038878331755428756, 0.11300841173821166, -0.14231615323065328, 0.24858422940545866, -0.15232933605550764, 0.007507777840529877, 0.24410808408843326, -0.0497568761831518, -0.05449963496469727, 0.22699264663108717, -0.14939097008795676, 0.13278165240456544, -0.05887640473379406, 0.11435236218903914, -0.06708965659951024, 0.10652300267483734, -0.16365625167886427, 0.094836196560855, 0.013052731362796688, -0.0938643394148801, -0.0393229922869001, -0.036205197335981466, -0.08426962953308331, 0.17214373490899973, -0.17138393987076697, 0.04462907249461218, -0.00712995651846772, 0.04800059902354802, 0.013647683527310812, 0.11744162398956383, 0.26054261793141636, -0.05832079740741221, -0.09467714463828256, 0.00192306120891976, -0.16400494421001582, -0.12134038092922123, -0.06312692413167395, -0.08420580562212504, -0.1674773323992722, 0.06954332235862215, -0.10102405859601063, 0.11604985174166425, 0.10210889474906903, 0.18886396349388881, 0.033646491378205856, 0.03693307022621224, 0.16009396191481098, -0.17239308332241132, 0.07637951935635819, -0.1283973549236898, -0.10190309378180418, 0.025886688668524484, 0.05263145103160023, -0.0645740972662486, 0.054129991662547415, 0.0693469248260451, -0.037692328910771795, 0.06942997521247529, -0.05781687293969044, 0.1448622387690133, -0.11243736583328141, 0.13176716630926666, -0.1371653190679087, 0.057464013396801676, -0.06222157514168975, 0.11227266415626304, -0.2843081915343957, 0.10472837994830711, -0.1993739191548772, 0.10130768404645153, -0.24720773060890652, 0.03249302904200645, -0.1335585627795361, 0.15682488713650078, -0.11539418804312157, -0.001187374446247444, -0.21550211315289505, -0.03558384910119167, -0.14277463386523936, 0.10457673276483741, 0.015209166535799606, 0.18291669332878452, -0.1477986892410263, 0.23887968593061726, -0.13561220138174662, 0.02029219286323647, -0.08448985983165679, 0.02963526340278846, -0.02147308955992356, 0.023433265851383965, 0.08994933384880786, 0.02313511898960381, 0.17973649392422952, 0.09359207184182439, 0.12821152542355155, 0.11008009478276906, 0.05880927769630843, -0.19875439105811848, -0.08552611261451935, -0.02702726643505209, -0.2141102075807226, 0.09117686625835006, -0.16768684010873425, 0.11515538973976805, -0.12742728645230753, 0.009550340612614186, -0.05521221022353191, -0.03979337524304541, 0.07384719605252787, -0.169589630411656, 0.129079246102783, -0.02133082743871767, 0.10931099986138339, 0.16548493339624343, 0.07838633336749706, 0.0733415787746549, 0.055147663008796095, -0.03040582640220675, 0.055588304983702236, -0.1078445887784123, 0.058901273912857786, 0.11184723601517502, -0.09867694288932866, 0.03936317328953303, 0.05113301758726914, -0.09388583649163085, -0.04586947839393639, -0.01869687883285348, 0.18740422865944079, -0.1657191111285739, 0.1892163797099149, -0.11048110227209723, -0.004290658269503166, -0.2271198942062138, 0.13427759519164945, -0.042121897389479065, -0.20591111186022046, -0.084876467950492, -0.061381305106546886],