{"Stationary": {"actions": [0.0, 1.0, 0.0, 0.0, 1.0, 1.0, 1.0, 1.0, 1.0, 1.0, 1.0, 1.0, 1.0, 1.0, 1.0, 1.0, 1.0, 1.0, 1.0, 1.0, 1.0, 1.0, 1.0, 1.0, 1.0, 1.0, 1.0, 1.0, 1.0, 1.0, 1.0, 1.0, 1.0, 1.0, 1.0, 1.0, 1.0, 1.0, 1.0, 1.0, 1.0, 1.0, 1.0, 1.0, 1.0, 1.0, 1.0, 1.0, 1.0, 1.0, 1.0, 1.0, 1.0, 1.0, 1.0, 1.0, 1.0, 1.0, 1.0, 1.0, 1.0, 1.0, 1.0, 1.0, 1.0, 1.0, 1.0, 1.0, 1.0, 1.0, 1.0, 1.0, 1.0, 1.0, 1.0, 1.0, 1.0, 1.0, 1.0, 1.0, 1.0, 1.0, 1.0, 1.0, 1.0, 1.0, 1.0, 1.0, 1.0, 1.0, 1.0, 1.0, 1.0, 1.0, 1.0, 1.0, 1.0, 1.0, 1.0, 1.0, 1.0, 1.0, 1.0, 1.0, 1.0, 1.0, 1.0, 1.0, 1.0, 1.0, 1.0, 1.0, 1.0, 1.0, 1.0, 1.0, 1.0, 1.0, 1.0, 1.0, 1.0, 1.0, 1.0, 1.0, 1.0, 1.0, 1.0, 1.0, 1.0, 1.0, 1.0, 1.0, 1.0, 1.0, 1.0, 1.0, 1.0, 1.0, 1.0, 1.0, 1.0, 1.0, 1.0, 1.0, 1.0, 1.0, 1.0, 1.0, 1.0, 1.0, 1.0, 1.0, 1.0, 1.0, 1.0, 1.0, 1.0, 1.0, 1.0, 1.0, 1.0, 1.0, 1.0, 1.0, 1.0, 1.0, 1.0, 1.0, 1.0, 1.0, 1.0, 1.0, 1.0, 1.0, 1.0, 1.0, 1.0, 1.0, 1.0, 1.0, 1.0, 1.0, 1.0, 1.0, 1.0, 1.0, 1.0, 1.0, 1.0, 1.0, 1.0, 1.0, 1.0, 1.0, 1.0, 1.0, 1.0, 1.0, 1.0, 1.0], "rewards": [-1729.0772726988348, -840.0148151291191, 67.40321309852952, 22.220067863070337, -514.6832530658507, -187.60875423725986, 5.926793122387716, -109.81074537533192, 67.7114447558354, 73.22256283907633, 42.32815497893115, 40.20264959286098, 32.101707922872706, -7.778110184345181, -2.0020534950425386, -13.039206540016394, -11.233484132976947, -9.29570415089969, -2.2656771461186183, -2.4434001244215304, 2.6260203211198765, 1.7147988035533575, 2.6507469674103548, 1.3118658302798283, 1.3319029394772879, -0.2106532117761651, -0.007637952379864202, -0.5239910939154084, -0.2419505704604398, -0.3446420240876944, 0.034175658361416374, -0.02291665926776013, 0.12018079276853488, -0.04590606106856127, 0.3474038068583173, -0.0022734408007599504, 0.08892140301339196, -0.03881574044364739, -0.05265429752470901, 0.10279445979987394, -0.10326399123333174, 0.1419731647629615, -0.018214729659065784, 0.03707528605511948, -0.027478143802191164, -0.0470728732454481, -0.04219080733943094, 0.1064792624823176, 0.06760378470109288, -0.03721032128295292, 0.13440656896242867, -0.0008513073956076053, 0.029439816993234957, -0.029761429132382073, 0.02616348895028789, 0.024975842079802538, -0.057150935606092045, -0.014154729788728889, -0.07693268607958463, 0.13448746129317304, 0.09644841068485804, 0.015538983790530548, 0.11222031199625065, -0.05000228585559255, -0.025150943451583925, 0.035910773620573176, -0.017230420082833126, -0.04476527031106001, 0.034650045836770504, -0.143231243400125, 0.07616592605453129, 0.011078481343307144, 0.10079053229298753, -0.06843382463647713, 0.09950035236672125, 0.051246844866141554, 0.11449229699030282, 0.021847768009255013, 0.03844681382206914, 0.12891305336900444, 0.09303291291688127, 0.138847319643618, 0.1441466243658301, 0.08748932873618932, 0.07094641647403711, -0.061237431000292546, -0.10985886550720095, -0.19063922067690495, -0.028602533717158325, 0.02657683872175176, 0.02094706925865128, 0.15079036433790352, -0.06199452044476455, -0.004575902306445702, 0.0864733648131588, -0.0742582932944945, -0.18493014629247098, 0.014075999850745003, -0.057270792768987284, 0.10800117124091056, -0.07425429103597654, 0.27999301794254794, 0.03471432705967275, 0.1407988069876476, -0.12547092446394956, 0.11249028003559666, -0.12637250054372778, 0.17512231561296673, -0.048056722909927185, 0.07835797078190734, -0.09127536346162028, 0.08470645864290637, -0.15150329545301608, 0.10608341261471924, -0.028243363387550367, -0.03176351522079544, -0.07955712736180412, -0.018500779147880175, -0.06550857887602082, 0.11661926672878176, -0.13083959215206312, 0.21814850011115824, 0.07042797741528507, 0.030135894205567233, -0.07873833046010824, 0.021004635284228308, -0.12483122136686074, -0.20609960559768126, -0.03870255233429428, -0.09490488461935236, 0.17697896469976854, -0.08463195894421403, 0.17094132369446202, -0.3001067019121639, 0.01631887474959055, -0.15103213896655449, -0.11563004233026575, 0.10507067850159814, -0.098935482597183, 0.12953781562295075, -0.017338328584177016, 0.04952356516607855, -0.08066280519487166, 0.044530036518633645, -0.10143054983341132, -0.06833248533721652, -0.05245620461131978, -0.1552101465318174, 0.05588542376155861, -0.043485569437566596, 0.06936249552061693, 0.041612873766484294, 0.11454918777484786, -0.026524818558189018, 0.0589441615010308, 0.08031785848603593, 0.0030190938016158406, 0.08600861021760367, 0.08358861188721527, -0.05454475134034848, 0.12591453019718296, 0.06427150383060029, 0.0009773293911052206, 0.10011201761290345, 0.13863160768122165, 0.029016548165140245, -0.09945899946051175, 0.16256405259625104, -0.061929453875674584, 0.03167201132820053, -0.03931742203006801, -0.041843528884189636, -0.15171931950455805, -0.028146144877337038, -0.12358656186895096, 0.1140198103797508, 0.03888151501338128, 0.20235826625926143, 0.21931752543888838, 0.07400787270938387, 0.14067354350290667, -0.14427788163800495, 0.03132532081589606, -0.027501089904325936, -0.025050625060319028, -0.11153898691353832, 0.04717036646880215, -0.14023777483559774, -0.07775946672261996, -0.0969745871560135, 0.26484032033637583, -0.0304114682559026, 0.0871044585617266, -0.1322801750944993, -0.04966825365470075, 0.02887470206239015, 0.024981754964510224, -0.13683021342577703, 0.1011439105755893, 0.1065102528400666]}, "Latent AR LinUCB s=2": {"actions": [0.0, 1.0, 1.0, 0.0, 0.0, 1.0, 0.0, 0.0, 1.0, 0.0, 1.0, 1.0, 1.0, 1.0, 1.0, 0.0, 1.0, 0.0, 0.0, 0.0, 1.0, 0.0, 1.0, 0.0, 1.0, 0.0, 1.0, 0.0, 0.0, 1.0, 0.0, 0.0, 1.0, 0.0, 1.0, 0.0, 1.0, 0.0, 0.0, 1.0, 0.0, 0.0, 1.0, 0.0, 1.0, 0.0, 0.0, 1.0, 0.0, 0.0, 1.0, 0.0, 0.0, 1.0, 0.0, 0.0, 1.0, 0.0, 0.0, 1.0, 0.0, 0.0, 1.0, 0.0, 0.0, 1.0, 0.0, 0.0, 1.0, 0.0, 0.0, 1.0, 0.0, 0.0, 1.0, 0.0, 0.0, 1.0, 0.0, 0.0, 1.0, 0.0, 0.0, 1.0, 0.0, 0.0, 1.0, 0.0, 0.0, 1.0, 0.0, 0.0, 1.0, 0.0, 0.0, 1.0, 0.0, 0.0, 1.0, 0.0, 0.0, 1.0, 0.0, 0.0, 1.0, 0.0, 0.0, 1.0, 0.0, 0.0, 1.0, 0.0, 0.0, 1.0, 0.0, 0.0, 1.0, 0.0, 0.0, 1.0, 0.0, 0.0, 1.0, 0.0, 0.0, 1.0, 0.0, 0.0, 1.0, 0.0, 0.0, 1.0, 0.0, 0.0, 1.0, 0.0, 0.0, 1.0, 0.0, 0.0, 1.0, 0.0, 0.0, 1.0, 0.0, 0.0, 1.0, 0.0, 0.0, 1.0, 0.0, 0.0, 1.0, 0.0, 0.0, 1.0, 0.0, 0.0, 1.0, 0.0, 0.0, 1.0, 0.0, 0.0, 1.0, 0.0, 0.0, 1.0, 0.0, 0.0, 1.0, 0.0, 0.0, 1.0, 0.0, 0.0, 1.0, 0.0, 0.0, 1.0, 0.0, 0.0, 1.0, 0.0, 0.0, 1.0, 0.0, 0.0, 1.0, 0.0, 0.0, 1.0, 0.0, 0.0, 1.0, 0.0, 0.0, 1.0, 0.0, 0.0],