{"Stationary": {"actions": [0.0, 1.0, 0.0, 0.0, 1.0, 1.0, 1.0, 1.0, 1.0, 1.0, 1.0, 1.0, 1.0, 1.0, 1.0, 1.0, 1.0, 1.0, 1.0, 1.0, 1.0, 1.0, 1.0, 1.0, 1.0, 1.0, 1.0, 1.0, 1.0, 1.0, 1.0, 1.0, 1.0, 1.0, 1.0, 1.0, 1.0, 1.0, 1.0, 1.0, 1.0, 1.0, 1.0, 1.0, 1.0, 1.0, 1.0, 1.0, 1.0, 1.0, 1.0, 1.0, 1.0, 1.0, 1.0, 1.0, 1.0, 1.0, 1.0, 1.0, 1.0, 1.0, 1.0, 1.0, 1.0, 1.0, 1.0, 1.0, 1.0, 1.0, 1.0, 1.0, 1.0, 1.0, 1.0, 1.0, 1.0, 1.0, 1.0, 1.0, 1.0, 1.0, 1.0, 1.0, 1.0, 1.0, 1.0, 1.0, 1.0, 1.0, 1.0, 1.0, 1.0, 1.0, 1.0, 1.0, 1.0, 1.0, 1.0, 1.0, 1.0, 1.0, 1.0, 1.0, 1.0, 1.0, 1.0, 1.0, 1.0, 1.0, 1.0, 1.0, 1.0, 1.0, 1.0, 1.0, 1.0, 1.0, 1.0, 1.0, 1.0, 1.0, 1.0, 1.0, 1.0, 1.0, 1.0, 1.0, 1.0, 1.0, 1.0, 1.0, 1.0, 1.0, 1.0, 1.0, 1.0, 1.0, 1.0, 1.0, 1.0, 1.0, 1.0, 1.0, 1.0, 1.0, 1.0, 1.0, 1.0, 1.0, 1.0, 1.0, 1.0, 1.0, 1.0, 1.0, 1.0, 1.0, 1.0, 1.0, 1.0, 1.0, 1.0, 1.0, 1.0, 1.0, 1.0, 1.0, 1.0, 1.0, 1.0, 1.0, 1.0, 1.0, 1.0, 1.0, 1.0, 1.0, 1.0, 1.0, 1.0, 1.0, 1.0, 1.0, 1.0, 1.0, 1.0, 1.0, 1.0, 1.0, 1.0, 1.0, 1.0, 1.0, 1.0, 1.0, 1.0, 1.0, 1.0, 1.0], "rewards": [1860.3093259549573, -1079.6580234732132, -824.2646891181364, 1244.0436538363006, 1765.420020319799, -221.41402321385652, 761.613379360417, -81.04854603093607, 355.11523296701927, -364.12722681519114, 157.4910732827367, -289.78201768632005, 55.49836132113686, -143.5152282946108, 77.31424852219283, -65.39186036159562, 82.67780918834694, -28.47504113126632, 53.19905591607898, -21.5044527112263, 26.819252331802183, -22.25087365898157, 12.55863070866794, -16.955984077208612, 7.0861045346854725, -9.803855579080446, 6.07051474096294, -4.876359456728132, 5.067600994044135, -2.5780830987856067, 3.4979422981416843, -1.9385958300457635, 1.9423832041911304, -1.6419574462122999, 1.1213216698839514, -1.196831992173497, 0.567057875778279, -0.6892841685816071, 0.49340370033893105, -0.5380243184865938, 0.3848823935331377, -0.1962152842412783, 0.30893962066995145, -0.15204109582647307, 0.1079614385199666, -0.1683380561262709, 0.0029979121700134275, -0.10199962018896482, 0.12630641566436, -0.017421435427477896, 0.0747931415391869, -0.01917569181513653, 0.028391205264547678, -0.022027881590525038, 0.12345386207443847, -0.0053620651053328736, 0.11478887118024245, -0.13128571787704288, 0.022698789843462974, -0.09335692993381907, 0.14479212638544864, -0.10080419144608377, 0.011816960693956964, 0.010897156932324901, 0.017491085150591865, 0.1509125244877691, -0.1175152288568959, 0.08972914578209967, 0.10193996256602364, 0.07449125544072645, -0.0251658930388105, 0.12420832664438922, -0.07716524599201546, 0.12820086830120359, 0.0829795819972158, 0.0632424367912854, 0.23533345691091068, -0.11996037227103512, 0.22031271415535475, -0.08663562534284407, 0.05589333477415182, -0.084820982725309, -0.08887116447244481, 0.012795554298898046, 0.1373363955031531, -0.11429370753921396, 0.11223911502292241, -0.09904897266788826, 0.060787737553141596, -0.06910133254266317, 0.019008681904010314, -0.07606708525843109, -0.014960419848175996, 0.02268096158489733, 0.10869741312720482, 0.03612520769817354, 0.11595329357732867, -0.025083966347714523, -0.0321574048568704, -0.11484430514302522, -0.05504189234257789, -0.04551568816254735, 0.1250938517579829, -0.09272927645931671, 0.13147579304071505, -0.1734091344679704, 0.26444449456999525, -0.009717580730958898, 0.12351360522481603, -0.1424853618881118, 0.07530116318029065, -0.08262101521053943, -0.007407507215053807, 0.07063297177036687, 0.24496526094343787, 0.025711025423159766, 0.054901506583974705, -0.04570159640508903, -0.011218828182237534, -0.1107981351249913, -0.11938906020701595, 0.1682505117352484, 0.1317819582383848, 0.06538415478560204, 0.08835432336903981, 0.11464833318815622, -0.05477532147788212, 0.04056074399345835, -0.0674314624371145, 0.00844154689412286, -0.016849175101327333, -0.011380345508335738, 0.12301637563502155, 0.10324026436546038, 0.20700988684317753, 0.10259273512819429, -0.15865209032029065, -0.08811567305220212, 0.05143850861721251, -0.11920552112834418, 0.04608361181685179, -0.1777175890489063, 0.03744018280018445, -0.05140733261959375, -0.03842489780318278, -0.09148460921616594, -0.09176385998843081, -0.16020851002122105, 0.10871872739872135, 0.05472960029967383, 0.16699639179304643, -0.05359581710583937, 0.1270226721636509, -0.13052952712567714, -0.04496077322569521, -0.01906967168502174, -0.05339400105537405, 0.20011267072401265, 0.07202411835767826, 0.23639578724559926, -0.01403438871690662, 0.18744245257275288, -0.15461416672179293, 0.10776557249022801, -0.19725138922609997, 0.12208310177770149, -0.21863981586985537, 0.08405756821802915, -0.08148967105341556, -0.06301207088485386, -0.036917202547982135, -0.11824283759758622, -0.015345429180176735, -0.008947696083692664, 0.12851797234538537, 0.18152912076284097, -0.016495061401878938, -0.04918260567598825, -0.06679448817861201, -0.05655498168496244, 0.06348940745533525, -0.001123650428078408, 0.09315919493835932, 0.1364999531207031, 0.04469285208888811, 0.23286509789482818, -0.12101750358309694, -0.016912841902576154, -0.08527940462483986, -0.0543239329325359, 0.05484201433104433, -0.08719812166602123, 0.11094102732743417, 0.0952591535433542, -0.2397725023342735, -0.08641671105392422, -0.024548312943510935, -0.17571366250178325, 0.07551462378172973, -0.16416814883034844]}, "Latent AR LinUCB s=2": {"actions": [0.0, 1.0, 0.0, 0.0, 1.0, 0.0, 1.0, 0.0, 1.0, 0.0, 1.0, 0.0, 1.0, 0.0, 1.0, 0.0, 1.0, 0.0, 1.0, 0.0, 1.0, 0.0, 1.0, 0.0, 1.0, 0.0, 1.0, 0.0, 1.0, 0.0, 1.0, 0.0, 1.0, 0.0, 1.0, 0.0, 1.0, 0.0, 1.0, 0.0, 1.0, 0.0, 1.0, 0.0, 1.0, 0.0, 1.0, 0.0, 0.0, 1.0, 0.0, 0.0, 1.0, 0.0, 0.0, 1.0, 0.0, 0.0, 1.0, 0.0, 0.0, 1.0, 0.0, 1.0, 0.0, 0.0, 1.0, 0.0, 0.0, 1.0, 0.0, 0.0, 1.0, 0.0, 0.0, 1.0, 0.0, 0.0, 1.0, 0.0, 0.0, 1.0, 0.0, 0.0, 1.0, 0.0, 0.0, 1.0, 0.0, 1.0, 0.0, 0.0, 1.0, 0.0, 0.0, 1.0, 0.0, 0.0, 1.0, 0.0, 0.0, 1.0, 0.0, 0.0, 1.0, 0.0, 0.0, 1.0, 0.0, 0.0, 1.0, 0.0, 0.0, 1.0, 0.0, 0.0, 1.0, 0.0, 0.0, 1.0, 0.0, 0.0, 1.0, 0.0, 0.0, 1.0, 0.0, 0.0, 1.0, 0.0, 0.0, 1.0, 0.0, 0.0, 1.0, 0.0, 0.0, 1.0, 0.0, 0.0, 1.0, 0.0, 1.0, 0.0, 0.0, 1.0, 0.0, 0.0, 1.0, 0.0, 0.0, 1.0, 0.0, 0.0, 1.0, 0.0, 0.0, 1.0, 0.0, 0.0, 1.0, 0.0, 0.0, 1.0, 0.0, 0.0, 1.0, 0.0, 0.0, 1.0, 0.0, 0.0, 1.0, 0.0, 0.0, 1.0, 0.0, 0.0, 1.0, 0.0, 0.0, 1.0, 0.0, 0.0, 1.0, 0.0, 0.0, 1.0, 0.0, 0.0, 1.0, 0.0, 0.0, 1.0, 0.0, 0.0, 1.0, 0.0, 0.0, 1.0],