{"Stationary": {"actions": [0.0, 0.0, 1.0, 1.0, 0.0, 1.0, 1.0, 1.0, 1.0, 1.0, 1.0, 1.0, 1.0, 1.0, 1.0, 1.0, 1.0, 1.0, 1.0, 1.0, 1.0, 1.0, 1.0, 1.0, 1.0, 1.0, 1.0, 1.0, 1.0, 1.0, 1.0, 1.0, 1.0, 1.0, 1.0, 1.0, 1.0, 1.0, 1.0, 1.0, 1.0, 1.0, 1.0, 1.0, 1.0, 1.0, 1.0, 1.0, 1.0, 1.0, 1.0, 1.0, 1.0, 1.0, 1.0, 1.0, 1.0, 1.0, 1.0, 1.0, 1.0, 1.0, 1.0, 1.0, 1.0, 1.0, 1.0, 1.0, 1.0, 1.0, 1.0, 1.0, 1.0, 1.0, 1.0, 1.0, 1.0, 1.0, 1.0, 1.0, 1.0, 1.0, 1.0, 1.0, 1.0, 1.0, 1.0, 1.0, 1.0, 1.0, 1.0, 1.0, 1.0, 1.0, 1.0, 1.0, 1.0, 1.0, 1.0, 1.0, 1.0, 1.0, 1.0, 1.0, 1.0, 1.0, 1.0, 1.0, 1.0, 1.0, 1.0, 1.0, 1.0, 1.0, 1.0, 1.0, 1.0, 1.0, 1.0, 1.0, 1.0, 1.0, 1.0, 1.0, 1.0, 1.0, 1.0, 1.0, 1.0, 1.0, 1.0, 1.0, 1.0, 1.0, 1.0, 1.0, 1.0, 1.0, 1.0, 1.0, 1.0, 1.0, 1.0, 1.0, 1.0, 1.0, 1.0, 1.0, 1.0, 1.0, 1.0, 1.0, 1.0, 1.0, 1.0, 1.0, 1.0, 1.0, 1.0, 1.0, 1.0, 1.0, 1.0, 1.0, 1.0, 1.0, 1.0, 1.0, 1.0, 1.0, 1.0, 1.0, 1.0, 1.0, 1.0, 1.0, 1.0, 1.0, 1.0, 1.0, 1.0, 1.0, 1.0, 1.0, 1.0, 1.0, 1.0, 1.0, 1.0, 1.0, 1.0, 1.0, 1.0, 1.0, 1.0, 1.0, 1.0, 1.0, 1.0, 1.0], "rewards": [-1124.3229895521572, 695.5787247304523, -693.1480241190437, 1446.836955714617, 531.2901392758398, 457.7600423055411, 69.377292818295, 98.34614148970276, -184.91521461967554, 136.47601901626376, -192.62636958528284, 45.34430085406171, -71.90134961018207, 35.25867779146869, -36.92663932352097, 48.59343673454458, -21.295648613392203, 30.855420966178627, -12.363229710492762, 14.658972269295708, -12.195611461172756, 7.751772703066426, -9.867130853720914, 4.629215115405643, -5.653559290950652, 3.6770673522480704, -2.897888993564195, 3.0106125095742193, -1.5840744317898439, 1.945614189967559, -1.1262269766704571, 1.0438902711994427, -0.8292450080824407, 0.450813119827197, -0.6492039019395168, 0.4787752846713433, -0.610315268682454, 0.26720135970306946, -0.4066843770132807, 0.06067092172284459, -0.2887910934440239, 0.14884258242560242, -0.0880090749571075, 0.3000327739524453, -0.0465317020137976, 0.30531635437887716, -0.02819518419880053, 0.2336279942404422, -0.03039964871701518, -0.08235657951781922, 0.06234981315788747, -0.004350273183384838, -0.1358988729995092, -0.08504002764186953, 0.11798759278022952, -0.21872686926432583, 0.24672031625234062, -0.2789034933457682, 0.12600533196899255, -0.056671883626809305, 0.0018039160490732917, 0.008879977717018896, 0.13837311576968023, -0.04897756880219649, 0.13853542239132538, 0.0857329497620003, 0.15971959282764972, 0.02359040423271824, -0.027818642414796525, -0.020012877613357658, -0.029449374189786517, -0.10211356113421785, -0.23089157686272807, 6.424344862797444e-05, -0.0027569511470975205, -0.11050118447115213, 0.10998628961777168, 0.048520536874784984, 0.11667756751519454, -0.00527336373528706, -0.1090648503137129, -0.023457996737756864, 0.10402557904272317, -0.04426120381682839, 0.15924764470792485, -0.03609051671935855, 0.14292216502499178, -0.08850306440895901, 0.14706792590897919, 0.015517791542871447, 0.0531700676010699, -0.24388114466916452, 0.006780483969720139, -0.19379817367792934, 0.02637163940491918, -0.07254966429863344, -0.09055900263249644, -0.11818724098491692, 0.059612041074195696, -0.21684537694853542, 0.014766195397365097, -0.1766670034970237, 0.07906088392847482, 0.08464330507398843, 0.08768011298524069, -0.006408093244918401, 0.015888408052852115, 0.026657807659224285, 0.16670444816403845, -0.025784218709963416, 0.05385972434430431, -0.08898385127216012, 0.1407496688661579, -0.13792465679391755, -0.02585367578378466, -0.04522998807473481, 0.048869570765610944, 0.046743235842472246, -0.029387675127829364, 0.16502089840677228, -0.0087296331508811, 0.04813089326951415, -0.08955707541664913, 0.09397139854313796, -0.17343935431884114, 0.1257029756147121, -0.11630960060249941, 0.10698769271713701, -0.033534688782107094, 0.1759767767632724, -0.09267407404480009, -0.01599427625356663, -0.008111168294825506, 0.056502719488264595, 0.044606729386673344, -0.16017282844109845, -0.036428128922637554, 0.017929094663568516, 0.0206643078115327, 0.13049860650676312, -0.00014177875378748464, 0.1803171010992462, -0.036100962255077564, 0.07415375362724655, 0.0910625825123603, -0.015427759718298833, 0.052874656766374525, 0.10018690103482422, -0.15131501777831521, 0.04450786473369555, 0.17354015097442954, 0.059575297108312254, 0.13702889838390764, 0.0006547429297421572, 0.08188061484117817, -0.13622929327310543, -0.04003775289423932, 0.03648987957722191, -0.09323032128638592, -0.13058099323494893, -0.13682257788115368, 0.0782310037669039, -0.04662777386360007, -0.055944676379132745, 0.15397854726487223, -0.13587150194641867, -0.011898135929381262, 0.14734711481245766, -0.091243378319486, 0.09979487031541824, -0.013841693988707425, 0.15036133087164805, -0.15382906417203399, 0.09132581802094467, -0.19787476791642283, 0.049061464728576684, -0.13487686289441037, 0.09109894425531202, -0.011130439437936807, 0.0764551749780293, -0.03238402164931913, 0.09108082470799869, -0.0944748152137753, 0.09555065421903888, -0.05779696615103128, 0.17306497466636064, -0.1638077243536077, 0.1993660060692534, -0.10575433975099469, 0.09382393637367849, -0.13623992384686462, -0.0801578154457333, -0.171659380914816, 0.08608656994778227, -0.16766598425934795, 0.06098074895216023, 0.11334258344929554, -0.05188043304616712, 0.10734353648095, 0.08304504787249042]}, "Latent AR LinUCB s=2": {"actions": [0.0, 0.0, 1.0, 0.0, 0.0, 1.0, 0.0, 1.0, 1.0, 1.0, 0.0, 1.0, 0.0, 1.0, 0.0, 1.0, 0.0, 1.0, 0.0, 1.0, 0.0, 1.0, 0.0, 1.0, 0.0, 1.0, 0.0, 1.0, 0.0, 1.0, 0.0, 1.0, 0.0, 1.0, 0.0, 1.0, 0.0, 1.0, 0.0, 1.0, 0.0, 1.0, 0.0, 1.0, 0.0, 1.0, 0.0, 1.0, 0.0, 1.0, 0.0, 1.0, 0.0, 1.0, 0.0, 0.0, 1.0, 0.0, 1.0, 0.0, 0.0, 1.0, 0.0, 1.0, 0.0, 0.0, 1.0, 0.0, 0.0, 1.0, 0.0, 1.0, 0.0, 0.0, 1.0, 0.0, 1.0, 0.0, 1.0, 0.0, 1.0, 0.0, 0.0, 1.0, 0.0, 0.0, 1.0, 0.0, 0.0, 1.0, 0.0, 0.0, 1.0, 0.0, 1.0, 0.0, 1.0, 0.0, 1.0, 0.0, 1.0, 0.0, 0.0, 1.0, 0.0, 0.0, 1.0, 0.0, 1.0, 0.0, 1.0, 0.0, 0.0, 1.0, 0.0, 0.0, 1.0, 0.0, 1.0, 0.0, 1.0, 0.0, 1.0, 0.0, 1.0, 0.0, 1.0, 0.0, 0.0, 1.0, 0.0, 1.0, 0.0, 1.0, 0.0, 1.0, 0.0, 0.0, 1.0, 0.0, 0.0, 1.0, 0.0, 1.0, 0.0, 1.0, 0.0, 0.0, 1.0, 0.0, 1.0, 0.0, 1.0, 0.0, 1.0, 0.0, 1.0, 0.0, 1.0, 0.0, 1.0, 0.0, 0.0, 1.0, 0.0, 0.0, 1.0, 0.0, 1.0, 0.0, 1.0, 0.0, 1.0, 0.0, 1.0, 0.0, 0.0, 1.0, 0.0, 1.0, 0.0, 1.0, 0.0, 1.0, 0.0, 0.0, 1.0, 0.0, 1.0, 0.0, 1.0, 0.0, 1.0, 0.0, 1.0, 0.0, 1.0, 0.0, 1.0, 0.0],