{"Stationary": {"actions": [1.0, 1.0, 0.0, 0.0, 1.0, 1.0, 1.0, 1.0, 1.0, 1.0, 1.0, 1.0, 1.0, 1.0, 1.0, 1.0, 1.0, 1.0, 1.0, 1.0, 1.0, 1.0, 1.0, 1.0, 1.0, 1.0, 1.0, 1.0, 1.0, 1.0, 1.0, 1.0, 1.0, 1.0, 1.0, 1.0, 1.0, 1.0, 1.0, 1.0, 1.0, 1.0, 1.0, 1.0, 1.0, 1.0, 1.0, 1.0, 1.0, 1.0, 1.0, 1.0, 1.0, 1.0, 1.0, 1.0, 1.0, 1.0, 1.0, 1.0, 1.0, 1.0, 1.0, 1.0, 1.0, 1.0, 1.0, 1.0, 1.0, 1.0, 1.0, 1.0, 1.0, 1.0, 1.0, 1.0, 1.0, 1.0, 1.0, 1.0, 1.0, 1.0, 1.0, 1.0, 1.0, 1.0, 1.0, 1.0, 1.0, 1.0, 1.0, 1.0, 1.0, 1.0, 1.0, 1.0, 1.0, 1.0, 1.0, 1.0, 1.0, 1.0, 1.0, 1.0, 1.0, 1.0, 1.0, 1.0, 1.0, 1.0, 1.0, 1.0, 1.0, 1.0, 1.0, 1.0, 1.0, 1.0, 1.0, 1.0, 1.0, 1.0, 1.0, 1.0, 1.0, 1.0, 1.0, 1.0, 1.0, 1.0, 1.0, 1.0, 1.0, 1.0, 1.0, 1.0, 1.0, 1.0, 1.0, 1.0, 1.0, 1.0, 1.0, 1.0, 1.0, 1.0, 1.0, 1.0, 1.0, 1.0, 1.0, 1.0, 1.0, 1.0, 1.0, 1.0, 1.0, 1.0, 1.0, 1.0, 1.0, 1.0, 1.0, 1.0, 1.0, 1.0, 1.0, 1.0, 1.0, 1.0, 1.0, 1.0, 1.0, 1.0, 1.0, 1.0, 1.0, 1.0, 1.0, 1.0, 1.0, 1.0, 1.0, 1.0, 1.0, 1.0, 1.0, 1.0, 1.0, 1.0, 1.0, 1.0, 1.0, 1.0, 1.0, 1.0, 1.0, 1.0, 1.0, 1.0], "rewards": [1923.9460200010121, -107.17335674434668, 1387.3124644159825, -914.5492733885006, 650.9337041285952, -266.7889201901531, 580.7714314519596, 35.43383716548652, -63.276974992781305, -23.289562358256745, -29.74928341864198, -135.2749965319381, 9.37542490898425, -43.30149682171211, 6.844695428115014, 3.897873262345977, 24.967213623168448, 0.9123450307410337, 18.477994557869447, -2.2652350114704625, 4.249573965162379, -5.049761194218726, 0.049404763852948355, -5.279183982943568, 0.4088263386101503, -2.578962601976569, 1.2536425917239982, -0.5136460264879148, 1.432795160982984, -0.25665191540183163, 0.9900328722762475, -0.44619193325453, 0.3097377594735114, -0.3762840826753677, -0.08117664642805794, -0.3975499089759284, 0.16115141028424002, -0.06594822393394671, 0.05282927731719955, 0.14718287737897173, 0.09729017979909237, -0.052086956316763446, -0.020869258753228804, -0.15949115962330415, -0.10281235893352829, 0.0101779744363948, -0.13733936839857386, 0.17417516079529957, 0.052801966124388096, -0.0010923548428782692, -0.12308972600963168, 0.12644660268369612, -0.24395899390900067, 0.07702621193937327, -0.004485307869232534, -0.04702864263932893, -0.005023404420854676, 0.13573153351756298, 0.06945968292765618, 0.13257190678502087, 0.12283744704650712, 0.006121601528037692, 0.0975062472066485, -0.1610604727320876, 0.03142443969954691, -0.1521283665603052, -0.03295013518976874, 0.1277018823598421, -0.05636348334945729, 0.0490689330194864, 0.08361834653637673, -0.1469470652902458, 0.10283173789379906, 0.17392414432358244, -0.0678070794120974, 0.1743119562671475, -0.0852284122561649, 0.05298030881096789, -0.1958220966467901, -0.001271641010503759, -0.30955399625594415, 0.11237941560909794, -0.3089863554740787, 0.05912739467035107, -0.24152292268952122, 0.03315463357256705, -0.10805535294520112, -0.023667252493784267, -0.03083568828905328, -0.09054402114269404, 0.07592008933205117, 0.040919952830965146, -0.1339952820575709, 0.16792942240080752, -0.13729634359754797, -0.03910327567664854, 0.03678233816928224, -0.10083602201706397, 0.0059247202418425, -0.06835747773878212, 0.3010637284907025, 0.039030943866208104, 0.1668363017313753, 0.16856893818569973, 0.12072383173865592, -0.09260015101922103, 0.02992198092211296, -0.24756305922930938, -0.1880673766613899, -0.004227279822036139, -0.0587875238462566, 0.16527732825886876, 0.08577195386456847, -0.02886376411622909, -0.002886407836840232, -0.027121705303322467, -0.10381878365404346, 0.26566855630222386, 0.030242027026852702, -0.09915515717176446, 0.13598314868566724, -0.1373211620213091, -0.0990984535001482, 0.030389566339689734, 0.028907976548687684, -0.0345215267045081, 0.16009279199258075, -0.1840253445547611, 0.01442878409878317, 0.007200075330627885, -0.06996114251698414, -0.047222070074383844, 0.11682967720853998, -0.1640172284352748, 0.1740496952188176, 0.08068106080118817, 0.02241624112218593, -0.07283318529093301, 0.03220356874301898, -0.14039226860153697, -0.04348597201617555, -0.07238077511982065, -0.016336327984457753, -0.11081589921688698, 0.037665464148290875, -0.21364795316415608, -0.01939678960896362, -0.0225399488264136, 0.22114198047709957, -0.029326705259541883, 0.06479329907107423, 0.21827862712823845, -0.06753154123538362, -0.009311082048327205, -0.07624705971533842, -0.14927309909264028, -0.03401436262171228, -0.039506531175350516, -0.029168682162847938, 0.14017498342497503, -0.02622897100322173, 0.17290375289852253, -0.04303859377022967, 0.1123198977038582, 0.007639237069425489, 0.2204789439516448, -0.22455657781955302, 0.05949913387526007, -0.07917011512132444, 0.044468522319197915, 0.057108912110839495, -0.07339571231769425, 0.07902616933138039, -0.1875004399666077, 0.06895246389544621, -0.09767211735921301, 0.03575656359227628, 0.06772589884076104, 0.07922582332365855, -0.022267737254345686, -0.005118022991711169, -0.04729971096959674, 0.17980607272212346, 0.025769068592446483, -0.06451589872183353, 0.09231331661376053, -0.10681509160329254, -0.14442983879860644, -0.08265524864155077, 0.014038149329208357, -0.014040880313431084, 0.04411317001901097, -0.0720764839026194, -0.0543398078292845, 0.14898955273534195, 0.04830785267757027, 0.11948868529941845, -0.027835716003200235, 0.11708990946740336, -0.23555584977554744]}, "Latent AR LinUCB s=2": {"actions": [1.0, 1.0, 1.0, 1.0, 0.0, 1.0, 1.0, 0.0, 1.0, 1.0, 0.0, 0.0, 1.0, 0.0, 1.0, 0.0, 1.0, 0.0, 1.0, 0.0, 1.0, 0.0, 1.0, 0.0, 1.0, 0.0, 1.0, 0.0, 1.0, 0.0, 1.0, 0.0, 1.0, 0.0, 1.0, 0.0, 1.0, 0.0, 1.0, 0.0, 1.0, 0.0, 1.0, 0.0, 1.0, 0.0, 1.0, 0.0, 1.0, 0.0, 1.0, 0.0, 1.0, 0.0, 1.0, 0.0, 1.0, 0.0, 1.0, 0.0, 1.0, 0.0, 1.0, 0.0, 1.0, 0.0, 1.0, 0.0, 1.0, 0.0, 1.0, 0.0, 1.0, 0.0, 1.0, 0.0, 1.0, 0.0, 1.0, 0.0, 1.0, 0.0, 1.0, 0.0, 1.0, 0.0, 1.0, 0.0, 1.0, 0.0, 1.0, 0.0, 1.0, 0.0, 1.0, 0.0, 1.0, 0.0, 1.0, 0.0, 1.0, 0.0, 1.0, 0.0, 1.0, 0.0, 1.0, 0.0, 1.0, 0.0, 1.0, 0.0, 1.0, 0.0, 1.0, 0.0, 1.0, 0.0, 1.0, 0.0, 1.0, 0.0, 1.0, 0.0, 1.0, 0.0, 1.0, 0.0, 1.0, 0.0, 1.0, 0.0, 1.0, 0.0, 1.0, 0.0, 1.0, 0.0, 1.0, 0.0, 1.0, 0.0, 1.0, 0.0, 1.0, 0.0, 1.0, 0.0, 1.0, 0.0, 1.0, 0.0, 1.0, 0.0, 1.0, 0.0, 1.0, 0.0, 1.0, 0.0, 0.0, 1.0, 0.0, 1.0, 0.0, 1.0, 0.0, 1.0, 0.0, 1.0, 0.0, 1.0, 0.0, 1.0, 0.0, 1.0, 0.0, 1.0, 0.0, 1.0, 0.0, 1.0, 0.0, 1.0, 0.0, 1.0, 0.0, 1.0, 0.0, 1.0, 0.0, 1.0, 0.0, 1.0, 0.0, 1.0, 0.0, 1.0, 0.0, 1.0],