{"k": 1, "noise_std": 0.001, "mean reward 1": [-87.50788228681175, -78.84794220140864, -71.01663954114534, -63.95627658526229, -57.35962900197886, -51.667587587467736, -46.45529686276524, -41.8959757259897, -37.71880949300528, -34.008772809203194, -30.696857287148894, -27.64325452705058, -24.918840646198078, -22.33853840005876, -20.0491238616277, -17.960490973200198, -16.08365693451669, -14.456573382531623, -12.845011171299262, -11.42057835553872, -10.125622006525251, -9.011560954194458, -7.883775587953992, -7.153524982911436, -6.345657599284606, -5.6099751526350685, -5.155748943907093, -4.719851425818325, -4.1964534066691375, -3.68094072227488, -3.2820535487598383, -2.884695003119602, -2.5871975495585375, -2.3451357989945674, -2.18009948349621, -2.092012050147667, -1.8322239709168537, -1.7502724993051961, -1.6713921543785304, -1.526626147053997, -1.2765515745095566, -1.1603456190690344, -1.0263318920758133, -1.0871019048310437, -1.0401644844366582, -0.9406233687934636, -0.7896670824136954, -0.6819648636890732, -0.6360120031637593, -0.5912492377354313, -0.47354323123441, -0.6118409781508264, -0.42704284881857674, -0.40417403315789374, -0.488319252183278, -0.4290751623356877, -0.3967492964131901, -0.25516073514534793, -0.23705711546075756, -0.2312906601278088, -0.2906695570065923, -0.18976752055497983, -0.18659367340259592, -0.17496495583378283, -0.20213138950914336, -0.0718873784209558, -0.055988059487197546, -0.13290643325720047, -0.1808855746413195, -0.3823932783265006, -0.29064401418990876, -0.22818310349878268, -0.10634977603609155, -0.07795230656102552, -0.06611346447221304, 0.0596635402746499, -0.07964892643030999, 0.06463293262138363, -0.07903290713200388, -0.09855710496930936, -0.1395844344656007, -0.2389359990801459, -0.13973776677186717, -0.18093455004078912, -0.058444129894270586, 0.09827712053105575, 0.09275398253268924, 0.0488375001856005, 0.1610233430055811, 0.07845170942852478, 0.12075619945092755, 0.2016795563618752, 0.1435532373724273, 0.22882924894364684, 0.0540347635651569, 0.042107500432723155, 0.1202900002136282, 0.005116186862855654, 0.002066412336873499, -0.12050420200039019, -0.10478368022995485, -0.05582423308908761, -0.19995728046770853, -0.25492651176526493, -0.19486861470047717, -0.15599170145533095, -0.0995969620020933, -0.07350377329773268, -0.2158627420791928, -0.10359495362102603, -0.10220533085219642, -0.18074528248721944, -0.15032185682781493, -0.06277036043136185, -0.0227954912433259, 0.008691465059092868, 0.17717014333513142, 0.2229947461479885, 0.1931698360580833, 0.30408192416920365, 0.26903500191540125, 0.27523952349204533, 0.1767890791920386, 0.2064424363994374, 0.1782446269879556, 0.2103467656142693, 0.09740739730622877, 0.16364964208533156, 0.02186050844408692, 0.06311992993595344, 0.029397301310099717, 0.10878359628223076, 0.09313823756638039, 0.14501799010703575, 0.008563093545810047, -0.06674653030790287, -0.23609952231744294, -0.09453070649554397, -0.008419777910311108, -0.09799791421892104, -0.08404259154039316, -0.06466678898054887, 0.12488925463261286, 0.012978110338721354, -0.07546960805648915, -0.13584070925966737, -0.2242047197688615, -0.30662368782685956, -0.2080800875613238, -0.23451164534516347, -0.1952776573622615, -0.06737917648071995, -0.10426387204972151, -0.12220315545624141, 0.03623496170548071, 0.05390220687437625, -0.15788739286015113, -0.1643628905120365, -0.06956095734509633, -0.1331749843887976, -0.17355429830711686, -0.19703548850610111, -0.2569029373058837, -0.1515138258286898, -0.04659303264046763, 0.027377517277818213, 0.12693891712416788, 0.18061947522354985, 0.2458145570842379, 0.11689706583396983, 0.08184456711422898, -0.1844329073858735, -0.2105330769449114, -0.1870242493976566, 0.05326575445484369, 0.013456251997738066, 0.10992616054278923, 0.08244829419538974, 0.08295129275512848, 0.0748394956551545, 0.10573449878535554, -0.06000824202933593, -0.10766794444571691, 0.03536443207405375, 0.035780840393798106, 0.1580508093653315, 0.2880543249509455, 0.17877882531559397, 0.09720433216874112, 0.23797718716052874, 0.22073618021255093, 0.16710538024808022, 0.2184370088701124, -0.09287365937513617, -0.11457668570405598, -0.047696518451314465, 0.012435314237778454, -0.041593486251555824, 0.021145631308819638, -0.08202557615214284],