{"k": 1, "sigma_z": 10, "mean reward 1": [650.933167096227, 1817.0355908271708, 836.1036745480019, 576.3366928782438, -46.9633658418318, 815.0340537159403, 750.0117478849411, 205.89049738745783, 1001.9684467985707, 801.6784933431533, -615.031004149218, -1031.868582392558, -1797.6410431778859, -3145.308446457979, -3092.726762382905, -2465.9107336903994, -2287.517641042665, -2538.0626465222176, -3259.1696752045236, -3292.2723553609026, -3768.543115852617, -2890.600268324892, -2994.478681752616, -2245.326016419539, -2355.3837580637805, -283.2444501396857, -1387.0310982794524, 912.8474177251444, 1532.8375977171656, 1636.610378551843, -449.19777683294876, 958.9728426624245, 2927.239013027007, 2237.31942753334, 2286.051364907094, 1547.8531020916994, 1540.960321278516, 840.5250413431172, 2536.4503118348366, 3361.385201811342, 2604.2241567025835, 1308.1469189806746, -829.7147618760375, -835.62641276532, -1094.217548070723, -1640.2468477061134, -233.90130169951337, 405.213114962778, -253.6238863665141, 98.56745085138425, -866.8990159498466, -1332.946243302611, -3171.9687220927, -3872.667593509506, -3932.3025658313036, -3944.0678809845385, -3906.289410756367, -3745.022638470967, -5344.728974008796, -5638.777868451717, -4885.752522242862, -3113.8943939282535, -4756.463682155382, -3832.3904098755206, -3897.3557796262967, -3445.5434998281416, -2350.4262961340773, -2616.7266672917876, -2748.497061890033, -1902.5723612072718, -2138.508493604212, -496.614771479479, -1300.4496330703216, -3117.907234574843, -1729.7493206179493, -712.1548708245917, 1204.8159861133638, 2485.386453744069, 979.4627178124763, 620.5881592744838, -1037.8379441635104, -789.295330433891, 806.487757873959, 232.48096472461563, 10.377189141957576, 1648.8279860455546, 1967.5187971129944, 1722.8275641482312, 559.953474058217, 1712.186472795115, 2547.973008646494, 1998.8283730525413, 3671.721234144934, 3949.2797920866374, 3325.173057441726, 2610.882836300943, 2185.207253815276, 1764.9822648435297, 1883.5095462094002, -389.4120829599135, -2130.556431272568, -2003.4104849326934, -1914.1986475263873, -615.7436157515943, -377.64216580075936, -2348.8256142497435, -1922.8224429393215, -1656.683671696448, -998.6672297458465, -2319.716388865453, -2355.549254807405, -799.1692690163358, 331.4474930808176, 349.165597470803, 924.5677942806531, -714.4603045529882, -1333.5040564772105, -901.3302890076181, -557.4761130907465, 770.7532671473847, 1217.026016008577, 393.40844961324456, 189.4965248012008, -42.4177865559316, 646.0236033544813, 1875.7655338968998, 2114.4185286070046, 2371.7786510229553, 1295.0261316565031, -247.8460356562147, -440.3695161866772, 523.3729820282003, 100.60206000591086, 1224.9735595478849, 897.4437566382662, 2375.4819742267623, 1288.9310454678441, -960.3883248469274, 550.6921423945231, 2028.0159364906513, 984.0756140898814, 781.7449341909537, 327.85692993508485, 509.6531440641137, -46.554740162931466, 1054.7012201484756, 969.5540009846891, 817.7054025068489, -422.09637106647506, -1662.420771829679, -3741.268599816975, -3744.720901557015, -3340.2003194736985, -3301.891431804662, -4396.015526679917, -3647.5319165774154, -3925.780738482613, -4588.774946143458, -4541.27069088624, -4631.8217376617795, -3870.2947231389558, -2794.1794941512912, -990.271280649872, -474.94381165093137, -397.20268514890205, -629.6651788821547, -540.3977329848456, -714.9999565208699, -878.3755911501526, -1249.2958398553822, -317.9555499453981, -541.4699176404184, 477.2626524062673, 1006.9010955530158, 3684.6925707837195, 4569.679045437688, 3548.561356386026, 2885.0226506401405, 1130.5058016943312, 1333.031486531433, 1048.8349052830044, 148.7967111027029, 153.8293217971065, -1301.1839670827992, -1078.0689891938955, -1516.9497376129966, -1808.4746356110813, -864.0378221535719, -2531.2238332222564, -2120.0319502456073, -1458.234196862225, 641.4493593482742, -104.04228840920355, 179.47457372035439, -1767.5870232438829, -2645.4237441714504, -1988.2050395241276, -3482.106377125492, -3649.0610391162663, -3007.2000551405577], "mean reward 0": [-650.933167096227, -1817.0355908271708, -836.1036745480019, -576.3366928782438, 46.9633658418318, -815.0340537159403, -750.0117478849411, -205.89049738745783, -1001.9684467985707, -801.6784933431533, 615.031004149218, 1031.868582392558, 1797.6410431778859, 3145.308446457979, 3092.726762382905, 2465.9107336903994, 2287.517641042665, 2538.0626465222176, 3259.1696752045236, 3292.2723553609026, 3768.543115852617, 2890.600268324892, 2994.478681752616, 2245.326016419539, 2355.3837580637805, 283.2444501396857, 1387.0310982794524, -912.8474177251444, -1532.8375977171656, -1636.610378551843, 449.19777683294876, -958.9728426624245, -2927.239013027007, -2237.31942753334, -2286.051364907094, -1547.8531020916994, -1540.960321278516, -840.5250413431172, -2536.4503118348366, -3361.385201811342, -2604.2241567025835, -1308.1469189806746, 829.7147618760375, 835.62641276532, 1094.217548070723, 1640.2468477061134, 233.90130169951337, -405.213114962778, 253.6238863665141, -98.56745085138425, 866.8990159498466, 1332.946243302611, 3171.9687220927, 3872.667593509506, 3932.3025658313036, 3944.0678809845385, 3906.289410756367, 3745.022638470967, 5344.728974008796, 5638.777868451717, 4885.752522242862, 3113.8943939282535, 4756.463682155382, 3832.3904098755206, 3897.3557796262967, 3445.5434998281416, 2350.4262961340773, 2616.7266672917876, 2748.497061890033, 1902.5723612072718, 2138.508493604212, 496.614771479479, 1300.4496330703216, 3117.907234574843, 1729.7493206179493, 712.1548708245917, -1204.8159861133638, -2485.386453744069, -979.4627178124763, -620.5881592744838, 1037.8379441635104, 789.295330433891, -806.487757873959, -232.48096472461563, -10.377189141957576, -1648.8279860455546, -1967.5187971129944, -1722.8275641482312, -559.953474058217, -1712.186472795115, -2547.973008646494, -1998.8283730525413, -3671.721234144934, -3949.2797920866374, -3325.173057441726, -2610.882836300943, -2185.207253815276, -1764.9822648435297, -1883.5095462094002, 389.4120829599135, 2130.556431272568, 2003.4104849326934, 1914.1986475263873, 615.7436157515943, 377.64216580075936, 2348.8256142497435, 1922.8224429393215, 1656.683671696448, 998.6672297458465, 2319.716388865453, 2355.549254807405, 799.1692690163358, -331.4474930808176, -349.165597470803, -924.5677942806531, 714.4603045529882, 1333.5040564772105, 901.3302890076181, 557.4761130907465, -770.7532671473847, -1217.026016008577, -393.40844961324456, -189.4965248012008, 42.4177865559316, -646.0236033544813, -1875.7655338968998, -2114.4185286070046, -2371.7786510229553, -1295.0261316565031, 247.8460356562147, 440.3695161866772, -523.3729820282003, -100.60206000591086, -1224.9735595478849, -897.4437566382662, -2375.4819742267623, -1288.9310454678441, 960.3883248469274, -550.6921423945231, -2028.0159364906513, -984.0756140898814, -781.7449341909537, -327.85692993508485, -509.6531440641137, 46.554740162931466, -1054.7012201484756, -969.5540009846891, -817.7054025068489, 422.09637106647506, 1662.420771829679, 3741.268599816975, 3744.720901557015, 3340.2003194736985, 3301.891431804662, 4396.015526679917, 3647.5319165774154, 3925.780738482613, 4588.774946143458, 4541.27069088624, 4631.8217376617795, 3870.2947231389558, 2794.1794941512912, 990.271280649872, 474.94381165093137, 397.20268514890205, 629.6651788821547, 540.3977329848456, 714.9999565208699, 878.3755911501526, 1249.2958398553822, 317.9555499453981, 541.4699176404184, -477.2626524062673, -1006.9010955530158, -3684.6925707837195, -4569.679045437688, -3548.561356386026, -2885.0226506401405, -1130.5058016943312, -1333.031486531433, -1048.8349052830044, -148.7967111027029, -153.8293217971065, 1301.1839670827992, 1078.0689891938955, 1516.9497376129966, 1808.4746356110813, 864.0378221535719, 2531.2238332222564, 2120.0319502456073, 1458.234196862225, -641.4493593482742, 104.04228840920355, -179.47457372035439, 1767.5870232438829, 2645.4237441714504, 1988.2050395241276, 3482.106377125492, 3649.0610391162663, 3007.2000551405577],