{"k": 1, "sigma_z": 10, "mean reward 1": [-512.6108374999926, -599.614054921178, 983.3772069789653, 650.9025293318883, 1353.2470055516083, 1760.482348582412, 1118.704360153914, -906.4463205192753, -1378.0892177083206, -926.0329633422145, -2245.733368343285, -2246.936331995492, -3446.9908850093993, -2991.3692067985935, -2316.5342677730623, -2376.574590789033, -286.6389472011921, -1315.6859814369734, -2404.9610332642983, -4124.135053817645, -3514.8603125667564, -2992.00600012011, -2993.909095697388, -3414.362394522358, -2015.8039288512068, -3577.26369132882, -3604.619602612255, -2632.481353510162, -1437.953099042947, -1603.3701649898671, -467.4880213685212, -606.3981958954862, -1741.9650003866086, -211.52847177712476, 813.1572732926119, 86.72179135822633, 1616.086178688373, 3019.1212166335417, 3539.1115993454114, 2886.1930889450027, 610.00486544961, 906.1169504163953, 297.2350371011084, -234.24551019353896, 117.9301504854994, 619.4045685503056, 1526.1091022281644, 1045.8360454075798, -522.2625072652967, -208.9809843588777, -422.67001929813676, -801.048340133682, -1523.2207753419327, -966.8478409932011, -695.5852440620421, -700.4726354220052, -656.9392473290214, 1871.9967898891668, 1986.3444532338626, 619.0319702909443, 1309.0618059486242, 268.76817055902274, -1159.9597092891604, 1146.4918874497341, 465.5449691019887, -84.48518192440932, -7.473688925941058, 466.86611060183463, 1970.1139045591908, 1451.040997897596, 75.07258167388127, 1374.7080777889214, 1421.8711285423335, 2061.5068874654107, 534.8995856345933, 778.39430030432, 1047.003079770864, 1174.556468954781, 342.7494040329351, 782.3073845414291, 1360.6302547211158, 2011.6518329914563, 989.8043313406002, 1303.6048251430384, 3070.037325282682, 2009.2974283969247, 992.5574005917941, 1234.4536353492585, 1938.1915208503565, 3197.9064459226374, 5598.284967919993, 4181.2989147117105, 4245.641438483725, 4535.077788727444, 4008.741097197828, 2093.0197627921807, 2740.116580836435, 1220.366144040803, 1483.6469093655594, 1489.0073243745314, 197.13629410645518, 738.207191064044, 1718.1885239925425, 608.5446316781656, 1061.476119422558, 4808.059998135023, 5462.81963850212, 5567.928925957706, 5770.105253855203, 4956.276121729675, 4542.52264894303, 2221.0051914569794, 386.18880112162975, 1436.5205179768327, 215.12368824984344, 873.2090683595349, 1002.3467511055562, 250.51172838918356, 859.3795778682764, 959.8959348508764, 1716.3396761620127, 1429.9692670789125, 2152.7275345411426, 1602.9535452460798, 789.3289581477601, 1115.3777732939395, 1921.7019430193218, 2761.997009268536, 2001.5632354754314, 1093.7374463091076, 1758.9977551075335, 1523.5726235349803, 346.8277198471924, -935.6382341023764, -2272.2157886527716, -1914.2536325014028, -3158.690420430702, -2832.5883173680445, -2087.2260113679695, -2478.7202873899673, -2616.161855512731, -1692.4149954404115, -2760.9889947232195, -4436.977894773399, -3404.962898811483, -3687.1661287509282, -3811.4504505346686, -2580.7033084601776, -3015.542572874814, -2406.6887947107234, -1536.391073316039, -1942.9330061814046, -1138.269440129799, -907.1151128080373, -1407.9749903630634, -1469.3701437606512, -223.65627739739597, 612.218986342982, 572.0009293414429, 204.53407981384254, 53.93761746477372, 643.7008811552099, 2671.7180687251494, 1190.3576490649023, 1862.984578121348, 2305.031629573493, 1177.2740951303124, 382.3849741051696, 197.08909519251395, -144.00565597973085, -693.3296431857325, -380.30946737524687, -849.221696008852, -532.2495890503305, -1886.4884045218528, -1911.2867157815149, -244.8018272538114, -380.26017449185736, -1344.7635216804806, -1498.9458084325709, -2176.282171141637, -425.91504102489546, 18.388185176535465, -384.67110522695435, -333.61159392246407, -1073.260218385684, -467.9359053016659, 538.1285113137075, -283.03190270571275, -71.38670669678974, -872.5463213822624, -1384.6843346880582, -1771.9709229000134, -1444.3800441338044, 576.2287994954622, -58.2977361164871, 439.4512090016674, 2226.964853955855, 1535.0927164555646, 2735.4558189754207],