{"k": 1, "sigma_z": 10, "mean reward 1": [-168.58898615620964, -253.51401981134512, 34.491222471459, -350.0442826957718, 26.575325402603944, -337.18232139346725, -1492.473293233713, -3346.6652213958773, -1643.2001297360698, -776.5282168189569, 23.344411759925787, -972.4446658879034, -587.2203556610732, -716.0752923296994, 806.3116447456864, 1170.8029449372393, 546.8192359103784, 1509.6499891605174, 1811.8753192054826, 2425.913620197698, 1023.5354815090147, 117.9903962122383, 551.6687205908634, -192.3998008415623, 1091.1066320565362, 460.18452814870744, -590.5241340788813, 195.2843363491132, 317.5541404347391, -442.24461652749625, 900.3984578466224, -770.2353347742926, 295.72566995888525, -555.4174507092727, 739.580840421725, 725.0320647044183, -800.9326782734373, -946.034627764043, -961.7151774127785, -1713.8347310656961, -3200.4760624850946, -2938.28848325073, -4418.100175942509, -717.8812268220532, -123.71021224663288, -2117.3435645513564, -904.1889299650197, -1766.6025899452336, -1584.3969807819938, -1232.6452053978994, -154.36613244809934, -625.2979173796069, -967.0109125237037, -1392.2055416707342, 1162.5606319768362, 1050.738537201122, 29.672620334872768, -1356.4291619139815, -1158.9814464495732, 23.641482410282855, -1799.2900944442802, -1980.73764339493, 22.150251608767846, -166.19690074083323, 2044.4480822646497, 1343.9638875338005, 1105.2083260042023, 1689.4849925997378, 2114.764026201582, 1049.9357073659646, 1014.5045835825664, 1684.7542729918725, 896.6943515838425, 977.1007613679934, 1422.363295244155, 1789.4384828918576, 1199.5057831341476, 1462.3485645164817, 2853.7412480767016, 1318.1396029061011, 1934.933042363642, 689.8417255745933, 2901.087006488243, 3050.2778824563347, 2402.7743733993284, -953.911023382809, -998.4810388239254, -2274.353823584286, -3135.871717930388, -3910.1320493365365, -3540.088257588037, -2585.673318625889, -1658.5980114567183, -1232.5666891891951, -2725.670362789745, -1893.9750573680813, -3552.9642115958977, -2551.8906905765502, -3782.856457005566, -2879.512722645498, -2651.714690493933, -1919.8832537262454, -1157.7382456481582, -22.811765080515656, -802.9189169707109, -589.643064878755, 1013.5347620898358, 526.5450564046811, -1599.6642637494253, -1666.1911294208053, -1687.2027862436096, -1230.6315394224819, -1449.0778099591944, -820.6469072973221, -1311.4080797518445, -1553.6113316721196, -1449.1236429497114, -548.6320972073589, 133.21879732492903, 1362.873920000173, 1627.3043742413388, 1430.7877850586883, 367.1980909023361, -486.10571747085595, -515.0236270331515, -340.2890493207328, 752.5196149817581, -514.901225443286, -1718.5246640184828, -989.5243561525458, -1906.613644361154, -3338.403199043901, -4470.312294364261, -3957.6240372083616, -3728.2942480894526, -3284.0459747665955, -3770.170653399972, -3757.582688156385, -4382.074028182792, -3503.2495358400943, -3836.376385459001, -3791.167121871753, -3329.19821018956, -2203.693839206028, -1666.417744022873, -1827.4880249692521, -1650.2542527422413, -1846.3058521275975, -2971.5769596021346, -3364.1326465112143, -1779.1337097697167, -2598.1912690579934, -2088.490976165106, -2022.8739412868454, -1858.1023045664897, -1648.3961183740303, -1913.7914311331815, -2245.871095610877, -2273.299513346689, -1510.9793236770827, -2713.7302993027015, -2794.655154619904, -3560.3473294286814, -1615.9878553356873, -1069.3043366530474, -1672.976002658456, -2510.2690566594083, -2018.4439843229502, -3411.047492714676, -1935.8229269948565, -1539.701854525352, 822.8563029211891, -560.2617417915327, 448.67227027233287, -578.4417097073707, -2411.2102487334064, -1805.8312496678448, -1627.492415115535, -2309.8181005334573, -2962.9100274774664, -1483.002243574842, -2114.2143653582116, -2049.671119311982, -1493.6726665231422, -1478.6237990200582, -2212.3383007000416, -3307.6037535394976, -3287.7328034005723, -3503.9496464697777, -2067.8712077297223, -2132.8672188323976, -3186.9086999658366, -1001.7373577146727, -853.2231958341811, 411.825806068212, 760.3285916821379, 614.0104070551529, 1056.4749557383318, 2135.507597877624, 4465.088762421806],