{"k": 1, "sigma_z": 10, "mean reward 1": [374.46853569718115, 1974.6251220712106, 1069.755734960716, 956.9667205356346, -718.6631854773447, -887.3001235281369, -2554.3012779637174, -1940.2955313858033, -2472.8513841476515, -1683.2793450018028, -470.09281523219465, -749.8080835299103, 251.3097329025623, 1542.8909435840064, 1887.4975556670997, 435.3157464550032, 488.40724770649285, 318.85549408823977, 62.32482487249658, 1178.656015214178, 944.9448912435391, 241.11227721174737, -521.4713130230745, -1638.1074254492596, -1676.1600060835685, 484.33897231539316, -125.91879051932136, -1576.737023099899, -2478.619006730029, -3464.81557423929, -2659.8695161368573, -1875.0147346175097, -716.8588328595744, 378.713759791142, -114.58424595805971, -1037.574316943527, -612.0729088763696, -275.41541401438207, 1460.5774810014786, 2205.5175038581447, 2370.504605561927, 3251.5264309954637, 3683.477446419459, 1236.879472002305, 914.3797812516517, -998.7307427456228, -848.8187323836994, -5.355578288461427, 18.184812334524004, 215.85653184188186, 1056.6889784005145, 2726.1167239091988, 1319.1917074248443, 2576.0624307157927, 706.917074292322, 1466.4396598516748, 1139.9601202173844, -499.16819568280425, -716.046658636999, -2637.3724243624556, -1446.6638040728162, -1367.0723838193785, -1441.9259298253187, 255.8588410587891, 955.8221931002448, 157.8344835777804, -1544.0124878220638, -2441.6930776712697, -3467.894245296001, -3786.952162785907, -2610.707290220875, -2610.7164375862576, -2719.083247426636, -3626.7634959085212, -4216.475372445936, -4725.4911041615205, -3673.0588597781716, -4834.557328174038, -4235.73665678896, -3816.865760167578, -3381.6823851506756, -4136.195783018678, -4749.858114988185, -3806.7950364951835, -1649.131767525582, -3068.9171134626376, -2407.8355708877134, -2423.2812638355517, -1796.3310948957806, -1761.7654705348812, -678.960354891198, -1405.9012648939436, 33.99885410599506, -680.0982082989873, -733.1842139333827, -758.7869587300027, -342.6784049208771, -989.4011819259399, -2284.723788771978, -1779.9853327722062, -2621.683736924824, -2307.6045607341925, -2145.5623472709867, -2701.1503247809624, -2195.2507054499215, -1145.6396560548383, 42.202583384447756, 2079.1924159251366, 1497.9140567573513, 1807.6457168105253, 1437.1808068955386, 2538.1159545475475, 2844.158348268977, 2927.956029992586, 1308.2477957557696, -656.8897764679779, -596.5094492775828, 794.9050200794819, 1251.383740594265, 1155.3358262033632, 947.7673522466073, 1460.5239089725765, 2763.819783322545, 3759.0431538982793, 3376.8376218539884, 2077.279786113943, 2357.2454328662666, 1544.3205847526258, -367.5151720309632, -885.3739234220594, -2281.3137966912054, -2160.116836550952, -1999.0395686006427, -2914.5477081881795, -4721.738916110136, -4560.091372189102, -5014.65817082975, -3651.457760830266, -4347.206142893553, -3925.4633426509477, -2459.045571108375, -3914.054951873143, -3817.875516687271, -1862.9152731696365, -1813.8244210919165, -2207.0328416253737, 335.96645556361796, 1671.1410649759748, 2174.9360306466924, 73.21785906819684, -504.02266671876686, 301.91303595727135, 2179.2718314751196, 985.8485009177441, -128.98126639489843, 220.1822678544838, 1361.3140333495303, 1230.3056296190298, 1175.4146484788666, 1614.1480511192906, 530.8424668118597, 130.0045440140845, -1231.839671791504, -953.777991613276, -1591.3479569207718, -2128.4780905464154, -1764.8756166697947, -3463.881371828704, -3417.809926554874, -1630.846265132262, -272.5815395411578, -1341.293879321128, -1745.1292621407192, -813.7871977901243, -189.5742751193632, -948.1457018906376, 38.450276741310674, 485.9082860839246, -358.0446899084489, 831.0272751124361, 1093.3734447629267, 1143.4871457790532, 305.53961266086515, 1544.1334569371054, 704.7640188403142, 960.9915116578403, -198.32885523598537, 1083.8708141003658, -788.7605847967974, -255.3544226283657, -1950.5862876797898, -599.0485377190162, 1493.999021974147, -577.1507827083648, -916.3714290944831, 280.23478435807317, -161.82683594628995, -1451.9125484454275, -292.3201975810803, 658.8849670220213],