{"k": 1, "sigma_z": 10, "mean reward 1": [-108.4413695786604, -420.7205846966073, -98.8756140470913, 1536.3082605893774, 133.2771337188193, -27.600982499741544, -1733.2662023186497, -1610.0294590107, -239.38416850454195, -512.6564484617404, -441.65489315555976, -2264.3198864216483, -1895.9661107551867, -1280.2064367492605, -305.08577592801436, 424.74097322084435, -369.5936440531881, -930.8941122356898, -2057.2869257480847, -2109.7304355611486, -1981.6777322420012, -3447.9408631973447, -3769.1326121659336, -5124.586433091565, -5332.0111219926375, -5999.540560077657, -6744.335522194436, -6726.894772943701, -5818.517267749389, -4400.3737695856125, -2748.9399854512676, -3182.01358238803, -721.4924461848035, -1114.6399867344849, -1660.7090117256978, -1447.7879240202092, -21.358457514441298, -539.699348387525, 1235.3446465648299, -725.9868534188952, 335.31764629410947, -889.9062325594759, -456.55590131761335, -344.0195980812894, -1397.0036335884847, -867.0227648793516, -1963.6709489800194, -1141.7022465021998, -188.11246180280463, -719.1738597393484, -1953.0660051922375, 1317.0706084491833, 1505.8728457833618, 1057.753257372479, 1103.7528475477889, 858.0572826399504, 3786.478883988459, 4466.22730107598, 2936.2957342162326, 3877.933893559609, 5255.536995189743, 4664.369124441876, 6454.478612466548, 6355.703388347316, 4572.326738965218, 4740.5503490763385, 2628.3442411117944, 2125.955803479663, 1664.4228035468857, 2224.7676790856394, 2693.1797628327454, 3382.0969441571483, 5000.833437325812, 3513.049554507154, 1913.3139915134557, 1504.8202199227112, 2144.335723421575, 731.0602110144654, 147.6098750531076, 46.06281573469324, -1308.7618291911413, -1037.6948780760915, 1987.2527033931551, 2334.6719050507463, 2541.8286509240907, 1018.3809680141254, 1611.8973051789815, 1522.1686054844338, 1281.7210543218066, -461.79349309801626, 81.93847196853356, 256.97919047253157, 1610.577638783323, 2387.3840319723745, 3655.344486728987, 2552.0692272392544, 2739.576668506711, 3447.792785963432, 3089.682700831703, 3168.290881746504, 3617.4327070369704, 3463.1603475993015, 3038.2833010613867, 2478.844269860957, 3742.1330699151235, 1826.5462119822332, 913.3624860062987, 322.4473436918326, -1067.8129978422583, -1475.625800308978, -2085.008157507876, -2525.7967606005673, -3189.4529881251756, -827.1971274280834, -1903.9893210597504, -2149.1103189175833, -1888.1437303140847, -1880.4769357326052, -2210.494611712442, -1813.755633940731, -966.6518382106726, -3182.8680716855565, -4111.660443268439, -2926.463946504075, -2303.487919309768, -1420.0940782287778, 480.57787909851584, 2792.296146361976, 3486.150435870675, 3563.890848667252, 6065.148081282299, 5918.785148736914, 5667.95640977045, 5313.49007958301, 4998.9557301084815, 4220.467677229348, 4278.838071545272, 3561.1313499965563, 3303.7929817770155, 3318.622271426021, 3134.967570872756, 3409.3063631486198, 2120.940318962233, 1288.980513686879, 2011.8534918694686, 2112.714311482182, 2567.355340839262, 3033.0071642349894, 2374.7958765305534, 980.1981162067806, 1452.555077077452, 1273.494552263089, 808.9741571353115, 1047.702852863793, 607.0240960073043, 544.5981301569416, 1081.1082184271982, -883.5996528503996, -823.1310111131204, -1418.574548528574, -682.5254641294581, -1352.3905333404064, -740.5356762351811, 686.8731397371662, -1117.349465612643, -3313.274959227149, -2100.97421279007, -2920.5399157033244, -2644.8139406634946, -3174.3694888518926, -1456.8741931609522, -1143.1437836835498, -1382.7608113511737, -1213.0268973101977, -2188.8232592188433, -464.14441127587406, 721.8903733484045, -42.715815468433505, -174.48895514292414, -808.7888589766926, -499.48517828801823, -1220.6049276068331, -786.5221382560671, -344.7233478320679, -1129.9760893888254, -509.496323188651, -525.9259759257062, -13.088485585611576, 1078.719252415257, 1540.8444671510745, 956.9998040491843, -144.6722230170007, 29.29882187036583, -576.3808681809193, -555.2118968929797, -220.54915307177768, -1776.1870587473072, 372.44472312709325, 792.9731719452116, -1588.34216148968],