{"Stationary": {"actions": [0.0, 0.0, 0.0, 0.0, 0.0, 0.0, 0.0, 0.0, 0.0, 0.0, 0.0, 0.0, 0.0, 0.0, 0.0, 0.0, 0.0, 0.0, 0.0, 0.0, 0.0, 0.0, 0.0, 0.0, 0.0, 0.0, 0.0, 0.0, 0.0, 0.0, 0.0, 0.0, 0.0, 0.0, 0.0, 0.0, 0.0, 0.0, 0.0, 0.0, 0.0, 0.0, 0.0, 0.0, 0.0, 0.0, 0.0, 0.0, 0.0, 0.0, 0.0, 0.0, 0.0, 0.0, 0.0, 0.0, 0.0, 0.0, 0.0, 0.0, 0.0, 0.0, 0.0, 0.0, 0.0, 0.0, 0.0, 0.0, 0.0, 0.0, 0.0, 0.0, 0.0, 0.0, 0.0, 0.0, 0.0, 0.0, 0.0, 0.0, 0.0, 0.0, 0.0, 0.0, 0.0, 0.0, 0.0, 0.0, 0.0, 0.0, 0.0, 0.0, 0.0, 0.0, 0.0, 0.0, 0.0, 0.0, 0.0, 0.0, 0.0, 0.0, 0.0, 0.0, 0.0, 0.0, 0.0, 0.0, 0.0, 0.0, 0.0, 0.0, 0.0, 0.0, 0.0, 0.0, 0.0, 0.0, 0.0, 0.0, 0.0, 0.0, 0.0, 0.0, 0.0, 0.0, 0.0, 0.0, 0.0, 0.0, 0.0, 0.0, 0.0, 0.0, 0.0, 0.0, 0.0, 0.0, 0.0, 0.0, 0.0, 0.0, 0.0, 0.0, 0.0, 0.0, 0.0, 0.0, 0.0, 0.0, 0.0, 0.0, 0.0, 0.0, 0.0, 0.0, 0.0, 0.0, 0.0, 0.0, 0.0, 0.0, 0.0, 0.0, 0.0, 0.0, 0.0, 0.0, 0.0, 0.0, 0.0, 0.0, 0.0, 0.0, 0.0, 0.0, 0.0, 0.0, 0.0, 0.0, 0.0, 0.0, 0.0, 0.0, 0.0, 0.0, 0.0, 0.0, 0.0, 0.0, 0.0, 0.0, 0.0, 0.0, 0.0, 0.0, 0.0, 0.0, 0.0, 0.0], "rewards": [512.6102872655034, -54.0828448395802, -1417.1260269229715, -1151.2674297766362, -543.3350593891932, 440.1828399903221, 555.68100802156, 927.9052690056952, 952.5909445910464, 1625.30829466861, 1497.4306555504716, 1452.4315922716662, -605.5843924237571, -1664.4469615029298, -396.90408004798064, -730.3339904509264, 501.47056445773103, 1155.7750709477002, 1393.3149945396538, 1187.3264556105487, -132.29810484399744, 52.559005121193486, -1141.3210198214904, -3683.1994526042554, -4956.6503996790425, -4546.910756033904, -4813.72162724753, -3819.023343584482, -3161.8216228633137, -2050.0061310954534, -2522.773066744951, -2444.09779004698, -2440.810937890562, -3361.498583969138, -2255.6795185608553, -3263.6110363582216, -3575.203503630553, -4287.1631332465495, -4642.654782065035, -4511.282571676302, -3779.3468401538603, -4362.5840744404495, -4507.0165259287405, -3028.2007892301954, -2915.7162827816974, -3232.2337337016247, -3269.935839373663, -3835.5705119284958, -2496.667336051156, -848.2596916325527, -1514.2196260114147, -501.19957248407786, -912.0363476796182, 198.2414139196291, 1427.862826132192, 1438.4103434438348, 2111.9237973881045, 2470.558109258439, 959.7636345225707, 891.1645484639904, 1856.6510686711474, 1213.5709312012477, 747.311480889305, 913.9619700386762, -243.23172443757582, -1699.2327055542305, -2761.089968895072, -1795.785840816171, -997.1381952695665, -875.5426038972546, -398.531858251786, -736.9029548055482, -744.1856221817447, -1527.2692186126756, -423.0717285789203, -1477.2925016589795, 1140.1357103420978, 99.66450932494912, -587.4853810472754, -925.1130937104906, -310.1397287182933, -656.8952967254656, -1092.8023358866244, -1164.1439789767458, 17.100812166210197, -90.3720932520754, 145.38739607076087, -971.841246545444, -2043.2876859005873, -745.0205008553309, 132.6618008971093, 502.71846891769167, 1564.9452598590437, 450.0365352718139, 2291.562824568759, 1915.430385253226, 3222.1824870081055, 2486.610020084198, 1365.7885858761713, 2572.733171165936, 1921.1191327799938, 3299.82068710478, 2573.061222008214, 2558.89149236375, 1796.4266193490016, 1275.195385195912, -398.86376531182424, 237.92068614525166, 1963.1968103824418, 3388.5718098308566, 1660.1119784086368, 2521.164192057497, 2718.351783033104, 3174.6936754296357, 2389.507300653783, 2661.0504535054156, 2199.599039319025, 2107.3729036443438, -103.712271456567, -1294.720258576321, -1306.1553812207703, 704.7733927682383, 1145.240861424208, 1181.9512768936877, 2354.971833900539, 1697.1602698905504, 3518.0441120528435, 2326.236877310204, 2771.025705303291, 2837.053776678387, 1975.4532330829984, 1551.0588220784146, 1858.876958584573, 2265.871237272903, 2302.690289761911, 2676.396883619949, 1311.9635482563233, 1679.1715899407482, 986.6489093054053, 803.8186016698064, -821.0386285064154, -1665.1670103635854, -2531.1646836121513, -2482.3297450724153, -2701.153239372599, -2877.930228473603, -3181.453175179215, -2163.9294330029, -1836.1188801884286, -2769.400198534312, -4062.5708857071536, -4938.233193415534, -2727.98644551209, -3781.6580819660007, -3324.7632106464553, -4381.849362687926, -5631.683757414773, -5451.313802962354, -3378.7300592661327, -4111.897975422048, -2589.545915781279, -3121.18390442125, -554.9098606218489, -422.88519192714307, -82.29533017374104, -1058.088867989841, -1219.9174308780841, 2266.172170296361, -103.65158862363447, -342.6003385349285, -1983.632957431846, -2281.334639428245, -2113.43558645105, -1518.6023198937808, -1133.0396618216096, 156.39218794102203, 1602.5095141092422, 1629.4815148673545, 397.0568164312085, -1503.4252936002263, -473.61704614032885, 745.7206390085116, 1093.3286216231234, 2898.9026816423125, 1840.6727471158501, 923.4305042146095, 69.51605703698023, 2521.7583651571413, 3113.6915681951546, 3088.6677502144285, 2390.6210906007523, 2255.401183205273, 3096.181082094651, 3753.676096872923, 4080.0070278309972, 4272.610827074463, 4582.77995092827, 5165.350340212904, 5207.236094594655, 6024.357703982465]}, "Latent AR LinUCB s=2": {"actions": [0.0, 1.0, 0.0, 0.0, 0.0, 0.0, 0.0, 0.0, 0.0, 0.0, 0.0, 0.0, 0.0, 0.0, 0.0, 0.0, 0.0, 0.0, 0.0, 0.0, 0.0, 0.0, 0.0, 0.0, 0.0, 0.0, 0.0, 0.0, 0.0, 0.0, 0.0, 0.0, 0.0, 0.0, 0.0, 0.0, 0.0, 0.0, 0.0, 0.0, 0.0, 0.0, 0.0, 0.0, 0.0, 0.0, 0.0, 0.0, 0.0, 0.0, 0.0, 0.0, 0.0, 0.0, 0.0, 0.0, 0.0, 0.0, 0.0, 0.0, 0.0, 0.0, 0.0, 0.0, 0.0, 0.0, 0.0, 0.0, 0.0, 0.0, 0.0, 0.0, 0.0, 0.0, 0.0, 0.0, 0.0, 0.0, 0.0, 0.0, 0.0, 0.0, 0.0, 0.0, 0.0, 0.0, 0.0, 0.0, 0.0, 0.0, 0.0, 0.0, 0.0, 0.0, 0.0, 0.0, 0.0, 0.0, 0.0, 0.0, 0.0, 0.0, 0.0, 0.0, 0.0, 0.0, 0.0, 0.0, 0.0, 0.0, 0.0, 0.0, 0.0, 0.0, 0.0, 0.0, 0.0, 0.0, 0.0, 0.0, 0.0, 0.0, 0.0, 0.0, 0.0, 0.0, 0.0, 0.0, 0.0, 0.0, 0.0, 0.0, 0.0, 0.0, 0.0, 0.0, 0.0, 0.0, 0.0, 0.0, 0.0, 0.0, 0.0, 0.0, 0.0, 0.0, 0.0, 0.0, 0.0, 0.0, 0.0, 0.0, 0.0, 0.0, 0.0, 0.0, 0.0, 0.0, 0.0, 0.0, 0.0, 0.0, 0.0, 0.0, 0.0, 0.0, 0.0, 0.0, 0.0, 0.0, 0.0, 0.0, 0.0, 0.0, 0.0, 0.0, 0.0, 0.0, 0.0, 0.0, 0.0, 0.0, 0.0, 0.0, 0.0, 0.0, 0.0, 0.0, 0.0, 0.0, 0.0, 0.0, 0.0, 0.0, 0.0, 0.0, 0.0, 0.0, 0.0, 0.0],