{"Stationary": {"actions": [1.0, 0.0, 0.0, 0.0, 0.0, 0.0, 0.0, 0.0, 0.0, 0.0, 0.0, 0.0, 0.0, 0.0, 0.0, 0.0, 0.0, 0.0, 0.0, 0.0, 0.0, 0.0, 0.0, 0.0, 0.0, 0.0, 0.0, 0.0, 0.0, 0.0, 0.0, 0.0, 0.0, 0.0, 0.0, 0.0, 0.0, 0.0, 0.0, 0.0, 0.0, 0.0, 0.0, 0.0, 0.0, 0.0, 0.0, 0.0, 0.0, 0.0, 0.0, 0.0, 0.0, 0.0, 0.0, 0.0, 0.0, 0.0, 0.0, 0.0, 0.0, 0.0, 0.0, 0.0, 0.0, 0.0, 0.0, 0.0, 0.0, 0.0, 0.0, 0.0, 0.0, 0.0, 0.0, 0.0, 0.0, 0.0, 0.0, 0.0, 0.0, 0.0, 0.0, 0.0, 0.0, 0.0, 0.0, 0.0, 0.0, 0.0, 0.0, 0.0, 0.0, 0.0, 0.0, 0.0, 0.0, 0.0, 0.0, 0.0, 0.0, 0.0, 0.0, 0.0, 0.0, 0.0, 0.0, 0.0, 0.0, 0.0, 0.0, 0.0, 0.0, 0.0, 0.0, 0.0, 0.0, 0.0, 0.0, 0.0, 0.0, 0.0, 0.0, 0.0, 0.0, 0.0, 0.0, 0.0, 0.0, 0.0, 0.0, 0.0, 0.0, 0.0, 0.0, 0.0, 0.0, 0.0, 0.0, 0.0, 0.0, 0.0, 0.0, 0.0, 0.0, 0.0, 0.0, 0.0, 0.0, 0.0, 0.0, 0.0, 0.0, 0.0, 0.0, 0.0, 0.0, 0.0, 0.0, 0.0, 0.0, 0.0, 0.0, 0.0, 0.0, 0.0, 0.0, 0.0, 0.0, 0.0, 0.0, 0.0, 0.0, 0.0, 0.0, 0.0, 0.0, 0.0, 0.0, 0.0, 0.0, 0.0, 0.0, 0.0, 0.0, 0.0, 0.0, 0.0, 0.0, 0.0, 0.0, 0.0, 0.0, 0.0, 0.0, 0.0, 0.0, 0.0, 0.0, 0.0], "rewards": [-1231.2126607074558, 80.8069152895327, -409.2080417783405, -1314.0813330746603, -1593.6757224183232, -1348.8923906959892, -2518.1181295749493, -2192.1287917261125, -337.26732487357475, -298.86115450301406, -458.5406331243459, 353.0441368826934, 535.9164927995266, -920.910189331419, -1183.8623736862241, -653.9490504873108, -841.7593037919918, -327.8256859163242, -988.712959254477, -1495.2626490076025, -1141.1008653413287, -2499.63079009771, -1242.045352225539, 567.3060554447259, -461.3203157828048, -2975.7180247909523, -1742.2072739017046, -890.1757688241462, -1117.4070220344347, -2501.3355110681996, -1520.894623793106, -2809.6225213642547, -3498.0624079590225, -3066.723383626078, -2564.3546104599527, -3741.144174535443, -2650.9952086791177, -1790.265426126896, 302.9352469201079, -507.80943520867095, -1069.6278811760933, -2889.143684520543, -638.7250214601448, -2508.75902677188, -2277.2113733811284, -1309.5649008218415, -2158.921864233997, -635.1009061367731, -214.18994587610507, -143.80259643446323, -1422.062442993871, -2423.040466383134, -1107.8392627189185, 885.9587919604786, 359.85158278906573, 1887.3131813686045, 674.0040394077492, 152.11012901511424, -430.2804757668631, 137.41966953884727, -985.7436628917559, -1647.0345747371914, -2525.0678635528475, -1397.803917729028, -2428.2053906875644, -2068.3752961768273, -2421.714156875699, -2000.581790388596, -402.55205647498445, 141.40351551308405, 1058.415439534646, 1936.8831939331972, 3072.5070187277165, 3201.6705747921874, 2689.5869125590857, 3360.6164252954127, 1356.806700915345, 543.4380449104383, 54.278364802805406, -1186.2074621327513, -1388.0895391472195, -1139.035685773703, -1643.3769811507736, -88.18760311479397, 387.00773123314076, -393.46307119632206, -52.57801826890909, -2267.5925810284443, -2558.9105851220934, -990.5367942814702, 1872.7090346902594, 2336.3453071354825, 2913.8415096467943, 2476.8802103079634, 1063.119368405473, 1618.3666924935344, 250.445287109586, 1595.0418339884168, 1248.10341443286, 180.52361628079603, -918.0580400722016, -653.6880244534777, 1231.6898730881471, 568.5109984011921, 2893.459859291531, 2983.6877185156136, 1694.746477097161, 2082.9227034781397, 4897.020007480925, 3295.1303635516992, 2385.4858396855007, 2538.618701295256, 2389.122290075984, 755.8819858826822, 1762.763408234585, 3332.6841756991744, 2864.800528328546, 1516.0777462378635, -677.9272214610706, 241.57151782383883, 153.91605430228168, -787.4020308337765, -600.1120986302268, 580.6195585927007, 301.1414101076003, -773.1168402592375, -163.61533241460637, -1427.4875749167977, -167.95972455952563, 412.5845358120879, -794.744603096645, -501.29165240499606, 347.3565793761284, 729.9112310705166, -213.95816841577766, -785.3434920562717, -445.20495028218903, -1566.6878326683325, -1228.8292095844697, -1140.7439494767527, -2302.4230861566753, -936.1350491582868, -1317.4580555458579, -551.1138314024632, 318.15708952041473, 934.8619286269984, 2769.2424240002274, 1876.6346755662646, 2385.064693285991, 3179.761670890567, 2677.381783346873, 2637.5679240001314, 1646.9428243475886, -90.74475078428668, -318.06794216801114, -248.255002328265, -122.12530404925545, -2575.3456443148316, -788.3310576780952, -755.4145564693833, -846.6257593353076, -1119.8590626397822, 310.5606642560355, 1194.9261726500476, 1060.4932752538182, 2180.424232307775, 3507.660007777019, 3852.4955471108206, 3479.3207066945347, 1813.7940231631253, 722.411729120434, 1066.2925013749405, 1560.1339836422842, 2440.743204255522, 1843.5059710546761, 3080.484852547061, 3373.3465494187253, 3857.1238384741546, 2853.1432061351265, 2803.8553620431876, 3057.785236239467, 2041.4006046455368, 2110.0538766903287, 2644.11016322358, 853.7339530353215, 1931.9656626175686, 2118.324310543403, 102.40642720167634, -574.7977180541889, -124.99513328870337, -911.9754491087408, -795.2728699402379, -539.3542325083914, 821.7221245933133, 54.482273717207335, 898.9504314144574, 2941.0735473694863, 2988.880516979404, 3409.500307900121, 2930.141069262172]}, "Latent AR LinUCB s=2": {"actions": [1.0, 0.0, 0.0, 0.0, 0.0, 0.0, 0.0, 0.0, 0.0, 0.0, 0.0, 0.0, 0.0, 0.0, 0.0, 0.0, 0.0, 0.0, 0.0, 0.0, 0.0, 0.0, 0.0, 0.0, 0.0, 0.0, 0.0, 0.0, 0.0, 0.0, 0.0, 0.0, 0.0, 0.0, 0.0, 0.0, 0.0, 0.0, 0.0, 0.0, 0.0, 0.0, 0.0, 0.0, 0.0, 0.0, 0.0, 0.0, 0.0, 0.0, 0.0, 0.0, 0.0, 0.0, 0.0, 0.0, 0.0, 0.0, 0.0, 0.0, 0.0, 0.0, 0.0, 0.0, 0.0, 0.0, 0.0, 0.0, 0.0, 0.0, 0.0, 0.0, 0.0, 0.0, 0.0, 0.0, 0.0, 0.0, 0.0, 0.0, 0.0, 0.0, 0.0, 0.0, 0.0, 0.0, 0.0, 0.0, 0.0, 0.0, 0.0, 0.0, 0.0, 0.0, 0.0, 0.0, 0.0, 0.0, 0.0, 0.0, 0.0, 0.0, 0.0, 0.0, 0.0, 0.0, 0.0, 0.0, 0.0, 0.0, 0.0, 0.0, 0.0, 0.0, 0.0, 0.0, 0.0, 0.0, 0.0, 0.0, 0.0, 0.0, 0.0, 0.0, 0.0, 0.0, 0.0, 0.0, 0.0, 0.0, 0.0, 0.0, 0.0, 0.0, 0.0, 0.0, 0.0, 0.0, 0.0, 0.0, 0.0, 0.0, 0.0, 0.0, 0.0, 0.0, 0.0, 0.0, 0.0, 0.0, 0.0, 0.0, 0.0, 0.0, 0.0, 0.0, 0.0, 0.0, 0.0, 0.0, 0.0, 0.0, 0.0, 0.0, 0.0, 0.0, 0.0, 0.0, 0.0, 0.0, 0.0, 0.0, 0.0, 0.0, 0.0, 0.0, 0.0, 0.0, 0.0, 0.0, 0.0, 0.0, 0.0, 0.0, 0.0, 0.0, 0.0, 0.0, 0.0, 0.0, 0.0, 0.0, 0.0, 0.0, 0.0, 0.0, 0.0, 0.0, 0.0, 0.0],