{"Stationary": {"actions": [1.0, 0.0, 0.0, 0.0, 0.0, 0.0, 0.0, 0.0, 0.0, 0.0, 0.0, 0.0, 0.0, 0.0, 0.0, 0.0, 0.0, 0.0, 0.0, 0.0, 0.0, 0.0, 0.0, 0.0, 0.0, 0.0, 0.0, 0.0, 0.0, 0.0, 0.0, 0.0, 0.0, 0.0, 0.0, 0.0, 0.0, 0.0, 0.0, 0.0, 0.0, 0.0, 0.0, 0.0, 0.0, 0.0, 0.0, 0.0, 0.0, 0.0, 0.0, 0.0, 0.0, 0.0, 0.0, 0.0, 0.0, 0.0, 0.0, 0.0, 0.0, 0.0, 0.0, 0.0, 0.0, 0.0, 0.0, 0.0, 0.0, 0.0, 0.0, 0.0, 0.0, 0.0, 0.0, 0.0, 0.0, 0.0, 0.0, 0.0, 0.0, 0.0, 0.0, 0.0, 0.0, 0.0, 0.0, 0.0, 0.0, 0.0, 0.0, 0.0, 0.0, 0.0, 0.0, 0.0, 0.0, 0.0, 0.0, 0.0, 0.0, 0.0, 0.0, 0.0, 0.0, 0.0, 0.0, 0.0, 0.0, 0.0, 0.0, 0.0, 0.0, 0.0, 0.0, 0.0, 0.0, 0.0, 0.0, 0.0, 0.0, 0.0, 0.0, 0.0, 0.0, 0.0, 0.0, 0.0, 0.0, 0.0, 0.0, 0.0, 0.0, 0.0, 0.0, 0.0, 0.0, 0.0, 0.0, 0.0, 0.0, 0.0, 0.0, 0.0, 0.0, 0.0, 0.0, 0.0, 0.0, 0.0, 0.0, 0.0, 0.0, 0.0, 0.0, 0.0, 0.0, 0.0, 0.0, 0.0, 0.0, 0.0, 0.0, 0.0, 0.0, 0.0, 0.0, 0.0, 0.0, 0.0, 0.0, 0.0, 0.0, 0.0, 0.0, 0.0, 0.0, 0.0, 0.0, 0.0, 0.0, 0.0, 0.0, 0.0, 0.0, 0.0, 0.0, 0.0, 0.0, 0.0, 0.0, 0.0, 0.0, 0.0, 0.0, 0.0, 0.0, 0.0, 0.0, 0.0], "rewards": [-108.44158492966562, -776.1352952232213, -1607.2017171281354, -1336.7855766767923, -1688.5219193944397, -2646.613280695901, -3769.6176640615636, -3963.9034689045575, -1487.8027178701843, -1306.5174735861071, -633.1658864610911, -1229.1165680210106, 231.4061550894161, 1246.8885596017815, 1330.7029039183883, 1443.87901571157, 1071.7808682886343, 2040.612147326969, 2403.804580901584, 1140.7862620163357, 1102.9203582378518, -146.04758852666137, 1608.2560862736489, 138.94523410930304, -349.12668229835924, 324.36687196295657, -474.7679313905891, 28.0247023324085, -1379.5347965496771, -489.45316825843713, 292.1503633853564, 1430.0359470303677, 876.9965665649736, -180.85439989737787, 779.5823074048315, -386.42899501380884, -1207.2484183573242, -2102.3753522776933, -1707.9066461780487, -2184.4352897973204, -2393.529470984365, -2787.064319954032, -2456.657572646444, -2584.687745268342, -2382.225586578308, -2744.5251083658345, -3653.863566870108, -2482.266887257111, -2775.2095132923887, -1786.1532845156835, -1359.98381956201, -1363.2334321460387, -1488.705860696404, -3112.762998835282, -2137.1162602315276, -1167.5144770872123, -609.601530612191, 274.0001029744026, -79.93361292857023, -1745.0724319387887, -2463.2086314928424, -1821.7870538562574, -1478.722477934444, -41.74868519854619, 1089.4408469680293, 1082.8982199644345, 1126.3164876134638, 178.53652506035806, 291.7068913040879, 172.66773263153667, -261.2796601897699, -363.70281435934623, -1545.900847255999, -664.3391761895344, -1231.119694026109, -774.431202504703, 453.17513565763005, -685.752061629528, -2011.0530339976006, -663.4927537349089, 701.9850720807119, 312.08997841316375, 162.9444089470851, 2215.25634004406, 295.73713639707836, -1487.5068334136506, -1052.4037101583458, -1504.9868703398033, -2774.100086945797, -2230.75489992839, -2284.6129199257257, -4016.6652864555176, -4994.329919359363, -6167.465686389922, -3861.0709706300104, -3342.776935692768, -3652.9944802198556, -3436.205078164818, -2943.4770832797294, -3273.817186731672, -4284.029919988611, -3923.192560237541, -4040.6775642677994, -3322.871174955463, -3232.7372581981576, -3538.014921031677, -3953.8799570671017, -4719.803980757306, -3860.714340916235, -1830.341901567892, -423.69968122056554, -559.5064726901445, -365.321803257008, -148.10425441548824, 1449.548477920641, -6.462040120423224, -585.3573806668106, -86.01278684334395, -374.8826499130336, 152.3284289238418, 1676.9216434114603, 341.6644926967103, -7.910274677449324, -1722.8203833127027, -3603.6526883729207, -3148.7529677604234, -2973.1785897586687, -3629.6475095541605, -2640.921996587619, -2621.0872084042267, -2703.1246467340093, -3290.7375847667568, -2982.4594604869394, -3791.17169057393, -3005.957642726744, -3190.2957627312626, -1543.7976266072903, 311.7438740677501, 1603.2708428767523, 2708.007188467581, 1513.3484177547818, -297.26478705894107, -915.6536574063584, -1803.6287082370156, 0.811547411459188, 251.9762530735483, 706.360021079872, -903.3218820289932, -458.17023089292246, -1500.9914722680576, -1893.6539793167788, -721.3194158354613, -1658.2323714076422, -1908.2352845129642, -1827.3395195118785, -2308.2511894049326, -731.9832102227818, -774.3128081457845, -2036.6356737666874, -1892.197312853114, -150.3711878226293, 394.61362857301464, 677.0846202119394, 93.82693577686706, 993.6407277818003, 890.4341773268263, 734.4370004689918, -118.34603946486189, -1096.733994481686, -1565.5487142304644, 1563.5723930550846, 1734.6549820136352, 1937.2401207130283, 455.6041410909559, 1587.4884504773574, -362.8380786790406, -1080.6380613206143, 948.7922167042544, 1715.9684752617718, 1801.7992872399773, 2068.0705520867427, 2075.554452514541, 3381.422370564725, 3010.2969637957995, 3759.3660104333035, 2822.7001695148438, 2244.488992030173, 652.3467549413767, -1138.4424218642685, -1034.624741623269, -1056.423128974301, 1014.6671827122858, 2309.4851543141003, 1961.2391170238946, 1066.0688248019146, 171.64484059420778, -604.7855141429968, 83.15580912890765, -357.6318978641187, -1343.1613834164878]}, "Latent AR LinUCB s=2": {"actions": [1.0, 1.0, 0.0, 0.0, 0.0, 0.0, 0.0, 0.0, 0.0, 0.0, 0.0, 0.0, 0.0, 0.0, 0.0, 0.0, 0.0, 0.0, 0.0, 0.0, 0.0, 0.0, 0.0, 0.0, 0.0, 0.0, 0.0, 0.0, 0.0, 0.0, 0.0, 0.0, 0.0, 0.0, 0.0, 0.0, 0.0, 0.0, 0.0, 0.0, 0.0, 0.0, 0.0, 0.0, 0.0, 0.0, 0.0, 0.0, 0.0, 0.0, 0.0, 0.0, 0.0, 0.0, 0.0, 0.0, 0.0, 0.0, 0.0, 0.0, 0.0, 0.0, 0.0, 0.0, 0.0, 0.0, 0.0, 0.0, 0.0, 0.0, 0.0, 0.0, 0.0, 0.0, 0.0, 0.0, 0.0, 0.0, 0.0, 0.0, 0.0, 0.0, 0.0, 0.0, 0.0, 0.0, 0.0, 0.0, 0.0, 0.0, 0.0, 0.0, 0.0, 0.0, 0.0, 0.0, 0.0, 0.0, 0.0, 0.0, 0.0, 0.0, 0.0, 0.0, 0.0, 0.0, 0.0, 0.0, 0.0, 0.0, 0.0, 0.0, 0.0, 0.0, 0.0, 0.0, 0.0, 0.0, 0.0, 0.0, 0.0, 0.0, 0.0, 0.0, 0.0, 0.0, 0.0, 0.0, 0.0, 0.0, 0.0, 0.0, 0.0, 0.0, 0.0, 0.0, 0.0, 0.0, 0.0, 0.0, 0.0, 0.0, 0.0, 0.0, 0.0, 0.0, 0.0, 0.0, 0.0, 0.0, 0.0, 0.0, 0.0, 0.0, 0.0, 0.0, 0.0, 0.0, 0.0, 0.0, 0.0, 0.0, 0.0, 0.0, 0.0, 0.0, 0.0, 0.0, 0.0, 0.0, 0.0, 0.0, 0.0, 0.0, 0.0, 0.0, 0.0, 0.0, 0.0, 0.0, 0.0, 0.0, 0.0, 0.0, 0.0, 0.0, 0.0, 0.0, 0.0, 0.0, 0.0, 0.0, 0.0, 0.0, 0.0, 0.0, 0.0, 0.0, 0.0, 0.0],