{"Stationary": {"actions": [0.0, 0.0, 0.0, 0.0, 0.0, 0.0, 0.0, 0.0, 0.0, 0.0, 0.0, 0.0, 0.0, 0.0, 0.0, 0.0, 0.0, 0.0, 0.0, 0.0, 0.0, 0.0, 0.0, 0.0, 0.0, 0.0, 0.0, 0.0, 0.0, 0.0, 0.0, 0.0, 0.0, 0.0, 0.0, 0.0, 0.0, 0.0, 0.0, 0.0, 0.0, 0.0, 0.0, 0.0, 0.0, 0.0, 0.0, 0.0, 0.0, 0.0, 0.0, 0.0, 0.0, 0.0, 0.0, 0.0, 0.0, 0.0, 0.0, 0.0, 0.0, 0.0, 0.0, 0.0, 0.0, 0.0, 0.0, 0.0, 0.0, 0.0, 0.0, 0.0, 0.0, 0.0, 0.0, 0.0, 0.0, 0.0, 0.0, 0.0, 0.0, 0.0, 0.0, 0.0, 0.0, 0.0, 0.0, 0.0, 0.0, 0.0, 0.0, 0.0, 0.0, 0.0, 0.0, 0.0, 0.0, 0.0, 0.0, 0.0, 0.0, 0.0, 0.0, 0.0, 0.0, 0.0, 0.0, 0.0, 0.0, 0.0, 0.0, 0.0, 0.0, 0.0, 0.0, 0.0, 0.0, 0.0, 0.0, 0.0, 0.0, 0.0, 0.0, 0.0, 0.0, 0.0, 0.0, 0.0, 0.0, 0.0, 0.0, 0.0, 0.0, 0.0, 0.0, 0.0, 0.0, 0.0, 0.0, 0.0, 0.0, 0.0, 0.0, 0.0, 0.0, 0.0, 0.0, 0.0, 0.0, 0.0, 0.0, 0.0, 0.0, 0.0, 0.0, 0.0, 0.0, 0.0, 0.0, 0.0, 0.0, 0.0, 0.0, 0.0, 0.0, 0.0, 0.0, 0.0, 0.0, 0.0, 0.0, 0.0, 0.0, 0.0, 0.0, 0.0, 0.0, 0.0, 0.0, 0.0, 0.0, 0.0, 0.0, 0.0, 0.0, 0.0, 0.0, 0.0, 0.0, 0.0, 0.0, 0.0, 0.0, 0.0, 0.0, 0.0, 0.0, 0.0, 0.0, 0.0], "rewards": [1213.1440585731636, 1654.8210616955787, 93.05819129269199, -700.9688089338409, -1369.8986941115843, -2268.649676949614, -1364.5529297461721, -2209.80305067855, -1230.6917527415435, -1522.5614757464089, -1615.7588925100697, -1643.6173958708157, -1734.639009957994, -452.3340343125922, -1106.7112200193976, -754.6683550507613, -2582.489309325048, -3302.406943207213, -1977.3755146083158, -2263.2673660882692, -3349.32854811237, -3574.188558794222, -3434.9604026617594, -3765.704863122699, -2876.775541097264, -2972.0322216771383, -1951.0445874481904, -572.7006107671137, -544.6955000796587, 30.11195745266423, 160.3298379573251, -589.8712207595075, -1564.6197394978099, -1700.6188122112442, -2837.177225539907, -2642.6193327061374, 526.2379385423328, -450.51771404991837, -2190.8255914809047, 419.6421432873629, 452.6138447715843, 90.37767609058506, 1304.5573292048632, 147.6590817574946, 184.71385409924886, 878.9289622884393, 572.212938729924, 563.8441614108168, 219.07461619694746, 627.689363350405, 827.2989554342345, -92.26590824735835, -1303.435834600646, 273.41045368163236, -1512.7611236755872, -3200.5119295551785, -3683.497628291639, -2547.6914039460976, -2835.1998789328095, -2454.8850587420225, -2540.378648921232, -464.80338572866793, -384.6822906141405, 1270.3567632886297, -22.470490716325262, 869.8369230398285, 193.19507136087472, -193.76695161311628, -562.7760016103731, 1899.4477755588518, 1282.255015288144, -16.215122166945307, 1735.5330072855907, 782.3342172650174, -45.77660727080844, -402.6003870327643, -457.06059289768916, -69.07272178758635, -1037.3452954915208, -931.7750716168033, 1465.2078708264785, 1265.124789368731, 1123.864085724993, -349.6063130098523, 611.1253576897759, 541.6519570768593, 1443.3083836945145, 1066.9015538255244, 1198.4269624985955, 2469.6232927215765, 2547.8190909763416, 2227.6266911023636, 1216.5102548612128, 1068.5991474498285, 2037.7095205249482, 2312.025790932176, 532.3777065479564, 982.1092276139436, -186.5487876594675, -748.2792201811694, 121.31672300522929, -80.34994930287401, -1425.8830716068371, -1956.1870067105183, -635.4860328104778, 834.3463043627987, 572.3192931202514, 946.7908805606241, -817.5212024010409, -544.9368551182954, 108.90461099489895, 99.58699864711288, -117.18769126609294, -603.4346169041081, -846.4600043673271, 1094.8470550657398, 652.9089151517235, 2472.474735095145, 2314.909898933768, 2300.516577323393, 1211.759930310114, 2144.6287170420037, 736.6844271664426, -1206.8810692104769, -1346.4650832703571, -1572.2086309385165, -1339.9288795891655, -1553.841412722459, -2091.5661803142843, -2617.5512714826227, -2218.186554513456, -2393.2477030702516, -3922.7102672655715, -2109.805677867939, -1212.7854479155133, -1425.4839183019164, -805.927291199632, -23.022847640587326, -278.6202914603962, -188.4728539023511, -1022.4345477988116, -2643.219541238589, -4083.1211202184672, -3180.147335309624, -3533.743880497873, -3374.889705626103, -2179.2080790682703, -2465.1762011974724, -3797.8174475488418, -1316.5550876590955, -1711.9971084683066, -1231.190431504012, -979.2871751617836, -152.44190270808392, -55.93302338021947, 651.3997871539198, -0.5058278952271748, 752.808017622388, 1432.3337136735258, 1021.9688586329113, -1286.587360731024, -364.51933854966046, -141.1978804532398, -11.23574836548043, -399.71562058864373, -975.8424736891014, 402.04642240867855, -716.0451920357477, -726.3071321136558, -530.1020501728572, -321.04518541532383, -497.28050497994013, -1268.2849502647166, -988.1781064372922, -2430.393557138763, -2035.9209022468333, -1605.324126835414, -1814.008090548868, -2759.2712096312302, -3331.772354465608, -4574.188452344329, -3923.929159280911, -2281.086386330219, -1463.3736456686318, -835.7285844340761, -1174.8778396150165, -1799.9362470112112, -1973.77663958587, -2593.4876325892583, -1876.140725642402, -445.24497822417754, -1208.1046173622399, -334.86893683343794, 1741.2628932702803, 1370.4081676762398, 2269.873455750907, 1486.088629652782, 463.21641210665126, 438.27515035707034, 1598.2671251994611]}, "Latent AR LinUCB s=2": {"actions": [0.0, 0.0, 0.0, 0.0, 0.0, 0.0, 0.0, 0.0, 0.0, 0.0, 0.0, 0.0, 0.0, 0.0, 0.0, 0.0, 0.0, 0.0, 0.0, 0.0, 0.0, 0.0, 0.0, 0.0, 0.0, 0.0, 0.0, 0.0, 0.0, 0.0, 0.0, 0.0, 0.0, 0.0, 0.0, 0.0, 0.0, 0.0, 0.0, 0.0, 0.0, 0.0, 0.0, 0.0, 0.0, 0.0, 0.0, 0.0, 0.0, 0.0, 0.0, 0.0, 0.0, 0.0, 0.0, 0.0, 0.0, 0.0, 0.0, 0.0, 0.0, 0.0, 0.0, 0.0, 0.0, 0.0, 0.0, 0.0, 0.0, 0.0, 0.0, 0.0, 0.0, 0.0, 0.0, 0.0, 0.0, 0.0, 0.0, 0.0, 0.0, 0.0, 0.0, 0.0, 0.0, 0.0, 0.0, 0.0, 0.0, 0.0, 0.0, 0.0, 0.0, 0.0, 0.0, 0.0, 0.0, 0.0, 0.0, 0.0, 0.0, 0.0, 0.0, 0.0, 0.0, 0.0, 0.0, 0.0, 0.0, 0.0, 0.0, 0.0, 0.0, 0.0, 0.0, 0.0, 0.0, 0.0, 0.0, 0.0, 0.0, 0.0, 0.0, 0.0, 0.0, 0.0, 0.0, 0.0, 0.0, 0.0, 0.0, 0.0, 0.0, 0.0, 0.0, 0.0, 0.0, 0.0, 0.0, 0.0, 0.0, 0.0, 0.0, 0.0, 0.0, 0.0, 0.0, 0.0, 0.0, 0.0, 0.0, 0.0, 0.0, 0.0, 0.0, 0.0, 0.0, 0.0, 0.0, 0.0, 0.0, 0.0, 0.0, 0.0, 0.0, 0.0, 0.0, 0.0, 0.0, 0.0, 0.0, 0.0, 0.0, 0.0, 0.0, 0.0, 0.0, 0.0, 0.0, 0.0, 0.0, 0.0, 0.0, 0.0, 0.0, 0.0, 0.0, 0.0, 0.0, 0.0, 0.0, 0.0, 0.0, 0.0, 0.0, 0.0, 0.0, 0.0, 0.0, 0.0],