{"k": 5, "sigma_z": 1, "mean reward 1": [457.77292113082757, 1768.9412079994654, -2302.0180162403703, 465.1313076981053, -1341.8141347083729, 144.66073561058198, -866.4655151844743, 527.388598118065, -293.0001704356758, 513.990932382597, -60.812593663519735, 414.18154637114174, -129.04045451346718, 218.71114714783585, -139.35713185234258, 260.9225688192391, -94.34200863644423, 163.87929859782898, -337.390563312284, 165.05170807958814, -282.2585821808416, -19.185218432363747, -156.64340117681905, -17.679747748956387, 65.46754803837409, -46.59097773023976, 64.96523216778625, 84.78928053568342, -101.77174285271104, -47.07516689020744, 38.5830813771198, -170.09502817088463, 114.31846915806192, -24.40972016432688, -36.698961018119306, -44.715603360462474, 79.88945183538381, -3.4396631548743395, 49.579281595387755, -13.887093522632806, 11.653269628571632, 81.00714589652273, -133.71396049671407, 133.11117773234201, -82.35145971412325, 121.70576720670935, -145.24147296036836, 26.17575940645256, -118.65414371250873, -28.632460020400664, -2.9907864872505296, -35.16558041558417, 14.692384392900104, 131.2949526690824, 25.57452940393955, 12.589583888534895, 8.638593584071467, 45.380048239036256, -4.043558152048194, -102.45620432585432, 72.27611363142017, 32.07734969420456, 45.83248438611156, -59.34761055321128, -31.405447795307833, 135.25593168103086, -130.68182396815814, 130.89034326842568, -205.17124943934593, -82.79995745067397, -110.71782105016467, 67.1651697477289, -120.19806451672706, 230.98523960285408, 140.70118117852846, -15.237284184970756, -75.14573821970875, -116.81511000025063, -7.973881181616759, -19.613850581770564, 60.06029148002463, -83.39435987246623, 70.95466396639331, 54.190977888690696, -143.159110501606, -65.18741711918645, -35.86276783307823, -12.32171491671875, 168.77356671215966, 72.80042716735522, 63.378247931137196, -2.4142165288487227, 20.76390023229269, 37.415376016531276, 164.61353700382864, -108.59604050627398, 27.074967459569134, -109.89668539611297, -35.887794314834444, -88.91385218400059, -137.33641864993106, 168.72771017396474, 24.37371973240018, 124.76938762142176, 254.98468948486342, 112.94602232221902, 151.15490644362964, 11.893470093850707, 85.1057241395373, -39.725837191857636, -146.69172411389397, -134.27919225373884, -270.88498016606826, 64.65353840922123, -107.40745808024059, 69.46622750817869, 33.737555379714784, 1.399497592709853, 132.84152304032358, 48.01237868669516, 18.237131333909932, -44.27094505511413, 0.7494008246051141, -172.25511597327346, 91.05469586082296, 74.28562850508602, 115.8954121340792, -74.16009569692102, 94.64459570751826, 13.158879894480602, 64.66592255840642, 93.04373290260133, 61.5799230118303, 138.95692666956242, -199.37967563785918, 174.66232746241013, -254.55914670054545, 162.20184736636108, -242.5263163304864, -76.95651297452719, -120.22194000386992, -110.41820607109658, 145.98719905357842, 12.944612982135052, 240.54356914851803, 17.843078557237412, -14.652980011266603, -102.89528204543072, -91.94872313214005, -147.73367378431342, -125.93029584823199, 59.703783078578645, -2.465317602039069, 61.603557889086815, -158.47758705860247, 183.2819079161555, -144.6948928172125, 24.869775050633947, -5.997460268183808, -29.29054081551338, -20.31946262168197, 179.35882687636195, -6.388077364250922, 55.906996501626715, -230.6073837520414, -77.16264645220525, -160.5736588047095, 83.98042218774835, -190.86710653977607, 87.85827290723005, 10.78517581609778, 254.87606019752997, 45.688739227224616, 118.05329961009667, 142.24640299144323, 60.717626604608235, -142.16177613289895, 54.38192518920815, -254.08629402071145, 101.3221514470323, -250.42418485725824, -186.07390811865042, -54.36032302688574, 65.49845408353279, -82.99103128049565, 40.074615456237986, 13.27219211718835, -19.533404175320886, -8.414698013597127, -20.506929802567477, -78.17683811869964, -21.806499933097363, -25.590589207177434, 4.434431467259301, 94.31687705730185, 74.36537836692564, -49.12206363899464, 118.16748246143472, -61.54860248617652, 96.75343346827209],