{"Stationary": {"actions": [0.0, 0.0, 0.0, 0.0, 0.0, 0.0, 0.0, 0.0, 0.0, 0.0, 0.0, 0.0, 0.0, 0.0, 0.0, 0.0, 0.0, 0.0, 0.0, 0.0, 0.0, 0.0, 0.0, 0.0, 0.0, 0.0, 0.0, 0.0, 0.0, 0.0, 0.0, 0.0, 0.0, 0.0, 0.0, 0.0, 0.0, 0.0, 0.0, 0.0, 0.0, 0.0, 0.0, 0.0, 0.0, 0.0, 0.0, 0.0, 0.0, 0.0, 0.0, 0.0, 0.0, 0.0, 0.0, 0.0, 0.0, 0.0, 0.0, 0.0, 0.0, 0.0, 0.0, 0.0, 0.0, 0.0, 0.0, 0.0, 0.0, 0.0, 0.0, 0.0, 0.0, 0.0, 0.0, 0.0, 0.0, 0.0, 0.0, 0.0, 0.0, 0.0, 0.0, 0.0, 0.0, 0.0, 0.0, 0.0, 0.0, 0.0, 0.0, 0.0, 0.0, 0.0, 0.0, 0.0, 0.0, 0.0, 0.0, 0.0, 0.0, 0.0, 0.0, 0.0, 0.0, 0.0, 0.0, 0.0, 0.0, 0.0, 0.0, 0.0, 0.0, 0.0, 0.0, 0.0, 0.0, 0.0, 0.0, 0.0, 0.0, 0.0, 0.0, 0.0, 0.0, 0.0, 0.0, 0.0, 0.0, 0.0, 0.0, 0.0, 0.0, 0.0, 0.0, 0.0, 0.0, 0.0, 0.0, 0.0, 0.0, 0.0, 0.0, 0.0, 0.0, 0.0, 0.0, 0.0, 0.0, 0.0, 0.0, 0.0, 0.0, 0.0, 0.0, 0.0, 0.0, 0.0, 0.0, 0.0, 0.0, 0.0, 0.0, 0.0, 0.0, 0.0, 0.0, 0.0, 0.0, 0.0, 0.0, 0.0, 0.0, 0.0, 0.0, 0.0, 0.0, 0.0, 0.0, 0.0, 0.0, 0.0, 0.0, 0.0, 0.0, 0.0, 0.0, 0.0, 0.0, 0.0, 0.0, 0.0, 0.0, 0.0, 0.0, 0.0, 0.0, 0.0, 0.0, 0.0], "rewards": [-1470.7790558328384, -492.8580097860495, -677.154132635092, 558.5286279782251, 144.66323179824022, 442.44517438191383, 327.5337042188665, 188.36832948289407, -201.55831744677033, 76.29901249706586, -209.6919206105957, -80.3194628186711, -108.03125421527095, -235.59770761166064, -91.78186245656384, -32.86692214466392, -170.37359793632334, 162.9413334559812, -212.5839125537534, 101.983610958415, -130.0088132377282, -125.99877300575743, -152.30293411233623, -28.383009925604973, -83.81071341031301, 89.28348545310753, -61.31658929124856, 60.17953609545945, -40.005204307377966, 71.50196838126624, 115.6321574569002, 52.56795023206574, 54.45471058976006, 37.83641577588512, 24.448134536655505, -44.58070987570011, 55.87279429847689, -183.67216938409, 52.56128183586383, -93.30484999773208, -25.620759300677527, 33.7694942619677, 128.61124652426435, -10.67777609654963, 129.0826594952614, -38.26914053675202, 7.183880830396554, -173.92346944006394, 211.0888847711121, -108.14249389689084, 197.31929144696798, 113.59422190763264, 83.00000215426428, -14.241650327298403, 70.90192573828236, -20.280445766380993, 148.72151137978085, 97.96276565875894, -24.70929351398801, 81.59292765536554, 160.17274226738147, -88.84129977781392, -34.36930017780655, 191.77127350472293, 157.94631877132343, 3.056822957678183, 15.101817011265949, -169.20887694645697, -25.371568033156436, -185.9545296124659, -33.203615414235784, -193.33751169700878, 6.181446033790287, -81.02582526513827, 126.55711599333443, -106.68318635946657, 134.01645965882847, 44.151293047023486, 63.95663671522645, 46.18323310237378, 85.77102048472241, 103.31953535504208, -54.5864094786128, 60.60714970290928, -71.43225054864772, 0.32754267555316874, -102.02589456101609, -16.051838956780287, -160.31661293602735, 193.22332853471323, -165.54480908185218, 128.8028603655103, 30.181016339690732, -47.7319958787846, 67.95130734871907, -79.95233494916558, -41.26795643490315, -150.81163807448155, -88.29070574171851, -154.9076590467978, -176.60621102009983, -15.482941874886677, -40.24697770047713, 14.360012168946199, 125.19831238352887, -1.912152646905711, 113.24666652515744, 82.38202677848923, 93.06129598645806, 66.68353573681127, 126.54260821375293, -193.03259657893264, 118.48740460398514, -183.30584032152132, -71.20372905529828, 80.72316876768153, -4.038768782918128, 80.28815014695573, -7.516897348612199, -18.301657931893143, -23.329783246385592, -127.74334994447173, -146.2841278947818, -6.112129939798379, 38.76607380988351, 102.73992410056972, -43.08743546403844, 35.78109009451917, 111.1490506280306, -204.81803819916337, -15.373631800505024, -148.58439813472242, 226.84496068582922, -7.694444876555451, 242.15527489824572, 165.45166832782155, 65.13655961914799, 84.41368311783795, -43.012720824361395, 30.35704056062178, -42.47592525188515, -28.795193122822056, 100.92635212369669, -7.501988874203236, 83.39364860535014, 22.841153698787675, -62.9825622594584, -195.22868077197887, 72.92097919906588, -190.4666687526263, 66.81093099554236, 5.517612763453034, 146.516787339538, -16.109902083968073, 61.02703762794489, 149.404038668608, -6.475517434014961, 65.54605613947476, 135.8123765811633, 107.92272313084258, 165.13681858225053, -99.77562417582094, 1.1481185479473655, -111.12010166047179, -21.450374698940163, -216.80532171071715, 198.8532686372718, -89.25714404390493, 20.99723676879723, -1.1239720699590148, 83.74974666654671, -167.35910572335365, 120.36815566562618, -27.64685728219733, 26.547971243826186, -49.28129759196695, 29.65693884049586, 68.40071288886416, 60.25651521885355, 18.73359274745572, -21.467592521282214, 13.211916051276548, -110.6078907820691, 34.36854008751153, -175.06624492277226, 253.89904086878818, -54.216998449676886, 193.51125086104315, 91.74362680665992, -145.89117320768668, 69.77251187834591, -9.504440119904828, -150.24214753301894, 86.62082413702238, 29.74996938534524, -86.20086469941516, 196.2768489758403, -41.23951376625057, 53.19478733315804, -31.450968181977856]}, "Latent AR LinUCB s=2": {"actions": [0.0, 0.0, 1.0, 1.0, 1.0, 0.0, 0.0, 0.0, 0.0, 0.0, 1.0, 1.0, 1.0, 0.0, 1.0, 0.0, 1.0, 0.0, 0.0, 1.0, 0.0, 0.0, 1.0, 0.0, 1.0, 0.0, 1.0, 1.0, 1.0, 0.0, 1.0, 0.0, 0.0, 1.0, 0.0, 1.0, 0.0, 1.0, 0.0, 1.0, 0.0, 1.0, 0.0, 0.0, 0.0, 1.0, 1.0, 0.0, 1.0, 0.0, 1.0, 0.0, 1.0, 0.0, 0.0, 0.0, 1.0, 1.0, 1.0, 0.0, 0.0, 0.0, 0.0, 0.0, 0.0, 1.0, 0.0, 1.0, 1.0, 1.0, 1.0, 0.0, 1.0, 1.0, 1.0, 0.0, 0.0, 0.0, 1.0, 1.0, 0.0, 0.0, 1.0, 1.0, 1.0, 1.0, 0.0, 0.0, 1.0, 1.0, 0.0, 1.0, 1.0, 0.0, 0.0, 1.0, 0.0, 1.0, 1.0, 0.0, 0.0, 0.0, 1.0, 1.0, 0.0, 0.0, 0.0, 1.0, 0.0, 1.0, 0.0, 0.0, 0.0, 1.0, 0.0, 0.0, 0.0, 0.0, 1.0, 0.0, 1.0, 0.0, 1.0, 0.0, 1.0, 0.0, 1.0, 0.0, 0.0, 0.0, 1.0, 1.0, 1.0, 0.0, 1.0, 1.0, 0.0, 1.0, 0.0, 1.0, 0.0, 0.0, 1.0, 1.0, 1.0, 0.0, 1.0, 0.0, 0.0, 1.0, 0.0, 0.0, 1.0, 0.0, 0.0, 1.0, 0.0, 1.0, 0.0, 1.0, 1.0, 0.0, 1.0, 1.0, 0.0, 0.0, 1.0, 0.0, 0.0, 1.0, 1.0, 0.0, 1.0, 1.0, 0.0, 1.0, 0.0, 1.0, 1.0, 0.0, 1.0, 0.0, 0.0, 0.0, 0.0, 1.0, 0.0, 1.0, 1.0, 0.0, 1.0, 1.0, 0.0, 0.0, 0.0, 0.0, 1.0, 0.0, 0.0, 0.0],