{"Stationary": {"actions": [0.0, 1.0, 0.0, 0.0, 1.0, 0.0, 0.0, 0.0, 0.0, 0.0, 0.0, 0.0, 0.0, 0.0, 0.0, 0.0, 0.0, 0.0, 0.0, 0.0, 0.0, 0.0, 0.0, 0.0, 0.0, 0.0, 0.0, 0.0, 0.0, 0.0, 0.0, 0.0, 0.0, 0.0, 0.0, 0.0, 0.0, 0.0, 0.0, 0.0, 0.0, 0.0, 0.0, 0.0, 0.0, 0.0, 0.0, 0.0, 0.0, 0.0, 0.0, 0.0, 0.0, 0.0, 0.0, 0.0, 0.0, 0.0, 0.0, 0.0, 0.0, 0.0, 0.0, 0.0, 0.0, 0.0, 0.0, 0.0, 0.0, 0.0, 0.0, 0.0, 0.0, 0.0, 0.0, 0.0, 0.0, 0.0, 0.0, 0.0, 0.0, 0.0, 0.0, 0.0, 0.0, 0.0, 0.0, 0.0, 0.0, 0.0, 0.0, 0.0, 0.0, 0.0, 0.0, 0.0, 0.0, 0.0, 0.0, 0.0, 0.0, 0.0, 0.0, 0.0, 0.0, 0.0, 0.0, 0.0, 0.0, 0.0, 0.0, 0.0, 0.0, 0.0, 0.0, 0.0, 0.0, 0.0, 0.0, 0.0, 0.0, 0.0, 0.0, 0.0, 0.0, 0.0, 0.0, 0.0, 0.0, 0.0, 0.0, 0.0, 0.0, 0.0, 0.0, 0.0, 0.0, 0.0, 0.0, 0.0, 0.0, 0.0, 0.0, 0.0, 0.0, 0.0, 0.0, 0.0, 0.0, 0.0, 0.0, 0.0, 0.0, 0.0, 0.0, 0.0, 0.0, 0.0, 0.0, 0.0, 0.0, 0.0, 0.0, 0.0, 0.0, 0.0, 0.0, 0.0, 0.0, 0.0, 0.0, 0.0, 0.0, 0.0, 0.0, 0.0, 0.0, 0.0, 0.0, 0.0, 0.0, 0.0, 0.0, 0.0, 0.0, 0.0, 0.0, 0.0, 0.0, 0.0, 0.0, 0.0, 0.0, 0.0, 0.0, 0.0, 0.0, 0.0, 0.0, 0.0], "rewards": [-1722.221730440175, -854.2268560088276, 77.46961032579067, 15.411770873173344, -493.82766044031985, 226.45981008158168, -223.1399754448094, 297.2819891126961, 39.99755398674226, -65.37083835024072, -33.2211770644457, -83.41608687848672, -79.88101841299955, -167.79017268800038, 43.27164828357635, -194.68464965547247, -31.64927298270452, 0.7090638243287604, -46.1351734841387, -51.81349041179125, 44.80185054218198, -3.481979519508368, 90.18324359942143, -58.60507270769164, -83.50323394090243, -0.5595623561825094, 10.761308134469035, -142.84538262354172, -63.32044146447523, -95.10658696455943, -95.07152126579692, -92.9251003026425, 24.810834496252895, 87.95937168766302, -210.0506261987917, 24.506065446040008, -6.715051743848804, 30.359344784642975, 45.9061072215108, -132.16616891634237, 81.00690239265057, -199.15693418593298, 33.750985042171024, -41.05782443411481, -0.6169790839951972, 49.57509059888481, 40.948502115906685, -112.26716961081964, -69.17314973149006, 35.44136428269638, -165.33117762281032, -10.79971245014169, -19.847548552910126, 27.504820519767787, -28.297444418988718, -16.57083504399282, 56.91178600463575, 35.54505688989199, 69.90120337841587, -136.63400667001375, -114.18667356410943, -22.451330789899778, -106.20679643011279, 45.33778961782657, 25.516468071613048, -24.442393741699078, 44.94933605471353, 57.64844339277627, -40.528873164670166, 139.80824253771485, -86.83262084990285, -11.782429413832865, -99.87809169856831, 70.8644700472424, -93.59877840172595, -69.17982201937029, -128.6780252742765, -27.508351654420373, -50.67247285364215, -108.75477137537564, -85.93789364931587, -133.39746968883728, -155.16056383100943, -110.31430905571852, -74.15621092420753, 69.26119714671793, 97.81007918528636, 221.45702288614638, 10.157869897847217, -26.507039131132114, -20.235606714030475, -178.75115785850122, 48.434447995835946, 25.16717705080574, -67.69211210132903, 74.05333876062757, 196.70952219291655, 6.85321189765782, 58.495983352926636, -106.84099439569236, 60.050014121226184, -273.3966616621649, -42.62292314190393, -127.27932880916696, 124.13704317861189, -106.03555988589699, 120.00447819817016, -167.50817670205416, 56.19661088174007, -89.24848793433311, 99.4705111321012, -83.94195632065096, 155.1449006104055, -101.67041853406934, 24.999964954734207, 45.093750042760426, 54.24780177422333, 21.328047764385612, 83.24661518386168, -113.37984771250517, 130.2739602387184, -190.8841176821538, -81.03376088403084, -39.59122530468606, 76.67719654250313, -22.624282676697128, 144.26549215723136, 200.8328344563237, 45.06591910314316, 93.80877156598913, -168.24698292444594, 83.92161857453262, -188.11010569816364, 300.7440246297775, -10.708289178819411, 127.87329629905702, 110.61645099387748, -98.09314125910988, 95.04892816428047, -119.31685266058011, 21.39892919832791, -40.57306498571646, 59.47926054835355, -60.99325677856525, 86.12873603163996, 76.40562932227104, 47.25629154392228, 122.98801171801783, -56.29268292164387, 27.094293713713952, -62.8761807600358, -36.073898529246705, -108.11339840907422, 35.215441221754844, -58.10673911339529, -70.82108750672143, -2.9264448436124346, -83.75499860285744, -97.4198104980062, 54.069263836923724, -127.16471720824413, -70.67541776564309, -5.705301189853313, -95.68994526885152, -117.98004783301928, -50.70458244036672, 118.34580120949056, -182.75187042662753, 64.38389286369373, -40.88380279822866, 55.67929751670747, 48.045196986863544, 158.89839215530307, 22.93235503960235, 131.0692772681098, -126.61145697735918, -44.228349965680515, -194.72403116457087, -197.90547302034713, -80.67277419565661, -129.58403216026863, 134.31169915331066, -45.084245343324554, 27.101265227697443, 9.305286382721928, 113.86798693053893, -32.91131662556094, 129.3719787321499, 77.33439288814048, 107.4015558656647, -258.2514258969755, 36.17409525787527, -82.53284395750944, 135.65605127007026, 38.88580176909424, -26.654063526423023, -4.1774308594033975, 127.01546318170942, -98.13063137260959, -110.6364982145237]}, "Latent AR LinUCB s=2": {"actions": [0.0, 1.0, 1.0, 0.0, 0.0, 1.0, 0.0, 0.0, 1.0, 0.0, 1.0, 1.0, 0.0, 0.0, 1.0, 0.0, 1.0, 0.0, 1.0, 0.0, 1.0, 0.0, 0.0, 1.0, 1.0, 0.0, 1.0, 0.0, 0.0, 0.0, 1.0, 0.0, 1.0, 0.0, 1.0, 0.0, 1.0, 0.0, 1.0, 0.0, 1.0, 0.0, 1.0, 0.0, 1.0, 0.0, 1.0, 1.0, 0.0, 0.0, 0.0, 0.0, 1.0, 1.0, 0.0, 1.0, 0.0, 0.0, 0.0, 0.0, 1.0, 0.0, 0.0, 1.0, 0.0, 1.0, 1.0, 1.0, 0.0, 1.0, 0.0, 0.0, 1.0, 0.0, 0.0, 1.0, 1.0, 0.0, 1.0, 0.0, 0.0, 1.0, 0.0, 1.0, 0.0, 0.0, 1.0, 1.0, 1.0, 1.0, 1.0, 0.0, 1.0, 0.0, 0.0, 0.0, 1.0, 0.0, 1.0, 0.0, 1.0, 0.0, 1.0, 0.0, 1.0, 1.0, 1.0, 1.0, 0.0, 0.0, 1.0, 0.0, 0.0, 0.0, 1.0, 0.0, 1.0, 1.0, 1.0, 1.0, 1.0, 0.0, 1.0, 0.0, 0.0, 0.0, 0.0, 0.0, 1.0, 1.0, 1.0, 1.0, 1.0, 0.0, 1.0, 0.0, 1.0, 0.0, 1.0, 0.0, 1.0, 0.0, 1.0, 0.0, 1.0, 0.0, 1.0, 1.0, 0.0, 1.0, 0.0, 0.0, 0.0, 0.0, 1.0, 0.0, 1.0, 1.0, 0.0, 0.0, 1.0, 1.0, 0.0, 1.0, 0.0, 0.0, 1.0, 0.0, 0.0, 1.0, 0.0, 0.0, 1.0, 0.0, 0.0, 0.0, 1.0, 0.0, 1.0, 0.0, 0.0, 0.0, 0.0, 1.0, 0.0, 1.0, 1.0, 0.0, 1.0, 0.0, 1.0, 0.0, 1.0, 0.0, 1.0, 1.0, 0.0, 0.0, 0.0, 1.0],