{"Stationary": {"actions": [1.0, 0.0, 1.0, 0.0, 1.0, 0.0, 0.0, 0.0, 0.0, 0.0, 0.0, 0.0, 0.0, 0.0, 0.0, 0.0, 0.0, 0.0, 0.0, 0.0, 0.0, 0.0, 0.0, 0.0, 0.0, 0.0, 0.0, 0.0, 0.0, 0.0, 0.0, 0.0, 0.0, 0.0, 0.0, 0.0, 0.0, 0.0, 0.0, 0.0, 0.0, 0.0, 0.0, 0.0, 0.0, 0.0, 0.0, 0.0, 0.0, 0.0, 0.0, 0.0, 0.0, 0.0, 0.0, 0.0, 0.0, 0.0, 0.0, 0.0, 0.0, 0.0, 0.0, 0.0, 0.0, 0.0, 0.0, 0.0, 0.0, 0.0, 0.0, 0.0, 0.0, 0.0, 0.0, 0.0, 0.0, 0.0, 0.0, 0.0, 0.0, 0.0, 0.0, 0.0, 0.0, 0.0, 0.0, 0.0, 0.0, 0.0, 0.0, 0.0, 0.0, 0.0, 0.0, 0.0, 0.0, 0.0, 0.0, 0.0, 0.0, 0.0, 0.0, 0.0, 0.0, 0.0, 0.0, 0.0, 0.0, 0.0, 0.0, 0.0, 0.0, 0.0, 0.0, 0.0, 0.0, 0.0, 0.0, 0.0, 0.0, 0.0, 0.0, 0.0, 0.0, 0.0, 0.0, 0.0, 0.0, 0.0, 0.0, 0.0, 0.0, 0.0, 0.0, 0.0, 0.0, 0.0, 0.0, 0.0, 0.0, 0.0, 0.0, 0.0, 0.0, 0.0, 0.0, 0.0, 0.0, 0.0, 0.0, 0.0, 0.0, 0.0, 0.0, 0.0, 0.0, 0.0, 0.0, 0.0, 0.0, 0.0, 0.0, 0.0, 0.0, 0.0, 0.0, 0.0, 0.0, 0.0, 0.0, 0.0, 0.0, 0.0, 0.0, 0.0, 0.0, 0.0, 0.0, 0.0, 0.0, 0.0, 0.0, 0.0, 0.0, 0.0, 0.0, 0.0, 0.0, 0.0, 0.0, 0.0, 0.0, 0.0, 0.0, 0.0, 0.0, 0.0, 0.0, 0.0], "rewards": [-424.76083140103077, -1787.7314053257771, 121.12285759587927, 1505.698633880747, -119.47926335644543, 544.4676441454625, 376.85050755898874, 2.4052618305196836, -171.26810913598376, 39.112145661408896, -226.5684380287857, -11.230093210608178, -107.67256172753738, 128.45291010458016, -82.8571703299476, 85.28905541646651, 77.16306253695598, 42.068178645549864, 94.25292947972717, 5.543180861758634, 237.71633065001913, -180.15196323994147, 217.11330057694005, -192.30727980885163, 238.64825805940583, -439.11507756917774, 294.95387868176164, -163.2457572564612, 171.00720759543464, -29.314512448315025, -40.892019072484615, -193.13028227445693, -173.22809477125043, -87.09388843027601, 94.00003804688409, -134.01037500728745, 175.84621859744203, -143.84073764303062, -41.477567590426546, -133.56935076198087, -93.9943157520418, -21.86936744260959, 137.80671977483127, 150.731905292056, -125.24458691340656, 89.71094329838402, -68.08339589055265, -115.94199518683094, -82.67337540107134, 0.04884440531842893, -149.86858176654468, -72.34320109441465, -14.981317038419485, -112.35409431172572, -106.96191164251448, -7.216985135810096, 10.435474668922643, 18.73037198031137, 2.0308851147167317, -143.28529684681553, -110.13950189761749, -107.82559489714798, -37.09428041298796, -49.90421910783823, 219.23550966717892, -65.83585309155299, 70.93274009949819, 5.433962510622856, -39.70963822214752, -253.30081129861654, 199.38030064954032, -60.34769947313543, 119.66706404634128, 144.3982414712664, 36.31272040693812, -33.20664066321229, 119.57405899551627, -74.09369337761119, -32.88853995231451, 33.30001855713803, -48.03100015788765, -109.45966386480448, -141.95709069171525, -81.5106867358315, 16.340344361730615, -17.29762621361088, 20.503403003744044, 91.61581578067293, -16.932635643346444, 25.518595091241107, 12.595951392384022, -129.33943934741063, 75.34593701520359, -133.90062996994396, -82.44269206209432, 65.74414066665567, -69.56371222992364, 3.3270699045529986, -220.81463122384767, 40.03685604160941, -88.53777520581775, -122.4999048528849, -59.77831675929586, 76.6961256492514, 99.16307150881042, 89.94107718748282, 256.04005544443567, 221.75122421744007, 207.77126864724232, 54.47123868333361, 68.6574234255251, -160.8606064260035, 94.72305798361674, -170.04190883079772, -148.98740375732905, -104.63170006831118, -35.14436814939921, 10.701114373123534, -105.39485165722692, 124.85783782453596, -57.323187714005655, 64.8308839234684, 148.03445087469962, -152.6227504198214, 158.7085429503181, 154.326749318441, -76.43356815581272, 138.5965483123274, 52.164791694225386, -79.68097872587182, 157.66321580794403, 89.89971040365063, -101.09006370085211, 92.91313344292058, -12.39166487559076, -81.31578157565225, 2.4987262890773465, 82.89049471586122, 44.87796166335496, 26.323093762893084, 9.561391479522843, 30.688268137984032, -22.947291538610386, -41.881645411856574, -21.928683556866027, -48.8462214657765, 16.14640794618045, -92.78216634489024, 75.08369211723077, -44.39137636921645, -55.64902794449417, -158.67737846699347, -171.68797095658778, -21.071804840826722, -45.78097648939929, -26.573352157976778, 156.7057597453658, 148.01868194915457, -21.92926143132512, -73.36725570416847, 54.29398157636049, -67.7454301810986, -16.439404143038978, 140.29185877194445, 16.9298792877496, 193.11107585910756, -52.44034344713791, -39.12322663767846, 5.002232322899175, -12.264750070647372, -4.274101006276143, -55.304567013846764, 109.03499753170237, 34.01915523638314, 58.341380980757265, -23.623303109538245, 89.01468660734324, -150.286756505505, 16.801411870296484, -93.67042222121631, 177.45205548277758, -100.78617593728075, -98.60344726921176, -6.4675281149569095, 127.04352453132576, 44.018449237808056, 72.12279224173555, -191.5878311357746, 123.53912656973955, -205.380492856405, -41.7262046725294, 80.21895111968419, 4.195048221175121, -184.87098458147983, 308.1419408495496, -104.91977703466944, 155.59134224964723, 24.657067440389362, 136.3220335202921, -1.3007654606822463]}, "Latent AR LinUCB s=2": {"actions": [1.0, 0.0, 0.0, 1.0, 1.0, 0.0, 1.0, 0.0, 0.0, 0.0, 1.0, 0.0, 1.0, 1.0, 1.0, 0.0, 1.0, 0.0, 1.0, 1.0, 0.0, 0.0, 1.0, 0.0, 0.0, 0.0, 1.0, 0.0, 1.0, 0.0, 1.0, 0.0, 0.0, 0.0, 0.0, 0.0, 1.0, 1.0, 0.0, 0.0, 1.0, 0.0, 1.0, 0.0, 0.0, 1.0, 1.0, 0.0, 1.0, 1.0, 0.0, 1.0, 1.0, 0.0, 0.0, 0.0, 1.0, 0.0, 0.0, 1.0, 1.0, 1.0, 1.0, 0.0, 1.0, 0.0, 0.0, 0.0, 1.0, 0.0, 0.0, 1.0, 1.0, 1.0, 1.0, 1.0, 0.0, 1.0, 0.0, 0.0, 1.0, 1.0, 0.0, 1.0, 1.0, 0.0, 1.0, 0.0, 1.0, 0.0, 1.0, 1.0, 1.0, 0.0, 0.0, 1.0, 1.0, 0.0, 0.0, 1.0, 1.0, 1.0, 1.0, 1.0, 0.0, 0.0, 0.0, 0.0, 1.0, 0.0, 0.0, 0.0, 1.0, 1.0, 1.0, 0.0, 1.0, 1.0, 0.0, 1.0, 0.0, 1.0, 1.0, 0.0, 0.0, 1.0, 0.0, 1.0, 0.0, 1.0, 0.0, 1.0, 0.0, 1.0, 1.0, 1.0, 1.0, 1.0, 0.0, 1.0, 0.0, 1.0, 0.0, 1.0, 0.0, 1.0, 1.0, 1.0, 0.0, 1.0, 0.0, 0.0, 1.0, 1.0, 0.0, 0.0, 1.0, 0.0, 0.0, 0.0, 0.0, 0.0, 1.0, 0.0, 0.0, 1.0, 0.0, 1.0, 1.0, 1.0, 0.0, 0.0, 1.0, 0.0, 0.0, 1.0, 1.0, 1.0, 1.0, 0.0, 1.0, 1.0, 0.0, 0.0, 0.0, 0.0, 1.0, 0.0, 0.0, 1.0, 0.0, 1.0, 1.0, 0.0, 1.0, 0.0, 1.0, 0.0, 1.0, 0.0],