{"Stationary": {"actions": [0.0, 1.0, 0.0, 1.0, 1.0, 0.0, 0.0, 0.0, 0.0, 0.0, 0.0, 0.0, 0.0, 0.0, 0.0, 0.0, 0.0, 0.0, 0.0, 0.0, 0.0, 0.0, 0.0, 0.0, 0.0, 0.0, 0.0, 0.0, 0.0, 0.0, 0.0, 0.0, 0.0, 0.0, 0.0, 0.0, 0.0, 0.0, 0.0, 0.0, 0.0, 0.0, 0.0, 0.0, 0.0, 0.0, 0.0, 0.0, 0.0, 0.0, 0.0, 0.0, 0.0, 0.0, 0.0, 0.0, 0.0, 0.0, 0.0, 0.0, 0.0, 0.0, 0.0, 0.0, 0.0, 0.0, 0.0, 0.0, 0.0, 0.0, 0.0, 0.0, 0.0, 0.0, 0.0, 0.0, 0.0, 0.0, 0.0, 0.0, 0.0, 0.0, 0.0, 0.0, 0.0, 0.0, 0.0, 0.0, 0.0, 0.0, 0.0, 0.0, 0.0, 0.0, 0.0, 0.0, 0.0, 0.0, 0.0, 0.0, 0.0, 0.0, 0.0, 0.0, 0.0, 0.0, 0.0, 0.0, 0.0, 0.0, 0.0, 0.0, 0.0, 0.0, 0.0, 0.0, 0.0, 0.0, 0.0, 0.0, 0.0, 0.0, 0.0, 0.0, 0.0, 0.0, 0.0, 0.0, 0.0, 0.0, 0.0, 0.0, 0.0, 0.0, 0.0, 0.0, 0.0, 0.0, 0.0, 0.0, 0.0, 0.0, 0.0, 0.0, 0.0, 0.0, 0.0, 0.0, 0.0, 0.0, 0.0, 0.0, 0.0, 0.0, 0.0, 0.0, 0.0, 0.0, 0.0, 0.0, 0.0, 0.0, 0.0, 0.0, 0.0, 0.0, 0.0, 0.0, 0.0, 0.0, 0.0, 0.0, 0.0, 0.0, 0.0, 0.0, 0.0, 0.0, 0.0, 0.0, 0.0, 0.0, 0.0, 0.0, 0.0, 0.0, 0.0, 0.0, 0.0, 0.0, 0.0, 0.0, 0.0, 0.0, 0.0, 0.0, 0.0, 0.0, 0.0, 0.0], "rewards": [-1094.590786094313, 2056.7327651502515, -670.852519328876, 74.06260159715524, -962.2298155016629, 135.3047075765257, 1040.3990325535408, 137.12461084166227, 245.85851442139483, -148.6483943458107, -82.16198540741065, -243.62162641766741, -39.63629976279358, -142.79877735682308, 84.06450651818415, 58.95610719708061, 188.95342854330198, -34.39610232587641, 215.0294369228357, 146.29592224832828, 41.63867978436251, 18.27990787927624, 61.274174257838766, -93.78971779061958, -56.81450415940563, 3.4109484961540186, 1.566820580619967, -121.6572007380245, 27.143195434022196, 26.29290755307981, -17.193478982479483, 13.150688086110648, -8.091757133655891, 24.149435468903103, -102.89341247499351, 5.374071698736161, 117.6180198988777, -14.928400882766294, -22.660760443157233, -35.08418827906338, -184.13507467401087, 2.309642494029582, 12.458278318610656, -90.16696435850744, 45.892557596796664, 73.679400209226, -61.7781370235922, -58.41750560081198, -6.367790110993994, 17.773542271886647, -21.383283952919076, -37.824902035754114, 31.642700676069367, -325.5727222923824, 150.5564090618625, -147.57752354683296, 131.67646749307212, -4.154057057811007, 172.37261083532545, -137.8583239149542, 227.07995847869668, 49.44014912341004, -32.88448956670659, 125.10229926790338, -149.5033305757851, 306.8989721245881, -94.34865321061899, 159.56246951918408, 66.09396658548685, 192.7408382345587, 152.365149710838, 129.53502098222268, 137.63868702731892, 10.681082165496242, 194.35325626433786, -9.396283469118952, 89.60497141805331, -117.11803320519587, -9.735048668795368, 14.940795288339263, 62.884868119391854, -19.108560033684714, 98.8582164090637, -139.45075316580318, 149.45021345358762, -215.37693012883256, 89.6754214088516, 35.83719586899778, 68.50980329093592, -85.69031894644422, 150.41740051938234, -202.00239184386052, 78.77789307482749, -294.76383900014736, 246.21558088768626, -138.05913140911773, 231.77246106723936, -14.33827163615074, -31.561396231530367, -114.52354676508656, 112.36404666266051, -61.8546070157622, 55.4571599550045, -6.541456670879029, 80.32957735823636, -43.732867147656606, 71.27273276169021, -141.8277620463878, 185.13663811249026, 27.66916698189442, 131.2918303734725, -12.818536492541307, -8.812135167290958, -31.74530915152529, 2.4251951021790426, -155.03190374154846, 25.950677182653845, -49.75583900556659, -135.8854018768352, 63.54217619443521, -9.892351043194228, -163.17830364413916, -23.381746802715703, -139.528414275887, -168.48379357978527, 11.370917801995116, -13.49198622799328, 93.44198823127591, 7.939244227132594, 105.93681422299632, -82.61773011634956, 41.507120665163825, -122.56994014080506, -68.14528248020522, -105.90889525692398, 26.60348963690091, 23.901346875097758, -144.67071806903567, 141.7648889529821, -166.51221971086719, 127.4005999559776, -43.41608569861974, 95.47279507474599, -22.623660473692244, 9.441429488017137, -102.33709262906498, 21.290974851193198, -5.701973332906416, -10.634037701032256, -54.82225628763672, -9.817770452141676, 48.26445906436022, -83.10439121810452, 14.216262295357305, -195.34997074203858, 173.8591511979082, -25.475313365455584, 41.15076834515155, -27.30903393363998, 85.0984659662735, -23.126392782656577, 84.00590215217842, -17.58829643555978, -44.79098168709204, 55.89007885478862, -121.67568033276034, 49.744932151813245, -61.3776914529416, 132.8280957014315, -111.5973183526993, 54.90986185166717, 34.911621863331746, -78.89521970241833, 19.96367840830423, 48.05030403793731, -142.83616784810755, 8.260228035659107, -81.63943950982541, 157.57649810830392, -11.261072132227383, 148.97591913222018, -183.77128318285497, 211.1244612700066, -126.19976381342417, 151.88151087335044, 51.21641543464801, 100.47632090207213, -64.16139296514102, 122.98309493971945, 94.5434286938393, -57.00664835148974, -39.0863992511584, -85.09866386754543, 9.39708990731972, -184.84863171462996, 11.084362803513482, -38.28924397545408, 18.951645607424005, -102.421250525873, -35.39193221240393]}, "Latent AR LinUCB s=2": {"actions": [0.0, 1.0, 1.0, 1.0, 1.0, 1.0, 0.0, 0.0, 0.0, 1.0, 0.0, 1.0, 1.0, 0.0, 1.0, 1.0, 1.0, 1.0, 1.0, 0.0, 1.0, 0.0, 1.0, 0.0, 0.0, 0.0, 1.0, 0.0, 1.0, 1.0, 0.0, 0.0, 1.0, 0.0, 0.0, 1.0, 0.0, 1.0, 1.0, 1.0, 1.0, 0.0, 1.0, 0.0, 0.0, 1.0, 0.0, 0.0, 1.0, 1.0, 0.0, 1.0, 1.0, 1.0, 1.0, 0.0, 1.0, 1.0, 0.0, 0.0, 1.0, 0.0, 1.0, 0.0, 0.0, 1.0, 1.0, 0.0, 1.0, 0.0, 0.0, 1.0, 1.0, 0.0, 0.0, 0.0, 1.0, 0.0, 1.0, 1.0, 0.0, 0.0, 1.0, 0.0, 0.0, 1.0, 0.0, 0.0, 1.0, 1.0, 0.0, 1.0, 1.0, 1.0, 1.0, 0.0, 1.0, 0.0, 0.0, 0.0, 1.0, 1.0, 0.0, 1.0, 0.0, 0.0, 1.0, 1.0, 0.0, 1.0, 1.0, 0.0, 1.0, 0.0, 0.0, 1.0, 1.0, 0.0, 0.0, 1.0, 0.0, 1.0, 0.0, 0.0, 1.0, 0.0, 1.0, 0.0, 0.0, 0.0, 1.0, 0.0, 1.0, 1.0, 1.0, 0.0, 0.0, 0.0, 1.0, 1.0, 0.0, 0.0, 1.0, 1.0, 0.0, 0.0, 1.0, 1.0, 0.0, 0.0, 0.0, 1.0, 0.0, 0.0, 1.0, 1.0, 0.0, 1.0, 1.0, 1.0, 0.0, 1.0, 1.0, 0.0, 1.0, 0.0, 1.0, 1.0, 1.0, 1.0, 0.0, 1.0, 0.0, 1.0, 0.0, 0.0, 0.0, 1.0, 0.0, 1.0, 0.0, 1.0, 0.0, 0.0, 1.0, 1.0, 0.0, 1.0, 0.0, 1.0, 1.0, 0.0, 0.0, 0.0, 1.0, 0.0, 1.0, 0.0, 1.0, 0.0],