{"Stationary": {"actions": [1.0, 0.0, 0.0, 1.0, 1.0, 0.0, 0.0, 0.0, 0.0, 0.0, 0.0, 0.0, 0.0, 0.0, 0.0, 0.0, 0.0, 0.0, 0.0, 0.0, 0.0, 0.0, 0.0, 0.0, 0.0, 0.0, 0.0, 0.0, 0.0, 0.0, 0.0, 0.0, 0.0, 0.0, 0.0, 0.0, 0.0, 0.0, 0.0, 0.0, 0.0, 0.0, 0.0, 0.0, 0.0, 0.0, 0.0, 0.0, 0.0, 0.0, 0.0, 0.0, 0.0, 0.0, 0.0, 0.0, 0.0, 0.0, 0.0, 0.0, 0.0, 0.0, 0.0, 0.0, 0.0, 0.0, 0.0, 0.0, 0.0, 0.0, 0.0, 0.0, 0.0, 0.0, 0.0, 0.0, 0.0, 0.0, 0.0, 0.0, 0.0, 0.0, 0.0, 0.0, 0.0, 0.0, 0.0, 0.0, 0.0, 0.0, 0.0, 0.0, 0.0, 0.0, 0.0, 0.0, 0.0, 0.0, 0.0, 0.0, 0.0, 0.0, 0.0, 0.0, 0.0, 0.0, 0.0, 0.0, 0.0, 0.0, 0.0, 0.0, 0.0, 0.0, 0.0, 0.0, 0.0, 0.0, 0.0, 0.0, 0.0, 0.0, 0.0, 0.0, 0.0, 0.0, 0.0, 0.0, 0.0, 0.0, 0.0, 0.0, 0.0, 0.0, 0.0, 0.0, 0.0, 0.0, 0.0, 0.0, 0.0, 0.0, 0.0, 0.0, 0.0, 0.0, 0.0, 0.0, 0.0, 0.0, 0.0, 0.0, 0.0, 0.0, 0.0, 0.0, 0.0, 0.0, 0.0, 0.0, 0.0, 0.0, 0.0, 0.0, 0.0, 0.0, 0.0, 0.0, 0.0, 0.0, 0.0, 0.0, 0.0, 0.0, 0.0, 0.0, 0.0, 0.0, 0.0, 0.0, 0.0, 0.0, 0.0, 0.0, 0.0, 0.0, 0.0, 0.0, 0.0, 0.0, 0.0, 0.0, 0.0, 0.0, 0.0, 0.0, 0.0, 0.0, 0.0, 0.0], "rewards": [-407.17392733544847, -650.3260669053585, 1259.019036710326, 881.7472664221139, 261.20102605334205, -210.66124355823385, -209.3630531081382, -223.51242388963013, 380.0469675394711, 36.27550728586751, 352.9339234536773, -87.44124861567032, 30.051575087141384, 29.354664558649404, -86.2511046894193, 32.08717932463227, 31.028556870865096, -104.65359872770624, 229.37825166243715, -77.75819250776476, 38.82054486936752, -52.21984764675269, 65.71639991350047, -157.51719201952963, 6.685807130612536, 4.712343234499089, -166.355615757688, 204.6419961218672, -46.666847051028675, 12.713421978467693, -179.65035044081702, 54.69412691660696, -172.97530867804576, 279.1583652401894, -136.50587899738764, -77.50308620514646, 1.0802527364912713, -88.7833198195972, -37.47202044602777, 14.393562209194044, -48.657685376469104, 134.25078302826913, 37.71818918459519, 56.99829894097988, -11.162802813365138, 20.86848601102172, 144.4370475763702, 22.501508325302837, -23.308902809321694, -36.332778446813194, -59.021760663719895, -130.82278847837952, 42.991159582939126, 25.32841043499529, -143.29969956965095, -57.39405072151797, 7.440706368323008, -14.585672718543986, 104.66606332147035, -75.40442518575523, 7.52739756520174, -5.812643545693284, -49.199270253367274, -103.35242891491126, 149.22454871917805, -86.131418322853, -143.3799276080512, -80.73080748154831, -183.73159148705022, -54.1975068142997, -92.13582649009402, -98.27457330887381, 68.78600447872108, -9.819746269376292, 20.179533793545396, -36.016150777737074, 152.80522653180353, -35.71422166502888, 11.359734747348753, -113.21621368207464, -16.330296478171427, -158.99068873693915, 38.69490856881035, 0.13718519557473297, 31.091674373082576, 18.776128734264415, -10.995116025516307, 0.3682176884305033, 96.45792902773127, 108.52532789009875, -171.29096105627545, -68.79592969177271, -72.85130059778669, 61.63861146105806, 105.50763530756184, 74.4380399881376, 54.082484456110095, 191.7900399874073, -167.38593347372768, 17.022449365623288, -161.00867188685595, -75.61890298253888, -58.69762261245027, 122.2999085733538, -186.85644757269148, 112.32750633791368, -161.5909715314607, 233.01579174719245, -81.1361850177551, 98.34136805874155, -69.07452158293475, -23.08198348140346, -152.8502976248121, -131.41219691900298, -138.18126608141407, -93.16867250592338, -219.60208916972968, 152.61945834468833, -84.70535654135847, 43.23600864278859, 102.4166172120132, 31.414622169176063, 220.12063621874842, -94.30539043367106, 12.604351320280875, -43.58860008472052, -68.10599952479572, 0.6013158894486317, 90.32745407332082, -81.86131147152554, 53.87338393507817, 9.308958466994099, 51.56727678209333, 12.518708610823198, 90.31437370930605, -185.26054325412892, 100.43994185090813, -237.13373980351423, 111.43651236978586, -139.2123998375811, -56.40517013156632, 87.00714430342332, 64.10416750769957, 111.21579569300596, 116.71644097623705, -52.10336962370261, 1.3730590409264876, -59.84298878020613, -149.4226681039848, 9.07105654341195, -129.50500572671055, -111.37395580185252, 44.66266262398712, -170.0566418916717, -9.779966310244879, -10.792874878458246, -13.332875850984207, -37.89578843168293, 45.31043574988216, 181.89477894404314, -107.82521093837846, 290.52914966695135, -133.39906696275622, -38.27869237445925, -2.9769602607731542, -5.05311578778689, -64.21119863163344, 204.47992101727147, -68.56064509687877, 240.60936955397, 102.04099272722718, -7.33535771347212, -117.62932143417724, 31.770537227279352, -32.61569386468443, -75.54859145362201, -52.12717517343785, 60.36854356799802, 29.1140723643212, -149.57175246355987, 14.035747631589468, 99.04395479915588, -56.40271241405679, 303.1757914510956, -154.2715498231893, 142.85673007745618, -130.81773751373336, 20.738090689863768, -224.26548238118687, 94.85838321424475, -64.37677429041278, 70.16765146554806, 154.48329221422955, 126.31819269136074, 179.90184126716898, 212.2615526092946, 81.31050968365959, 190.21587972743788, -181.5654376394581, 101.5104238468999]}, "Latent AR LinUCB s=2": {"actions": [1.0, 0.0, 0.0, 1.0, 0.0, 1.0, 1.0, 1.0, 1.0, 1.0, 0.0, 1.0, 0.0, 0.0, 0.0, 1.0, 0.0, 0.0, 1.0, 0.0, 1.0, 1.0, 0.0, 1.0, 1.0, 0.0, 1.0, 0.0, 1.0, 0.0, 0.0, 1.0, 0.0, 0.0, 1.0, 0.0, 1.0, 1.0, 0.0, 0.0, 1.0, 1.0, 0.0, 0.0, 0.0, 0.0, 1.0, 1.0, 1.0, 1.0, 0.0, 0.0, 1.0, 1.0, 1.0, 1.0, 0.0, 1.0, 1.0, 0.0, 0.0, 0.0, 0.0, 1.0, 0.0, 1.0, 1.0, 1.0, 1.0, 1.0, 0.0, 0.0, 0.0, 0.0, 1.0, 0.0, 1.0, 0.0, 1.0, 1.0, 1.0, 0.0, 1.0, 0.0, 0.0, 1.0, 1.0, 0.0, 1.0, 1.0, 0.0, 0.0, 1.0, 1.0, 1.0, 1.0, 1.0, 0.0, 1.0, 0.0, 1.0, 0.0, 1.0, 1.0, 0.0, 1.0, 1.0, 1.0, 0.0, 1.0, 0.0, 0.0, 0.0, 0.0, 0.0, 1.0, 0.0, 0.0, 1.0, 0.0, 1.0, 1.0, 1.0, 1.0, 0.0, 1.0, 1.0, 1.0, 0.0, 1.0, 0.0, 0.0, 1.0, 0.0, 1.0, 0.0, 1.0, 0.0, 1.0, 0.0, 1.0, 1.0, 0.0, 0.0, 0.0, 0.0, 0.0, 1.0, 0.0, 1.0, 0.0, 1.0, 0.0, 0.0, 1.0, 0.0, 1.0, 1.0, 0.0, 1.0, 1.0, 0.0, 1.0, 0.0, 0.0, 1.0, 0.0, 1.0, 0.0, 1.0, 1.0, 0.0, 0.0, 1.0, 0.0, 1.0, 0.0, 1.0, 0.0, 0.0, 0.0, 1.0, 0.0, 1.0, 1.0, 1.0, 0.0, 1.0, 0.0, 1.0, 0.0, 1.0, 0.0, 1.0, 0.0, 1.0, 0.0, 1.0, 1.0, 1.0],