{"k": 10, "noise_std": 0.001, "mean reward 1": [-107.33137469544471, -88.34586030380277, 104.7368629004217, -27.049812944806757, -125.32402253805415, -53.50225527456066, 196.7284941630137, -79.23061702165116, -15.454169676477594, -5.761410106980932, -87.14606099794541, 26.83052466469502, 51.22481720926648, -39.45410150442981, -2.3309336319266594, 10.003712151767193, -16.838616515085576, 20.138486044447102, 13.218230872447062, -22.390729279773932, 0.5198986838659472, 4.713398278360685, -6.326715726365909, 7.009410635181592, 1.363523188924024, -8.478320115122203, 3.3782285306388546, 3.0406027009007657, -2.400274903067422, 2.3240448368977877, -0.4264136892493525, -2.7264998417871626, 2.05326625092687, 0.7451976951247367, -1.4747961221593529, 0.8017526637262659, -0.29382950368334926, -0.5081022363949921, 1.0302470758290614, 0.1784691924710599, -0.6449228341007087, 0.12147021082069635, -0.2199273119786638, -0.32080437397094713, 0.39409317409344463, -0.01804434563408342, -0.0857625342837914, 0.10037765908371427, 0.23477222386650803, -0.13860123790386034, 0.26093225586311497, -0.11602046470659277, -0.06800510151431954, -0.12227923700302412, -0.08156682053904754, 0.059645115010165964, 0.002321779934053253, -0.23525794075844966, 0.20461630287260738, -0.024180083364200165, -0.10135606380634656, 0.026613408918822266, 0.030347935890797966, 0.04909791912600951, 0.07603768598624357, -0.1334088460375044, 0.018193139000710134, -0.03963106503280958, -0.049667293810747665, 0.08682591743550969, -0.06728852955078339, 0.07625710866497232, -0.13511190496815964, -0.08647959657155851, -0.039311954438350664, -0.056582922477140994, -0.08202717703848392, -0.002407878476661722, 0.10099743212196037, -0.008755437909421994, 0.0032780024602232084, 0.07521349308997272, -0.03708237847111846, 0.14361805705706338, 0.3160756712099526, -0.29906433280993805, 0.17139248203627114, -0.12142053245464073, 0.03303400693741987, 0.06944976724847138, 0.08278302180110078, -0.007893966996536366, 0.10895514907307607, 0.01891670823793336, -0.10686086644611001, 0.12828950495075248, 0.04717694969563821, 0.014181125606357368, -0.08321815298700339, -0.021022689393095137, -0.08048646938976663, 0.0530473409290928, -0.08596262825245696, -0.20012388812800674, 0.07718808048889123, -0.10302292365865595, 0.024693859021491568, 0.0565540002750852, 0.011283758409728043, -0.016595476739685006, 0.19178216286845792, -0.08319836744493715, -0.016099661857855885, 0.09387712479397095, 0.07497925195415739, 0.06984489048798903, 0.05743066934789842, 0.0002209275359803351, -0.06876506678721149, -0.07335521193893028, 0.07476584169990473, -0.09213017459080947, 0.00045440510162085535, -0.11267975755392232, -0.13652518122809199, 0.018860241221269648, -0.1357813280424072, -0.16803123606820014, -0.017123710640046, 0.026210566168449665, 0.01621672398392288, 0.025530600714790137, -0.09388825951940655, -0.0028883918244869793, 0.14489161109951812, 0.3817634592081746, -0.12589017928126625, 0.2607645145877364, -0.001630432317944238, -0.1546558133319316, 0.12231165668594893, 0.11591050251530804, 0.08062181363470997, 0.1361785218373011, 0.059791302605909764, -0.11224214664562086, -0.013949224050217651, 0.026865102910627773, -0.07108175730357112, 0.14713343626307232, 0.010236986980378828, -0.12368332773535645, 0.10853076945708362, -0.12088441807795702, 0.04325527907305911, -0.09882675455960185, 0.13151197240148876, -0.04103804946563037, 0.15874559644257585, -0.034241457337052056, 0.15555849332688654, -0.14734442563921707, 0.07193076363594866, -0.13150343549367496, -0.00075967703443174, -0.1433556281826257, -0.11049661144389877, -0.012935321294544284, 0.10464358395191715, 0.1811082434178324, -0.037875663600576946, 0.17027160732903485, -0.09814894933459777, 0.05315643230268913, -0.06431179993294404, -0.03362857692216259, -0.26643934815270576, 0.17631775025376004, -0.04332092751270172, 0.17250969953848913, 0.14252937505389587, 0.07778483980813393, 0.08154668147914104, 0.04487362107413532, -0.008902651345961096, -0.045291787184865526, -0.12409056060546511, -0.07049910145664025, -0.09159521515104747, -0.1625085321977536, -0.15378729198829116, 0.13373656137631584, 0.03977944375109367, -0.019713500344123728, -0.05119173656670027, -0.14834891014114662, -0.056569881081544725, -0.017309129188483836, 0.12115430353319835, 0.09124058588717042],