{"k": 10, "noise_std": 0.001, "mean reward 1": [-27.024766104957237, -162.41401954944908, 171.24603707263662, -103.95060056248096, 44.37389273892124, 39.02587020977763, 5.942134595711955, -115.19387924383557, -0.9671592843918501, 7.386839795604885, -17.307906893242457, 40.024882550882346, -8.35082369853255, -24.664784919309827, 22.689002156379157, 6.590942121659449, -6.386008228285023, 7.380286985501934, -9.368153634732524, -9.15913037164154, 9.742408484592922, 0.2776216695159641, -3.5891054562391744, 3.3506968205001244, -2.4500420971300945, -1.0047757072098051, 4.30650724425063, -1.0597739487331037, -2.076617351281948, 1.4402583344316484, -0.8852066364419341, -0.263799259667501, 1.5485556382253847, -0.7498128697516411, -0.4366465094224144, 0.9938362882171089, -0.34747817348445537, -0.012532101391435473, 0.6412764407394735, -0.4327865479551166, -0.021892781136892435, 0.5097227779819129, -0.22187050662928998, 0.04903630426426678, 0.133705077635897, -0.1495240701214305, 0.025864675612042243, -0.0065725656162406295, -0.1403733976949832, -0.05319649742664533, -0.006359963844898358, 0.21548677204255573, -0.14099438473655435, 0.08419439054123354, 0.0647195552131135, 0.10393818825376192, 0.05564539344312492, 0.1921353512572538, -0.05393406460014673, 0.20971266787599982, 0.005921154582301419, 0.10014389204251273, -0.11388186903859326, 0.10232252866868798, -0.0653238660724255, 0.0671244440678257, 0.07102932952629691, -0.22370548433945647, -0.09653837598223067, -0.14772006833853846, 0.031356512472568654, 0.1333849645375332, 0.07686019316232776, -0.09951715269156022, -0.04505188244254445, -0.05136859779305849, -0.06262984005638149, 0.08946267644446725, 0.01347822762784334, -0.027236497021657518, -0.01214197918440434, -0.15630527055967702, -0.05136386582751677, 0.040524505866843384, 0.007114368285933577, -0.02944666382819405, 0.024010463218036304, -0.07380128961874144, 0.10823320422455271, -0.054976543954798666, 0.08991365348969889, -0.054162400920616166, 0.05580582541512197, -0.045038552608817894, -0.10532809327166633, 0.03732918498673429, 0.05193982537340595, 0.09691498722373201, 0.28449910616820845, -0.17509842292351394, -0.027058112117526956, 0.006074495082892148, 0.07247900998872657, 0.057103647750278375, 0.10524110059941597, -0.11182062104565146, 0.017492715494269697, -0.03800006622186155, 0.01493004085453024, -0.06353503933196175, 0.08004507469179843, 0.20958747489071847, -0.049936526935347676, -0.04095193753689616, -0.014249287706653532, -0.03876654067214966, 0.2141444886284669, 0.0009965738286235658, 0.11840439657630582, 0.030081285480637404, 0.048371053790399125, -0.0017303609063748634, 0.056745846581707185, -0.09152829932324008, -0.1639973416465504, 0.10689090721634992, 0.032108450508310446, 0.02511791834649611, 0.23987042851247126, -0.15466569939914326, -0.098858070938284, 0.09637945458336102, 0.14061654803946, -0.013894442779155447, -0.06996912374660096, -0.13521063745718698, -0.02794515015938466, 0.06832720068257825, 0.08851405190396124, -0.06725836718064061, 0.10033778325708555, -0.08063505571977929, -0.13290006705262228, 0.05510028680483139, 0.09557216033082541, -0.1155057127234209, 0.23514129812889406, -0.10021693110436447, -0.013454109715898865, -0.0020566102515807714, 0.16925465027896017, 0.11808985382249018, -0.06301061847578647, 0.10148178617703674, 0.07363383332788617, -0.009574171673493625, -0.1346242935717885, 0.0057570420009788025, -0.14371392330620975, -0.006170359357991723, 0.01490054935933505, -0.015586845011347465, -0.005340224143552488, 0.0009196866563273393, -0.040669338427582434, 0.12888694664526817, -0.1111957078290228, 0.09309165089575383, -0.17426632576361564, -0.15529703606088774, 0.07286416947378024, 0.05860997185868184, -0.13922964686027725, -0.17260128098517577, -0.0333583846343059, -0.18695799185881176, 0.2554586093039164, -0.07499162763086313, -0.12535824143691457, 0.04139743190722833, -0.02227852436590681, -0.09178931827962945, 0.16937546140433074, 0.015214440745548981, -0.09262541634591412, 0.10614719849688353, -0.17584710040659568, -0.17727832039643449, 0.06583994325104643, -0.18965087455842541, -0.06220173820977288, 0.0764250322265318, 0.02664539442697836, 0.005213754081317764, 0.033170565778495247, 0.025484315470592656, 0.15268360836229122, 0.08780071284268938, -0.05797531794739656, 0.07596589509834002],