{"k": 10, "noise_std": 0.001, "mean reward 1": [-124.88416025827742, -33.132844470979045, 37.97783890894509, 70.17230133123368, 83.15643970457403, 53.836664327720115, 20.856134690410638, 99.14481207766383, 58.64228592786924, 48.29459324671941, -4.049000461860026, -19.87936912170122, -18.375913176753095, 5.297458694644868, 0.8853310588276156, -2.4384214739872387, -2.7574375234216197, -0.291354642342827, 5.964245755244396, 8.716041799896043, 1.6525665994137244, -2.056620147501996, -1.9733594123109057, -0.8911163455759904, 0.6943508255852899, 0.7067025414965912, -1.3642307610503963, -0.9491026284670948, 0.3208699940958971, 0.7122260011600631, 0.6893109116343067, 0.09777159641290133, -0.6716292504312852, -0.07890184607772355, 0.23235586382826717, 0.18833844948294426, 0.0034735739198525372, -0.20649875506630147, -0.13663783427339324, 0.07321610591683445, 0.2142753963793194, 0.11203165000583945, -0.016771667630405503, -0.051952903929342875, 0.24155730359333216, 0.06859584327396154, 0.1163737217023282, -0.03652206752757119, 0.10652608362895291, -0.21125259997808538, -0.07434903971476173, 0.03385875648310746, -0.08636171494257053, 0.04383656771361091, -0.06607936901769365, 0.011657302406858227, 0.17502746168788436, -0.09090347395806944, -0.07229604885093717, 0.14406179344888184, -0.18759404440128266, -0.05968172555089422, 0.1140635917976585, 0.01253149518648406, 0.11511749759746098, 0.11772961832370811, 0.01989659816299306, 0.01059629739471187, 0.007897431101820592, -0.147539223061554, 0.13474779183930558, -0.06745298176512249, -0.11319066497368419, -0.04883920156273311, -0.03222786029740686, -0.004838537422270367, 0.13987148209441108, 0.005050686175963098, 0.09824980939837728, -0.027191551482033564, 0.19430136898218922, 0.06548598845550165, 0.1473480630495139, -0.12524533525749548, 0.154849383805327, -0.04468690103275861, 0.09577008583885897, 0.24694145005167206, 0.01730199546190957, -0.06317920478771114, 0.08540522455234466, 0.06014235399842034, 0.19479807763580737, 0.23111675421404887, -0.21478418349153697, 0.00118296836407613, -0.020000303674809716, 0.09306554962492973, -0.12815395367815527, 0.19624203226660028, -0.2029115476274517, -0.018545704591834234, 0.1386311691001162, 0.03970331010855425, 0.04239635993235331, -0.06463378389134526, -0.06589761268911995, -0.08824668818678565, 0.19045646204595942, -0.0913132790099769, 0.07118482997386542, -0.1818638990330208, 0.13967000313743427, -0.03700499855051513, 0.071024125490158, -0.03886861141777639, 0.12011273652090691, -0.10183263668484907, 0.10187827339111973, 0.06895816718020613, 0.013755899137141418, 0.04171980663107328, 0.07165188180537155, 0.036190483908370215, -0.06968862463906098, 0.0550567514821775, 0.002503634002766139, 0.01501827980131123, 0.1166075726852529, -0.009097315842734068, 0.02638262554799272, 0.029519917972442175, 0.08270113453749979, -0.15893222485587546, 0.052233701007396154, -0.05140214505021124, 0.014358763195008794, -0.02428896312906467, 0.037593803327297066, -0.04494403818557162, 0.18212574962133551, -0.09892941636766503, 0.3078778026890324, -0.26244592125566923, 0.12610209441943104, -0.09244678251702561, -0.0032561570334546965, 0.0013754497004829001, 0.12055616414912829, -0.05222104089511461, -0.0054300251446829356, 0.019912726763873293, -0.008232658420064994, 0.10795692059698629, 0.10116255397584202, -0.11206910198214597, 0.044030857116573105, -0.1532003234875032, 0.06325792515511658, 0.16167652583100495, -0.014165868002964974, 0.01690826089582031, -0.1243271071254326, -0.027278980959832447, -0.09952606061800742, 0.030316589950276734, 0.1301671596176278, -0.17578343011511233, 0.025624357392841062, 0.10621846386672257, 0.0025533261532001243, 0.0020946909714760972, 0.2163585695115172, -0.08122422566018157, 0.16317805510962924, -0.03967067586717048, -0.02593577986488769, -0.0857275209132758, -0.027469134546952465, -0.011112897120884419, 0.16190457365584612, 0.06240923650524914, 0.04288996129045374, -0.06699366309334581, 0.07298485752425327, -0.1373251239076517, 0.00867114861765109, 0.07347194560781337, -0.016810438867704468, 0.04168430796798475, 0.00692121624759641, -0.04629110061320207, -0.1401797986229924, -0.03150005429219307, -0.08111299522720514, 0.047391309456735906, -0.042460110755016274, 0.18693579387929565, -0.07229953278258283, 0.17449623035177161],