{"k": 2, "noise_std": 0.001, "mean reward 1": [40.122723959548786, -82.66730098298915, -61.33024361745889, 10.645113345292794, 36.14559976292658, 12.703295770223397, -11.767493765632837, -12.211198540771514, -0.3943441708206419, 5.807144072941995, 3.0099417143291967, -1.2520363024142434, -2.1242361879029277, -0.4905382151968604, 0.7017496286108034, 0.5360800529119515, -0.14300544907236568, -0.3408924734659519, -0.016689020986474228, 0.18298808574021438, -0.032980051526498744, -0.034137410633815535, -0.012143507792482449, -0.1368552476160762, -0.10841974700777562, 0.048579579260996424, 0.11090806007386554, -0.03652795962416132, 0.029381942400581663, -0.05096680130989237, -0.007048028714880619, -0.025958037487023123, -0.12008850178667407, 0.03418735008959433, 0.06993691378010082, 0.05403838435001666, 0.028190295835799316, -0.016506648168103825, -0.284322982410926, -0.12520346029759397, 0.08873583871021624, 0.08500246072015392, 0.14592271547912045, -0.050389232909835505, -0.006615762424270566, -0.031089285133921413, -0.002529006420021385, -0.055925170030785225, -0.06590889711859768, 0.02462016416255138, 0.04577587630482062, -0.1309592181339068, -0.12263899887204066, -0.011968461535667845, 0.24395385878923942, 0.15371619923473007, -0.23699595130715884, -0.18933305427684177, 0.00459535203704627, 0.09349302618641969, 0.15873111852618876, 0.11172224087418924, 0.11677499226761018, 0.061212085076737505, -0.1268350861085052, -0.08405844908385723, -0.1336780245942893, -0.13104015912782652, -0.09062349069014894, -0.058116995014784914, 0.09760496957464898, 0.10060697575512989, -0.1592473203658823, -0.10393886863566373, -0.09604084522269891, 0.05614316826817217, 0.10114129178002321, -0.04550341040192357, -0.04401510376110526, 0.18732160443488483, -0.00346199562226983, -0.19285996705130948, 0.021160572186220576, 0.2033478825431972, 0.1732996711779373, -0.039562917282917, -0.19538273719297947, -0.08562008089644164, 0.08255040808127082, 0.08538543367664694, -0.025048170526107544, 0.00734993267512338, -0.09089019820549576, -0.07146634397289467, 0.05703568957365504, -0.02042835503356565, -0.08338351751031245, -0.010068206825353004, 0.05397574792759792, -0.05636376624363784, -0.049348885241017895, 0.039286176536138306, 0.1526226552061058, -0.08109869746072534, -0.06535714961254961, 0.05937554255469266, 0.11945539715293783, 0.12544010364844282, -0.02853457121628207, -0.15426985888611963, -0.11140399861782913, 0.2528987868014961, 0.25077741174711393, -0.04825387410613442, -0.14308764101707794, -0.11894725438146858, -0.060966469853908994, 0.03354757625416117, 0.2616514319865677, -0.08846233079955745, -0.24123552786990138, -0.15563867237844203, 0.09329715564377539, 0.004438273305531083, -0.09192397228521777, 0.1283643012327353, -0.015944258674527985, 0.14006133974763169, -0.07393419738432151, 0.019693346352685694, 0.09119571468312646, -0.05694186299258792, -0.3981955228447644, -0.1958836450654043, 0.26439706928284357, 0.18613590850442557, 0.10499674851740252, 0.07574679522198445, -0.11277584175250412, -0.07435534892989727, 0.026190454910305316, 0.06162463644522609, 0.1763187723819956, 0.2706504054340114, 0.03198730702244958, -0.09123236243227764, -0.08242205976309112, -0.05453132435982789, 0.049646916298136355, 0.1420491078723072, 0.12748730767098143, -0.09018040119287012, -0.03410449391959959, 0.025947794240220447, 0.1577926336587525, 0.12063215782626982, -0.04034835823896338, 0.0020513768661863867, 0.1517477482680078, 0.1430434828304071, 0.02806450253004386, -0.0477898936509098, -0.11974926641382408, -0.13658142453142733, 0.10739500829120516, 0.18440019811653177, 0.03727791762797185, -0.06598068442490733, 0.04588267231533553, -0.026618041309129724, 0.0050427886153298065, -0.06639162459441338, -0.011220549493999312, -0.01951829301162525, -0.1489573059085454, -0.13656392857370367, 0.037287445227221314, 0.17269164922066443, 0.06580048120645267, -0.055296897606344875, -0.028276833372589818, 0.06544468354099475, 0.035984743611106526, 0.05428442920616713, 0.03155909097857198, -0.0015950592589144036, -0.014126057692848918, 0.1388488615625369, 0.2918057053788486, 0.16371048558022364, 0.15493268342245478, -0.08836108529696204, -0.3340364567906891, -0.1987509519022333, 0.10181835002194384, 0.2453270347806936, -0.018087124755460905, -0.26373040047014146, -0.0048776257852115685, -0.04188706556662281],