{"k": 2, "noise_std": 0.001, "mean reward 1": [-8.527873349396936, -97.70783284171776, -44.65207258854846, 26.66907473876333, 35.58252674226623, 4.328496742162497, -15.614381236093122, -9.901765292736835, 2.75655536524959, 6.66056786354442, 1.9643928748968036, -2.387483079395934, -2.217161422426103, 0.09911397596146744, 1.1300114999330302, 0.5004720980881028, -0.20524874968648726, -0.4897585907162115, -0.06690275255697685, 0.17995687098542593, 0.060988095385542805, -0.07952601932020661, 0.015479138370606793, -0.11913263823387849, -0.10319173121812016, 0.07639199009049534, 0.010470198788625555, 0.23756460364030477, 0.12314499563152313, 0.024356746136029447, -0.06584966070590638, -0.03639173323498705, 0.08938585536326736, 0.03831112764968947, -0.021636574805503885, -0.11906931260255268, -0.026491997067774723, 0.11708126649798518, 0.21888679868003252, 0.2574847153440408, 0.09981786232978415, 0.044255123459015354, -0.03089246644739952, -0.057478764117187234, -0.018548227313794304, -0.016827842170090302, 0.014611666547512824, 0.08857204290107829, 0.18914641315391903, -0.03868964510047074, -0.02727554211035178, -0.020107840275492374, -0.03912266388083085, -0.026364866409078293, -0.01295541299045497, -0.06931981602355208, -0.0812359315945072, -0.022436662425426027, 0.049416782944033975, -0.13505782043587541, -0.20228627646513508, 0.14719025803698632, 0.2617798020407275, 0.12824802878679542, -0.14458731114343332, -0.25380089206257506, -0.16461075525537203, -0.019467140095703016, 0.1888580848859739, 0.09049768036328155, 0.08909256134282878, 0.07769338380605377, -0.05828781623819615, -0.16032735645108934, 0.11248071285751082, 0.08074618185178675, -0.04847990615913075, -0.13589150155074786, -0.12817019186503828, 0.15583963539155885, 0.14216408765707972, 0.026306122377129308, -0.24566813768680412, -0.21935655007042998, -0.009420004622014179, 0.10595771522391591, -0.06868639804023088, -0.22973809140808976, -0.24018079728698843, 0.2527274626848381, -0.03364311530847149, -0.27229980571702234, -0.1145147862991156, 0.151449857093343, 0.11860566486963625, 0.2547923423946673, 0.07630306092327346, -0.1822872250567257, -0.13782903772394856, -0.07432798689419766, -0.024977323844426972, 0.08117751248861299, 0.07723490134223855, -0.0383146458928583, 0.0057505187429080515, -0.01780947003424228, -0.1549966629385315, -0.0246978220282032, 0.01672525341084411, 0.014842425174226495, 0.08286037800035578, -0.05358842892632192, 0.08956263771066139, 0.18052641511521209, 0.09261602128002075, 0.012476016725009654, -0.15390231463683035, -0.011723324408004415, 0.10861801415470106, -0.013763825223781032, -0.018344333578138333, -0.20445534331722465, 0.05288205295836596, 0.11282466489213741, 0.10608913707545017, -0.0641816569392437, -0.10996428631740147, 0.01548769752110498, 0.04305236733611313, -0.010347617455697553, -0.06680524450358222, -0.05582398940462841, -0.044396418483066115, -0.17484002036943092, 0.0240835543795937, 0.1891646629300709, 0.04198391220333861, -0.11846081998732033, -0.0400946045345734, 0.2718308666077356, 0.24262806181390106, -0.12518130493164525, -0.24242869045772833, 0.025982207224009436, 0.05344886197274891, -0.18148811630672973, -0.03667203965497313, 0.07809478100180207, -0.07783700093061667, -0.18631088674282545, -0.02467380702213248, 0.12904291862969916, 0.1916480314365773, 0.1411096240699154, -0.10831763831470524, -0.04269986078456239, -0.1679406272943964, -0.17959460342922764, -0.12180926231174401, 0.04381556724483114, 0.18595294340265714, 0.0826072604664442, -0.08127575743088601, 0.10041951833619285, -0.00040176999739758483, -0.024544883335316903, -0.1332803126657674, 0.08920854272548441, 0.1354451719377395, -0.015431417263625557, -0.08532702689607564, -0.10536668076163076, -0.04564941891386009, -0.04459434393870121, 0.16083086191945273, 0.03571111462967491, -0.0787094221053404, -0.03485568655104735, -0.022753053937766193, 0.027574976107954997, -0.011001024222587159, 0.08785490039698951, -0.0018909012495089928, -0.10252767961486017, 0.13592955651252323, 0.04113837827598851, -0.017062527896791826, -0.08185672176154091, 0.11200221628377062, 0.07073206166445992, 0.07495786682345852, 0.11757834325017884, 0.18435077885170137, 0.010931699916485202, -0.0762402662402422, 0.04987193947807362, -0.02532286313992782, 0.0466851412895037, 0.10064175537414657, -0.04175677008156896],