{"k": 2, "noise_std": 0.001, "mean reward 1": [96.6062222861192, 15.096878423913271, -40.8163027347656, -27.921885806349383, 6.151573607966605, 17.10156438634924, 5.770686965485044, -5.548354871972413, -5.677619010638437, -0.08313826951351813, 2.7923599681084363, 1.4088424978982166, -0.7854194628641722, -1.120162672130397, -0.006609343158885551, 0.5762428812718468, 0.1693383913386071, -0.3249846420422435, -0.3454966405175694, 0.10655781502607505, 0.23576586319536816, 0.07753460518511611, -0.2763688665474973, -0.20253058390244785, 0.05852071306561915, 0.2651048361172319, 0.191349484871265, -0.01810923381107689, 0.010655007835614922, -0.029470552430605857, -0.03581657329295901, -0.022169397666883056, 0.07105908998535901, -0.0008909599020205487, -0.008632142913054397, 0.15661557510527543, 0.20714222457774834, -0.15558378535029274, -0.22108207868263202, -0.07794710914725259, 0.03903126079131174, 0.11429124000400775, 0.03456050022386819, 0.004119365738388661, -0.1561313603295776, -0.2523748681817174, 0.05617858235746369, 0.0625997883499007, -0.1206175718828009, -0.049719275023243394, 0.11913266377685015, 0.07496810211111102, -0.19533715487304706, -0.12504178658746937, 0.010025563573045319, 0.14926689922681663, 0.05876813381144618, 0.03468822056292597, 0.061337093014775454, -0.12063258002828176, -0.10209851520659552, 0.0906648572815834, 0.27508640521661887, 0.11238425185988012, -0.12882088870816458, -0.1521784774011653, 0.10761110302941966, 0.30922899968581485, 0.09534029192985931, -0.06547240475526303, 0.007680898597977595, -0.013532381356567475, -0.16438014695654088, 0.0031408464599670498, -0.04948222376435668, -0.2092465788565807, 0.009031024319271002, 0.1802456729871947, 0.1850135460873287, -0.027762562260979326, -0.10926981849812233, -0.060877679403083265, 0.07112731176664744, 0.03399214379539854, 0.016084068094503478, 0.04439711578801521, 0.08192410978086163, 0.030320316385359345, -0.1771851612788041, -0.15477632905474836, -0.07688826028515079, -0.013253541264665223, 0.035316444196527394, 0.19858349251358393, -0.013406683198393787, -0.02015253077148916, 0.15367518213666492, 0.14361561810904228, 0.01689426767281503, -0.12457040531336856, -0.04234932046125715, 0.09814475371726986, 0.050099438845199976, -0.184230660341124, 0.07396676229112509, 0.1484370742777437, -0.04875857829818796, -0.259093226000455, -0.08102602812588652, 0.00919976870069366, 0.14341513834346778, 0.06428554211371858, 0.06001736808061202, 0.12230013684616829, 0.1738129441649336, -0.07498036228296129, -0.19378704272623265, -0.31640197055638036, -0.024713325992994636, 0.20472166215881235, 0.02646563989125894, 0.05847996681646321, 0.013090962616505898, -0.06713047700774966, -0.054412607159260294, 0.10313055019446093, 0.1455537748060576, -0.07904609379274234, 0.014845172354742593, 0.012741972333050062, 0.024812008522276472, -0.08178001535037792, -0.030139727922614667, 0.005518760625660162, 0.23143133471176447, 0.12071858929233231, 0.08065517324061292, -0.10727938895709122, -0.17614445535764, -0.05032999441069597, 0.10434453007320303, 0.06350650215205132, -0.05925956834596125, 0.04739948583575391, 0.038569996603014564, -0.08684345454921542, 0.011515892796890513, -0.07219278001927294, -0.06644393047012083, 0.018592556319827456, -0.07697929747230918, -0.07826119438024784, 0.01670542828483111, -0.05527259917560549, 0.0301338292321133, 0.05264378243728601, 0.2468780351469324, 0.24847943555211952, -0.1846298499068433, -0.1915774091627848, -0.13758199678927177, 0.08529391938563702, 0.03706822429173044, -0.093400160884905, -0.07159290784654576, -0.13409612975163424, -0.20202515100126678, 0.13055357900628436, -0.04392299109519825, -0.09082829440940189, 0.003104656423557722, 0.15586050564682727, 0.010531953704359892, 0.01034921094357973, 0.06772499494732469, -0.02293988066203173, 0.012341025574198283, 0.07242532510122304, 0.10949408918110415, 0.12703676009928289, 0.1352930210718529, -0.016555508906843302, 0.0016973636968265014, -0.08818353255097458, 0.02583903184551113, 0.003433974034765621, -0.040321580915376944, -0.0077788961094309005, -0.18854580516252972, -0.22630695783742155, -0.1373388105410345, 0.25846359009372755, 0.23102284998066772, 0.09623011895687718, -0.12886747222551637, -0.015340442842310916, -0.16863668513930868, -0.02531151697194881, 0.20729711513308183, 0.11593537408034797],