{"k": 2, "noise_std": 0.001, "mean reward 1": [143.6570669708498, -57.95082893291696, -100.78655029903776, -21.618293623077616, 39.43401147575037, 30.47033204387638, -4.500468628339392, -17.592957283051554, -6.564277998488925, 5.5954370757431295, 6.056108569321805, 0.11312356740017383, -2.870565160927598, -1.5467774807200092, 0.7533611158923146, 1.152280412476673, 0.06454703324110499, -0.41121266108392374, -0.28488116179004486, 0.03063973797270925, 0.10772343100269922, 0.007098989211598756, -0.049718909687789255, 0.14070080893829906, 0.24172330140115952, 0.06340237911144433, -0.30581138196426566, -0.21389565697380583, -0.032327240266677784, 0.3604410989412346, 0.07522491998409161, -0.24079173738328238, -0.14439658028792512, 0.05020568913006195, 0.10259088662451002, 0.18503757365994883, -0.08049820147325316, 0.014954853107093376, -0.030660349409666308, 0.0005496175763807496, -0.04118180771904496, -0.10249062042236323, -0.08163519215543223, -0.014423916337409035, 0.11358765693234608, -0.00609363726131705, -0.033722081141318964, -0.03476589657702706, -0.059219230775764714, 0.1362502171063173, 0.05291283444234447, -0.08101261480512731, -0.07082346478527404, 0.02271272968393358, 0.15081700849750593, 0.11836375186268797, -0.00856651782502342, -0.21908856596616477, -0.17888297620929455, -0.3170931403931282, -0.15914914821481718, 0.014065794941658862, 0.08314022589929695, -0.17264027286290948, -0.07580214057317247, 0.03669840319156689, -0.11277270885961424, -0.1379285672806881, -0.09776860484343519, 0.26854080588236084, 0.197389974951837, 0.026368102720751768, -0.1749057999423456, -0.3079725449448041, -0.2612144928240314, 0.03484673151185494, 0.16552921677682284, 0.04022754545676557, 0.09014265742547256, 0.20330821706527488, -0.08168831336516208, -0.18682053019940065, -0.1196190129125556, -0.039242913823635844, 0.03799851818777036, -0.02573777123930511, -0.0891929674913028, -0.04569713624233842, -0.17351019776576335, -0.1218861668027242, -0.048970832183536366, 0.06497331070438657, -0.014146156384716878, 0.09164943005068517, 0.026310720945618836, -0.08320972519650947, -0.3030387512304706, -0.18475209734549722, -0.0386259978449218, -0.06629910185420755, -0.012667338120891145, 0.21884868751127595, 0.3051554501180284, 0.07215577993498264, -0.2174960808581723, -0.035836203996436417, 0.07812679374370943, 0.11469774588709751, -0.29716967668943234, -0.13923746931285177, -0.2561811725074905, -0.10735611698830991, -0.0034493021942863457, -0.07864861199969149, 0.0701772612847997, -0.07128998513101852, -0.03619319626324728, -0.01681788431438931, 0.2698577996366121, 0.13692418667325232, 0.031220494543400642, -0.03397319035734816, -0.00313996565005084, 0.1342464553336116, 0.13491253970404934, -0.21821875180902842, -0.2197901055349521, -0.023054128750667348, 0.09446346059100168, 0.00571743769899912, 0.013491762879042232, 0.0035539607593241046, 0.06015651202890657, -0.11437096131023698, -0.28873560362658773, -0.08531894787658444, 0.30842453297180555, 0.19806713334181905, 0.012818907664965594, -0.11696445924598417, -0.032871770270250775, -0.025532686361849674, -0.3161077121410095, -0.10923652557119998, 0.03659829010569301, 0.2599469114869854, 0.06743431660147124, -0.0749740696661224, 0.07493671579088935, 0.0907299412424134, 0.17036005303382806, 0.13283699367503862, -0.014536517540952892, -0.021982963977940584, -0.0017434277028790515, -0.009536718385291774, 0.06206390275559303, 0.17014870874974405, 0.14325633702412807, 0.016991990941250357, -0.023038775966708343, -0.023060292655787518, -0.1055685054848654, 0.008751034185109946, 0.030531366773403457, 0.03046766177462615, -0.11431643023002078, 0.027217564632028346, -0.08521686458209901, -0.05432550693673331, 0.05937433567331997, 0.14308566256823727, 0.031625381083736616, 0.0394190440272476, 0.005059476474801639, -0.03609616803637469, 0.09901011492884511, -0.11180875367782588, -0.265035381730568, 0.0023835720413518382, -0.0005930899379344998, 0.1393496546339179, 0.030177268997341862, -0.17333265552038749, -0.26560218344699377, -0.15315713541150566, 0.13421539765751112, 0.05169661917813666, -0.12935389710640385, 0.02220974822156746, 0.26666353589939695, 0.0625205164458213, -0.19673173382529913, -0.08880633458116449, 0.23897252604487343, 0.2375577138395123, -0.06751425466519795, -0.13999699327230292, -0.08732458467757395, 0.09711304844508821],