{"k": 2, "noise_std": 0.001, "mean reward 1": [-78.71993679406512, -193.54945318103972, -57.441186189669665, 68.06005233821473, 62.784306308336944, -2.721737195296459, -32.72767096543699, -15.068108871880732, 8.85320962948027, 11.895625823185942, 1.4673361197726909, -5.223673484300724, -3.363877255405538, 1.003603733498179, 2.102187461445958, 0.5599455645528759, -0.8410922339796508, -0.6071081149190037, -0.04089565212847355, 0.22286028722539172, 0.13148205499544546, -0.09500039671045246, -0.08181780756128423, 0.10712089901797571, 0.007154469505540981, -0.05700353197343644, -0.036344609943146984, 0.1104194178783704, 0.19049164336222696, 0.09040769473728462, -0.027858070788607133, 0.007684279868227064, -0.13085507107009103, -0.03786798314727215, 0.11231235242564132, 0.10074558309191188, 0.139985382547883, -0.1289629300011388, -0.11103155901557034, 0.16039066609909594, 0.09343595995418273, 0.04001067265238356, -0.05772921473828117, 0.031574921469359446, -0.24309019841020837, -0.19353885836832577, 0.033376400046834453, 0.05071577676539871, 0.12348975851386944, 0.027365361402355477, -0.05150144419512775, -0.03070370140852687, 0.15199091377678928, 0.1525868578167196, 0.06501538026507747, -0.04772266569331084, 0.0024530225809316054, -0.09793103327585613, -0.1551941694926027, -0.1325307890439849, 0.06006317594855545, 0.18288302741599982, 0.09905205853085802, -0.05372993647355627, 0.00908048213945201, 0.006735535951594577, 0.0011908430741990167, -0.16283540731381946, -0.12138731827426008, 0.1108914751590148, 0.26869576778535675, 0.10765769174042106, -0.0786343310403061, 0.08341522676981315, 0.07280816285935339, -0.02677892394603542, -0.07676943387943763, 0.005218933025714748, -0.04497758622437235, 0.192797000872398, 0.03636788410285695, -0.17111737174660574, -0.09027737053263755, -0.0914235803600883, -0.13655696503376488, -0.11741999726560307, 0.4092287477418364, 0.20676060385494555, -0.12316477835006781, -0.07448463507877388, -0.09672741065520778, -0.054861252253134846, -0.01232548794317569, -0.20238877236235664, -0.23168953654005742, 0.23344231399069645, 0.1265941980549222, -0.10064480260026948, -0.08132170493111616, -0.14535783246076878, -0.013154616590385363, 0.1961792264635373, 0.07581496667306004, -0.07681616103525418, -0.1444399502502088, -0.19213972665429507, 0.05746303037145019, 0.1430498361079768, 0.03674008628454273, -0.12028663812008748, 0.03465715581710551, 0.19342615405148925, 0.05147065611876909, 0.01687562219298076, -0.12550701154661464, -0.10303131403512066, -0.01987018654933626, 0.34558741848597624, 0.18991377250987537, -0.11659443872337645, -0.31631721573636995, -0.057541207469449046, 0.06811265139475677, -0.03498673045030866, -0.050278260749091114, -0.04521107490909288, 0.11677667827619562, -0.051937458089902994, -0.05988908703772393, 0.057956591160445096, -0.018435424864930532, 0.13854073148115653, 0.2123173384585294, -0.12646388882454734, -0.1647582158631967, -0.18643585763630965, -0.048239749475426606, -0.01144317474322783, -0.010151253803816568, -0.020108908311100564, -0.03720412327848023, 0.14677611297640503, 0.1761988472063841, 0.08484373002946287, -0.0170753193686621, 0.17311778674455597, 0.01258284287894803, -0.3066012277661404, -0.24798128198569386, 0.05636343858735403, 0.26960456698190943, 0.16049170780962235, -0.16734343041336766, -0.16681423427362332, 0.11827582845163984, 0.26875297424549377, -0.057730453506403795, -0.06038893368247747, 0.0005228278989895688, -0.051281303773495185, -0.040075225206757256, 0.014358633980375145, 0.040218625243999925, -0.023524106501074463, 0.027247864888179978, -0.020565236663785444, -0.024495980904235968, -0.0018298656520597402, 0.12285731790088322, 0.08657291920882103, 0.007672555379524044, -0.024289235484735886, -0.13329546253398936, 0.044620478197129054, -0.053762804442611084, -0.0833765535569758, -0.14482168918000723, 0.13476214875473963, 0.2745795551116541, 0.1675855314620773, -0.08276218466266655, -0.1813865821142395, -0.07307217145678477, 0.05585377074999874, 0.21146159996685496, -0.03788041663994044, -0.28497974127460207, -0.12275698261514846, 0.01456037625331215, 0.03491354838493116, 0.05561157408145238, 0.03915401968734391, 0.06570108712503978, -0.03644315302778144, -0.1854950914001386, -0.13361549466661837, -0.07855459269493725, 0.12119805966460506, 0.14452343662846823, 0.07781209366048229],