{"k": 2, "noise_std": 10, "mean reward 1": [-64.30830390625589, -54.333069277977096, -1110.2709830458193, -682.6271131095419, 562.8140731565228, -205.98932149411863, -908.6921588231844, -1986.6866713261131, 153.3319314660847, 315.59907556547853, 1864.614734673977, 893.1266791657531, -2185.507816504538, -2123.7131527095244, 565.3917630681264, 1926.6600095641763, 594.7120931436583, -1698.0480657269281, -1972.479098216757, 469.0886568176953, 464.3068675455983, 871.5192765814604, -1064.6031813444515, -1701.1651985255241, -861.1260126776081, 1718.1695924124338, -335.51411966468817, -28.12092103945858, -2.272550361708614, -495.5143066289203, -1329.3898474099965, 739.2947544581954, 587.9479993712006, -283.21456072891544, -397.03320152835647, -721.0598149756822, -1302.0487139224485, -912.669255424999, -684.2776965660252, -342.9344110339521, -843.8719587543076, 30.016444866462287, 852.336669676366, -674.0752021329631, -2080.9449980577383, 1053.2027926675803, 1734.7563588185374, -659.3934693971945, -2142.5950048693894, 24.219523711293878, 1700.8421184114795, -165.8463955001505, -2234.17871738534, -1397.557506627174, -235.3270614114481, 1288.5570715083666, -558.0971769147034, -924.4515663439813, -100.68573906127445, 2175.8375848629435, 137.18620734380238, 347.1291475994205, -586.3210119078074, 574.1082433519716, 665.0862648121256, -1252.7012779333802, 523.8394718798279, -227.30763476973817, -1456.760080577249, 2291.5560279720685, 1396.191292161383, -431.4540604752436, -1507.8556248575183, -630.2165154241351, 404.84209781107444, 1458.5614975845147, -222.99464349345809, -2474.622358183364, -1778.7707235231182, 401.2881679521234, 2102.635521224552, 1255.7042090255416, -1000.645837465623, -2184.6935125971804, -1760.1794498476763, 92.61975896253854, 260.18791762671674, -356.5649993925288, 247.65711453518114, -1049.1871982097703, 641.8759395604797, 1305.4970102304624, -726.0953736186409, -173.12934448762718, 17.084607767563888, 1115.8798709961845, 185.1848427369495, 185.78818727740165, 690.7100470874152, 2863.5275177541744, 477.54273558079615, -938.2578671185222, 945.7812637716283, 1742.9660534773368, 402.096014782299, -1506.8572952275397, -1003.9011142219374, 262.97958843323437, -777.198359019323, -1177.6428160587998, -651.1748118151166, 1193.0210477217972, 1292.5273010441927, -129.5370887857593, -578.5691826733924, -374.7286167102549, -342.3519812660076, -51.763835188020124, -488.3738956680975, 1315.0618060636746, 756.9625062788589, -2129.5767239989323, -2548.5635850060435, -841.6034312250499, 161.8845402807371, 991.0480684745572, 628.7615620095446, 241.5657829645645, -950.8786359469998, -986.3913270804734, -447.08066865805273, 1161.3439688849878, -280.58817226496535, -1014.8939468636225, -2405.9628592856134, -1692.4376119215574, -477.86709417874107, 2361.952932658904, 369.56093393305116, -1238.8783561071214, -2577.3328113840007, -354.397528985597, -407.77872629397154, -732.2160945683684, -253.53958950770266, 924.2573099614413, 2945.888955504143, 1126.0591949451027, 443.910190358376, -208.82102330611275, -901.0068527638788, 712.825902887258, 1756.025685132049, 118.84469045099202, -1415.8151849586911, -318.5563201429331, 1850.5119043177494, 722.5956142384914, 237.43225876646977, -400.8712682734439, 730.6204486314543, 1006.3245395787388, -1195.248190765279, -115.64032515935398, -142.5045784417261, -369.83139879756044, -30.613643544485647, -950.5738771696517, -865.7872958599689, -254.74622289614973, 753.8015900892801, 628.6085860967139, -408.29584946428514, -1292.1573913034963, -1888.2291354503302, 910.208466279828, 2536.654145223873, 1536.5433441516575, -1378.1193183406206, -1442.6167579011105, -891.9370903328772, -1042.140347604359, 781.4148655720006, 666.3021156535549, 810.96885516058, -369.8027191428278, -118.99950518773083, 261.2868298020929, -115.58817310339471, -1194.9038379418166, 2872.2155373315272, -318.5213863945233, -3685.6297163008294, -135.04532397859137, 2747.7194330365273, 1684.0391940700283, 899.7459022076251, -1321.4562212514686, 219.4344106308307, 1334.1911560506196],