{"k": 2, "noise_std": 10, "mean reward 1": [171.24603707263662, -103.95060056248096, -9.851903526384408, 1335.7809268347146, 203.6260135917737, -826.502694839367, -995.2469793220824, 1017.5107928895642, 3548.3195408195243, 3204.479568942443, 1148.9930441678737, -541.3212110563094, -431.481501764656, 8.723498414533381, 866.4635680980075, 618.7632314628349, -795.4972563309417, 872.1514482820126, 2940.2551099517314, 1250.0073216831067, -965.5048094709338, -2036.9475779162126, -3113.3948643994804, 48.617777824030384, 264.97212568628186, 2200.0775831906503, 2137.03946266784, -1693.4437132108676, -1392.5950186716375, 1944.5994123011842, 3035.7086875080176, 2035.0122647177152, -1160.7726720527776, -1572.0274732942437, 1897.3598900874986, 2232.9115796775795, 683.0101438177753, 759.235700789988, 154.97021511839614, 86.5213122368424, -429.794582817892, 387.8375429750208, 544.3356756088081, -1581.309558117503, -1347.5434108610666, -145.12789848641674, 12.85690824346375, 2647.0284221986153, -213.3229599967187, -1404.540979244839, 570.7860733353485, 2334.4799074146636, 842.7113074033173, 790.2478166854862, 175.72191436981726, 1624.5700889305037, 716.9243960113507, 527.2876039601124, -1170.3163280759857, 123.55920296762352, 549.9138024260172, 594.2462227485893, 666.6230840904259, -2079.59500150622, -2439.631463804512, -1527.203276107554, 1086.163849171126, 2433.154636424711, 1133.0115355687828, -1593.3702160079313, -1975.2468790001767, -537.7538062536657, 55.60269634590611, 892.555286510087, 841.5480014150464, -15.91087865239411, -776.3045502516172, -1966.4922135935556, -1107.317394341913, 825.1198924302411, 1209.870488086484, -210.4834494326206, -625.1970277618738, -648.8512839490951, 908.0599177864837, 21.761557646749807, 382.66845691011275, -136.38929503967984, 269.4783042065566, -149.38897304478482, -1441.12299142735, -197.3527714023253, 1393.5880810189615, 1768.204107328642, 2677.98122640642, -1241.1213963792432, -2522.475257117449, -392.7715639049753, 2235.990813121442, 1627.7637818643584, 300.7592515243279, -1096.7224253772304, -515.8290470253645, -310.4689319966211, 202.50165000866295, -388.29440679999124, 477.3778406528903, 2953.775308090674, 593.8175380168627, -2271.701266156956, -1430.716737407773, 666.7513404566781, 2934.021428875231, 868.9409179878703, 245.3054267408662, 199.5957453654121, 397.85418495965575, -56.86150487329902, 88.66551985663733, -500.1427018223023, -1867.5468889496215, 457.4304696238544, 1899.9253420271239, 673.2015271646724, 1257.9759541795036, -832.4897116995553, -2222.7067244645327, -38.4404243119353, 3086.094965218491, 1344.5762232814002, -2359.820458940319, -2522.3988291838564, 251.38336332528092, 1614.357049073093, 1207.4694084979164, -730.0412079802895, 73.02450042339589, -150.28154934062954, -1756.0676093035393, -580.9387875786767, 2024.4064422676036, 388.1919635943346, 872.0102671879825, -303.65882126550156, -710.7159184101072, -700.6004731524926, 1894.9490673089397, 2914.4978739733588, -797.60123826856, -872.1875826836241, 1379.2361720162355, 910.9577875803858, -2253.6952507223796, -1302.2479149163378, -75.17282398914516, 275.65723836898235, 34.34334060891473, -31.657170144263212, -96.34247421694369, -333.0477468905973, -437.7085472161088, 1121.2855626375176, -361.94848159678344, 57.88338293645401, -1292.4309505767915, -2228.4376936991202, 353.3817918577326, 2105.3871956906187, -617.9659970896707, -3684.787077862686, -1341.055348075774, -101.32768007179003, 2373.6929539008793, 406.1033933265545, -2128.3006091062402, -910.0862746061066, 686.4697765723698, -188.18120393080466, 467.782424903325, 1129.3526817289248, -303.2060040248096, -298.84482281589203, -1423.3463276346024, -2209.0344764080037, -84.95154367213482, -219.6468018871167, -703.7372576342475, 120.76322154934704, 1165.9418237534474, 380.4353396487942, -836.3770929923359, 27.92995264587761, 2157.0486399587267, 1572.6600621070234, -994.5117659927547, -378.69388212158503, 981.2347592935885, 3353.134903518864, 1010.1382196685151, 597.4428660742909],