{"k": 2, "noise_std": 10, "mean reward 1": [36.72318138838647, 123.2899192376237, -2092.9127267438353, -2901.5369081855924, 98.56932643716414, 442.1008984490394, 723.2198305523619, 182.09885905006473, 268.4978348296402, 24.06899136863628, -870.0853710243643, -1325.1850744368421, 29.02060029505673, 338.2808713367531, -483.02487696345304, -1831.8701014542298, -943.479572461402, -1990.57231202463, -153.10183311837977, 1420.5924462344385, 786.8569011480052, -630.3759695366255, -2576.7070899060786, 494.51245038868626, 2146.9505497211, -2.9162393485719917, -74.56750798414103, -411.4950573967782, 265.0325553702522, -296.4154987958471, -64.60802081936765, -303.4127431644491, -158.97260086614645, -1968.102977579564, -1582.2407656847504, 717.2275359577555, 496.4838830292172, -491.88830822935535, -1592.925042625343, -3209.967823581482, -113.40178543107822, 1358.813754362821, 1560.8107753339311, -302.89375885238445, 435.38315683396667, -92.86689031020488, 117.74121055461121, 309.51202934652, -1642.0740949886135, -595.3210919525663, 1696.9080000129773, 2307.6360367235443, -827.7692553216989, -1871.7890848239372, 1313.3228081137056, 873.302105042144, -545.0599799175668, -1611.4271105503572, -809.3630575671331, -297.5579234447766, 2806.3408029408383, 530.5346326707412, -1461.4831552115725, -196.82889890614143, 1384.2919773675962, 1899.7037194985169, 143.28457403533963, -1939.008609062021, -1224.4031653282616, -1125.1627559557912, 547.5603530530559, -582.4489966441106, -2111.6792861129993, 2515.130256376955, 4105.997623643261, 1491.6316632445837, -705.6671665321389, -1326.8969730823956, 299.529183131529, 1931.099811557804, 2557.597502685372, -942.1783727820743, -2218.2341972919553, -513.2042658690959, 1093.9545945531218, 4912.27205401631, 3440.9190460485506, -370.6229875430392, -2270.2501084084533, -553.2934017459985, 264.7227704486206, 1744.5742544380316, 285.69788727859526, 100.0202470336756, -1546.2031697792486, -463.9783766126576, 1501.8943414265236, -151.38212401102783, -2048.067397814544, -767.9328299902118, 1673.0963498397878, 69.51164577385126, -949.9395432102698, 359.87260305288436, 1319.127486527207, -581.7383021936769, -2800.836868151918, -1425.2424932818944, -10.373810147880924, 154.4849020037846, 635.0930516800317, -71.96659482052014, -232.4242416719473, -19.76637442280149, 1239.0750095579212, 1715.2270960124583, 628.3724930380306, -351.85365487943574, -1513.6280587567635, -3086.345334013059, -2500.426048724181, -1024.6076271095983, 655.6638357741609, 680.4116013204931, -606.0016023145128, -129.95515750816998, -45.49629396013941, 99.48037829512586, -2301.914347938621, -824.1514520828325, 1074.789843037254, 1034.8350809826936, -869.9728837423462, -1432.3890938951708, -288.8092434897079, 396.7930814679715, -1309.3991287627412, -1920.1632288986793, -917.4768002357794, 1546.8212019699554, 1957.5022604599258, 1702.2923187674714, -2150.968909854081, -1928.837059720438, 143.6313943793129, -120.46494346826613, 896.1367302323541, 2441.457803199388, 201.2789286002743, -2315.0893322244406, -1431.2552956378322, 1312.7577829015133, 272.70923014124867, -339.9575914449192, -1094.0829511123845, 442.8224367006508, 1557.512342488831, -1053.154305616873, -2139.84853143833, -806.7351899612169, 993.6237087572933, 528.660325003447, -122.53067905616486, 274.22492742841615, 1582.1588381116926, 0.4255113070918526, -78.80543597644731, 707.9834681374982, 1504.0397323710977, 1184.1742019400876, 426.27133250526106, -793.3600322467089, 21.98324140838146, 2022.8479053391827, 1635.796089702862, -127.39949098365769, -1484.7385825012514, 963.24509171315, 2675.161736888717, -544.8871322237778, -2979.663107182516, 31.062310540607996, 1338.1939345111819, 1069.5875610530497, 797.5841711632457, -357.322637676194, -14.78432629036206, 1316.124531693525, 1495.2434748770518, -99.48457987398875, -83.83957967440017, 845.4382940658155, 1172.231802911047, -1117.4984235200548, 403.4255807471272, -365.44177856381503, 1446.5129773291571, 1924.6944248395941, 1860.1837014283242, -240.95899081814963],