{"k": 2, "noise_std": 10, "mean reward 1": [235.1885048504984, -43.82534304612856, -2347.895393444786, 522.7310185717025, 610.9744686581472, 45.30791822438389, 346.7119166409847, -1357.1586504872644, 862.0749889463395, 2505.5219032754044, 2341.390224104408, -1166.0667785828641, -2375.5509706114212, -1879.736644499255, 2038.4836911332216, 1288.0299241077944, 499.0092531789371, -787.0947646731872, 762.6532662093492, 532.299601654992, 876.9686624185638, -868.9135936366906, -1789.1978043542906, -1269.4666113857875, -1437.6592595856625, -401.05540417961396, 220.36776514895098, 1087.8301633490935, -475.4069148614551, 719.7258955020177, 1679.4140714046314, -548.9744773944097, -620.7064521990842, -135.53053963048018, 625.9826833606651, -1283.1028838621655, -1105.744328788975, 64.20999104197611, -53.853812700095546, -226.6902103325387, 726.4807578780726, 968.4383712333253, -803.6868679560861, -2426.5678109280857, 733.9597241570214, 3152.4181489610755, 108.83609115772347, -1467.499315433272, -1671.6843409976723, 1637.8597144784137, 1238.143882276109, 541.7587702322467, -1794.4484524560853, -2821.447066602228, 449.6289001211439, 384.2802685667198, 602.2860768707772, 513.9856509112886, 1.712078226992103, -530.6993295434315, -1518.3465578482837, -2136.970349778651, -957.082862729067, 731.7155883950834, 1107.0379587980942, 145.85213970280816, 378.24773553353276, -1203.59870224537, -14.030423794323621, -379.51502742665076, 620.8368051006015, 49.10817386439437, 667.4238208870055, 1054.0151743438307, 1846.8139122006712, 1392.6794946473124, 148.7814119793915, -301.3183735487183, -879.5684925342329, 1392.4694465118928, 341.7540419914335, 1003.9206957694483, 1164.0229370892314, -2608.0327274916363, -2551.1020904472325, -2778.093637065525, -2090.205045593742, 1063.2974545850782, 955.3652813682987, 514.7398174619827, -59.50437676284912, 293.1030025764957, 1155.548161205649, 519.1536069852879, -2357.4134070913865, -1693.960249374758, 478.70091320935825, -245.45836391314992, -105.33560083746897, -571.0852663629312, -1334.0575151289818, -1411.34102554496, 605.2643200971421, 2892.2735893377003, 2188.729438097793, -1265.544612233984, -1566.7979891324758, -285.630370488353, 1747.1128052442596, 435.5310029712851, -117.12527767658969, -7.583796101477125, 238.12050880265468, -88.75141165286547, 553.6276828629909, -802.3932617376602, -335.61316662264966, -414.36432097196877, -308.5263680440553, -1209.2816767971108, 27.22527897697873, -266.6366966489553, -263.4403219659603, -1254.9002045865032, -1982.5829833786108, -733.3344312401737, 2392.367050772415, 400.0522916100522, -2233.8720406489106, -1332.1337330111492, -138.692799568362, 2001.351692079801, 3354.877588620789, 1118.957863041546, -1431.7847656540298, -807.7772123781892, -1143.9820854532861, -267.47276727721095, 1284.1577418539418, 629.0421632378698, -1023.9466296276543, -861.1765363878403, -472.59423623856173, 505.1947885861621, 597.481038170069, -692.1955322678333, -2339.8244628649545, -682.24430769344, 2233.4751956527275, 745.586154918625, -1506.5206424824546, -175.76993089236038, 2669.5099660941455, 1541.2418894305301, 626.6327569752383, -709.9140689267275, -464.22409814676405, -608.881227239481, -1599.0991147321595, -1078.9429671095793, -298.1475383587572, -1091.3394625106378, -374.5531277314181, -363.356741172691, 995.3921523050534, 1327.9285093447727, -410.42684607015883, -422.080297223017, 158.1846123537935, 1051.6729898515894, -1066.382352855497, -1847.5216134581817, 276.0085439801184, 864.4788125416209, 57.13409726643306, -1280.1763099283983, -796.7317738263354, -112.58120202943975, 184.296175340508, 676.61442987502, -389.7632417434469, 684.1350940625791, 329.7675308808687, -981.330732516942, -346.26585944772347, -1341.4112975344444, 1814.3130204912925, -30.22319591166731, -316.0470748592074, -1064.075570163783, -447.3624896888876, 478.50491267383586, 551.7129220123669, -1393.6951150622149, -818.9648685574685, 2478.0429592038, 524.9575104263464, -854.9150062390854, -1194.9412250010073, -865.5934078181818], "mean reward 0": [-235.1885048504984, 43.82534304612856, 2347.895393444786, -522.7310185717025, -610.9744686581472, -45.30791822438389, -346.7119166409847, 1357.1586504872644, -862.0749889463395, -2505.5219032754044, -2341.390224104408, 1166.0667785828641, 2375.5509706114212, 1879.736644499255, -2038.4836911332216, -1288.0299241077944, -499.0092531789371, 787.0947646731872, -762.6532662093492, -532.299601654992, -876.9686624185638, 868.9135936366906, 1789.1978043542906, 1269.4666113857875, 1437.6592595856625, 401.05540417961396, -220.36776514895098, -1087.8301633490935, 475.4069148614551, -719.7258955020177, -1679.4140714046314, 548.9744773944097, 620.7064521990842, 135.53053963048018, -625.9826833606651, 1283.1028838621655, 1105.744328788975, -64.20999104197611, 53.853812700095546, 226.6902103325387, -726.4807578780726, -968.4383712333253, 803.6868679560861, 2426.5678109280857, -733.9597241570214, -3152.4181489610755, -108.83609115772347, 1467.499315433272, 1671.6843409976723, -1637.8597144784137, -1238.143882276109, -541.7587702322467, 1794.4484524560853, 2821.447066602228, -449.6289001211439, -384.2802685667198, -602.2860768707772, -513.9856509112886, -1.712078226992103, 530.6993295434315, 1518.3465578482837, 2136.970349778651, 957.082862729067, -731.7155883950834, -1107.0379587980942, -145.85213970280816, -378.24773553353276, 1203.59870224537, 14.030423794323621, 379.51502742665076, -620.8368051006015, -49.10817386439437, -667.4238208870055, -1054.0151743438307, -1846.8139122006712, -1392.6794946473124, -148.7814119793915, 301.3183735487183, 879.5684925342329, -1392.4694465118928, -341.7540419914335, -1003.9206957694483, -1164.0229370892314, 2608.0327274916363, 2551.1020904472325, 2778.093637065525, 2090.205045593742, -1063.2974545850782, -955.3652813682987, -514.7398174619827, 59.50437676284912, -293.1030025764957, -1155.548161205649, -519.1536069852879, 2357.4134070913865, 1693.960249374758, -478.70091320935825, 245.45836391314992, 105.33560083746897, 571.0852663629312, 1334.0575151289818, 1411.34102554496, -605.2643200971421, -2892.2735893377003, -2188.729438097793, 1265.544612233984, 1566.7979891324758, 285.630370488353, -1747.1128052442596, -435.5310029712851, 117.12527767658969, 7.583796101477125, -238.12050880265468, 88.75141165286547, -553.6276828629909, 802.3932617376602, 335.61316662264966, 414.36432097196877, 308.5263680440553, 1209.2816767971108, -27.22527897697873, 266.6366966489553, 263.4403219659603, 1254.9002045865032, 1982.5829833786108, 733.3344312401737, -2392.367050772415, -400.0522916100522, 2233.8720406489106, 1332.1337330111492, 138.692799568362, -2001.351692079801, -3354.877588620789, -1118.957863041546, 1431.7847656540298, 807.7772123781892, 1143.9820854532861, 267.47276727721095, -1284.1577418539418, -629.0421632378698, 1023.9466296276543, 861.1765363878403, 472.59423623856173, -505.1947885861621, -597.481038170069, 692.1955322678333, 2339.8244628649545, 682.24430769344, -2233.4751956527275, -745.586154918625, 1506.5206424824546, 175.76993089236038, -2669.5099660941455, -1541.2418894305301, -626.6327569752383, 709.9140689267275, 464.22409814676405, 608.881227239481, 1599.0991147321595, 1078.9429671095793, 298.1475383587572, 1091.3394625106378, 374.5531277314181, 363.356741172691, -995.3921523050534, -1327.9285093447727, 410.42684607015883, 422.080297223017, -158.1846123537935, -1051.6729898515894, 1066.382352855497, 1847.5216134581817, -276.0085439801184, -864.4788125416209, -57.13409726643306, 1280.1763099283983, 796.7317738263354, 112.58120202943975, -184.296175340508, -676.61442987502, 389.7632417434469, -684.1350940625791, -329.7675308808687, 981.330732516942, 346.26585944772347, 1341.4112975344444, -1814.3130204912925, 30.22319591166731, 316.0470748592074, 1064.075570163783, 447.3624896888876, -478.50491267383586, -551.7129220123669, 1393.6951150622149, 818.9648685574685, -2478.0429592038, -524.9575104263464, 854.9150062390854, 1194.9412250010073, 865.5934078181818],