{"k": 2, "sigma_z": 1, "mean reward 1": [-53.905401041486066, -46.552107166889755, 0.5138433410838605, 12.82481269778441, 11.799653193546611, -16.77662208522575, -7.500089649135546, 14.253650204828263, 6.065216754171875, 10.440029938732627, 3.8430226638631035, -16.667860495263824, 3.6731066711211358, 11.387167198538062, 3.836628114605698, -0.2303416847437817, -5.890320027354208, 14.035839703210815, 24.25291686739215, 3.810339207767689, -16.086669472762104, 2.692529315454504, -10.313285579257832, 3.8025958921777403, 6.839407462384619, -14.769122806157124, 6.205461919921309, 17.445328101994157, 2.2905168880200604, -6.489516017838731, -9.779650518886223, -8.764584820095731, 9.078725201968327, 13.128705872937246, -23.74359766723133, -30.003670368684947, 6.7125351279852925, 14.17306359858381, 2.255995545871108, 0.888565937115281, -9.208464008310527, -21.350501286491074, -7.711731247695566, -6.259536166868687, -0.5591289699041282, -4.094284239024926, -7.563660241361334, -11.437890597652574, 17.805329841076333, 24.614229536100048, -15.275353102565381, -21.229939070608133, 8.068047573155061, 16.700792548941966, 12.435463552514893, 2.6235450355850802, -16.09356344351051, 4.534371371720396, -7.245115618842448, 0.805146834761159, 4.101875200134715, -4.903760349701093, -3.8132041068069045, -8.453072445894207, -13.871091811673121, -17.092502157526923, 4.0924777936175305, 17.939822541088645, 23.96138146260394, 10.41829476521816, -24.948973567806583, -6.348105560209181, 3.774439726624297, -2.2972545048633295, -4.78047203939794, 1.8540376080803247, 22.13118113676373, 2.086022620965741, -3.541482198169258, -13.028134123870112, -14.710931297891046, -9.988827007512954, -2.098017794561511, -4.649111019931545, -0.47077250738400966, 1.9019984582123692, -0.5118228355901029, 1.0469308460631104, 14.980099463099812, 19.24904043818363, 2.4585610068306085, -15.049487089321136, 10.61921213573761, 13.439147237494897, -27.29099346307649, -17.710173565114395, -0.9865722824896195, 19.264659917740588, 17.055424782972054, -0.03030643941785302, -19.857712479606757, -17.93701871638227, -0.42228404959351346, 5.6184316103316565, -9.98658664455662, -14.36951491450687, 1.0066839869762951, 5.303499338451509, 0.8478398164794485, -14.278422242382987, -12.856370271722035, -1.883597382690636, 0.8753479955827198, 17.85436990312826, -4.509039140762989, -22.12170342392204, -8.611913384832134, 3.4210492660028775, 12.66008726485407, -5.516175531078826, -17.053893220435985, -0.6328571826978502, 6.378080841256468, -6.00709110481663, -9.641591121632112, -2.5537956589902766, 6.700990203942459, -0.8613201199623649, 10.702872896557803, 6.695427017906127, 2.991125522084148, 7.4170342221614565, 7.938556343789482, 19.106029937084315, 2.2493229393062295, -8.665063976176441, -11.042626924823278, -11.609865595595782, 1.537713747174809, 20.057521230690917, 3.3793417351136013, 8.056689194161251, 16.071717457078126, -5.087669667440662, -16.34629686163359, -14.058395740269704, 5.947982963654038, 11.327994514132467, -4.594952977259114, 4.302239580694767, -1.7336641177263212, -0.6911087814499084, 9.535573875907644, 2.2484153544822205, 3.495001741454835, 2.6384314231420714, -13.958062161754693, -10.307593068668393, -9.084010470490957, -2.2098376821593417, 2.5657382632214416, -8.472496683539546, 11.297717032860009, 8.671448917278767, -16.177325045555943, -15.18060155010284, 5.180819765787286, -5.115355989530082, 7.205823426351957, 12.753460215051822, -13.817773897051591, -7.541783031590469, 21.453687999772683, 13.503216419595141, -26.582919954079802, -26.392152275357425, 0.48089106488255884, 12.265953113620869, -4.0676696003807375, -1.3792377842385228, 14.068172258272602, -9.106530302054669, 0.1471336779649013, 13.128499507695617, -3.6792445931334616, 2.646055166507609, -13.945008504731415, -1.4522903522175212, 13.691905052862147, 0.7731747458875304, 8.88164061108641, 5.790385167779917, 8.513442962804234, -2.3035863278444806, 10.22000050105806, 1.3502990247267306, -7.4223790222089825, 11.950292773305385, 26.96095345644487, 2.121205354052095],