{"k": 2, "sigma_z": 1, "mean reward 1": [-115.23215825542634, 68.41545080932903, 84.1635444494999, -6.34193152759009, -33.764120378656266, -21.73118726118687, 6.546336921061634, 7.3772504973623505, 5.0898087026604895, -9.640299111329243, -7.1792341743835, 12.878278082728809, 10.591089253915765, -4.899798596432135, -21.45448421448836, -5.3903542987971935, 4.661612082037168, 15.82290758378215, -6.899984347142832, -7.012317714339675, 7.5230942589926055, 20.452989807540888, -0.8115007452452649, -6.103580560831096, -32.81245228846839, -24.525158809548216, -7.68982360290301, -1.2078533208267994, -20.106110064400585, 8.868401687800961, 17.968379291960833, 27.622930440804552, -9.863192522543716, -4.4761044120783815, 7.034969464031196, 24.79631032777318, 17.88877821313925, -15.446812218028946, -17.470601300947465, -4.670759552934195, 12.78213637462565, 11.526171219989077, 14.767882579758746, 6.031475561511285, 15.823564646934074, 12.979056116134625, -2.357978497910632, 4.36518812534461, -0.9022889319466326, -9.90733685505463, 2.58534167852421, 25.08865981412116, 20.911840070198156, -17.78807450311555, -29.34342194278621, 0.004263847561235545, 22.13658436832179, 11.185348042802, -10.016844667890158, -4.679075326364019, 14.920029393744354, 10.166322453864964, 13.25724945826066, -4.897451798748369, -18.532303875561368, -14.926650399882423, 11.613574179891986, 27.06159047218098, -15.718207467643172, -13.68265081552561, 2.041360495868144, 14.102489251089661, 15.777639625667504, -1.023491662145959, -6.996563019432146, -15.622773920155149, -8.95852277508094, -5.369770265787837, 5.746279413175013, 4.8660754589153745, 7.941956440940629, 16.44314223013032, -5.174599140661295, -1.9083167916673882, 12.504851563957857, 8.349843036666769, 9.554435868136125, 5.903651834529993, -4.288643816247465, -11.853482309050722, -9.392975204677894, 14.052917940257984, 16.648594547318282, 29.72309226629525, -10.98341686087255, -25.23377847400354, -16.211081149142952, 10.737182397663192, 18.021243030615484, 2.898366476052642, -7.381846565079058, 0.4237344167442969, 9.46175076885401, -5.776789260060161, 5.5186610626500965, 10.137585930355527, 13.246676329199227, 1.812792432144342, 16.942066453070186, 1.1268885401139295, 2.2794501320086447, -13.851998583200697, -20.79064296316843, -1.9116289084248552, 0.2534514391886833, -2.0494450408361047, -21.172065274796207, -22.506374386246762, 8.517401519370498, 13.204882331918418, 19.799558360245985, -2.7966395430684585, -6.552877972884053, -3.1355688147116743, -7.68131686656627, 7.1058272608800355, 0.3189687112540751, -6.11949505856094, -4.2327462274633865, -8.740816947691311, -5.2651371956191735, 0.6892990371481932, -5.2849813273379525, -16.28923867641417, 6.495111076323688, 21.13235567199125, -0.6874245258016454, -21.602032852143918, -9.309439532609343, 20.161471787454897, 7.280137338133514, -0.22027792290558845, 21.50103913611485, 13.210428457850279, -3.3491524985112586, -2.5426188511727297, 28.697835468854947, 14.355693786301309, -3.735843564429561, -11.022771584793027, 1.0168813515233177, 7.553822298997616, 4.131392705117035, -21.78887435581484, -10.431291688581288, 10.606164369303531, 2.310551586580969, 9.61528930855703, 1.9258048455059957, -5.811428911230349, 19.662051954564834, 9.168901107314017, -7.353292015334835, -11.99842975761479, -1.7567704568580313, 10.080388410689839, 8.069039103493004, -18.905128024474987, -26.95636376669103, 4.542862110784366, 14.329589413351595, 19.765002798291505, 3.0156770557927173, -14.965069164302658, -3.0646767297438817, -3.716834130761455, -0.9723662194352889, 3.6452371790776485, 16.29682948804157, -3.9889984115865795, -14.351046549690592, -4.687614217884718, 10.335060731462722, 1.7382903737514754, -9.738162900766813, -10.715310220164573, -3.6535855084537228, -2.210422486835334, 7.538499375466749, -7.256237109971204, -13.727510838780317, 1.0616827226589998, 18.829075636407836, 2.384196583595466, 0.14776545514082362, -1.4213093756066073, -4.7629316421370955, 5.149711542072014, -5.005542308574139, 3.8206257591594284],