{"k": 2, "sigma_z": 1, "mean reward 1": [-141.61103323212149, -12.963749907497723, 55.793244547191506, 32.34911759672717, -42.073424993342044, -50.64214967154085, -21.036431674369112, 9.853717151787585, 9.482904358220814, 3.946163333373484, 3.7511917549699896, -12.94973711261759, 22.54753389398992, 12.32714917460629, -12.956241224793036, -13.524647333659834, -14.454330218912562, 6.515950455673004, 3.356761186305486, -3.443128955919739, -6.70190000954523, -3.071194782908969, 24.50840031875325, 22.780816569074158, 3.7631084963972157, -12.957432210693437, 1.3497398698743668, 15.004428583036864, 17.895383284564236, 8.914506086966902, -4.902745873609816, -14.51138047766069, -17.29163578957354, -4.472836520457145, 7.421953446422971, 5.992589525286915, -0.4978415138910855, 4.483229521030901, 6.309938850611411, 2.2013973131859146, 5.76754579828356, 10.660218362509845, -19.539970859559098, -22.25362933980382, 4.471824791726337, 29.883210825926334, -5.418652704783002, -11.595187581185037, -29.774595614349938, -6.714329449133802, 8.863918924312237, 14.960956657624621, -3.74549552927808, -4.143330345675389, -13.298630640365356, 17.08499435299545, -3.090068961847976, -18.026472974314608, -16.871368618425457, -16.30411168929723, -11.290932414421672, 3.8491803802896545, 5.078409968402905, 20.043122605450105, 17.14821196330881, 9.169774988520834, -5.931304490952426, 3.2488501695826644, 6.496983089686191, 24.274659141464696, -7.97232946368595, -19.05336883138625, -12.594277707091862, 21.495573442583744, 21.636541281074145, -2.457514012005465, -9.84063574206452, -7.750790949574303, -0.43354500036259846, 22.70423431802289, 2.4680668179880803, -11.71018617946508, -9.744914804957492, 15.64420495176468, 3.6132876868845756, -8.752962513976517, -10.84065143137693, -10.375010289415512, 11.70955110113965, 26.327215423976767, -5.284127159518847, -2.4038215461785484, 27.336656638011778, 20.415944214506005, 1.5338298112444648, -9.455225254552925, -3.1855824347267014, 5.695586153782202, -0.9525136919243316, -1.8281607976609038, 16.361813305749216, -0.8657683804835548, -0.22771288867477923, 14.016544996612524, 19.493521135659197, 14.23284249110072, -3.695712862861642, -23.853819445106566, -13.931318653137046, 13.408113338418568, 14.055928939944263, 10.811194147687203, 1.5002117220183648, -2.560585949079759, 5.803432284680367, 3.805852175873955, -0.03373282276254663, -0.3578586255995278, 3.9149534823086145, 1.2639777329839856, -6.694221257926413, -1.878564485253884, 1.2513483989388168, 2.0441011574605534, 0.19774522682754614, 3.4993847475501036, -6.755447944878561, -11.915077743488922, 10.106217928813127, 16.64354600168189, -8.34859746399989, -1.7576089935069739, -4.824722699970251, 11.649330554897862, 26.840528395508887, -3.4770169460964673, -10.244233094587049, -4.781889334503068, 16.187227115509092, 15.992880997622464, 0.46414541012602367, -2.299823395453001, -5.026937990273899, -10.959370696413336, 4.712549940438725, -9.389424842576608, -0.8097945906020054, -4.058180901326304, 4.268999996392352, 1.097487246988576, -13.130897183682883, -17.87042381818711, 5.183263811886506, 0.39957019296397167, -12.562322694576775, -4.74001476390653, -3.188666405727625, -11.744776927777849, -7.171264517166865, 18.0960376758167, 15.84299688049963, 1.0001022319203647, -13.488516082274407, -8.69649561922985, 12.634407607009203, 25.06278865035524, -20.72554374590578, -23.766620027631518, -10.521935930357035, 5.408176644434635, 21.03180551565524, 13.317936891864397, 8.711955364338449, 24.193046614723546, 7.841954630959828, -26.696390129793613, -5.230997052573612, -7.9839279717249045, 2.9598230924189997, 13.04711847886182, -4.15070733497201, -4.436078809941023, 10.494329238900841, -2.76115399507436, -16.62480202726841, -16.684873625442844, 3.0702940474600493, 21.51962695185279, 18.179990506167048, -16.920895170835266, -22.420879835530595, 5.226063060897921, 25.61668782571693, 15.355854595098515, 1.316706158227221, 4.238740254736275, -9.884521700700947, -18.86452372003688, -4.215779412244341, 5.09406569696591],