{"Stationary": {"actions": [1.0, 0.0, 0.0, 0.0, 0.0, 0.0, 0.0, 0.0, 0.0, 0.0, 0.0, 0.0, 0.0, 0.0, 0.0, 0.0, 0.0, 0.0, 0.0, 0.0, 0.0, 0.0, 0.0, 0.0, 0.0, 0.0, 0.0, 0.0, 0.0, 0.0, 0.0, 0.0, 0.0, 0.0, 0.0, 0.0, 0.0, 0.0, 0.0, 0.0, 0.0, 0.0, 0.0, 0.0, 0.0, 0.0, 0.0, 0.0, 0.0, 0.0, 0.0, 0.0, 0.0, 0.0, 0.0, 0.0, 0.0, 0.0, 0.0, 0.0, 0.0, 0.0, 0.0, 0.0, 0.0, 0.0, 0.0, 0.0, 0.0, 0.0, 0.0, 0.0, 0.0, 0.0, 0.0, 0.0, 0.0, 0.0, 0.0, 0.0, 0.0, 0.0, 0.0, 0.0, 0.0, 0.0, 0.0, 0.0, 0.0, 0.0, 0.0, 0.0, 0.0, 0.0, 0.0, 0.0, 0.0, 0.0, 0.0, 0.0, 0.0, 0.0, 0.0, 0.0, 0.0, 0.0, 0.0, 0.0, 0.0, 0.0, 0.0, 0.0, 0.0, 0.0, 0.0, 0.0, 0.0, 0.0, 0.0, 0.0, 0.0, 0.0, 0.0, 0.0, 0.0, 0.0, 0.0, 0.0, 0.0, 0.0, 0.0, 0.0, 0.0, 0.0, 0.0, 0.0, 0.0, 0.0, 0.0, 0.0, 0.0, 0.0, 0.0, 0.0, 0.0, 0.0, 0.0, 0.0, 0.0, 0.0, 0.0, 0.0, 0.0, 0.0, 0.0, 0.0, 0.0, 0.0, 0.0, 0.0, 0.0, 0.0, 0.0, 0.0, 0.0, 0.0, 0.0, 0.0, 0.0, 0.0, 0.0, 0.0, 0.0, 0.0, 0.0, 0.0, 0.0, 0.0, 0.0, 0.0, 0.0, 0.0, 0.0, 0.0, 0.0, 0.0, 0.0, 0.0, 0.0, 0.0, 0.0, 0.0, 0.0, 0.0, 0.0, 0.0, 0.0, 0.0, 0.0, 0.0], "rewards": [35.18783189800203, -99.41134346503554, -36.012286992673666, 22.08219281194747, 25.518141185176688, -1.482946947024486, -3.2156863648581955, -2.7111094804169733, 13.28920692582841, 5.530858065328865, -9.595903026003901, -20.29925429531959, -26.092520426467573, 0.5451554435173176, 21.519854476370288, 20.87374603724252, -2.5803469206830645, -31.26523738250019, -15.52716200372058, -0.63483338911104, -2.6501407716116026, 3.967819403348507, 0.9091790478643944, 4.008773430574951, -0.9175474962850725, -10.29662779964217, -3.391703193640797, -11.848866460786658, -20.919445845863173, -5.256270679538126, 4.95628065125012, 4.056842908089042, 29.075748378660112, -7.920025982079866, -28.279686440754126, -4.636408760832262, 18.668694335152296, 14.997509523169139, 1.644346542217861, 3.5650149677412584, 7.4930617741801075, -11.237291589830255, -32.125805706474324, -15.935084894399507, 8.691308696335302, 6.721811571439661, -19.21153134496212, -22.532254051160685, -9.323128503668197, 19.937850696100142, 19.15683592446222, 3.9906873024179657, 6.902563140259486, -18.02282538211638, -9.124071072651482, -5.395823463405651, 3.4098123059978924, 11.436108580317311, 13.165058678333658, 6.02465834464695, -10.726811452760508, -3.604258740306311, 5.025992080465599, 4.469403467918097, -11.304193454676959, -5.569252647687027, 4.859414507134405, 20.090533837010412, 22.538746171136925, -9.612778296852143, -12.22402325152108, 6.289923016031901, -3.416439785631442, -5.462708578139325, -9.98589683834259, -4.385201813542382, -10.131120513819383, -10.080956755833412, -25.974107107729406, -13.905291785395619, -18.086855782255395, -16.65123589506151, 11.963282052563114, 4.803469927797194, 2.7506189236441796, -8.870286222587115, -3.5252131756939593, 0.24057571021855395, 4.927697800955203, 29.726135055561073, 18.543169129230368, 2.904913291747552, -17.02728558028778, -10.700688404521141, -9.561615113972495, -2.6368069228562927, 0.4354353273894648, -6.323093142997718, 0.11377195732908874, 20.616358873136726, 9.887795976224263, -7.171868080093475, -11.632114939679127, 9.870042199094524, -4.522491631325392, -17.449358254292708, -0.6524093679461489, 13.472210267748023, 0.14361344961629297, -12.603898450485165, -5.022039805752326, 7.747313066208293, 10.57370277857596, -0.19149948611476153, -0.7760586339858312, 0.7236071714544188, 10.215125988513117, 10.392840737928042, 21.991294438548643, 6.154480231723791, -21.16679082233033, -24.413500720211847, -5.060998302160039, 16.574354237527135, -9.520870602458405, -18.815826355766553, -12.2243604716991, -3.495512168156984, -11.68592340040234, 23.256755373096, 11.01796878879715, -7.789907219330236, -20.44078456230983, -7.86527780712596, 22.519669932610377, 16.538946223225473, 6.727200327355301, -11.91937198885792, -26.867735891488607, 3.134838433614259, 8.187001846215548, 9.257020625343438, 22.948960351798696, 2.594226422274171, 1.6856323611217923, -24.041030339441324, -10.512053385869113, 20.443266143902846, 24.97281634363107, 0.22069839396670488, -5.532574919049582, -6.276881130238275, 8.406980028845942, 20.791577227652798, -12.462999252342655, -10.381938775402116, 13.049692389578162, 10.942261995221042, -11.828093091964378, -21.65608375069818, 7.2003970316372055, 19.75002612814672, -10.822943082956588, -21.55221054640097, -16.51568155335418, 7.318540134167928, 19.305933456558336, 5.9667756894479025, -4.880079960601793, 1.9910174827249996, -13.474243549816169, 11.386482300625252, 21.152250279578823, 3.604381964182397, -8.058780441071601, 17.71442314094394, 12.329723493198781, 1.3415287428919025, -2.9534111504522804, -2.7121113262782255, -4.25488535150205, 4.2109481762045, -14.396956287644255, -7.800387063912922, -5.028528459180048, 8.273369973349809, 4.758871840049581, -10.448949141458387, -34.046199919044845, -10.916516274681545, 11.07530191680812, 5.076870401525379, -16.24870880882594, -13.969767732390967, 2.3867986337299665, -10.366580309275264, -15.009247961324842, -4.41599809253113, -3.2012489499818915, 9.789946936719668]}, "Latent AR LinUCB s=2": {"actions": [1.0, 0.0, 1.0, 0.0, 0.0, 0.0, 1.0, 1.0, 0.0, 0.0, 1.0, 1.0, 1.0, 1.0, 0.0, 0.0, 1.0, 1.0, 1.0, 0.0, 0.0, 1.0, 0.0, 1.0, 0.0, 1.0, 1.0, 0.0, 1.0, 1.0, 0.0, 0.0, 1.0, 0.0, 1.0, 1.0, 0.0, 0.0, 1.0, 1.0, 0.0, 0.0, 1.0, 1.0, 0.0, 0.0, 1.0, 1.0, 1.0, 0.0, 0.0, 1.0, 1.0, 1.0, 1.0, 0.0, 0.0, 0.0, 0.0, 0.0, 1.0, 1.0, 0.0, 0.0, 1.0, 1.0, 0.0, 0.0, 0.0, 0.0, 1.0, 0.0, 0.0, 1.0, 1.0, 1.0, 0.0, 1.0, 0.0, 1.0, 0.0, 1.0, 0.0, 0.0, 1.0, 1.0, 1.0, 0.0, 0.0, 0.0, 0.0, 1.0, 1.0, 1.0, 0.0, 0.0, 0.0, 0.0, 1.0, 0.0, 0.0, 1.0, 1.0, 0.0, 0.0, 1.0, 1.0, 0.0, 0.0, 1.0, 1.0, 0.0, 0.0, 0.0, 1.0, 1.0, 0.0, 0.0, 0.0, 0.0, 1.0, 1.0, 0.0, 0.0, 0.0, 1.0, 1.0, 0.0, 0.0, 1.0, 0.0, 1.0, 1.0, 1.0, 0.0, 0.0, 1.0, 1.0, 1.0, 1.0, 0.0, 0.0, 0.0, 0.0, 1.0, 0.0, 1.0, 0.0, 0.0, 0.0, 1.0, 1.0, 1.0, 0.0, 0.0, 1.0, 0.0, 0.0, 1.0, 1.0, 1.0, 0.0, 0.0, 1.0, 1.0, 0.0, 0.0, 0.0, 1.0, 1.0, 0.0, 1.0, 0.0, 0.0, 1.0, 1.0, 0.0, 1.0, 1.0, 1.0, 1.0, 0.0, 0.0, 1.0, 0.0, 0.0, 0.0, 1.0, 1.0, 1.0, 0.0, 0.0, 1.0, 1.0, 0.0, 0.0, 1.0, 1.0, 0.0, 0.0],