{"Stationary": {"actions": [1.0, 1.0, 0.0, 0.0, 0.0, 0.0, 0.0, 0.0, 0.0, 0.0, 0.0, 0.0, 0.0, 0.0, 0.0, 0.0, 0.0, 0.0, 0.0, 0.0, 0.0, 0.0, 0.0, 0.0, 0.0, 0.0, 0.0, 0.0, 0.0, 0.0, 0.0, 0.0, 0.0, 0.0, 0.0, 0.0, 0.0, 0.0, 0.0, 0.0, 0.0, 0.0, 0.0, 0.0, 0.0, 0.0, 0.0, 0.0, 0.0, 0.0, 0.0, 0.0, 0.0, 0.0, 0.0, 0.0, 0.0, 0.0, 0.0, 0.0, 0.0, 0.0, 0.0, 0.0, 0.0, 0.0, 0.0, 0.0, 0.0, 0.0, 0.0, 0.0, 0.0, 0.0, 0.0, 0.0, 0.0, 0.0, 0.0, 0.0, 0.0, 0.0, 0.0, 0.0, 0.0, 0.0, 0.0, 0.0, 0.0, 0.0, 0.0, 0.0, 0.0, 0.0, 0.0, 0.0, 0.0, 0.0, 0.0, 0.0, 0.0, 0.0, 0.0, 0.0, 0.0, 0.0, 0.0, 0.0, 0.0, 0.0, 0.0, 0.0, 0.0, 0.0, 0.0, 0.0, 0.0, 0.0, 0.0, 0.0, 0.0, 0.0, 0.0, 0.0, 0.0, 0.0, 0.0, 0.0, 0.0, 0.0, 0.0, 0.0, 0.0, 0.0, 0.0, 0.0, 0.0, 0.0, 0.0, 0.0, 0.0, 0.0, 0.0, 0.0, 0.0, 0.0, 0.0, 0.0, 0.0, 0.0, 0.0, 0.0, 0.0, 0.0, 0.0, 0.0, 0.0, 0.0, 0.0, 0.0, 0.0, 0.0, 0.0, 0.0, 0.0, 0.0, 0.0, 0.0, 0.0, 0.0, 0.0, 0.0, 0.0, 0.0, 0.0, 0.0, 0.0, 0.0, 0.0, 0.0, 0.0, 0.0, 0.0, 0.0, 0.0, 0.0, 0.0, 0.0, 0.0, 0.0, 0.0, 0.0, 0.0, 0.0, 0.0, 0.0, 0.0, 0.0, 0.0, 0.0], "rewards": [114.6794768541804, 24.882060900671394, 46.25676757171012, 42.82637998548512, 1.0610157089750503, -29.667215161698177, -27.423829090929488, 7.324973462467919, 23.102174691896114, 2.9239165277899346, -36.50000499806875, -25.48719423509667, 5.701768577462364, 21.23270328705899, -2.34242356562648, -25.371797487463752, 9.058187829100962, 21.430042661626096, -2.354798156250819, -20.13520224697189, 0.3695935755743513, 8.756954708770293, 8.266807923210177, -1.2441435096772318, -1.011008262127121, -10.475634702453533, -4.438423270389157, -1.388633229151739, -0.7693900455651654, 1.7165301593794986, -2.4108234798382133, -4.129885527591996, -3.3206943737388643, -2.3311445781522115, 12.265184240629107, -1.9359543293980055, -3.2988133199863907, -3.1717235261989263, -0.7390103446434528, -4.351785639101685, -12.783838479970129, -9.818471915050473, -11.567467395219278, -20.299563046507206, -0.22824920046089087, 23.983869740242408, 14.128120794759578, 4.5812427145476144, -9.950141362234838, -15.656388562912255, -23.468367764297863, -13.753176889982639, 8.545685743498431, -9.910021226434882, -9.533399621478758, -2.4246329985435113, 1.2047854009740988, 3.8848921265609153, -13.366150785709019, -3.736752800366675, 7.735873292289016, 10.257685692053512, -13.01702059080225, -17.077655840292504, 0.7829776727721971, -6.2728379155818725, 5.30975312330844, -2.3708650731791434, -10.566559220193943, -9.602556817186121, 5.203995448375217, 9.257229072098033, -7.5046453347727615, -16.758568320756652, 10.073318221300038, 17.268154331947787, 3.1031901042969214, -12.894448706166749, -16.1410533192358, 1.2785713279301059, 5.080940989856108, 1.7399939103142024, -1.5867216268119941, -3.441489217596543, -24.150974949428893, -10.704169596169685, -0.5193317039994216, 6.086733641190644, 6.268026481384646, -17.963022101963478, -0.8359416534058565, 11.46315860950239, 10.822413561944193, 5.219705924744585, -19.001695383237973, -9.112506187574947, 15.876719181468497, -0.6065090648063244, -20.472144716771055, -20.916649560334566, -8.529068329352317, 10.64699210034192, 13.874244839150448, -2.038350331150481, -16.670990765603783, 1.6059500814992218, 18.957876297299205, 5.3199534781325015, -5.706114924012107, -1.188740175259291, 3.5083412939607133, -11.79549438200996, -10.558062501976927, 0.2918356530266104, 5.665766767304971, 20.775552247630866, -4.533719837570967, -15.949525113749418, 6.371090525302873, 10.579752861092686, 2.321266868075048, 14.965903832703862, 28.33228037947874, 17.671207693308006, 1.7077874644680147, -9.878508670178155, -8.91366217849238, 20.22227604981127, 28.296171848517346, 5.810393111563102, 0.6292961118738339, -4.4736722184853175, -12.631078886543827, 5.698535495402328, -19.60739123741924, -27.50663616344098, 1.1458608017619119, 6.980445576936299, 16.64878477190554, -8.045812051864417, -3.190115419406481, 11.151881110556355, 7.076753367249031, 7.691590186544694, 1.659451304665243, -1.243568855844492, 0.2103086490198085, 5.581801980239878, 0.0831397491240603, 5.529267472955411, 14.23099416524956, 9.041287589443233, -25.973719156209842, -8.850768265945819, -6.102277928154516, 2.29640547890693, 15.823735278692281, 10.634140737220815, -3.543319074315346, -5.032027901995885, -6.007479970161987, -7.182697059426202, -14.607479038039418, 0.38524328238642913, 23.547750538298455, 7.298134104100031, -28.239133488507246, -28.527716872765165, -16.5211845623323, 7.885516026883063, 15.944005416280028, 23.383774059995613, 13.08820650426436, 8.53966951366981, 1.3128890538891091, 1.3824600630602568, 7.254951865334693, -10.499710585632828, -0.5082924509234503, 15.57438627720471, -3.283011075211708, -2.4380783019714958, 1.2596237091775841, 4.232102106123297, 6.639590855170984, 2.553537920351883, -12.206989500593625, 1.740328910674603, 5.697474029481708, 5.4839752154962245, -8.213340696453132, -24.75522249336814, -17.31018383834984, 4.879060353625631, 16.344885811035354, 14.900553183761396, 15.189171845783303, -3.3875351937640152, -0.72474094291018, 12.985954520792147]}, "Latent AR LinUCB s=2": {"actions": [1.0, 1.0, 0.0, 0.0, 1.0, 1.0, 1.0, 0.0, 0.0, 0.0, 1.0, 1.0, 0.0, 0.0, 0.0, 1.0, 1.0, 0.0, 0.0, 1.0, 1.0, 0.0, 0.0, 0.0, 1.0, 1.0, 1.0, 0.0, 1.0, 1.0, 0.0, 1.0, 1.0, 0.0, 1.0, 0.0, 1.0, 1.0, 0.0, 0.0, 1.0, 1.0, 0.0, 1.0, 1.0, 0.0, 0.0, 1.0, 1.0, 1.0, 1.0, 1.0, 0.0, 0.0, 1.0, 1.0, 0.0, 0.0, 0.0, 1.0, 0.0, 0.0, 0.0, 1.0, 1.0, 0.0, 1.0, 0.0, 1.0, 1.0, 0.0, 0.0, 0.0, 1.0, 1.0, 0.0, 0.0, 1.0, 1.0, 1.0, 0.0, 0.0, 1.0, 1.0, 1.0, 1.0, 0.0, 0.0, 0.0, 0.0, 1.0, 0.0, 0.0, 0.0, 1.0, 1.0, 0.0, 0.0, 1.0, 1.0, 1.0, 0.0, 0.0, 0.0, 1.0, 1.0, 0.0, 0.0, 1.0, 1.0, 0.0, 0.0, 1.0, 0.0, 0.0, 0.0, 0.0, 1.0, 1.0, 0.0, 0.0, 1.0, 0.0, 0.0, 1.0, 1.0, 1.0, 1.0, 0.0, 0.0, 1.0, 1.0, 1.0, 1.0, 0.0, 1.0, 1.0, 0.0, 0.0, 0.0, 1.0, 0.0, 0.0, 1.0, 1.0, 1.0, 1.0, 1.0, 0.0, 1.0, 0.0, 0.0, 1.0, 1.0, 0.0, 0.0, 0.0, 0.0, 1.0, 1.0, 1.0, 0.0, 1.0, 1.0, 0.0, 0.0, 1.0, 1.0, 1.0, 0.0, 0.0, 0.0, 0.0, 1.0, 1.0, 1.0, 0.0, 0.0, 1.0, 0.0, 0.0, 1.0, 0.0, 0.0, 0.0, 0.0, 1.0, 1.0, 0.0, 0.0, 0.0, 1.0, 1.0, 0.0, 0.0, 0.0, 1.0, 0.0, 1.0, 0.0],