{"Stationary": {"actions": [1.0, 0.0, 0.0, 0.0, 0.0, 0.0, 0.0, 0.0, 0.0, 0.0, 0.0, 0.0, 0.0, 0.0, 0.0, 0.0, 0.0, 0.0, 0.0, 0.0, 0.0, 0.0, 0.0, 0.0, 0.0, 0.0, 0.0, 0.0, 0.0, 0.0, 0.0, 0.0, 0.0, 0.0, 0.0, 0.0, 0.0, 0.0, 0.0, 0.0, 0.0, 0.0, 0.0, 0.0, 0.0, 0.0, 0.0, 0.0, 0.0, 0.0, 0.0, 0.0, 0.0, 0.0, 0.0, 0.0, 0.0, 0.0, 0.0, 0.0, 0.0, 0.0, 0.0, 0.0, 0.0, 0.0, 0.0, 0.0, 0.0, 0.0, 0.0, 0.0, 0.0, 0.0, 0.0, 0.0, 0.0, 0.0, 0.0, 0.0, 0.0, 0.0, 0.0, 0.0, 0.0, 0.0, 0.0, 0.0, 0.0, 0.0, 0.0, 0.0, 0.0, 0.0, 0.0, 0.0, 0.0, 0.0, 0.0, 0.0, 0.0, 0.0, 0.0, 0.0, 0.0, 0.0, 0.0, 0.0, 0.0, 0.0, 0.0, 0.0, 0.0, 0.0, 0.0, 0.0, 0.0, 0.0, 0.0, 0.0, 0.0, 0.0, 0.0, 0.0, 0.0, 0.0, 0.0, 0.0, 0.0, 0.0, 0.0, 0.0, 0.0, 0.0, 0.0, 0.0, 0.0, 0.0, 0.0, 0.0, 0.0, 0.0, 0.0, 0.0, 0.0, 0.0, 0.0, 0.0, 0.0, 0.0, 0.0, 0.0, 0.0, 0.0, 0.0, 0.0, 0.0, 0.0, 0.0, 0.0, 0.0, 0.0, 0.0, 0.0, 0.0, 0.0, 0.0, 0.0, 0.0, 0.0, 0.0, 0.0, 0.0, 0.0, 0.0, 0.0, 0.0, 0.0, 0.0, 0.0, 0.0, 0.0, 0.0, 0.0, 0.0, 0.0, 0.0, 0.0, 0.0, 0.0, 0.0, 0.0, 0.0, 0.0, 0.0, 0.0, 0.0, 0.0, 0.0, 0.0], "rewards": [105.31605328870353, -47.86723024237322, 37.05092248934706, 48.05445770320461, -16.519773466872024, -39.23110512972699, -26.517744370324436, -0.6434501274080833, 24.71884586741893, 16.228106577328653, -1.8649991116949507, -24.17198460417454, 0.4472324381269779, 6.709654983851719, -1.8689318560055401, 1.238767496867072, 2.6616058177613695, 28.692323990678407, 7.204210332820765, -10.795450812721024, -9.61358948456206, 5.662444073114584, 2.072785461778386, -12.54316328525165, 12.24207836397446, 14.907424276384079, -16.684186020159284, -35.49888861077662, 4.3913587160714815, 16.70850797441978, -5.6870607870011884, -19.06870433829501, -6.215831056142655, 9.57491359975971, 16.38339770740171, -23.625191525474758, -25.96249957105528, 0.9074957509888806, 24.135183449608885, 6.0800642718993165, -34.158182449884386, -17.0640966780745, 13.119692007135354, 17.307308564702428, 7.198126917168265, 8.366909824448431, 1.5656988562268537, -16.028783163072116, 3.372426390381332, 5.5374041230333155, 9.729299877884875, 19.379912813570115, -3.478158590523617, 5.447459879774859, 20.088094147623288, -4.301819659082258, -3.971536534892259, -2.1525364114403494, 4.6639277415865745, 3.238954420079553, -19.044850055647686, -0.5214928750848904, 0.23998164563167657, -5.54004017506198, -5.1142395476213185, -9.012108225818142, 5.567325402987931, -20.389269940967917, -0.09446530822108995, 1.6544688154490146, 15.913896053651834, -2.834018167462469, -18.8078746895035, -4.005232695110822, 42.11862442122293, 23.130534090771214, -9.6035882431072, -7.506180299705936, 3.929344114481188, 11.194774952475704, 6.251260546899068, -3.6789806944980765, -2.804471785191479, -1.522812590329487, -19.010412432542513, -0.0015299898371215481, 21.590412085999343, 5.72225112145859, -25.94845828995906, -23.807685778506023, -2.833937842794314, -10.01286033620086, 14.430438738077285, 12.872333401104243, -10.2480054453554, -13.43000041548451, -9.664911621618561, 12.730328108792728, 4.610686766296051, -6.65309489617958, -11.331794351941902, -6.384751004967007, 9.682600418249807, -6.198437545648882, -17.65187570066019, -9.890684252226809, 15.062825327357988, 14.56710163985852, -8.081703812022514, 7.835228251977611, 11.02880825453775, 13.034076717909578, 13.882438431035766, 9.980750273481048, 9.666569190970613, 13.178585796748731, 0.04344598565260949, -17.59997753541357, 0.1786174370818418, 17.871010566322017, -1.3264068016639352, 1.0776013529891983, -10.321854733686969, -5.122703651853492, 18.022945810919087, 12.865436517806899, 15.740070217855513, -12.876271636317947, -24.061414646984932, -9.234071662063696, -6.902669145542023, -12.611936964764208, -2.119563368500001, -1.447489731098527, -17.868715397315025, -20.738563372389795, -1.2234895962306156, 2.0086096803313294, 6.01276242989719, -0.6724841745179312, -4.0894185777570895, -0.6403977539847902, -5.663129202114348, -1.1813759943479836, 4.678177338536814, -9.288767776734522, -18.184310972929886, 1.716876751541221, 13.08870118275556, -18.214262387467485, -15.787180521736234, -6.197728543543083, 19.485286826176907, 7.9387476782856865, -0.19560527467037248, 2.9883697311527495, 18.999293469478378, 14.02070115660296, 11.08025384814018, 10.583839622163245, -6.001557791661265, -17.77865592044731, -17.811464186340284, 13.779596493123819, 13.666380029223463, -18.441601090575396, -13.341885767072021, 3.0649991776545287, 10.934433510891786, -0.9968024289365258, -8.7762286277373, -6.410161452798931, -0.2328802678150598, 12.036770330651418, -7.480815376270853, -13.756299557754641, -5.4868925062249, 4.428886963471477, -4.736749196950359, 14.662235641716748, 12.176918642863944, -7.749396899330452, -20.598643645146318, -10.5776698234961, -0.941120758700527, 6.631292129341571, -4.631991286364792, -15.77872460032289, -7.122524533868465, -2.043219169415441, -4.323300333270741, 18.04451129179255, 0.09035245710210993, -14.944091768307343, 5.830333606005396, 3.844564943349332, -2.2027016236943022, 17.32610828853978, 18.211864632056436, 0.46837124371707284]}, "Latent AR LinUCB s=2": {"actions": [1.0, 0.0, 0.0, 0.0, 0.0, 1.0, 1.0, 0.0, 0.0, 0.0, 1.0, 1.0, 1.0, 0.0, 0.0, 1.0, 0.0, 0.0, 0.0, 1.0, 1.0, 0.0, 0.0, 1.0, 1.0, 0.0, 0.0, 1.0, 1.0, 0.0, 0.0, 1.0, 1.0, 0.0, 0.0, 0.0, 1.0, 1.0, 0.0, 0.0, 1.0, 1.0, 0.0, 0.0, 0.0, 1.0, 0.0, 1.0, 1.0, 0.0, 0.0, 0.0, 0.0, 1.0, 0.0, 0.0, 1.0, 0.0, 0.0, 0.0, 1.0, 1.0, 0.0, 0.0, 1.0, 0.0, 1.0, 0.0, 1.0, 0.0, 0.0, 0.0, 1.0, 1.0, 0.0, 0.0, 1.0, 1.0, 0.0, 0.0, 0.0, 1.0, 1.0, 0.0, 0.0, 1.0, 0.0, 0.0, 1.0, 1.0, 0.0, 0.0, 1.0, 0.0, 0.0, 1.0, 1.0, 0.0, 0.0, 1.0, 1.0, 1.0, 0.0, 0.0, 1.0, 1.0, 0.0, 0.0, 1.0, 1.0, 0.0, 0.0, 0.0, 0.0, 1.0, 1.0, 0.0, 1.0, 1.0, 0.0, 0.0, 1.0, 0.0, 1.0, 0.0, 0.0, 1.0, 0.0, 1.0, 1.0, 0.0, 0.0, 1.0, 0.0, 0.0, 1.0, 1.0, 0.0, 0.0, 0.0, 1.0, 1.0, 0.0, 1.0, 0.0, 0.0, 1.0, 1.0, 0.0, 0.0, 1.0, 0.0, 0.0, 0.0, 1.0, 1.0, 0.0, 0.0, 1.0, 0.0, 1.0, 1.0, 1.0, 1.0, 0.0, 1.0, 1.0, 1.0, 0.0, 0.0, 1.0, 1.0, 0.0, 0.0, 0.0, 1.0, 1.0, 0.0, 0.0, 1.0, 0.0, 1.0, 1.0, 1.0, 0.0, 0.0, 0.0, 1.0, 1.0, 0.0, 0.0, 1.0, 0.0, 1.0, 1.0, 0.0, 0.0, 1.0, 0.0, 0.0],