{"k": 2, "sigma_z": 10, "mean reward 1": [-1006.1434244795549, 437.7063298402157, -468.5798009361239, -995.55574221423, 357.427857820908, 1531.6579132485429, 563.2996834129915, 206.33815486134122, -1053.2842400000923, -1878.672265445064, -821.2969938995608, 275.0176097137674, 1221.318992627826, 540.3339766918218, -1140.3804845640295, -1810.5491161774908, -532.8166561057184, -747.6179302547018, -1135.9829640232151, -742.7335744648705, 977.4863229702457, 213.51356924441828, -1547.3130997630474, -371.5889355906059, 1236.5710035546158, 968.5997590889713, -629.0124969007152, -219.1604682170289, 170.85234511990237, 1114.5756679649044, 71.70122029155266, -2129.4045085218777, -1259.7521056625123, 1640.3273845379108, 957.3286174126215, 1497.4171318251238, 1014.5839235740614, 341.86929470005214, 436.9219006696655, -1339.6079530446482, -1089.4382993536833, -604.7591445475025, 1075.2759455527737, 199.41830718303794, -381.9441897615945, 1233.3890238570375, 2262.071949725071, 2133.725654380759, 1158.4694290768234, -1287.447808355492, -2099.637499907813, -205.87746736443208, 1812.9138956770482, 706.8744850519954, -418.29055654934655, -1236.366827592383, -239.29213172365965, 1033.2183856262138, -359.7247510265264, -1621.5538889603636, -1198.4801353711227, 46.21465815634902, -219.74941529310703, -122.21466462797508, 1763.7117068178093, -31.72721034221624, -175.07335794286885, -471.67838019813155, 596.9196317422779, -893.5925185670085, -1489.1931864085013, -1597.4727752307563, -856.994581218844, -994.9076786754997, -63.99648984402858, -276.50827139411354, -924.1361826696859, -142.05753779689013, 67.40341464613664, -1346.1442231741255, -2158.0508378226846, -857.5657825926864, -1031.0942903896946, -1105.501267527734, -1441.496732013378, -1220.8278908311893, -638.1935618496839, -742.9530759931037, -917.967006424855, -503.1041802546972, 1408.1433832521514, 947.8701833157672, -498.4739004500799, -675.9341834987712, 123.98029505571687, -1082.7975379809072, 628.0403184198192, 1686.3859115531725, 840.6915321353804, -99.2325569718807, 156.87687361764455, -939.0516567575629, -1339.589629115486, 1041.5293318254764, 2482.7603181820905, -493.14669006785596, -1518.692772895901, 475.56137049898456, 1482.244365862664, 762.9104546034323, -490.5794496739287, -21.16278773048137, 1490.8716350442194, 601.1039490855094, -1261.0719608734005, -295.62162507527285, 961.417849928657, 199.8700176112835, -1837.102768699921, -1066.6785555086253, 241.32329291122838, 694.5988251142829, 568.1085656608036, -314.40339902089306, -910.6095906364889, -290.40622919113645, 371.7244040842499, 175.1931791434791, 996.258359867957, -1015.0039132801257, -1704.7393563885137, 754.6554153865484, -559.968697008658, -591.7723740651118, -1950.885897981296, -1050.3077579339279, 1.9919069944639212, 729.3499612736728, 1444.079355148834, 1422.4694821802766, 505.5356215578819, -656.3794226264096, 195.72166433161345, 501.9227338150565, -410.1912741189878, -2800.5290196843976, -2432.764898422237, -321.0407525385789, 2714.872414927817, 2591.605422505543, 747.8804611684518, -1264.7396926374004, -973.117276873488, -420.5308257097756, 946.5108281080041, -312.3741682913968, -1072.550856186862, -225.96072151253662, 136.9096101464276, -1337.3168616708233, -1161.665474424279, -843.7010161132239, -863.3730198972847, -1508.421459672608, -810.4415828507452, 606.6991218116306, -525.4928295833301, 1233.2549404202064, -808.686427848863, -482.06586292135063, 417.6776530540037, -0.1738415656235226, -62.983046544951236, 286.2654644702889, 555.2027610265519, -1181.475613039832, -566.8739181271035, 940.6714562097463, 684.8983825176255, -1013.5345191118445, -1783.4280115492177, 94.97260214788028, 1027.9673669958408, -1080.6122872567098, -1799.986477740988, 134.7267072228937, -937.8627733691607, -606.8597737001038, 543.4500158738798, 2079.804726025607, 3254.8611152620188, -114.52744034724276, -996.9954831001344, 1062.5718595144044, 30.390232019610153, -908.9630698344408, -1874.05219612371, -128.57227007238018, 1012.6866889536993, -346.50326426481655],