{"k": 2, "sigma_z": 10, "mean reward 1": [379.77838908945085, 701.7230133123369, -126.61888455630852, -1836.3949240500137, -2381.6867374389353, -914.7387445892551, 837.2013506463522, 838.2958551212618, 290.76648408761116, -1784.5404305992608, -1062.7153175004128, -687.54003227732, -1254.2143317957073, -1079.9572456015137, -897.3036419437816, -2301.3776676967404, -19.336112745630807, 1922.347429184402, -450.3192828909208, -256.86090787426804, 688.0919771031471, 726.7667580365699, -510.1402466956868, -363.2436000543609, -63.579331798761515, 260.80149616564796, -405.77719479346115, -1250.47482386836, -1715.3453687204976, 893.2992380363194, 1666.7705211111468, 1154.4482933488005, -237.61576583379994, -1281.6924422300808, 2.5881977686314173, 563.1870853909182, 825.5821928086284, 1053.080744171951, 352.4265486096026, -449.09041244187813, 2143.072656578776, 1701.8177241223484, 193.48705180947644, -938.8301579506999, 1234.3575664815653, -754.111205226403, -2503.768534009315, -219.39127866450968, 896.4341627624741, 690.3713839130803, -1052.272231417412, -438.7413476181899, 1956.93404760462, -54.638720068414415, -2027.1949030826124, 621.2635006421488, 73.26192244147016, -1360.5686388846732, 201.35009318090357, 1772.07183674119, 1675.8859758895942, 411.140338818001, -3.3492596152568055, -117.33166366010543, -373.6867291114987, -1310.159080536428, 976.8015617481144, 715.4907705006132, -1304.9109587026323, -1653.7629551869416, -184.84430962896386, 853.059675206966, 1313.3050605150281, 329.99607980781957, 568.0732736022262, -291.9914378888597, 1405.5997954634736, 1655.4079329785977, 1286.8085956062537, -1351.4377446951312, 328.9138586624693, 886.1301226986475, 909.0257653878533, 2367.4936958009644, 1154.6827226546623, -1362.4673122931554, -726.1467013430472, 1523.183878463241, 2968.8012037252706, 2470.1654750437656, -2159.6173067926647, -2267.092239172058, 37.806581086762236, 2314.6635823950887, -604.1167371105748, 175.7872068816656, -552.2818696549363, -911.9362380079986, 759.5890770199544, 1517.6237429376015, 661.73143673886, -1581.0438651576508, -1217.749764886725, -475.1888627722107, 1869.012052801384, 457.94625340155443, -181.08001174588378, -2012.5283919768424, 638.5464553655472, 1090.2228327148744, 308.8384843333773, -679.8785277233154, 937.5346337067946, 64.1965049436343, 19.857256650124366, 816.4335803796986, 710.9637799472017, 185.52614546654235, 386.7298663846123, 820.557038319893, -741.0522239283955, -429.00953095122765, 646.413288268969, 712.1070137969845, 889.6238878883872, 144.21451470492232, -80.11404111414309, 7.388688246911013, 969.314000007685, -1069.8317606141184, -833.7265362598437, 96.2857842076348, 766.3505987024786, -241.04657955507324, -213.065335922089, -58.490685470207325, 1618.535177280296, -177.0421596199748, 1929.684158504503, -1325.6576369758172, -720.0202465434588, -215.520687825593, 265.1249433455574, 251.32017501781587, 1007.2249489921787, 373.64541926300376, -827.5247308199602, -481.5847743709109, 373.8009656931745, 1340.0639262415461, 1291.5878647231038, -943.1426896858717, -824.0968181219554, -1255.3905046003035, 491.1716029494637, 2424.9753864026725, 810.790190203878, -766.3140608867441, -2067.1472768381846, -631.0557560601166, -331.18324980705563, 145.993509825947, 1874.1845548312583, -722.9877923244185, -1459.4238437092695, 859.4096215808122, 1441.7703508124216, -354.82359930347513, 1056.0549094906348, 786.0599111144472, 1047.4176623339415, -581.9441476886633, -746.7277815250261, -806.8615109271695, -444.29987522688145, 501.3682445979973, 1978.107161045115, 1307.7510365200258, -103.060109527543, -1499.5087301800427, 61.95462167363432, -402.8642385942236, -495.4564240765603, 947.7850873454537, 963.0736046309185, 184.31451660101254, -587.0471629496278, -589.7871743317871, -1544.6548492345926, -991.3463242696752, -101.03239688808205, 957.8255558533325, -43.312182658341584, 1317.690932853493, 121.76445061618804, 670.0829597035333, 208.93269374368649, -1152.619091960815, -1225.6638009674264, 1528.7254332311509],