{"k": 2, "sigma_z": 10, "mean reward 1": [-147.10962625111085, -1380.7372710238815, -1394.433235578203, 694.8238123703521, 677.0804078571116, -1331.0192248474798, -1351.508807374159, 312.02672908596554, -211.68223351666313, 179.88189108089196, -1642.2857054591727, -1112.9243207014147, 802.8426581933833, 1198.9897900769233, 61.80680962313363, -394.9578456367152, 1186.9376534878281, 1519.8235924537305, -381.3450383420629, -3456.8146324179806, -931.5393065844125, 1276.0599202969318, 1524.4222736114398, 52.8572518951127, 305.1034621317138, -294.7208481621712, -421.0097030925949, 448.9929672811714, 103.38421097039952, 446.3096945949243, 10.116355007261735, 32.639882184059, 714.8853937111691, -141.43672288949398, 248.69905875287523, -885.4968638404035, -129.26828086029047, 126.96926064440257, 298.93647785235845, -47.04098245792308, -274.08164353624136, -292.5559256775505, 911.7586946833667, -193.20590870824245, 1598.2976438867374, 1336.9032833708895, 307.19529954107065, -449.44792339083824, -1147.9206604296792, -2072.4894302667244, -1547.6511637955475, -1070.4443601233188, -584.3352764405108, 469.5662816297422, -420.2716676891286, -2834.7847500980665, -863.7397782512415, 1116.9387909899178, -773.9743579780701, -396.6685003288456, 512.1985677156661, 905.0294967149376, -145.94947689478553, -2540.2976334600303, 676.024017222175, 1698.2547689428081, 1871.600198236036, 763.0758698246067, 99.35382374753647, 974.9222174041911, -174.39642017860697, -1770.019060986708, 267.61147551149554, -314.7388629420817, -277.98135492860337, 134.2096310768698, 179.53919785080507, 18.923363498903168, -621.9466949206826, -164.42215578591833, 418.61796082423484, 101.1618214678696, 714.3306692762219, 116.53130549775463, -1418.7418687222457, -1006.5598745889737, -1562.76435364521, -184.6519873021964, 272.0099813738577, 1467.2501124670064, 1769.4161702079277, 1014.823106615078, -1625.8001382183832, -1196.570197215393, 1409.1962072132178, 2189.267493703245, 1042.030482106179, -2477.1336111163487, -1023.6158099922303, 2249.1493689382414, 867.6166049842575, -117.81662832396202, 1197.8700817808678, 767.4128730586334, -1049.5060606094187, -98.15873769238036, 1393.042309968183, -578.9474991834096, 152.14128795633394, -485.99124593851883, -343.33880633914987, -789.287661234158, -349.0804627899149, 8.299224448023557, -1127.1711558247325, -1040.416179054549, 82.3343255617051, 1937.3488185942463, 1739.457404746399, 179.67383385245182, -1210.5172299317903, -992.6030908862062, -154.98064459520594, -392.77071509734276, -991.1506779198412, 430.2696215259832, 654.9262617978917, 1105.8082360188032, -1343.998107110414, -2674.260166186112, 594.9671403092411, -508.76138903712587, -754.7477513186324, 639.9864237604564, 635.7901469128949, 560.3241669067937, -1391.0985073388035, -1234.4162524287133, -402.5146345697736, 719.7080128847215, 457.12286059733776, 537.6825934078324, -1143.4101051094412, -943.9373366247761, -41.979103512279295, 2479.193458410695, 2470.0772595813723, 557.6471127410049, -695.7287753066895, -1853.5715991650036, -877.0280451688333, 1341.076017947604, 1245.9840523994735, -1905.1117727452374, -2243.276326691022, -482.6683239678718, 1887.2907074306831, 921.9222571702865, -891.8342354290594, -439.73456150192067, 200.8686445373986, -357.72967459109964, 109.3344811872456, -1087.2732165898462, -939.391070006778, -20.73342652735086, 541.5665894998124, 17.245868384853537, -463.7576009475648, 1148.1846994787818, 1305.0234993627803, 491.90271230617657, -573.0460804299983, -632.359070520292, -65.69916784889197, -19.174678895770157, -1654.486222226058, -2015.4181521687633, -2027.4567078649334, 745.4445905354739, 2301.5742800430403, 447.3859692219067, -549.4909555764392, -502.42285925578136, -591.1086831170201, -14.81846588426301, -132.28304759668652, -1369.3537729472507, 862.9338742020977, 1990.4304570079894, 1174.2542351021705, 376.99693535146474, 714.9791748719556, 1285.3468946346377, -1479.9538720723258, -652.5801228537431, 16.37364765785363, -104.47834407850056, -1476.464916874884, -117.94088282571175],