{"k": 2, "sigma_z": 10, "mean reward 1": [-1267.0888984596047, 1014.129269121681, -1067.7793857058293, 633.811716357276, 26.45681368145585, -302.4912581567486, 465.07115593876415, -1124.0794426478083, 919.4349732171778, 2417.662291491096, 2268.7804260768344, -1158.4418717044964, -2335.4336181584504, -1863.4904217119533, 2026.5481263003871, 1273.9390302977265, 497.9315886903204, -780.5881500124617, 766.4454057840203, 530.9423641119648, 874.3939738597145, -869.5223191446015, -1788.2148228288213, -1268.6707578690975, -1437.752823590052, -401.5001129401538, 220.19219277087586, 1087.9647315403258, -475.2518445768013, 719.7361465487284, 1679.34166178566, -549.0158077272507, -620.690912556019, -135.5021046425271, 625.9891310331091, -1283.11387751992, -1105.7530494540742, 64.21112753830374, -53.848884119382134, -226.6883142903458, 726.4792416088123, 968.4366650775985, -803.6869628993193, -2426.567005321839, 733.9601744317612, 3152.417971295322, 108.83577718747688, -1467.4993835855184, -1671.6842180886722, 1637.859810009037, 1238.1438685869207, 541.7587156223409, -1794.448472916444, -2821.4470495274545, 449.6289188887101, 384.28026941311623, 602.2860679101923, 513.9856460077981, 1.7120802555392556, -530.6993260774127, -1518.3465571295478, -2136.9703511522926, -957.0828637752559, 731.7155885588097, 1107.0379594030517, 145.85213992342378, 378.24773534136176, -1203.5987024517635, -14.030423801434821, -379.51502732700976, 620.8368051539776, 49.10817384126194, 667.4238208487512, 1054.0151743362699, 1846.8139122160183, 1392.6794946587663, 148.78141197744498, -301.31837355541853, -879.5684925366096, 1392.4694465140547, 341.7540419937028, 1003.9206957695022, 1164.0229370881236, -2608.0327274922174, -2551.1020904469697, -2778.0936370651025, -2090.2050455936624, 1063.297454584907, 955.3652813681733, 514.7398174620056, -59.50437676277496, 293.1030025765213, 1155.5481612056249, 519.153606985263, -2357.413407091387, -1693.9602493747454, 478.70091320936467, -245.45836391315294, -105.33560083747369, -571.085266362932, -1334.0575151289797, -1411.3410255449587, 605.2643200971418, 2892.2735893376994, 2188.7294380977924, -1265.5446122339838, -1566.7979891324755, -285.63037048835287, 1747.1128052442596, 435.5310029712851, -117.12527767658969, -7.583796101477125, 238.12050880265468, -88.75141165286547, 553.6276828629909, -802.3932617376602, -335.61316662264966, -414.36432097196877, -308.5263680440553, -1209.2816767971108, 27.22527897697873, -266.6366966489553, -263.4403219659603, -1254.9002045865032, -1982.5829833786108, -733.3344312401737, 2392.367050772415, 400.0522916100522, -2233.8720406489106, -1332.1337330111492, -138.692799568362, 2001.351692079801, 3354.877588620789, 1118.957863041546, -1431.7847656540298, -807.7772123781892, -1143.9820854532861, -267.47276727721095, 1284.1577418539418, 629.0421632378698, -1023.9466296276543, -861.1765363878403, -472.59423623856173, 505.1947885861621, 597.481038170069, -692.1955322678333, -2339.8244628649545, -682.24430769344, 2233.4751956527275, 745.586154918625, -1506.5206424824546, -175.76993089236038, 2669.5099660941455, 1541.2418894305301, 626.6327569752383, -709.9140689267275, -464.22409814676405, -608.881227239481, -1599.0991147321595, -1078.9429671095793, -298.1475383587572, -1091.3394625106378, -374.5531277314181, -363.356741172691, 995.3921523050534, 1327.9285093447727, -410.42684607015883, -422.080297223017, 158.1846123537935, 1051.6729898515894, -1066.382352855497, -1847.5216134581817, 276.0085439801184, 864.4788125416209, 57.13409726643306, -1280.1763099283983, -796.7317738263354, -112.58120202943975, 184.296175340508, 676.61442987502, -389.7632417434469, 684.1350940625791, 329.7675308808687, -981.330732516942, -346.26585944772347, -1341.4112975344444, 1814.3130204912925, -30.22319591166731, -316.0470748592074, -1064.075570163783, -447.3624896888876, 478.50491267383586, 551.7129220123669, -1393.6951150622149, -818.9648685574685, 2478.0429592038, 524.9575104263464, -854.9150062390854, -1194.9412250010073, -865.5934078181818],