{"k": 2, "sigma_z": 10, "mean reward 1": [709.3154197258543, 464.96632405370326, 980.5060743324165, -7.649984558098666, -765.5925180248295, -1005.9640534188004, 567.1078074921662, 324.9769786421582, 887.0572081403161, 1181.1176451238043, 835.4051787390599, 687.1019157407998, 196.45161496923822, -2432.5827617410864, -1995.9728344315251, 639.4787154910728, 177.5113513298889, -773.225084658741, -1337.0562743253618, -826.1741369007545, -179.50015886487867, -1038.0297698206587, -981.2870056775965, 915.6791340870377, 1064.250024053306, -110.34609293904869, -2588.2835892574144, -1459.596900948541, -43.50387401253393, 2337.840831226782, 518.685774673283, 1096.4652462739912, -1245.800873614771, -943.4452389258698, 2853.890323313071, 2237.4495297115814, 1392.1282786576712, -108.16682522565814, -663.376173864757, -1553.4781088838722, -438.9883497427249, 1056.832316013159, 2752.2009658535803, 1887.839198195072, 539.3892757537717, -1184.8068103646228, -1997.6181191902785, 1103.820210894343, 2190.131177964598, 698.4078420304072, -920.5434164115736, 512.6711281316248, 423.9250359354874, 919.1434010480037, 2182.120678082458, -655.0382343948872, -435.77691837717776, 1633.4811795174123, 783.1145750493308, -921.4796383201744, -872.9680915156697, 959.554292214909, 115.96900795429512, -1037.4467482034518, -1387.6110545487709, -2246.2826630395457, -915.7352261884525, 2243.10443897713, 861.8591062382573, 727.7720645215447, 535.5808572414933, 603.3225580698122, -19.229848386480064, -2193.401111002014, -1112.6998314215018, 433.6959772229097, -101.40582108497912, -741.6281314120279, 695.0338521975709, 1015.7841878332018, 68.32161718062241, 1064.2604285499626, -513.5097692248796, -224.09653498785528, 1304.9667330640996, -1806.919974078322, -2021.27530057737, -331.1187675538218, 820.5100953161364, 164.5039344757067, 428.3404922161408, -724.5515911603579, -1684.3144451559563, -981.270281738024, 849.8399869435822, 2216.4997562504786, 1475.1761310451957, -427.20652549904895, 5.568264572236892, -594.1145905097603, -2683.967659401387, -1320.562983886262, -564.0553294067331, 1291.4130477797353, 1654.901270559401, 226.8055004342306, -290.7533538148248, -2008.4430186129748, -1194.5146338633297, 1434.7143830911668, 1108.044003531653, 744.6790684856454, -890.0846104623504, -953.6987460447515, 1286.9443870580753, 1587.1189527151894, 987.6877835691463, -1129.665127464488, 601.1101753688388, 2668.6914894175798, -893.3824399262871, -1341.60079782115, 1803.546533355858, 191.74112144836357, -1268.2611910986918, -2774.7212741086555, -145.6639259887279, 1660.7922718789443, 1152.5501450410718, 519.774353305446, 347.9608739275061, 350.01600183569525, -1469.739776997552, 144.2753709459053, 706.038945276101, -378.11003542533996, 202.6117730056991, -627.3022175777613, -771.5724083630253, 249.70340134453065, -1828.9473748552955, -133.001969751634, 816.8454927897873, -311.8694764148118, -159.16424800164384, 778.1679536533496, 1645.1742895258305, 556.6551723181777, 2266.3321902810567, 550.0081460230426, -117.0298500715984, -1578.6050706063686, -1282.5417580287499, 198.90740470619423, 14.728366848990415, -1470.761288419725, 1769.5896303728923, 750.92008416618, -862.6146450935983, -521.7992848466838, 1065.863481731027, 806.2104032194203, -883.250632568473, 948.2886314421926, 1373.1664708930243, 307.6181665959064, -2245.5901995332556, 268.62698565537977, 882.5186873825583, 406.91371790978303, 90.79889214811625, 268.1922559385438, -281.76507980902466, -432.352428193496, -683.580366113728, -256.56346371327874, 142.04138601980065, -191.7871868423599, 196.1012680227387, -110.50576504435638, 4.506858878615505, -495.31266289021187, -1587.3898533286824, -1056.1189435953845, 178.46189742199329, 49.75299319635926, -2500.9405451566263, 214.29134618456303, 2734.5406849008855, 622.959304154045, -1298.3207236100648, -1452.3873624661499, 729.8176321775603, 1021.6052196305043, 675.8840895725676, -956.206286580618, -1320.134213175673, 1871.7824593588364, 4065.7303501411247, 786.4260647953633], "mean reward 0": [-709.3154197258543, -464.96632405370326, -980.5060743324165, 7.649984558098666, 765.5925180248295, 1005.9640534188004, -567.1078074921662, -324.9769786421582, -887.0572081403161, -1181.1176451238043, -835.4051787390599, -687.1019157407998, -196.45161496923822, 2432.5827617410864, 1995.9728344315251, -639.4787154910728, -177.5113513298889, 773.225084658741, 1337.0562743253618, 826.1741369007545, 179.50015886487867, 1038.0297698206587, 981.2870056775965, -915.6791340870377, -1064.250024053306, 110.34609293904869, 2588.2835892574144, 1459.596900948541, 43.50387401253393, -2337.840831226782, -518.685774673283, -1096.4652462739912, 1245.800873614771, 943.4452389258698, -2853.890323313071, -2237.4495297115814, -1392.1282786576712, 108.16682522565814, 663.376173864757, 1553.4781088838722, 438.9883497427249, -1056.832316013159, -2752.2009658535803, -1887.839198195072, -539.3892757537717, 1184.8068103646228, 1997.6181191902785, -1103.820210894343, -2190.131177964598, -698.4078420304072, 920.5434164115736, -512.6711281316248, -423.9250359354874, -919.1434010480037, -2182.120678082458, 655.0382343948872, 435.77691837717776, -1633.4811795174123, -783.1145750493308, 921.4796383201744, 872.9680915156697, -959.554292214909, -115.96900795429512, 1037.4467482034518, 1387.6110545487709, 2246.2826630395457, 915.7352261884525, -2243.10443897713, -861.8591062382573, -727.7720645215447, -535.5808572414933, -603.3225580698122, 19.229848386480064, 2193.401111002014, 1112.6998314215018, -433.6959772229097, 101.40582108497912, 741.6281314120279, -695.0338521975709, -1015.7841878332018, -68.32161718062241, -1064.2604285499626, 513.5097692248796, 224.09653498785528, -1304.9667330640996, 1806.919974078322, 2021.27530057737, 331.1187675538218, -820.5100953161364, -164.5039344757067, -428.3404922161408, 724.5515911603579, 1684.3144451559563, 981.270281738024, -849.8399869435822, -2216.4997562504786, -1475.1761310451957, 427.20652549904895, -5.568264572236892, 594.1145905097603, 2683.967659401387, 1320.562983886262, 564.0553294067331, -1291.4130477797353, -1654.901270559401, -226.8055004342306, 290.7533538148248, 2008.4430186129748, 1194.5146338633297, -1434.7143830911668, -1108.044003531653, -744.6790684856454, 890.0846104623504, 953.6987460447515, -1286.9443870580753, -1587.1189527151894, -987.6877835691463, 1129.665127464488, -601.1101753688388, -2668.6914894175798, 893.3824399262871, 1341.60079782115, -1803.546533355858, -191.74112144836357, 1268.2611910986918, 2774.7212741086555, 145.6639259887279, -1660.7922718789443, -1152.5501450410718, -519.774353305446, -347.9608739275061, -350.01600183569525, 1469.739776997552, -144.2753709459053, -706.038945276101, 378.11003542533996, -202.6117730056991, 627.3022175777613, 771.5724083630253, -249.70340134453065, 1828.9473748552955, 133.001969751634, -816.8454927897873, 311.8694764148118, 159.16424800164384, -778.1679536533496, -1645.1742895258305, -556.6551723181777, -2266.3321902810567, -550.0081460230426, 117.0298500715984, 1578.6050706063686, 1282.5417580287499, -198.90740470619423, -14.728366848990415, 1470.761288419725, -1769.5896303728923, -750.92008416618, 862.6146450935983, 521.7992848466838, -1065.863481731027, -806.2104032194203, 883.250632568473, -948.2886314421926, -1373.1664708930243, -307.6181665959064, 2245.5901995332556, -268.62698565537977, -882.5186873825583, -406.91371790978303, -90.79889214811625, -268.1922559385438, 281.76507980902466, 432.352428193496, 683.580366113728, 256.56346371327874, -142.04138601980065, 191.7871868423599, -196.1012680227387, 110.50576504435638, -4.506858878615505, 495.31266289021187, 1587.3898533286824, 1056.1189435953845, -178.46189742199329, -49.75299319635926, 2500.9405451566263, -214.29134618456303, -2734.5406849008855, -622.959304154045, 1298.3207236100648, 1452.3873624661499, -729.8176321775603, -1021.6052196305043, -675.8840895725676, 956.206286580618, 1320.134213175673, -1871.7824593588364, -4065.7303501411247, -786.4260647953633],