{"Stationary": {"actions": [1.0, 1.0, 0.0, 0.0, 0.0, 0.0, 0.0, 0.0, 0.0, 0.0, 0.0, 0.0, 0.0, 0.0, 0.0, 0.0, 0.0, 0.0, 0.0, 0.0, 0.0, 0.0, 0.0, 0.0, 0.0, 0.0, 0.0, 0.0, 0.0, 0.0, 0.0, 0.0, 0.0, 0.0, 0.0, 0.0, 0.0, 0.0, 0.0, 0.0, 0.0, 0.0, 0.0, 0.0, 0.0, 0.0, 0.0, 0.0, 0.0, 0.0, 0.0, 0.0, 0.0, 0.0, 0.0, 0.0, 0.0, 0.0, 0.0, 0.0, 0.0, 0.0, 0.0, 0.0, 0.0, 0.0, 0.0, 0.0, 0.0, 0.0, 0.0, 0.0, 0.0, 0.0, 0.0, 0.0, 0.0, 0.0, 0.0, 0.0, 0.0, 0.0, 0.0, 0.0, 0.0, 0.0, 0.0, 0.0, 0.0, 0.0, 0.0, 0.0, 0.0, 0.0, 0.0, 0.0, 0.0, 0.0, 0.0, 0.0, 0.0, 0.0, 0.0, 0.0, 0.0, 0.0, 0.0, 0.0, 0.0, 0.0, 0.0, 0.0, 0.0, 0.0, 0.0, 0.0, 0.0, 0.0, 0.0, 0.0, 0.0, 0.0, 0.0, 0.0, 0.0, 0.0, 0.0, 0.0, 0.0, 0.0, 0.0, 0.0, 0.0, 0.0, 0.0, 0.0, 0.0, 0.0, 0.0, 0.0, 0.0, 0.0, 0.0, 0.0, 0.0, 0.0, 0.0, 0.0, 0.0, 0.0, 0.0, 0.0, 0.0, 0.0, 0.0, 0.0, 0.0, 0.0, 0.0, 0.0, 0.0, 0.0, 0.0, 0.0, 0.0, 0.0, 0.0, 0.0, 0.0, 0.0, 0.0, 0.0, 0.0, 0.0, 0.0, 0.0, 0.0, 0.0, 0.0, 0.0, 0.0, 0.0, 0.0, 0.0, 0.0, 0.0, 0.0, 0.0, 0.0, 0.0, 0.0, 0.0, 0.0, 0.0, 0.0, 0.0, 0.0, 0.0, 0.0, 0.0], "rewards": [1686.980020071499, -309.4726995559105, 1100.2857692769837, 1028.5384034804424, -1030.5584261141591, -3334.727373236061, -498.1251072580669, 1329.5109478852448, 1181.1551617981088, 1545.5188674565113, -999.2196908766293, -2007.408860488685, -738.8084464061811, -519.6010764976933, 382.4538539922776, 2052.712557553161, 510.2216055978147, -1689.088148614514, -208.17204549089303, 421.1082091204591, 1512.8264338568215, 1455.6114853817169, 62.05240487041877, -59.19693471830211, -1368.1815632786556, 702.2483469636276, 1794.2754635970546, 563.8663858469644, -120.54318800204747, -956.0961365159874, -1624.309314516916, -597.1148514740515, 1445.3635173615005, 746.0306360894224, -580.2513565607936, 210.54848969009072, -1281.6814379961888, -1032.872887310723, -488.7694543733182, 832.490787146429, 410.53894127814846, -61.6102201932631, 175.6451175227243, 1270.12707238214, 901.6205894779138, 517.4586257500582, 745.0871011554649, -1307.4127287156955, -1116.925644382399, -370.0095409153508, -861.4509521817624, -998.2219317519898, 1437.5796182060121, 1547.0462494358787, 1809.8429709881916, -422.98857740535243, -1274.1477700583748, 2105.5019496993255, 2823.360469248527, 1522.1336436759811, -450.30609740628705, -666.4086907002618, 1439.2535884510237, -542.5045166445555, -2309.223151474952, 312.18266375705855, 2042.1713418646405, 953.0669143348987, -1019.120988305556, -1287.1771323191604, -612.6135733552156, 1101.0274620347336, 596.0440835459628, -474.18237424188465, 1596.3371232803706, 1093.082265362793, 541.3022502742139, -1210.2980291302881, -657.5315929037731, -92.40230846308863, -1137.0782650672618, -1581.8557158999172, -2737.4866139676874, -874.7682420604264, 2586.8188909546934, 2232.1364211166815, -712.7473728968464, -576.3711932057387, -459.30024744137773, 627.0670361211245, 2263.8735910780606, 381.1813033151676, -1671.62569887525, -1293.075665565142, -832.1532487573801, -1135.218623573064, -1047.9100061178237, 2391.270814124537, -11.160626475811105, -662.9989346218655, -1467.197233159493, -995.9908801450072, 1559.407010053456, 3114.937071636025, 2183.7995813365374, -146.97293343690401, -2276.2118240029154, -502.11646548565216, 1215.9356960840305, 2522.290845082215, 2235.371334346708, -70.19254109804118, -1022.3234294458325, -673.9567746619379, 749.0930266079502, 1001.8433880961445, -787.6187942742586, -2434.7591965462707, -72.31230824460772, 1424.286066921499, 219.9035560685743, 584.2372263852243, 1660.2911638902674, 438.85861060889005, -402.0705250391821, -759.7810181239947, -201.03583591923038, 1797.8651602233565, 298.31776804775023, -1126.902674671219, -28.060368361632733, -155.15651303401995, 408.7302165392678, 599.2784345753957, 678.5474899923472, 485.8589381421761, 1103.4710952834648, 375.2244002358907, 385.27177826096965, -1412.8134548873388, -1323.6408462599834, 2132.633807399273, 1051.3326487929426, -1427.9379710535375, -1924.699043078859, -19.49110213614204, 667.075359967202, 2193.375931832507, 1269.3554795139999, -736.6650227878955, -188.99401859978917, 411.51023810255305, -318.36136014470014, 530.1941714280426, -354.55872599538026, -1089.4412730612205, 142.17965097451506, 865.8401517128613, 984.5911473884153, 957.9821657367696, 1088.8288925077336, 1753.017182591769, -543.9442224752063, 137.39402882890477, 2049.3583663039367, 845.5682000407495, 1446.0658765582534, -2094.36481108844, -2528.556770243436, -467.743677800315, 1786.4804229507713, 2223.0635352977597, -189.70293889002264, 520.7302580187747, 885.5227693893819, -492.8663799868174, -664.4337763134633, 1012.5235252366302, 1496.3879420825374, 371.38559377182287, -1126.605088130168, 1259.6805188037404, 395.1402900163425, -83.51385113112414, 1131.2440646934426, 1416.643629642353, 1264.0655626379646, -580.0368175294575, -1011.5231292131351, 413.4512785573895, 1023.4570698135784, 1608.5096594591869, -320.15763960668323, 388.3290740067407, -1481.981682095609, -348.323569213253, -557.8770407493986, -676.0002795432038, -343.82498463973286, 695.0433462487282]}, "Latent AR LinUCB s=2": {"actions": [1.0, 1.0, 0.0, 0.0, 1.0, 1.0, 1.0, 0.0, 0.0, 1.0, 0.0, 1.0, 1.0, 0.0, 0.0, 0.0, 0.0, 1.0, 1.0, 0.0, 0.0, 0.0, 1.0, 1.0, 1.0, 1.0, 0.0, 0.0, 1.0, 1.0, 1.0, 1.0, 0.0, 0.0, 1.0, 1.0, 0.0, 1.0, 0.0, 0.0, 0.0, 1.0, 1.0, 0.0, 0.0, 1.0, 1.0, 0.0, 1.0, 0.0, 0.0, 1.0, 1.0, 0.0, 0.0, 0.0, 1.0, 1.0, 0.0, 0.0, 1.0, 1.0, 1.0, 0.0, 1.0, 1.0, 0.0, 0.0, 1.0, 1.0, 1.0, 0.0, 0.0, 1.0, 1.0, 0.0, 1.0, 1.0, 1.0, 0.0, 0.0, 1.0, 1.0, 1.0, 0.0, 0.0, 1.0, 1.0, 0.0, 0.0, 0.0, 0.0, 1.0, 1.0, 0.0, 0.0, 1.0, 0.0, 0.0, 1.0, 1.0, 1.0, 0.0, 0.0, 0.0, 1.0, 1.0, 1.0, 0.0, 0.0, 0.0, 1.0, 1.0, 1.0, 0.0, 0.0, 0.0, 1.0, 1.0, 0.0, 0.0, 1.0, 0.0, 0.0, 1.0, 1.0, 1.0, 0.0, 0.0, 1.0, 1.0, 0.0, 1.0, 0.0, 0.0, 0.0, 1.0, 0.0, 1.0, 0.0, 1.0, 0.0, 0.0, 1.0, 1.0, 1.0, 0.0, 0.0, 0.0, 1.0, 1.0, 0.0, 0.0, 1.0, 0.0, 1.0, 1.0, 0.0, 0.0, 0.0, 0.0, 0.0, 0.0, 1.0, 0.0, 0.0, 1.0, 0.0, 1.0, 1.0, 0.0, 0.0, 0.0, 1.0, 0.0, 0.0, 1.0, 1.0, 0.0, 0.0, 1.0, 1.0, 0.0, 1.0, 1.0, 0.0, 0.0, 1.0, 1.0, 1.0, 0.0, 0.0, 0.0, 1.0, 0.0, 1.0, 0.0, 1.0, 1.0, 0.0],