{"Stationary": {"actions": [0.0, 0.0, 0.0, 0.0, 0.0, 0.0, 0.0, 0.0, 0.0, 0.0, 0.0, 0.0, 0.0, 0.0, 0.0, 0.0, 0.0, 0.0, 0.0, 0.0, 0.0, 0.0, 0.0, 0.0, 0.0, 0.0, 0.0, 0.0, 0.0, 0.0, 0.0, 0.0, 0.0, 0.0, 0.0, 0.0, 0.0, 0.0, 0.0, 0.0, 0.0, 0.0, 0.0, 0.0, 0.0, 0.0, 0.0, 0.0, 0.0, 0.0, 0.0, 0.0, 0.0, 0.0, 0.0, 0.0, 0.0, 0.0, 0.0, 0.0, 0.0, 0.0, 0.0, 0.0, 0.0, 0.0, 0.0, 0.0, 0.0, 0.0, 0.0, 0.0, 0.0, 0.0, 0.0, 0.0, 0.0, 0.0, 0.0, 0.0, 0.0, 0.0, 0.0, 0.0, 0.0, 0.0, 0.0, 0.0, 0.0, 0.0, 0.0, 0.0, 0.0, 0.0, 0.0, 0.0, 0.0, 0.0, 0.0, 0.0, 0.0, 0.0, 0.0, 0.0, 0.0, 0.0, 0.0, 0.0, 0.0, 0.0, 0.0, 0.0, 0.0, 0.0, 0.0, 0.0, 0.0, 0.0, 0.0, 0.0, 0.0, 0.0, 0.0, 0.0, 0.0, 0.0, 0.0, 0.0, 0.0, 0.0, 0.0, 0.0, 0.0, 0.0, 0.0, 0.0, 0.0, 0.0, 0.0, 0.0, 0.0, 0.0, 0.0, 0.0, 0.0, 0.0, 0.0, 0.0, 0.0, 0.0, 0.0, 0.0, 0.0, 0.0, 0.0, 0.0, 0.0, 0.0, 0.0, 0.0, 0.0, 0.0, 0.0, 0.0, 0.0, 0.0, 0.0, 0.0, 0.0, 0.0, 0.0, 0.0, 0.0, 0.0, 0.0, 0.0, 0.0, 0.0, 0.0, 0.0, 0.0, 0.0, 0.0, 0.0, 0.0, 0.0, 0.0, 0.0, 0.0, 0.0, 0.0, 0.0, 0.0, 0.0, 0.0, 0.0, 0.0, 0.0, 0.0, 0.0], "rewards": [-2079.7212673234912, -374.98211752954023, 1121.4308719189266, 2381.7145987170848, 851.8387032207343, -1447.833311889998, -1967.2089498617495, -230.74086379503623, -971.1405622534311, 22.07636985397214, -578.0836996436124, -1489.7074589809097, 728.717380933763, -679.6701765323961, -134.81503658443617, 312.2108027980697, 667.4069433153873, 391.66419992595826, -1358.6415608401053, 438.81032950824334, 1069.4886680243276, -1156.4695962421374, 1046.8717560590019, 2130.957636499359, 1959.7238998301705, 826.1537573623555, -2191.920697563885, -1869.1182692041918, -435.48211795105357, 357.11060585376373, -1265.816468488086, -355.66201495330694, -431.0425388791793, -475.4873696458155, -289.5720791973219, -1532.0113812144177, 275.65392296116863, 267.03709671754945, -349.66561834031575, -837.5967008508188, 1942.156690782539, 2794.290434198925, 622.4517784063908, -832.0830614113618, -884.3781491541182, -1043.0591689353962, -331.25819189609075, -548.6543981037948, -986.6830909193238, 1726.148707253331, 174.40722818821308, 636.7898177014706, -761.9493437320566, -41.86822144028552, 673.7004694093399, 1651.5661967042672, 978.9006219916535, -1952.6699370025412, -1436.5452993209565, -839.4152280767929, 537.9590770475528, 600.5441519966383, -772.7896784018878, 663.348028959122, 1005.4142948347999, 1337.2453420256202, 1331.83417800916, 757.2953277585367, -1774.0048204535933, -1574.6683857484688, 244.34391061034205, 1514.1356861302831, 1588.7180139518898, 1011.7531416979053, -1340.151480812037, -515.5555655645451, -2016.3386706116303, -746.2667747526434, 492.9992138596972, 1503.3366735414934, -1069.1722300643332, -2597.4189583322714, 744.821037725328, -788.7124400303883, -259.9557351949685, 483.7448430605764, -5.4348638105200635, 384.06042515915266, 1210.1043542764205, -681.9556340594797, -356.8776144450997, 2106.7595405687725, 1537.8744862691892, -659.6834653555183, -834.9636394455923, 139.16116518931156, -1139.5839830580476, -786.3318404957027, 361.8337973909232, -2106.3792323268062, -2813.692017415595, 26.663591671243935, 1325.5430818511225, 2055.2533918935965, -55.0281174835446, -616.8244066194305, -364.5170771163386, -459.4779838450669, -1587.8968988053207, -182.58158793215597, 2013.8813965732218, 1422.8111473030785, -673.1956849668052, -2109.8504766303936, -1345.8691637712386, 317.36610404874966, 168.35242732154796, -1345.9843769650054, 94.02858901033122, -94.55249416896169, 544.5237311588216, 986.9457715659203, 1553.7190469799539, 989.6898622372552, 726.9275110136058, 453.5653553902086, 882.1590440584162, 1473.4226944832094, 1555.1491332544003, -871.6045077701294, -424.2702793158893, 285.79069162321287, 3139.3463483251007, 3182.782692239788, 303.1537356940785, 128.66730570708674, -659.645683720929, -457.39823387714296, -2030.9442985226146, -2109.6254745131573, 778.7774522278646, 2686.414123720649, 484.15694533295004, -741.7531882309529, -1427.4531345852497, 1281.844075523301, 2052.1710256023034, -1187.4806120538956, -1778.1232827766378, -602.3000075156182, 563.5059590176156, 439.7768248811952, 676.0545004951451, 945.0408315277368, 425.4343090006637, 740.4418682088102, -78.64242709866241, 1287.1751910657708, 322.6981247056174, -851.5073704712007, -426.35010878399186, 998.4607939473971, 291.410353718437, -1600.2448249774595, -1299.1774933664046, 905.5411616487418, 1692.0704454519064, -427.16956395544963, -1916.767944978489, -310.3403031947243, 236.44367636736, -287.99974850427634, 1294.05632435303, -168.04813407047993, -1991.4705440206335, -1258.5128903766633, 908.48137924109, 299.0128369949206, 1687.5754750766162, 17.40327178546854, -495.0994152119742, -1116.0290970414508, -364.90929456389586, -1415.7557393583988, -29.65345916306248, -549.9994560575918, -1620.0891567783442, 1521.7266508905216, 3302.566582107121, 493.85622532909366, -724.3140610430315, -476.9700258509388, 1189.113825552742, -588.956987229116, -1832.301581978236, 211.10568003114633, 1097.3826307818722, -670.1403439655679, -1013.3881114888362, 1495.9270225855385]}, "Latent AR LinUCB s=2": {"actions": [0.0, 0.0, 0.0, 0.0, 0.0, 1.0, 1.0, 1.0, 0.0, 1.0, 0.0, 1.0, 1.0, 0.0, 1.0, 0.0, 0.0, 0.0, 1.0, 1.0, 0.0, 0.0, 1.0, 0.0, 0.0, 1.0, 1.0, 1.0, 0.0, 0.0, 0.0, 1.0, 0.0, 1.0, 0.0, 0.0, 1.0, 0.0, 1.0, 1.0, 1.0, 0.0, 0.0, 1.0, 1.0, 0.0, 1.0, 0.0, 1.0, 1.0, 0.0, 1.0, 0.0, 1.0, 0.0, 0.0, 0.0, 1.0, 1.0, 0.0, 0.0, 0.0, 0.0, 1.0, 0.0, 0.0, 0.0, 1.0, 1.0, 1.0, 0.0, 0.0, 0.0, 0.0, 1.0, 1.0, 0.0, 1.0, 0.0, 0.0, 0.0, 1.0, 1.0, 0.0, 1.0, 0.0, 0.0, 1.0, 0.0, 0.0, 1.0, 0.0, 0.0, 1.0, 1.0, 1.0, 0.0, 1.0, 0.0, 0.0, 1.0, 1.0, 0.0, 0.0, 0.0, 1.0, 1.0, 0.0, 1.0, 1.0, 0.0, 0.0, 1.0, 1.0, 1.0, 0.0, 0.0, 1.0, 1.0, 0.0, 1.0, 0.0, 0.0, 0.0, 1.0, 1.0, 1.0, 0.0, 0.0, 0.0, 1.0, 0.0, 0.0, 0.0, 0.0, 1.0, 1.0, 1.0, 0.0, 1.0, 0.0, 0.0, 0.0, 1.0, 1.0, 1.0, 0.0, 0.0, 1.0, 1.0, 0.0, 0.0, 1.0, 0.0, 0.0, 1.0, 0.0, 1.0, 0.0, 1.0, 1.0, 0.0, 0.0, 1.0, 1.0, 0.0, 0.0, 0.0, 1.0, 1.0, 0.0, 0.0, 1.0, 0.0, 1.0, 1.0, 0.0, 0.0, 1.0, 0.0, 1.0, 1.0, 1.0, 0.0, 1.0, 0.0, 1.0, 1.0, 0.0, 0.0, 1.0, 1.0, 0.0, 0.0, 1.0, 1.0, 0.0, 0.0, 1.0, 1.0],