{"Stationary": {"actions": [0.0, 1.0, 0.0, 0.0, 0.0, 0.0, 0.0, 0.0, 0.0, 0.0, 0.0, 0.0, 0.0, 0.0, 0.0, 0.0, 0.0, 0.0, 0.0, 0.0, 0.0, 0.0, 0.0, 0.0, 0.0, 0.0, 0.0, 0.0, 0.0, 0.0, 0.0, 0.0, 0.0, 0.0, 0.0, 0.0, 0.0, 0.0, 0.0, 0.0, 0.0, 0.0, 0.0, 0.0, 0.0, 0.0, 0.0, 0.0, 0.0, 0.0, 0.0, 0.0, 0.0, 0.0, 0.0, 0.0, 0.0, 0.0, 0.0, 0.0, 0.0, 0.0, 0.0, 0.0, 0.0, 0.0, 0.0, 0.0, 0.0, 0.0, 0.0, 0.0, 0.0, 0.0, 0.0, 0.0, 0.0, 0.0, 0.0, 0.0, 0.0, 0.0, 0.0, 0.0, 0.0, 0.0, 0.0, 0.0, 0.0, 0.0, 0.0, 0.0, 0.0, 0.0, 0.0, 0.0, 0.0, 0.0, 0.0, 0.0, 0.0, 0.0, 0.0, 0.0, 0.0, 0.0, 0.0, 0.0, 0.0, 0.0, 0.0, 0.0, 0.0, 0.0, 0.0, 0.0, 0.0, 0.0, 0.0, 0.0, 0.0, 0.0, 0.0, 0.0, 0.0, 0.0, 0.0, 0.0, 0.0, 0.0, 0.0, 0.0, 0.0, 0.0, 0.0, 0.0, 0.0, 0.0, 0.0, 0.0, 0.0, 0.0, 0.0, 0.0, 0.0, 0.0, 0.0, 0.0, 0.0, 0.0, 0.0, 0.0, 0.0, 0.0, 0.0, 0.0, 0.0, 0.0, 0.0, 0.0, 0.0, 0.0, 0.0, 0.0, 0.0, 0.0, 0.0, 0.0, 0.0, 0.0, 0.0, 0.0, 0.0, 0.0, 0.0, 0.0, 0.0, 0.0, 0.0, 0.0, 0.0, 0.0, 0.0, 0.0, 0.0, 0.0, 0.0, 0.0, 0.0, 0.0, 0.0, 0.0, 0.0, 0.0, 0.0, 0.0, 0.0, 0.0, 0.0, 0.0], "rewards": [1415.476329985138, -129.39776847715544, -360.4169175776604, 28.013963655596733, 2298.646799289186, 543.5697778557947, -678.96774095993, 273.27857410550706, -133.00864668385785, 177.32870510367445, 1315.830947903629, 722.8910493162404, -530.8337983544385, -233.53979960834002, -160.35892660087114, 306.8791617158958, -276.33262065302745, 319.4043764026196, 999.204883209422, 1698.848565938718, -896.5592715704204, -1348.2191149607552, 1311.9813619579204, 1100.080518650574, 1317.4700880326268, 640.1551735985983, -472.8921844390687, -877.2256984057775, 337.35841361844876, 1779.8287308132196, 1384.9369351708222, 199.62981109317576, -544.4381198037157, -226.18887553558247, 579.1833200752147, -1589.8237937666465, -796.3497553513071, 1155.7683206269726, 261.0191286464143, 574.0925759904566, -1074.9242569360583, -1011.8330877866217, 59.40867706065234, -720.6269560725809, 193.58322941406968, 692.0378540987979, -1256.718751558403, -2065.4079641932653, -603.7018516266822, 704.3095515334336, 1607.3677019597085, 1232.3684779433997, -1188.2333629725733, -170.27828031092483, 1476.1692073184645, 668.4658566890008, -221.65369008315824, 121.32945643184352, -32.040992911096026, -999.0590115374702, -490.4735614588866, -39.88843030171056, 77.46412502796336, -832.0394963790127, -1445.5545410713373, 252.37624783711934, 1115.4934612731136, 692.8730258512493, -263.7392617869762, -167.45489850283232, -531.6969329330454, -523.2693641223524, -0.8496989671532561, -1129.3849120966684, -520.6854507947073, 1067.058126128985, 3471.5700185001147, 1254.7308349741966, -174.9300235278079, -1495.8562041085465, -46.07445005425916, 1736.1609193494196, 575.0311168589137, 2882.145095604603, 80.46906366771755, -1987.396567517456, -265.4805387017588, 657.9687412483556, 405.28899070976183, 761.463220465928, 330.1727211825725, 1112.482810709347, -776.058249566471, -992.328774793722, 890.579528816908, 2104.149540700324, 568.7489633440719, -2159.2966496537656, -210.54875743649305, 1325.4370639871868, 4140.645349795164, 662.0070552423713, -1314.6390973975222, 101.33769592902793, 907.3917140515791, -994.6293810818695, -815.9678634971033, -23.82997828287305, 812.7907677370315, 1406.9592805729346, 2519.226833291519, -512.9799132853367, -1242.8712004355045, -974.7232172094939, 1910.1556265452202, 1508.8859954480556, 665.2021975475689, 103.94060479669999, 1105.0072638416373, 1184.583507437652, 833.672132722876, -1073.3555713007443, -3675.0077033878197, -2112.493568889297, -679.3138923616227, 380.64919921927424, -1961.0670090692802, -1244.6980319500326, 558.3112958424957, 651.7863333129719, 479.9002100019632, 639.953958385179, -588.1622893576667, 735.4363015212343, 615.0059590574762, 12.326317042610722, 577.0215242953908, -235.2308959190851, -1574.0071686587428, 151.40260243328282, 1546.7468880757692, 1430.389372558916, -622.1883673205048, 410.8181844960584, 2459.295803745661, 1153.4012351257738, -529.4199698642662, -1859.1931183881693, -752.1830561070548, 587.4361965824398, 1312.0818465218697, -1369.1059465503777, -2162.6179950314813, -2456.341371315038, -584.77972537598, 1168.6914921231794, 1996.072478914414, 711.1821703744537, -251.87373146558357, -1539.3627087436344, -504.064074389295, 474.1466651560809, 1754.2154876407149, 1116.478084396939, -84.7893698003153, -384.66830088566434, 180.79517917258622, 327.85536686046845, -669.3336180562394, -371.11219452297416, 2307.0755617557897, 1658.0349321222764, -867.4214913169176, -1681.1386508330413, -949.5383819259462, 1305.4235601777161, 152.73084891192715, 2178.255506211602, 2154.4000197099435, 228.58961728888582, -103.8980510016762, 1056.7474901933294, 670.3134740157365, -423.1131153826197, -1328.9330487296734, -76.79994284679549, 1723.064186418168, 2194.72320555241, 23.30716932556784, 188.45674592029056, -2116.6379958611283, -1415.193918594158, -586.5555342820398, 1586.0886602857308, 1175.3176519966582, -2571.0561765065686, -1367.2664833903473, 13.617495934498525, 1228.2560602180695, 698.5814124498606]}, "Latent AR LinUCB s=2": {"actions": [0.0, 1.0, 1.0, 1.0, 0.0, 0.0, 1.0, 1.0, 0.0, 1.0, 0.0, 0.0, 1.0, 1.0, 0.0, 0.0, 0.0, 1.0, 0.0, 0.0, 0.0, 1.0, 1.0, 0.0, 1.0, 0.0, 1.0, 1.0, 1.0, 0.0, 0.0, 1.0, 1.0, 1.0, 0.0, 0.0, 1.0, 0.0, 0.0, 1.0, 0.0, 1.0, 0.0, 0.0, 1.0, 0.0, 0.0, 1.0, 1.0, 0.0, 0.0, 0.0, 1.0, 1.0, 0.0, 0.0, 1.0, 1.0, 0.0, 1.0, 1.0, 0.0, 0.0, 0.0, 1.0, 1.0, 0.0, 0.0, 1.0, 1.0, 0.0, 1.0, 0.0, 0.0, 1.0, 0.0, 0.0, 0.0, 1.0, 1.0, 1.0, 0.0, 0.0, 1.0, 0.0, 1.0, 1.0, 0.0, 0.0, 1.0, 0.0, 1.0, 0.0, 1.0, 1.0, 0.0, 0.0, 1.0, 1.0, 0.0, 0.0, 0.0, 1.0, 1.0, 0.0, 0.0, 1.0, 0.0, 0.0, 0.0, 0.0, 0.0, 1.0, 1.0, 0.0, 0.0, 1.0, 1.0, 1.0, 0.0, 0.0, 1.0, 1.0, 1.0, 0.0, 0.0, 0.0, 1.0, 0.0, 0.0, 0.0, 1.0, 0.0, 1.0, 0.0, 1.0, 1.0, 0.0, 1.0, 1.0, 0.0, 0.0, 1.0, 1.0, 0.0, 0.0, 1.0, 1.0, 1.0, 0.0, 0.0, 0.0, 1.0, 1.0, 1.0, 0.0, 0.0, 0.0, 1.0, 1.0, 1.0, 0.0, 0.0, 0.0, 1.0, 1.0, 1.0, 0.0, 0.0, 1.0, 0.0, 0.0, 1.0, 1.0, 1.0, 0.0, 0.0, 1.0, 0.0, 1.0, 1.0, 1.0, 0.0, 1.0, 1.0, 1.0, 0.0, 0.0, 0.0, 1.0, 0.0, 1.0, 0.0, 0.0, 0.0, 1.0, 1.0, 0.0, 0.0, 0.0],