{"k": 1, "sigma_z": 10, "mean reward 1": [481.4485440196722, -835.4466911371976, -1555.8594538214627, -1005.879677458817, -245.55533533139587, 1244.789224659646, 2586.616206163476, 2835.6970793583337, 2195.4857600385003, 1743.3594674290184, -179.22905483103816, 1078.4892676714926, 427.8233082610061, 1704.8688016960823, 1586.1992367142486, 1061.5790689236505, 128.85574838029842, -285.9002230920663, -323.46748467739576, -298.4187643066979, -554.280567669194, 613.7669324740782, 2318.328117126532, 2021.1313364917423, -456.92183433638894, 1336.8921830422867, 2931.582721525582, 2546.078734406255, 2400.126975819231, 2863.408691082985, 2735.6246270555507, 1592.7722193378665, 2453.9448852114247, 1651.3663183388567, 1378.1580488769437, -428.19279767423114, -498.77785600709296, -99.02264854422098, 104.5316331895228, 401.05326098647447, -678.284565820807, -1956.4620038667229, -101.58988060037792, -65.03669817930584, 360.5710792384773, -114.08513016026083, -832.6054160867253, -1082.2609532883662, -1866.7858335727872, -1547.3323008482344, 1272.5451292966031, 649.6697968380043, 1672.9685902293113, 474.64988989741084, -459.1715628848517, 985.4024579549529, -944.2292156861317, -1285.4311487135533, -1672.9750922840656, -464.97278508903133, -1317.2846518695446, -1296.9985306176027, 554.4009464178484, 1523.243543622034, 539.3939455369343, 957.4489378286538, 1132.932840727957, 2216.0509430370107, 2993.535872597074, 1896.0777769680349, 1812.7025262392401, 925.7985514284617, 90.14168242840155, 186.91560562985083, 820.7611128703576, -677.0984528924885, 26.269729714580325, -2575.4690264875944, -2344.8281651727348, -1963.0030284935558, -3814.2988658105965, -4296.291134219926, -3835.8498042521055, -3782.127737233485, -4004.1870826601235, -1722.1706622329687, -1120.5589163435689, -1825.889448376612, -1934.6821969881028, -2739.1636249548224, -2395.318427939431, -781.4605478893624, 541.885254471838, 2112.909724782146, 1667.738370377613, -377.94215681366586, 280.740886026525, -639.7435402140269, 1060.6735151491896, -30.212770410180845, 630.2103443300373, 1548.541686001937, 201.99298239504574, 1571.235619927998, 2041.5117794033583, 2794.74704562004, 1671.974101351372, 348.9115106406498, 481.9150009149436, -1044.2750655631144, -1075.8455527861317, -2256.0281172749856, -3621.145031835897, -4074.936018782804, -4843.999943141696, -5890.852144705972, -4231.700272360858, -2519.247308959236, -3038.1609429658233, -4704.205906823935, -3099.530753119824, -3664.7588733583843, -2933.4070363434334, -4497.915247972725, -4995.597500180923, -6549.21335257298, -6358.926503956687, -4380.143182410054, -3930.8168918063934, -2211.4387780822904, -673.8467847879109, -468.1671145496571, -405.5703569989154, 846.0917544513039, 1029.2067221913999, 2033.0610963403678, 2444.9879074272703, 2233.233591688576, 2653.5859655074146, 2443.4521904137723, 3173.785300814633, 2244.5169347009532, 2033.815008357757, 1523.0519813250044, 2156.8996168787303, 711.9631624336238, 1297.6125043590614, 711.2644153635782, 243.11666190837914, -320.33280816265017, -136.04925356448706, -471.73748239974225, 206.07674077383163, -20.628583895251484, 511.1991826165992, -610.9928576353913, -1492.9683669217372, -2022.9365726650265, -3212.054255057607, -4069.768995637686, -4352.106759641689, -2641.770222709008, -3516.828883231419, -1475.4274169802163, -1641.904654157796, -246.12769514846704, -40.09889685927088, -76.13925559699332, -717.4116095287707, -685.5363314726613, -155.47911470894462, 43.631851598571856, 122.93941778800294, 1522.1866968932727, 734.9062063877183, 1782.4917185570243, 1987.3067694370861, 1793.2524268003885, 2815.646327537017, 3367.3786643102403, 2590.5827066531956, 2045.595918340816, 2978.7131433574887, 3080.6692969785377, 3542.533258709343, 3365.048010986588, 2199.857546755352, 3106.6808719358137, 4293.763406502052, 4089.5745289144957, 4891.329117672646, 3571.6311844202264, 3806.029090046326, 3879.061078196773, 4589.734308848223, 3219.1684079994707, 3604.0570162483596, 4108.817555154081, 2221.682552510815, 1746.9959738500772],