{"Stationary": {"actions": [1.0, 0.0, 0.0, 0.0, 0.0, 0.0, 0.0, 0.0, 0.0, 0.0, 0.0, 0.0, 0.0, 0.0, 0.0, 0.0, 0.0, 0.0, 0.0, 0.0, 0.0, 0.0, 0.0, 0.0, 0.0, 0.0, 0.0, 0.0, 0.0, 0.0, 0.0, 0.0, 0.0, 0.0, 0.0, 0.0, 0.0, 0.0, 0.0, 0.0, 0.0, 0.0, 0.0, 0.0, 0.0, 0.0, 0.0, 0.0, 0.0, 0.0, 0.0, 0.0, 0.0, 0.0, 0.0, 0.0, 0.0, 0.0, 0.0, 0.0, 0.0, 0.0, 0.0, 0.0, 0.0, 0.0, 0.0, 0.0, 0.0, 0.0, 0.0, 0.0, 0.0, 0.0, 0.0, 0.0, 0.0, 0.0, 0.0, 0.0, 0.0, 0.0, 0.0, 0.0, 0.0, 0.0, 0.0, 0.0, 0.0, 0.0, 0.0, 0.0, 0.0, 0.0, 0.0, 0.0, 0.0, 0.0, 0.0, 0.0, 0.0, 0.0, 0.0, 0.0, 0.0, 0.0, 0.0, 0.0, 0.0, 0.0, 0.0, 0.0, 0.0, 0.0, 0.0, 0.0, 0.0, 0.0, 0.0, 0.0, 0.0, 0.0, 0.0, 0.0, 0.0, 0.0, 0.0, 0.0, 0.0, 0.0, 0.0, 0.0, 0.0, 0.0, 0.0, 0.0, 0.0, 0.0, 0.0, 0.0, 0.0, 0.0, 0.0, 0.0, 0.0, 0.0, 0.0, 0.0, 0.0, 0.0, 0.0, 0.0, 0.0, 0.0, 0.0, 0.0, 0.0, 0.0, 0.0, 0.0, 0.0, 0.0, 0.0, 0.0, 0.0, 0.0, 0.0, 0.0, 0.0, 0.0, 0.0, 0.0, 0.0, 0.0, 0.0, 0.0, 0.0, 0.0, 0.0, 0.0, 0.0, 0.0, 0.0, 0.0, 0.0, 0.0, 0.0, 0.0, 0.0, 0.0, 0.0, 0.0, 0.0, 0.0, 0.0, 0.0, 0.0, 0.0, 0.0, 0.0], "rewards": [365.1176002630468, -1199.6388583331566, -1831.7212084207038, -3299.9526924620354, -3362.3481038325544, -1688.2647974801107, -1857.4280519138185, -1556.4185601491467, -1284.9894632832898, -1209.100537247715, 67.52152803722682, 929.6556293434579, 971.6113908902042, 1568.8288906036892, 4199.481422945663, 2921.958131046476, 2530.4951085499365, 761.938982313495, 677.4481948493504, -857.5303115180345, -1257.59914953811, -155.2407749214411, 132.8589210339639, 93.98107559651288, 1383.583697081177, 1656.563215472681, 1485.305199329341, 330.69799089085393, -1098.4485646590283, -463.8348174999518, 826.9640569083151, 1231.233703126758, 1892.474698737674, 1009.2956166309871, 445.5636000671968, 414.2824788402817, 123.5274862178116, -733.5370219879218, -1260.8468441796776, -1740.0606373715484, -1215.109602985178, -917.3736487172271, -16.80578890856992, -814.3300347818073, -35.29503613427585, 2128.6575908868485, 1714.1729638274792, 1965.596307701148, 1348.7174951879417, 2944.0522221346578, 2852.897519980553, 1880.179132756787, 2572.2082664366894, 1797.31598129311, 1496.4922931113579, 1174.4480173117845, 589.0136858219057, 711.3638458675417, 1450.538204504801, 2231.847340565233, 1753.4924003665187, 242.3512102350651, -696.8053294589012, -1663.4881487671078, -2550.0145121875166, -2631.6382191928465, -3086.996681210866, -2442.9340626746775, -1671.1267143226296, -742.2008023656657, -668.787354458225, -284.96801806304586, 64.26839178558711, -1589.5883489421076, -1868.752346624168, -2614.3393898576815, 191.65174180271214, -91.32501845382698, -863.2611884355291, -553.7200185104942, 477.8033593541005, 1218.5186259624586, 1406.1183106212204, 2616.3735580888147, 2299.9389882791293, 2798.473493373833, 1646.7158170198377, 1090.3380097680001, -1440.1137834945764, -1247.256670592675, -1246.1421058598858, -1651.3720078016545, -2445.7938078328516, -2282.403528246652, -2247.4247366853415, -567.0857965700724, -252.3813720687388, -319.4354531184051, -1179.3541527698019, -1402.6585374692206, 655.2454002987536, -181.25099395686672, -664.2445284125242, 961.8652057756625, 2047.4170902150572, 434.43961209493426, 905.6568448142766, 547.7252072674312, 1431.9344736590456, 1214.5208406429974, 464.55480016657515, 6.676800306189467, -350.39417963282096, 2266.8532339267786, 2044.8809192166755, 910.6293735747486, 557.1472152576335, 1654.4349603329968, 2074.3397728053715, 505.424841342467, 1843.7052928741948, 2881.814181950549, 3829.0466087638947, 4394.635709804797, 4564.378096521185, 3107.4337055609667, 2540.0225417424676, 2589.1519466498125, 2121.2371620509994, 2058.6070467641903, 1709.3374216720454, -224.62245418715315, 1681.6246719736284, 795.419602698257, 937.4054585186258, 1839.171315019229, 2013.0995067129202, 1451.9363239376187, 2552.195824098041, 3172.30914145789, 3507.0989154430513, 1633.1802148522609, 656.9396145891318, 460.4909539587293, 532.664366185384, 916.5928724737416, 63.38728944979218, 964.3937144062137, 1532.6732241067568, 105.32650754739404, 74.59698145957498, 709.7898818424442, 343.9184074150399, -589.526920507784, -1392.7683819295346, -2350.0315052446263, -3670.974694885729, -4558.651639157207, -3622.659215694291, -3184.4547486178203, -3335.909901504239, -2636.406335101456, -2829.088968099872, -3395.9662972425067, -3855.8212689715147, -3515.284263104883, -2998.5277151232076, -2917.059814092085, -899.5438739128539, -1663.0206636044775, -1301.2527263364464, -377.15724245984194, -1759.5073386165188, -1056.5583239203108, -214.1924527642256, -30.532539411161636, -159.11622463151582, 434.3750708039461, 855.1478758510981, 501.96399035368086, 2185.439433759547, 3050.2715133681304, 3122.4517312004573, 1460.9456739650093, 984.2975997019297, 90.247623374233, 338.0525600686471, 401.85521241255765, -666.8435112200563, -2579.4318353226063, 21.99347172291128, 270.83267404231276, -864.6236990924717, -821.7737462641687, -1162.0210234495871, -1843.5087618274156, -1235.7871891775803, 1110.2184532583824, 1302.9183182562012, -516.9337955293735]}, "Latent AR LinUCB s=2": {"actions": [1.0, 1.0, 0.0, 0.0, 0.0, 0.0, 0.0, 0.0, 0.0, 0.0, 0.0, 0.0, 0.0, 0.0, 0.0, 0.0, 0.0, 0.0, 0.0, 0.0, 0.0, 0.0, 0.0, 0.0, 0.0, 0.0, 0.0, 0.0, 0.0, 0.0, 0.0, 0.0, 0.0, 0.0, 0.0, 0.0, 0.0, 0.0, 0.0, 0.0, 0.0, 0.0, 0.0, 0.0, 0.0, 0.0, 0.0, 0.0, 0.0, 0.0, 0.0, 0.0, 0.0, 0.0, 0.0, 0.0, 0.0, 0.0, 0.0, 0.0, 0.0, 0.0, 0.0, 0.0, 0.0, 0.0, 0.0, 0.0, 0.0, 0.0, 0.0, 0.0, 0.0, 0.0, 0.0, 0.0, 0.0, 0.0, 0.0, 0.0, 0.0, 0.0, 0.0, 0.0, 0.0, 0.0, 0.0, 0.0, 0.0, 0.0, 0.0, 0.0, 0.0, 0.0, 0.0, 0.0, 0.0, 0.0, 0.0, 0.0, 0.0, 0.0, 0.0, 0.0, 0.0, 0.0, 0.0, 0.0, 0.0, 0.0, 0.0, 0.0, 0.0, 0.0, 0.0, 0.0, 0.0, 0.0, 0.0, 0.0, 0.0, 0.0, 0.0, 0.0, 0.0, 0.0, 0.0, 0.0, 0.0, 0.0, 0.0, 0.0, 0.0, 0.0, 0.0, 0.0, 0.0, 0.0, 0.0, 0.0, 0.0, 0.0, 0.0, 0.0, 0.0, 0.0, 0.0, 0.0, 0.0, 0.0, 0.0, 0.0, 0.0, 0.0, 0.0, 0.0, 0.0, 0.0, 0.0, 0.0, 0.0, 0.0, 0.0, 0.0, 0.0, 0.0, 0.0, 0.0, 0.0, 0.0, 0.0, 0.0, 0.0, 0.0, 0.0, 0.0, 0.0, 0.0, 0.0, 0.0, 0.0, 0.0, 0.0, 0.0, 0.0, 0.0, 0.0, 0.0, 0.0, 0.0, 0.0, 0.0, 0.0, 0.0, 0.0, 0.0, 0.0, 0.0, 0.0, 0.0],