{"Stationary": {"actions": [1.0, 0.0, 0.0, 0.0, 0.0, 0.0, 0.0, 0.0, 0.0, 0.0, 0.0, 0.0, 0.0, 0.0, 0.0, 0.0, 0.0, 0.0, 0.0, 0.0, 0.0, 0.0, 0.0, 0.0, 0.0, 0.0, 0.0, 0.0, 0.0, 0.0, 0.0, 0.0, 0.0, 0.0, 0.0, 0.0, 0.0, 0.0, 0.0, 0.0, 0.0, 0.0, 0.0, 0.0, 0.0, 0.0, 0.0, 0.0, 0.0, 0.0, 0.0, 0.0, 0.0, 0.0, 0.0, 0.0, 0.0, 0.0, 0.0, 0.0, 0.0, 0.0, 0.0, 0.0, 0.0, 0.0, 0.0, 0.0, 0.0, 0.0, 0.0, 0.0, 0.0, 0.0, 0.0, 0.0, 0.0, 0.0, 0.0, 0.0, 0.0, 0.0, 0.0, 0.0, 0.0, 0.0, 0.0, 0.0, 0.0, 0.0, 0.0, 0.0, 0.0, 0.0, 0.0, 0.0, 0.0, 0.0, 0.0, 0.0, 0.0, 0.0, 0.0, 0.0, 0.0, 0.0, 0.0, 0.0, 0.0, 0.0, 0.0, 0.0, 0.0, 0.0, 0.0, 0.0, 0.0, 0.0, 0.0, 0.0, 0.0, 0.0, 0.0, 0.0, 0.0, 0.0, 0.0, 0.0, 0.0, 0.0, 0.0, 0.0, 0.0, 0.0, 0.0, 0.0, 0.0, 0.0, 0.0, 0.0, 0.0, 0.0, 0.0, 0.0, 0.0, 0.0, 0.0, 0.0, 0.0, 0.0, 0.0, 0.0, 0.0, 0.0, 0.0, 0.0, 0.0, 0.0, 0.0, 0.0, 0.0, 0.0, 0.0, 0.0, 0.0, 0.0, 0.0, 0.0, 0.0, 0.0, 0.0, 0.0, 0.0, 0.0, 0.0, 0.0, 0.0, 0.0, 0.0, 0.0, 0.0, 0.0, 0.0, 0.0, 0.0, 0.0, 0.0, 0.0, 0.0, 0.0, 0.0, 0.0, 0.0, 0.0, 0.0, 0.0, 0.0, 0.0, 0.0, 0.0], "rewards": [488.392787803847, -276.4041361226975, 182.87888247610633, 251.54278567590094, 460.2226447188173, -982.3254830994539, -856.6225626491399, -431.13796313570185, -1000.750038131397, -1462.6614352850995, -1614.4192866328326, -3346.87835191661, -1808.8631492043105, -1518.854358328025, -314.7961618109917, 1037.0573115317184, 2024.2602372557205, 1672.6044175401398, 1289.8513622106432, 1751.1701962333573, 3244.929552216571, 2898.910281414996, 2710.279732178014, 1972.597570852138, 1521.6878407822721, 310.1380213473377, -439.09994496180934, -794.7648848802172, -2892.669142379166, -3194.9410109689525, -706.7288706875665, -290.37903747991766, 1073.0552550920297, 2625.6301139587217, 2673.492284670943, 2238.0764137293113, 4129.937763359426, 3247.764956276257, 3483.4865476028235, 3035.0987533462026, 2979.503241096025, 1611.10969355391, 1831.6853403071043, 1497.0724848112877, -546.038284121499, -81.48964016517242, 916.5097028401385, -43.10570967377232, -153.95969257361116, 691.7429369583492, 866.7018898665013, 790.4888622988203, 2009.3944706681439, 3184.723022701789, 2348.6584072681844, 2345.0760062805584, 1062.5742995723258, 47.400547473338406, 571.9178642364731, -602.9080730213772, -773.7334811988219, -2384.648858784297, -4350.05540171633, -5273.3101926233485, -4548.502137574663, -4189.9226382659035, -3633.2158658420467, -3306.392752239778, -2235.1782330964334, -1082.8806793640733, 559.6626505576193, 761.6652075140546, 1317.9529999778442, 708.6970186097499, 1902.9430168138226, 2131.0001546097355, 1753.6590705962233, 1801.1068040665093, 3039.966562958086, 2235.098477733663, 3335.986539399752, 3068.942876158809, 2958.5140991750254, 3833.5064730765434, 2976.08019497898, 2326.3713551183396, 1577.0685274364023, 709.9070319005897, 1490.8671884002426, 485.66496122746327, 544.3679634548353, 2328.3624288836963, 1261.386493193754, 225.78896826918572, -1035.8346135540346, -515.0531492422093, -785.8943735155032, -1110.8233077635466, -2601.7035396133365, -3521.1608908733656, -3371.1136956794276, -4175.931336962862, -2762.3508760455666, -5209.611032963584, -3196.403641585266, -4773.929085408302, -3445.0636289718145, -3188.692366623222, -1740.3048097263327, -698.7996366154548, -2392.7795806939903, -3072.191956207365, -1478.621105263348, -465.7489258563885, -473.0864751710142, -296.0198031502785, 935.9723218374733, -53.84224031399202, -467.4948519038655, -313.3618710843927, 611.3949607714962, -613.6618035139672, -2938.205698410726, -2873.6350935736427, -3709.207647697882, -2671.7254457221247, -4251.362053941481, -3541.917462837791, -3242.9533228198366, -2617.364866360913, -2008.3692482770916, -1171.0584720706552, 244.52618268651284, 553.505855222655, -533.0282593171224, -733.5254978796378, -342.0268160744083, -36.266308317433314, 42.56948696629887, 577.9047180936103, 123.64865083741087, 108.26348529238568, -196.22111861189632, 410.1775326186339, 933.2845957053983, 606.1259396980523, 770.5010400556865, 1358.7116108443001, 3685.324630405732, 2512.3835407796037, 3130.92544657931, 968.3661548263726, 1575.8340784292934, 764.0414964436003, -911.5867183143915, -1821.3134786077444, -2096.65426986808, -1964.370914637849, -2104.7318907417693, -1431.6263986932927, -1017.8158817766889, -1468.5084844301675, -444.33170662072445, 140.63421321216717, 1332.0688674740882, 1859.4708228494444, 700.2589755895398, 392.5897631169498, 350.6307485572058, 1231.3506062798542, 2113.9350113484747, 3188.397459421122, 1640.8881422157817, 1620.5149069139336, 1293.3640831494458, 2407.5111363164433, 1324.457721978328, 1617.7758872246482, 1597.7956254191615, 2864.172072798452, 256.61009983058364, 746.652110794453, 2754.660517619885, 984.6959755717946, 2246.0540455219016, 685.4472198881443, 1389.6023302387741, 1854.8006720198164, 264.8559725367381, 828.438900333858, 1808.0305963944822, 1207.3802274640225, 1358.0510745314944, 1520.4034493475679, 1950.3084480927848, 1643.3327924637408, 1997.5736318943602, 3253.7607241525807, 3732.365925864414, 2057.5049172388003]}, "Latent AR LinUCB s=2": {"actions": [1.0, 0.0, 0.0, 0.0, 0.0, 0.0, 0.0, 0.0, 0.0, 0.0, 0.0, 0.0, 0.0, 0.0, 0.0, 0.0, 0.0, 0.0, 0.0, 0.0, 0.0, 0.0, 0.0, 0.0, 0.0, 0.0, 0.0, 0.0, 0.0, 0.0, 0.0, 0.0, 0.0, 0.0, 0.0, 0.0, 0.0, 0.0, 0.0, 0.0, 0.0, 0.0, 0.0, 0.0, 0.0, 0.0, 0.0, 0.0, 0.0, 0.0, 0.0, 0.0, 0.0, 0.0, 0.0, 0.0, 0.0, 0.0, 0.0, 0.0, 0.0, 0.0, 0.0, 0.0, 0.0, 0.0, 0.0, 0.0, 0.0, 0.0, 0.0, 0.0, 0.0, 0.0, 0.0, 0.0, 0.0, 0.0, 0.0, 0.0, 0.0, 0.0, 0.0, 0.0, 0.0, 0.0, 0.0, 0.0, 0.0, 0.0, 0.0, 0.0, 0.0, 0.0, 0.0, 0.0, 0.0, 0.0, 0.0, 0.0, 0.0, 0.0, 0.0, 0.0, 0.0, 0.0, 0.0, 0.0, 0.0, 0.0, 0.0, 0.0, 0.0, 0.0, 0.0, 0.0, 0.0, 0.0, 0.0, 0.0, 0.0, 0.0, 0.0, 0.0, 0.0, 0.0, 0.0, 0.0, 0.0, 0.0, 0.0, 0.0, 0.0, 0.0, 0.0, 0.0, 0.0, 0.0, 0.0, 0.0, 0.0, 0.0, 0.0, 0.0, 0.0, 0.0, 0.0, 0.0, 0.0, 0.0, 0.0, 0.0, 0.0, 0.0, 0.0, 0.0, 0.0, 0.0, 0.0, 0.0, 0.0, 0.0, 0.0, 0.0, 0.0, 0.0, 0.0, 0.0, 0.0, 0.0, 0.0, 0.0, 0.0, 0.0, 0.0, 0.0, 0.0, 0.0, 0.0, 0.0, 0.0, 0.0, 0.0, 0.0, 0.0, 0.0, 0.0, 0.0, 0.0, 0.0, 0.0, 0.0, 0.0, 0.0, 0.0, 0.0, 0.0, 0.0, 0.0, 0.0],