{"Stationary": {"actions": [0.0, 0.0, 0.0, 0.0, 0.0, 0.0, 0.0, 0.0, 0.0, 0.0, 0.0, 0.0, 0.0, 0.0, 0.0, 0.0, 0.0, 0.0, 0.0, 0.0, 0.0, 0.0, 0.0, 0.0, 0.0, 0.0, 0.0, 0.0, 0.0, 0.0, 0.0, 0.0, 0.0, 0.0, 0.0, 0.0, 0.0, 0.0, 0.0, 0.0, 0.0, 0.0, 0.0, 0.0, 0.0, 0.0, 0.0, 0.0, 0.0, 0.0, 0.0, 0.0, 0.0, 0.0, 0.0, 0.0, 0.0, 0.0, 0.0, 0.0, 0.0, 0.0, 0.0, 0.0, 0.0, 0.0, 0.0, 0.0, 0.0, 0.0, 0.0, 0.0, 0.0, 0.0, 0.0, 0.0, 0.0, 0.0, 0.0, 0.0, 0.0, 0.0, 0.0, 0.0, 0.0, 0.0, 0.0, 0.0, 0.0, 0.0, 0.0, 0.0, 0.0, 0.0, 0.0, 0.0, 0.0, 0.0, 0.0, 0.0, 0.0, 0.0, 0.0, 0.0, 0.0, 0.0, 0.0, 0.0, 0.0, 0.0, 0.0, 0.0, 0.0, 0.0, 0.0, 0.0, 0.0, 0.0, 0.0, 0.0, 0.0, 0.0, 0.0, 0.0, 0.0, 0.0, 0.0, 0.0, 0.0, 0.0, 0.0, 0.0, 0.0, 0.0, 0.0, 0.0, 0.0, 0.0, 0.0, 0.0, 0.0, 0.0, 0.0, 0.0, 0.0, 0.0, 0.0, 0.0, 0.0, 0.0, 0.0, 0.0, 0.0, 0.0, 0.0, 0.0, 0.0, 0.0, 0.0, 0.0, 0.0, 0.0, 0.0, 0.0, 0.0, 0.0, 0.0, 0.0, 0.0, 0.0, 0.0, 0.0, 0.0, 0.0, 0.0, 0.0, 0.0, 0.0, 0.0, 0.0, 0.0, 0.0, 0.0, 0.0, 0.0, 0.0, 0.0, 0.0, 0.0, 0.0, 0.0, 0.0, 0.0, 0.0, 0.0, 0.0, 0.0, 0.0, 0.0, 0.0], "rewards": [-530.4722856319669, 356.1961674255101, 1487.4796762242, 2445.101508043401, 2372.56094791443, 3060.722258743886, 3343.4313899524905, 2347.4416234825944, 2116.65832450308, 1963.4222420302801, 1748.5406118971412, 1808.4091872345164, 3256.6189421527733, 3617.842536510145, 1057.0145186749055, 2196.4775026994107, 1239.7517906221399, 130.9564440657253, 633.9308227770332, 197.21842216233205, -1161.0032039647388, -2666.9431801867036, -2382.1950652379746, -1282.7836572846572, -1809.0680433501736, -978.5342001533388, 1097.0837904025425, 1209.6823019277379, 2450.564108792944, 4837.104745740268, 5619.476554712724, 5908.2535227283415, 3700.1152462527425, 3373.6795392749564, 3713.639100160805, 4260.314695619274, 4746.5449574542445, 4295.106793057048, 5160.321051671222, 4096.68713730949, 1969.7113161825946, 1078.0937946588353, 110.07290462619031, -779.6286479391756, -1202.5338474772554, -1808.4528416455873, -1921.483572063763, -2484.530328359234, -1518.0040760181712, -1743.4845970195151, -2083.8640668781754, -233.30425803623766, -13.345713806852, -190.34499611073542, -403.567264596574, -34.13049526149851, -1457.840240253621, -1182.1632300350175, -1455.0956662861481, -1785.3230640913166, -400.60344353121974, -605.2994965307455, -1031.9685570943059, -1455.761402673239, -1013.1234069677266, -865.7344795962805, -1134.8036721328224, -1058.0709322647624, -607.9312331430887, -701.7210980623403, -1416.6155522171678, -2560.959696188477, -2967.6048154630043, -2615.5127706688954, -3428.969047325802, -2914.024062521028, -580.0172530410247, 511.58939002856545, -523.954364600272, -2224.0465169457298, -2455.3467774865126, -1216.184900355092, 75.58677837075348, 349.5761377946679, 2146.5988265399487, 1041.2460095602733, -594.916543902725, -343.8723576270256, -1863.4758524356923, -2076.405694097359, -1260.3813508845249, -2021.9717600919814, -1483.841524560211, -1430.0692511855866, 483.08404116823635, 78.07886388934308, 608.8975756448218, 1316.2399786191738, 177.10451784316405, -1684.804719147978, -1971.5335607891748, -1626.0959591891708, -783.8737633985611, -1289.690520490614, -2529.839335359373, -1612.186471572763, -484.7171349730617, 352.28266834570405, -1208.741313459841, -749.1638202773689, -800.854392401475, 536.9757127245166, 313.23616182848116, 2714.3601792808868, 3089.2730556248107, 1550.1643576045547, 3209.897116006397, 1152.7540613790345, -261.44819885694415, 432.09439633520486, 2046.7951991843265, 4290.268889144511, 4089.867973808463, 4203.267845074645, 3444.400075932204, 1598.3399005813667, -997.1214749390293, -67.70713045766394, 2046.753971224944, 713.5252022454516, 1144.268587699981, -117.64806360557216, -588.6977722961287, -468.96201344808105, -1360.2003156365915, -1015.0287521325054, -1971.749608712118, -1673.2736145241151, -848.3928059486636, 147.08790687928825, 357.9147652024075, 641.2642207875577, 897.977687954867, 650.6208342001587, 1576.2759954223031, 1782.116184315509, 2100.270194029144, 3246.926132704055, 1099.9931294497221, 1758.7632959080638, 2682.9499506096595, 2454.146865561005, 87.4305037418298, 1238.1991017499442, 2441.4958599864826, 3004.150879521224, 1673.88718197086, 1482.6547951641114, 1492.1262041142618, 1614.8480341495747, 2621.033891224028, 3735.0272934243976, 2384.782912502126, 1861.143768979966, 2684.3801285026348, 3152.0017792823946, 3323.0221161630498, 1997.7846036346357, 1634.0563998398763, 2181.2659257578143, 545.0852634842353, -569.8220229601106, 949.5560348887241, 708.4107811083079, 1946.4120330127798, 2197.7503090190903, 2395.3184394766477, 839.2991987703731, 3495.2829339941236, 3356.6140731398596, 2638.976730593513, 898.3723015748368, 2068.0762490041852, 2116.7681567323903, 2492.288871926746, 2849.5580534356177, 3590.4525383404507, 4655.648192869673, 3363.9434847746493, 2296.6013894929583, 1260.4272166404928, 1168.9856444888158, 2609.6948331939884, 1872.78801515025, 1356.5741932987833, 1832.4300980401315, 3426.456974036968, 2710.980534967465, 2024.4829373301611, 949.4760449262914]}, "Latent AR LinUCB s=2": {"actions": [0.0, 1.0, 0.0, 0.0, 0.0, 0.0, 0.0, 0.0, 0.0, 0.0, 0.0, 0.0, 0.0, 0.0, 0.0, 0.0, 0.0, 0.0, 0.0, 0.0, 0.0, 0.0, 0.0, 0.0, 0.0, 0.0, 0.0, 0.0, 0.0, 0.0, 0.0, 0.0, 0.0, 0.0, 0.0, 0.0, 0.0, 0.0, 0.0, 0.0, 0.0, 0.0, 0.0, 0.0, 0.0, 0.0, 0.0, 0.0, 0.0, 0.0, 0.0, 0.0, 0.0, 0.0, 0.0, 0.0, 0.0, 0.0, 0.0, 0.0, 0.0, 0.0, 0.0, 0.0, 0.0, 0.0, 0.0, 0.0, 0.0, 0.0, 0.0, 0.0, 0.0, 0.0, 0.0, 0.0, 0.0, 0.0, 0.0, 0.0, 0.0, 0.0, 0.0, 0.0, 0.0, 0.0, 0.0, 0.0, 0.0, 0.0, 0.0, 0.0, 0.0, 0.0, 0.0, 0.0, 0.0, 0.0, 0.0, 0.0, 0.0, 0.0, 0.0, 0.0, 0.0, 0.0, 0.0, 0.0, 0.0, 0.0, 0.0, 0.0, 0.0, 0.0, 0.0, 0.0, 0.0, 0.0, 0.0, 0.0, 0.0, 0.0, 0.0, 0.0, 0.0, 0.0, 0.0, 0.0, 0.0, 0.0, 0.0, 0.0, 0.0, 0.0, 0.0, 0.0, 0.0, 0.0, 0.0, 0.0, 0.0, 0.0, 0.0, 0.0, 0.0, 0.0, 0.0, 0.0, 0.0, 0.0, 0.0, 0.0, 0.0, 0.0, 0.0, 0.0, 0.0, 0.0, 0.0, 0.0, 0.0, 0.0, 0.0, 0.0, 0.0, 0.0, 0.0, 0.0, 0.0, 0.0, 0.0, 0.0, 0.0, 0.0, 0.0, 0.0, 0.0, 0.0, 0.0, 0.0, 0.0, 0.0, 0.0, 0.0, 0.0, 0.0, 0.0, 0.0, 0.0, 0.0, 0.0, 0.0, 0.0, 0.0, 0.0, 0.0, 0.0, 0.0, 0.0, 0.0],