{"Stationary": {"actions": [1.0, 0.0, 0.0, 0.0, 0.0, 0.0, 0.0, 0.0, 0.0, 0.0, 0.0, 0.0, 0.0, 0.0, 0.0, 0.0, 0.0, 0.0, 0.0, 0.0, 0.0, 0.0, 0.0, 0.0, 0.0, 0.0, 0.0, 0.0, 0.0, 0.0, 0.0, 0.0, 0.0, 0.0, 0.0, 0.0, 0.0, 0.0, 0.0, 0.0, 0.0, 0.0, 0.0, 0.0, 0.0, 0.0, 0.0, 0.0, 0.0, 0.0, 0.0, 0.0, 0.0, 0.0, 0.0, 0.0, 0.0, 0.0, 0.0, 0.0, 0.0, 0.0, 0.0, 0.0, 0.0, 0.0, 0.0, 0.0, 0.0, 0.0, 0.0, 0.0, 0.0, 0.0, 0.0, 0.0, 0.0, 0.0, 0.0, 0.0, 0.0, 0.0, 0.0, 0.0, 0.0, 0.0, 0.0, 0.0, 0.0, 0.0, 0.0, 0.0, 0.0, 0.0, 0.0, 0.0, 0.0, 0.0, 0.0, 0.0, 0.0, 0.0, 0.0, 0.0, 0.0, 0.0, 0.0, 0.0, 0.0, 0.0, 0.0, 0.0, 0.0, 0.0, 0.0, 0.0, 0.0, 0.0, 0.0, 0.0, 0.0, 0.0, 0.0, 0.0, 0.0, 0.0, 0.0, 0.0, 0.0, 0.0, 0.0, 0.0, 0.0, 0.0, 0.0, 0.0, 0.0, 0.0, 0.0, 0.0, 0.0, 0.0, 0.0, 0.0, 0.0, 0.0, 0.0, 0.0, 0.0, 0.0, 0.0, 0.0, 0.0, 0.0, 0.0, 0.0, 0.0, 0.0, 0.0, 0.0, 0.0, 0.0, 0.0, 0.0, 0.0, 0.0, 0.0, 0.0, 0.0, 0.0, 0.0, 0.0, 0.0, 0.0, 0.0, 0.0, 0.0, 0.0, 0.0, 0.0, 0.0, 0.0, 0.0, 0.0, 0.0, 0.0, 0.0, 0.0, 0.0, 0.0, 0.0, 0.0, 0.0, 0.0, 0.0, 0.0, 0.0, 0.0, 0.0, 0.0], "rewards": [-641.0895132440496, 1705.8018246437405, 481.4979428709769, -984.4518609349531, -118.48175854379457, -1827.9838146043178, -3253.6082684612297, -3446.40336775634, -2695.0969588827284, -1562.0767144404995, 249.64140085532318, -2073.4719917883203, -3924.9257732814676, -5381.406969578128, -6156.673219914988, -5547.04137482544, -4668.880389312992, -5299.132125385151, -5542.44874762114, -5556.530639922214, -4151.426678423198, -3407.723046606818, -3866.3483520350696, -1549.5931095118601, -686.5426894336846, -2524.1769289899944, -3096.8869743129176, -2838.7190949948827, -2654.774756922841, -2072.9743587470934, -4.374140813133718, 1669.1288707322165, 2804.7422433410466, 4486.474146099387, 4794.834552364133, 4844.547162507935, 6406.637557385472, 6750.455706326401, 4848.705524380932, 4747.1845850384425, 3841.8004072790714, 6165.127570249319, 6094.802489250717, 7302.408479106339, 5562.695876401706, 4016.24193447372, 3373.011209338912, 3959.485585030543, 3661.686772594041, 3720.854413832046, 4135.285216185174, 3406.593466451272, 2177.5275396062325, 4241.140277078206, 3864.8010107826317, 2357.468080517043, 1090.5556966461209, -256.28082625235453, -417.8169318480186, 1181.3940701980316, 620.7029337439686, -724.800734240436, 1036.3395038176886, -817.1227533999124, -1250.9489196906454, -1054.243653033609, -440.1129916948445, -906.1153107753605, 464.0593300006921, -607.6344795315885, -539.063118932154, -1525.6076698431445, -1611.5984643894021, -257.0735048209009, -1410.2900498250071, 296.9898551322387, 108.99323614886673, 2.9223135571470937, -2005.6398405896327, -109.56102358096328, -259.6290069680824, 320.01556676444545, 75.77923541501141, -872.9608256359572, -2242.471636568078, -3526.5480894354746, -4122.877444586248, -3967.753162331765, -2895.608496475192, -2204.5065793823364, 176.51378989086703, -568.4966637155495, 231.1557227417497, 629.6069488625419, -220.90224391432315, -362.98975482537327, -630.7705721326018, 524.9134199281951, -568.1920940161408, 324.82370109892554, -397.8532012200629, -229.94959307677095, 995.918257516752, 6.66325668508744, -786.9756090302182, 287.4126392805321, 396.8506582848596, 727.4837219949484, 3703.5787777185656, 4094.6084165054235, 4312.359879335311, 3652.8994517548417, 3022.9962039713687, 2483.1570617762804, 2438.5988845229645, 2988.9694421507893, 2063.6283955802833, 2884.1073765432498, 2113.4101563598824, 2043.182645827941, 999.9624885017728, 226.88782089793105, -2011.4030836766394, -554.7850960234769, -1577.6332752412043, 50.59398547203114, 695.617260954708, 170.39860683340947, -518.1185694950607, -613.0015114206858, -1282.6633912369753, -1829.38997677657, -1252.9781974884033, -546.8015000933877, -548.9911991522279, 823.7334830421245, 1150.776411906837, 434.97395979996605, 1256.7292182395922, 2164.2633189646513, 1354.4194475576053, 969.4707618333624, 150.53072609490408, 1337.951974627281, 1226.2144223324256, 491.2646261883074, 781.6135262582138, -257.6336703237123, -519.0316975644546, -1701.6438434048605, 1053.6416948645283, 49.73297095139965, 566.9292558549245, 399.1075068778219, -862.4876330267983, -350.40752411800537, 1673.5906386167344, 1858.8004899184348, 1920.6188361794605, 1826.8483622766173, 512.3593186986411, 1624.3344182142548, 2002.1405898839428, -430.56229212983226, -584.1066781859138, 23.99490741306966, 417.06371370865884, 803.4743911619245, 923.1423411706829, 1476.01525130134, 1065.1656848489756, 1927.1410677552374, 375.99711991454114, -219.20581472577632, -941.3097429066227, -1335.6014093887102, -990.1629391187622, -1570.4986880773836, -1384.135059062634, 51.61833760797761, 941.8323042405764, 278.66578238744484, 3096.2341735202103, 4220.211990992056, 4279.587741398343, 3289.308936473216, 4102.861087017961, 2562.3075551071083, 2857.537896986715, 4216.468569799602, 4009.8889744798903, 3598.4969013685386, 4413.317023558115, 1681.669061042483, 1089.8639085069547, 1467.157039068657, 784.8760879772265, 893.7521574721554, 135.2128011558757, 758.6721973925725]}, "Latent AR LinUCB s=2": {"actions": [1.0, 1.0, 0.0, 0.0, 0.0, 0.0, 0.0, 0.0, 0.0, 0.0, 0.0, 0.0, 0.0, 0.0, 0.0, 0.0, 0.0, 0.0, 0.0, 0.0, 0.0, 0.0, 0.0, 0.0, 0.0, 0.0, 0.0, 0.0, 0.0, 0.0, 0.0, 0.0, 0.0, 0.0, 0.0, 0.0, 0.0, 0.0, 0.0, 0.0, 0.0, 0.0, 0.0, 0.0, 0.0, 0.0, 0.0, 0.0, 0.0, 0.0, 0.0, 0.0, 0.0, 0.0, 0.0, 0.0, 0.0, 0.0, 0.0, 0.0, 0.0, 0.0, 0.0, 0.0, 0.0, 0.0, 0.0, 0.0, 0.0, 0.0, 0.0, 0.0, 0.0, 0.0, 0.0, 0.0, 0.0, 0.0, 0.0, 0.0, 0.0, 0.0, 0.0, 0.0, 0.0, 0.0, 0.0, 0.0, 0.0, 0.0, 0.0, 0.0, 0.0, 0.0, 0.0, 0.0, 0.0, 0.0, 0.0, 0.0, 0.0, 0.0, 0.0, 0.0, 0.0, 0.0, 0.0, 0.0, 0.0, 0.0, 0.0, 0.0, 0.0, 0.0, 0.0, 0.0, 0.0, 0.0, 0.0, 0.0, 0.0, 0.0, 0.0, 0.0, 0.0, 0.0, 0.0, 0.0, 0.0, 0.0, 0.0, 0.0, 0.0, 0.0, 0.0, 0.0, 0.0, 0.0, 0.0, 0.0, 0.0, 0.0, 0.0, 0.0, 0.0, 0.0, 0.0, 0.0, 0.0, 0.0, 0.0, 0.0, 0.0, 0.0, 0.0, 0.0, 0.0, 0.0, 0.0, 0.0, 0.0, 0.0, 0.0, 0.0, 0.0, 0.0, 0.0, 0.0, 0.0, 0.0, 0.0, 0.0, 0.0, 0.0, 0.0, 0.0, 0.0, 0.0, 0.0, 0.0, 0.0, 0.0, 0.0, 0.0, 0.0, 0.0, 0.0, 0.0, 0.0, 0.0, 0.0, 0.0, 0.0, 0.0, 0.0, 0.0, 0.0, 0.0, 0.0, 0.0],