{"Stationary": {"actions": [0.0, 0.0, 0.0, 0.0, 0.0, 0.0, 0.0, 0.0, 0.0, 0.0, 0.0, 0.0, 0.0, 0.0, 0.0, 0.0, 0.0, 0.0, 0.0, 0.0, 0.0, 0.0, 0.0, 0.0, 0.0, 0.0, 0.0, 0.0, 0.0, 0.0, 0.0, 0.0, 0.0, 0.0, 0.0, 0.0, 0.0, 0.0, 0.0, 0.0, 0.0, 0.0, 0.0, 0.0, 0.0, 0.0, 0.0, 0.0, 0.0, 0.0, 0.0, 0.0, 0.0, 0.0, 0.0, 0.0, 0.0, 0.0, 0.0, 0.0, 0.0, 0.0, 0.0, 0.0, 0.0, 0.0, 0.0, 0.0, 0.0, 0.0, 0.0, 0.0, 0.0, 0.0, 0.0, 0.0, 0.0, 0.0, 0.0, 0.0, 0.0, 0.0, 0.0, 0.0, 0.0, 0.0, 0.0, 0.0, 0.0, 0.0, 0.0, 0.0, 0.0, 0.0, 0.0, 0.0, 0.0, 0.0, 0.0, 0.0, 0.0, 0.0, 0.0, 0.0, 0.0, 0.0, 0.0, 0.0, 0.0, 0.0, 0.0, 0.0, 0.0, 0.0, 0.0, 0.0, 0.0, 0.0, 0.0, 0.0, 0.0, 0.0, 0.0, 0.0, 0.0, 0.0, 0.0, 0.0, 0.0, 0.0, 0.0, 0.0, 0.0, 0.0, 0.0, 0.0, 0.0, 0.0, 0.0, 0.0, 0.0, 0.0, 0.0, 0.0, 0.0, 0.0, 0.0, 0.0, 0.0, 0.0, 0.0, 0.0, 0.0, 0.0, 0.0, 0.0, 0.0, 0.0, 0.0, 0.0, 0.0, 0.0, 0.0, 0.0, 0.0, 0.0, 0.0, 0.0, 0.0, 0.0, 0.0, 0.0, 0.0, 0.0, 0.0, 0.0, 0.0, 0.0, 0.0, 0.0, 0.0, 0.0, 0.0, 0.0, 0.0, 0.0, 0.0, 0.0, 0.0, 0.0, 0.0, 0.0, 0.0, 0.0, 0.0, 0.0, 0.0, 0.0, 0.0, 0.0], "rewards": [-720.1373101004049, -2965.6990504012197, -2274.752506551492, -2671.819678641249, -3110.3515996953874, -3563.9738354463752, -4028.650877468348, -3327.928710482372, -2513.923611837158, -4020.022890595406, -3083.2264973417477, -3021.44703904445, -994.027386809395, -1958.8848366324553, -1566.3865259478678, -575.3965548263684, 1441.913825376806, 999.8265880817122, 403.49404630096035, 419.77372777055615, 1120.5629650931483, -541.3256622962606, 1018.3403668392062, 973.8186238601712, -284.17041870952585, -831.769768849589, 168.04162184209454, 1174.743049896898, -687.3214582875855, 202.93945159538598, 903.0529693150793, 963.7416736697741, 2032.2269003538293, 723.3843605503552, 845.3487144270725, 2024.6218838887576, 3647.0214009120577, 4053.503437147509, 4293.982937382774, 4014.3225724639437, 4553.590229955787, 2692.1418398549754, 2391.748961780982, 1901.0452627341704, 2738.9382310153455, 3157.0354768537745, 1370.3380781503427, 258.1660108073339, 7.758455669821906, 122.20607008028772, 1964.8248965542552, 910.0486601915127, 2383.93747340974, 1366.6674986765622, 1698.4855845982834, 3313.4358029946075, 4543.019653039267, 3922.519018488201, 3461.3883575637074, 3937.924716751743, 2497.086659223947, 2963.0269553277, 3786.3599621590993, 3182.1592293835165, 2603.4569583119523, 2508.251233664169, 2759.6313997720995, 1911.9781769076526, 1087.1564479191995, 1176.384849306886, -333.2017846559534, -1724.8418742544795, -1575.8915259763326, -2464.1868970393457, -554.6245766983948, -595.2144449886987, 706.0107223412629, 1598.4457757550347, 2818.890581327959, 1395.011052216658, 3147.6876058280004, 1832.7723011552407, 3059.400760539568, 2396.093969508376, 3158.626296437718, 2497.226334096717, 3150.423940052169, 2664.2314852243408, 3265.484613913448, 2422.0735838252235, 1968.7531119874948, 3008.6753195433357, 2140.4287329192957, 26.701486178790717, 2406.176434388623, 2355.1513009315136, 1756.904390853866, 854.8614398566816, -492.3087688205695, -742.132429586514, -1069.0476731157175, -1045.9247430904018, -1145.4136530849098, -864.9303466204602, -862.7402296327024, -362.3766046468037, -468.443094353235, -828.6407155593448, -493.24885824741415, 391.14703632128277, -150.49830095079193, 690.5608765762942, 1166.3827389156886, 917.3647590567327, -528.0291564867742, -88.40256909599037, 1200.3963456323438, 1329.5537625337488, 1190.7380533968415, 3277.355303081121, 3185.7741559580822, 3255.8605704825004, 3566.273371765115, 2765.621989678008, 3900.0353185280624, 2808.0342489851987, 3790.2853983467153, 5584.121441075457, 1365.7800477071946, 802.7185576042937, 1630.3421257900015, 1509.2757458362703, 1655.7312837296336, 1605.032169109532, 2731.5283076036294, 978.6110746953608, 1113.7710667955298, 785.8647077596261, 552.1874883951378, -502.4226591937394, -468.3228812971737, -39.082570525070075, -259.5953666311704, -215.00193537206076, -1833.120264849207, -2023.4723518233272, -910.7026480979505, -509.47346585997155, -3129.764922630486, -1986.7572424267005, -4368.530799221701, -4766.538345657571, -4318.566281634283, -3161.299418307495, -2853.205543026352, -3572.062527193324, -4003.9188783080617, -4853.193477745431, -5734.626611616739, -5299.568124037661, -4410.788572277375, -2930.11059739455, -1323.1003929662995, -83.8208526483991, -1220.878297810992, 1587.8524686696476, 2520.9412831133495, 2012.4911377004703, 2084.6944145157695, 1794.0131858464936, 74.83676641875238, 1315.4186612052727, 860.3900850837167, -1116.1730744587207, -88.45707682506587, -564.2432943017902, 92.0522473373446, 1368.3163023448317, 1693.7430326483347, 2071.0897260438064, 58.20164987977748, -1403.3993762941604, -2446.3457822141177, -3728.016983174836, -3755.0787330909616, -3556.2921572648183, -2776.9066252393714, -1976.8847686156485, -778.479063089527, -2577.9001922907973, -1868.3632984888677, -1696.9455618595903, -1020.2009420299548, 1220.567780057364, 2496.1628980965534, 2579.530797144096, 2716.1626798013876, 3221.4798460321413, 3029.386494988554, 5848.183534865049]}, "Latent AR LinUCB s=2": {"actions": [0.0, 1.0, 0.0, 0.0, 0.0, 0.0, 0.0, 0.0, 0.0, 0.0, 0.0, 0.0, 0.0, 0.0, 0.0, 0.0, 0.0, 0.0, 0.0, 0.0, 0.0, 0.0, 0.0, 0.0, 0.0, 0.0, 0.0, 0.0, 0.0, 0.0, 0.0, 0.0, 0.0, 0.0, 0.0, 0.0, 0.0, 0.0, 0.0, 0.0, 0.0, 0.0, 0.0, 0.0, 0.0, 0.0, 0.0, 0.0, 0.0, 0.0, 0.0, 0.0, 0.0, 0.0, 0.0, 0.0, 0.0, 0.0, 0.0, 0.0, 0.0, 0.0, 0.0, 0.0, 0.0, 0.0, 0.0, 0.0, 0.0, 0.0, 0.0, 0.0, 0.0, 0.0, 0.0, 0.0, 0.0, 0.0, 0.0, 0.0, 0.0, 0.0, 0.0, 0.0, 0.0, 0.0, 0.0, 0.0, 0.0, 0.0, 0.0, 0.0, 0.0, 0.0, 0.0, 0.0, 0.0, 0.0, 0.0, 0.0, 0.0, 0.0, 0.0, 0.0, 0.0, 0.0, 0.0, 0.0, 0.0, 0.0, 0.0, 0.0, 0.0, 0.0, 0.0, 0.0, 0.0, 0.0, 0.0, 0.0, 0.0, 0.0, 0.0, 0.0, 0.0, 0.0, 0.0, 0.0, 0.0, 0.0, 0.0, 0.0, 0.0, 0.0, 0.0, 0.0, 0.0, 0.0, 0.0, 0.0, 0.0, 0.0, 0.0, 0.0, 0.0, 0.0, 0.0, 0.0, 0.0, 0.0, 0.0, 0.0, 0.0, 0.0, 0.0, 0.0, 0.0, 0.0, 0.0, 0.0, 0.0, 0.0, 0.0, 0.0, 0.0, 0.0, 0.0, 0.0, 0.0, 0.0, 0.0, 0.0, 0.0, 0.0, 0.0, 0.0, 0.0, 0.0, 0.0, 0.0, 0.0, 0.0, 0.0, 0.0, 0.0, 0.0, 0.0, 0.0, 0.0, 0.0, 0.0, 0.0, 0.0, 0.0, 0.0, 0.0, 0.0, 0.0, 0.0, 0.0],