{"k": 2, "sigma_z": 10, "mean reward 1": [-845.8607165811351, 291.0219307463887, -116.16503504087339, -2047.994516943909, 1326.5756022000328, 2397.552050232635, 589.5613243620861, -315.7137132320978, -1469.6445430039848, -1015.150916218284, 28.237693544537112, 815.188459319284, 425.20216874640795, 876.4547541609236, 1776.305524084121, -929.3145223961485, -1325.0983709596553, -1044.0623293648923, -1196.5164830540175, -1500.5483785936174, -77.2173038056, 1764.0733212626017, 997.4768505330113, 169.69616271957574, -404.90093552916096, -465.0057067893944, -1218.7774821922837, -346.8097495771094, -113.94103184015299, 1524.3521624286436, 3031.893482501023, 1296.652338780465, 424.39444357081993, 1251.6582043850765, 1055.7520889614832, -1210.0180323736856, -2946.406834728172, -336.32035815264726, -543.0073040427234, 682.8580602364797, 1449.2814527572737, 290.9391319677901, -1418.3636402398256, -152.89902407499855, 124.73733565922825, -1353.2964123985248, 630.5107133189395, 473.1225861324652, -2959.6886531463147, -3409.0902682222945, 649.6243608238764, 2063.647403518022, 975.8428847556931, -417.40926926789444, 110.31481300441612, 199.30525966522916, -129.39861988284903, -1732.914351218623, -365.75175571973944, -240.52091276671402, -1525.4750848144643, -1195.64360635078, -568.5740946015685, 1344.4373520410697, 1529.6025376986152, -678.8883025404882, 2333.203525722677, 1730.6797755297837, -513.513648629524, 507.6390307307239, 625.0662324717272, 362.6671384788636, -1021.5741486810961, 165.74957847697016, 1197.2581476707094, -1434.3146909554825, -1729.0891571985935, -877.385240809139, -1091.1750305372373, -967.1546555446687, -680.3655686182614, -183.32262740893722, 456.49776947083984, 1240.186351667223, 2260.1012567648327, 60.017287839861226, -151.6015439256469, -362.7446764959748, -22.84728244397375, 614.7560539192833, -983.8160296489257, -2505.1076673298253, -214.36956199381, 841.739509743249, 1404.090869404904, -110.38167899503746, 1003.7812107190932, -1562.8640544622874, -2335.8006805465975, 560.6143666655689, 1461.803982852719, 1463.864585068116, 306.66674644487364, -97.1041625443556, 1024.2115869583263, 349.2802652700254, 302.26073960346366, 7.8671959632951705, 1409.1040743377184, 175.36078806199703, -2323.198715015489, -2291.420060062717, -502.8120871186742, 2845.325209296573, 697.7693736951089, -1712.72877763613, -1716.4542065181688, -1452.0399574447135, -2780.029752604768, -67.24533047894363, -1507.5522694580727, 489.14954648579965, 383.28362385693515, 361.00821581091094, -53.01581626046371, -2717.0224558023456, -898.5540922455217, 655.1760901498718, -855.1878966060203, -403.272259463702, 683.2172513986135, 57.64712618137678, -463.07019054697724, -841.4562783831407, -1691.5916087152948, 470.9593486234132, 1917.9247201568273, 1070.3672706344441, 583.9935191979146, -1968.6685167145758, -2807.58061628284, -421.0400812199415, 1837.5302340717274, 2577.396668066869, 355.10085480395196, -699.725296796027, -403.66561307232337, 1739.985890660564, 838.2412342032306, 423.7758741721608, 735.9544401921, 164.12766030848442, -103.3036833094978, 80.61739603369868, 1987.8188242523095, 1197.4557435375123, -936.3362545257211, -998.494029472517, 738.480598339998, -238.54823638370453, -152.89853408318965, -646.7422313414486, -28.137822306625004, -572.627846382308, -292.2975240575784, -515.4462440948498, 1439.8299222545807, 1189.9264030385161, 1031.3108203533257, 492.6508111618455, -429.19960508007995, -630.9763789748795, -595.4696022359446, 631.7173937059632, 773.7389923532584, 559.2397581994612, 489.8604131472821, -351.8984364965976, -118.66697918188427, -778.6339663716105, 1007.6102643487659, 77.38467833384668, 699.0418077529538, 380.1584806369188, 53.49548356243601, -1176.7112329347178, 523.0953195577515, 1598.3260129927914, -859.2270956114965, -446.1822756239559, -1435.9966072378418, 483.30530718701186, 1308.226418781243, 2220.80063416755, -144.25375232950176, -2684.595361626083, -1125.6453955093498, 154.15274995698428, 1171.789881464088, 630.5173127121024], "mean reward 0": [845.8607165811351, -291.0219307463887, 116.16503504087339, 2047.994516943909, -1326.5756022000328, -2397.552050232635, -589.5613243620861, 315.7137132320978, 1469.6445430039848, 1015.150916218284, -28.237693544537112, -815.188459319284, -425.20216874640795, -876.4547541609236, -1776.305524084121, 929.3145223961485, 1325.0983709596553, 1044.0623293648923, 1196.5164830540175, 1500.5483785936174, 77.2173038056, -1764.0733212626017, -997.4768505330113, -169.69616271957574, 404.90093552916096, 465.0057067893944, 1218.7774821922837, 346.8097495771094, 113.94103184015299, -1524.3521624286436, -3031.893482501023, -1296.652338780465, -424.39444357081993, -1251.6582043850765, -1055.7520889614832, 1210.0180323736856, 2946.406834728172, 336.32035815264726, 543.0073040427234, -682.8580602364797, -1449.2814527572737, -290.9391319677901, 1418.3636402398256, 152.89902407499855, -124.73733565922825, 1353.2964123985248, -630.5107133189395, -473.1225861324652, 2959.6886531463147, 3409.0902682222945, -649.6243608238764, -2063.647403518022, -975.8428847556931, 417.40926926789444, -110.31481300441612, -199.30525966522916, 129.39861988284903, 1732.914351218623, 365.75175571973944, 240.52091276671402, 1525.4750848144643, 1195.64360635078, 568.5740946015685, -1344.4373520410697, -1529.6025376986152, 678.8883025404882, -2333.203525722677, -1730.6797755297837, 513.513648629524, -507.6390307307239, -625.0662324717272, -362.6671384788636, 1021.5741486810961, -165.74957847697016, -1197.2581476707094, 1434.3146909554825, 1729.0891571985935, 877.385240809139, 1091.1750305372373, 967.1546555446687, 680.3655686182614, 183.32262740893722, -456.49776947083984, -1240.186351667223, -2260.1012567648327, -60.017287839861226, 151.6015439256469, 362.7446764959748, 22.84728244397375, -614.7560539192833, 983.8160296489257, 2505.1076673298253, 214.36956199381, -841.739509743249, -1404.090869404904, 110.38167899503746, -1003.7812107190932, 1562.8640544622874, 2335.8006805465975, -560.6143666655689, -1461.803982852719, -1463.864585068116, -306.66674644487364, 97.1041625443556, -1024.2115869583263, -349.2802652700254, -302.26073960346366, -7.8671959632951705, -1409.1040743377184, -175.36078806199703, 2323.198715015489, 2291.420060062717, 502.8120871186742, -2845.325209296573, -697.7693736951089, 1712.72877763613, 1716.4542065181688, 1452.0399574447135, 2780.029752604768, 67.24533047894363, 1507.5522694580727, -489.14954648579965, -383.28362385693515, -361.00821581091094, 53.01581626046371, 2717.0224558023456, 898.5540922455217, -655.1760901498718, 855.1878966060203, 403.272259463702, -683.2172513986135, -57.64712618137678, 463.07019054697724, 841.4562783831407, 1691.5916087152948, -470.9593486234132, -1917.9247201568273, -1070.3672706344441, -583.9935191979146, 1968.6685167145758, 2807.58061628284, 421.0400812199415, -1837.5302340717274, -2577.396668066869, -355.10085480395196, 699.725296796027, 403.66561307232337, -1739.985890660564, -838.2412342032306, -423.7758741721608, -735.9544401921, -164.12766030848442, 103.3036833094978, -80.61739603369868, -1987.8188242523095, -1197.4557435375123, 936.3362545257211, 998.494029472517, -738.480598339998, 238.54823638370453, 152.89853408318965, 646.7422313414486, 28.137822306625004, 572.627846382308, 292.2975240575784, 515.4462440948498, -1439.8299222545807, -1189.9264030385161, -1031.3108203533257, -492.6508111618455, 429.19960508007995, 630.9763789748795, 595.4696022359446, -631.7173937059632, -773.7389923532584, -559.2397581994612, -489.8604131472821, 351.8984364965976, 118.66697918188427, 778.6339663716105, -1007.6102643487659, -77.38467833384668, -699.0418077529538, -380.1584806369188, -53.49548356243601, 1176.7112329347178, -523.0953195577515, -1598.3260129927914, 859.2270956114965, 446.1822756239559, 1435.9966072378418, -483.30530718701186, -1308.226418781243, -2220.80063416755, 144.25375232950176, 2684.595361626083, 1125.6453955093498, -154.15274995698428, -1171.789881464088, -630.5173127121024],