{"k": 2, "sigma_z": 10, "mean reward 1": [-2628.514629232671, -1012.3626307113733, 1091.3379403666831, 897.2284344915993, 658.1257321403766, -232.62056087693423, -612.4225791151885, -166.40090063419763, 493.5036213069125, 1212.769407155324, -141.93241102540082, -1408.9671595432317, -1489.3129532747314, -413.65918630069984, -278.63922071737034, 188.83775909598356, -340.0812063732851, 1942.851104181414, 1624.1795830028686, -1863.6274548083143, -3883.607310189739, 690.2944699468953, 4050.428807516917, 488.1330019559705, -2597.128851646087, -456.40536349425514, 788.2259261653321, 1000.8629111906107, 2.747457895786698, 510.97784963185234, 1074.4278394829437, -93.91720438523028, -1973.7859691058682, -1075.7214301272334, -587.9621278851067, -66.07698549285779, -222.16320646012994, -2166.378408130719, -197.80364816767698, 1689.5633993257975, -734.8185120047046, -2345.4150438920174, 591.3216332367072, -1145.292433022369, -1435.8180395117947, 792.7610020583901, 1926.4379961051532, 271.7308238547654, -395.23851148653665, 1219.149189039922, 1102.0196806871081, -1145.4499073383977, -1911.6839959335223, 1022.7873184272792, 3008.8343642473433, -30.070875535440322, -623.7200219974804, -411.3550960089752, 493.7791288291114, 1131.7100134398397, 187.24851632028773, 691.4089791209915, 1722.748559991048, 1521.7801820772254, 613.9377935828137, -1187.2161169580845, -767.6693890155258, 1969.4023534457788, 1057.645708845322, -1293.9503813387128, -1433.5264136264705, 197.1031872237409, 412.69519349919756, 442.46112430823797, -197.7680669823421, 924.3652716308802, -2518.3881932611225, -2650.310508253704, 673.9650506318478, 2374.6088274223926, 1352.9736162071742, -622.9941924568459, -2069.9603483653805, -1168.0925017804373, 357.6840510147421, 1783.6594711551115, 522.699636257677, -886.5798301727921, -766.7742489295792, 230.89874025542815, -1658.3692068681735, -3933.460385439179, -726.0004727806063, 2133.619950765256, 404.14307044902563, -1074.7445316541393, -1701.6123237095833, -1165.1504034343095, 49.89249013131758, 1125.08573927566, 1297.5975706286904, 1451.8895535440595, -499.37391359887545, -1371.305030143464, -814.0735894054002, -148.70836667195144, 146.52687562973176, 25.798466371149264, 1383.5281604102067, 1949.5826474603493, 1203.9618279023302, 185.23368859591596, -309.76212106247897, -234.03754506448192, -442.45629970226685, 584.3618124533956, 2185.9277911649606, 2114.1996487350693, 715.8958100971081, -2237.7219315566435, -1590.3542215933762, -466.1037122822956, 302.82385030348917, 1369.0218769632024, 175.81768403464082, -1120.5810226521446, -1237.9164399881229, -203.15013052455143, 1203.6857959199147, -1144.4761879969196, -612.9178587864052, -213.77357569483513, -461.77642542870035, -845.7809021053542, 1612.541738664967, 1706.919789829017, 848.9222227062685, 1346.0295497741538, -82.99561462928224, 1918.7923417048232, 3234.8926182698306, -517.2609234185657, -1144.4136284007297, 401.85911976195143, 725.8686948803063, -1666.84148129061, -258.7497880143621, -900.033614162361, 865.7601766021113, -123.1653655582866, 525.9233877730645, 1042.3335141666605, -1125.3152483429203, -371.9322156221802, 560.4007874523909, -307.48102826140496, 279.89304808790115, -377.9763588801454, -264.5181782217371, 48.960630126840925, 673.8679021761773, -934.96785268227, -355.31897576338434, -99.4371835389673, -1838.3924729892171, 353.7247432104845, 2727.316431436997, 1717.1724576349068, 1075.7860566244326, 553.7857536969638, -622.4480821894512, 1960.6578405346113, 1837.4892385942217, 1105.7941407690005, -1453.0363150590058, -586.3798822498059, -236.50316031021524, 139.43916241881297, 169.79563208870192, 577.6795234064092, -672.3796273793716, -266.2611138196, 608.394101591887, 645.7076788013095, -708.3640248097611, 620.1926277334408, 485.10443278907235, -1073.148602892365, -1044.7893274775765, 1467.8015986260966, 255.73143625854104, 1356.2238874945876, 978.9328089869987, -813.1219172479963, -1142.716020954919, 90.04397390752676, 835.3480544801705, 727.7676580859388, 1825.7900159239202, 221.14858800954278],