{"Stationary": {"actions": [1.0, 1.0, 0.0, 0.0, 0.0, 0.0, 0.0, 0.0, 0.0, 0.0, 0.0, 0.0, 0.0, 0.0, 0.0, 0.0, 0.0, 0.0, 0.0, 0.0, 0.0, 0.0, 0.0, 0.0, 0.0, 0.0, 0.0, 0.0, 0.0, 0.0, 0.0, 0.0, 0.0, 0.0, 0.0, 0.0, 0.0, 0.0, 0.0, 0.0, 0.0, 0.0, 0.0, 0.0, 0.0, 0.0, 0.0, 0.0, 0.0, 0.0, 0.0, 0.0, 0.0, 0.0, 0.0, 0.0, 0.0, 0.0, 0.0, 0.0, 0.0, 0.0, 0.0, 0.0, 0.0, 0.0, 0.0, 0.0, 0.0, 0.0, 0.0, 0.0, 0.0, 0.0, 0.0, 0.0, 0.0, 0.0, 0.0, 0.0, 0.0, 0.0, 0.0, 0.0, 0.0, 0.0, 0.0, 0.0, 0.0, 0.0, 0.0, 0.0, 0.0, 0.0, 0.0, 0.0, 0.0, 0.0, 0.0, 0.0, 0.0, 0.0, 0.0, 0.0, 0.0, 0.0, 0.0, 0.0, 0.0, 0.0, 0.0, 0.0, 0.0, 0.0, 0.0, 0.0, 0.0, 0.0, 0.0, 0.0, 0.0, 0.0, 0.0, 0.0, 0.0, 0.0, 0.0, 0.0, 0.0, 0.0, 0.0, 0.0, 0.0, 0.0, 0.0, 0.0, 0.0, 0.0, 0.0, 0.0, 0.0, 0.0, 0.0, 0.0, 0.0, 0.0, 0.0, 0.0, 0.0, 0.0, 0.0, 0.0, 0.0, 0.0, 0.0, 0.0, 0.0, 0.0, 0.0, 0.0, 0.0, 0.0, 0.0, 0.0, 0.0, 0.0, 0.0, 0.0, 0.0, 0.0, 0.0, 0.0, 0.0, 0.0, 0.0, 0.0, 0.0, 0.0, 0.0, 0.0, 0.0, 0.0, 0.0, 0.0, 0.0, 0.0, 0.0, 0.0, 0.0, 0.0, 0.0, 0.0, 0.0, 0.0, 0.0, 0.0, 0.0, 0.0, 0.0, 0.0], "rewards": [705.0111740230752, -690.8659141624927, 1348.5876423307407, 1912.30103938556, 2524.919274958411, -491.63004070957976, 143.8449383516719, -659.4920571784772, 241.85178449278513, 764.8395485016626, 622.7201088204743, 1880.2494389364165, 470.6088378825767, -189.26935439148937, 229.4320695514005, -246.72722021234912, 56.41182266196216, 1159.5861066595544, -110.4538380304219, 70.99716435397923, 850.2493870623462, -272.2404735818987, 410.39983133816884, -518.923394918481, -3082.5700159829325, -409.51189357125736, 702.9402023071243, 1052.5659097536586, -171.50660788157526, -1110.8432546891474, -551.4010031962412, 2057.5953722063414, 1474.1952087971183, 14.138291055992468, -142.84160340514353, 805.0532818456437, 566.4279411959418, -1687.5913888687971, -1929.7876932255622, -217.9347119388499, 1182.795699971122, 1408.2398784422148, 1123.0319404233276, -1155.6123200031677, -1743.0882511618447, 885.5353738041978, 1425.4779352826101, 437.87173099649266, -935.5141761355441, 1514.6243412247702, 569.3122846237825, -596.781161417856, -1626.076235583682, -1478.7844911113668, 1443.6496511619157, 1472.7640562790457, -1072.8370856615882, -638.1499986768277, -1508.1427634745285, -1020.6454426496455, 798.9033131454539, 2025.5728048543272, 839.2264534142306, -1536.8751575691724, -804.0821683066737, -856.543432907794, -1257.1777095144487, -958.6815819917625, 259.2033576564634, 995.8776514650132, 23.318701478977978, 267.98950923591246, 604.7893392036826, -1715.1115305834958, -806.3839166759038, 203.7297523374168, -364.4089540708206, -499.38358413985645, -549.0775208578995, -2001.4956752134228, 2405.394625043539, 1779.588105048036, -239.51094663925628, -2649.538286019613, -1087.588131761419, 1419.1721568824014, 1197.3071028161337, -340.85278053552, -3727.633945241466, -2489.066702336856, 808.1924491596562, 1131.6987608688485, 909.8698834336186, -1179.8519104315933, -1139.0431037452438, -1492.4784500267306, 595.7808045109501, -829.9571432755808, -527.9634787094194, 1022.5440865958972, -77.61648491065615, -260.809763649981, -815.3858638652845, 196.3901355463332, 1111.4764287014364, -39.88402435516315, -1692.1130194483953, -1530.4492954120794, -29.687636747192133, 1836.3475132433887, 631.1773504425843, 168.16050161063404, -159.4769007097307, -1260.4515715013526, -948.0652411809476, -1145.606577573415, -1655.21014963474, 711.0252515683197, -783.0448299325574, -690.9450999871402, 1026.0348396715742, 1623.1950591597747, 180.1665190360519, 59.91766968697076, 158.2217549353629, 207.76165722331785, -1010.0526501534304, -794.540901879841, 1805.72747623763, 1131.3183083878157, 2003.7081861497993, 1495.0122588078186, 501.98792554475153, 417.4432511240915, 1070.1758131778054, 1979.441189683724, 1303.2861439047388, -1125.0656368666723, -950.8196612333413, 457.71126490325776, 1056.0023548516167, -1389.2977500406212, -1138.400731603827, -1064.4991977415723, 995.2258576112308, 233.6976763682764, -557.7243054883764, -614.8021397603273, -266.44477696331717, 1996.7411577415864, 2626.4770595192244, -331.56957316552274, -1487.58742700289, -1328.669405617897, 388.3871914432855, 1521.9436718006386, 875.2778418846888, -550.4596550544608, 691.5776159064706, -244.18837675521368, -933.1283586384593, -1083.4359378066576, 188.54344068082435, 2605.752013383746, 2063.4597608967983, -1959.1020754267802, -2394.5057026111886, 457.19460879875237, 1449.0090501045, 705.3171223869172, 575.5927990260827, 1461.7106282606242, 339.64087550570116, -1592.563637611943, -303.0520133607102, -842.1970893193808, 1148.2596725030028, 1785.6170686048915, 1409.6468213698379, -1921.1502740011713, -2632.9551881001657, -1436.83939246234, 907.5537528162467, 1235.473132802959, 703.405542876675, 438.5887911305319, 940.9494271269333, -177.12040341956984, -1309.0335090463288, 367.1458335381283, 178.0510988265953, 26.850573462488395, -534.7319500988976, -907.6272204634238, 532.6786930309723, 1317.6108223936444, 728.144830801672, 3.322945588827626, 969.1712935913291, 508.51982498853005]}, "Latent AR LinUCB s=2": {"actions": [1.0, 1.0, 0.0, 0.0, 0.0, 0.0, 1.0, 0.0, 1.0, 0.0, 0.0, 1.0, 0.0, 1.0, 1.0, 0.0, 1.0, 0.0, 0.0, 1.0, 0.0, 0.0, 1.0, 0.0, 1.0, 1.0, 0.0, 0.0, 0.0, 1.0, 1.0, 0.0, 0.0, 1.0, 1.0, 1.0, 0.0, 1.0, 1.0, 1.0, 0.0, 0.0, 0.0, 1.0, 1.0, 1.0, 0.0, 0.0, 1.0, 1.0, 0.0, 1.0, 1.0, 1.0, 0.0, 0.0, 0.0, 1.0, 0.0, 1.0, 0.0, 0.0, 0.0, 1.0, 1.0, 0.0, 0.0, 1.0, 0.0, 0.0, 0.0, 1.0, 0.0, 0.0, 1.0, 0.0, 0.0, 1.0, 1.0, 0.0, 1.0, 0.0, 1.0, 1.0, 1.0, 0.0, 0.0, 1.0, 1.0, 1.0, 0.0, 0.0, 0.0, 1.0, 1.0, 0.0, 1.0, 0.0, 1.0, 0.0, 0.0, 1.0, 1.0, 1.0, 0.0, 0.0, 1.0, 1.0, 0.0, 0.0, 0.0, 1.0, 1.0, 1.0, 1.0, 0.0, 1.0, 1.0, 0.0, 1.0, 0.0, 0.0, 0.0, 1.0, 1.0, 0.0, 0.0, 1.0, 0.0, 0.0, 1.0, 0.0, 1.0, 1.0, 1.0, 0.0, 0.0, 1.0, 1.0, 0.0, 0.0, 0.0, 1.0, 0.0, 0.0, 0.0, 1.0, 1.0, 0.0, 0.0, 0.0, 0.0, 1.0, 1.0, 0.0, 0.0, 0.0, 1.0, 1.0, 0.0, 1.0, 1.0, 1.0, 0.0, 0.0, 1.0, 1.0, 1.0, 0.0, 0.0, 1.0, 1.0, 0.0, 1.0, 1.0, 0.0, 1.0, 0.0, 0.0, 1.0, 1.0, 1.0, 0.0, 0.0, 0.0, 1.0, 1.0, 0.0, 1.0, 1.0, 0.0, 1.0, 1.0, 1.0, 1.0, 0.0, 0.0, 1.0, 1.0, 0.0],