{"Stationary": {"actions": [0.0, 1.0, 0.0, 0.0, 0.0, 0.0, 0.0, 0.0, 0.0, 0.0, 0.0, 0.0, 0.0, 0.0, 0.0, 0.0, 0.0, 0.0, 0.0, 0.0, 0.0, 0.0, 0.0, 0.0, 0.0, 0.0, 0.0, 0.0, 0.0, 0.0, 0.0, 0.0, 0.0, 0.0, 0.0, 0.0, 0.0, 0.0, 0.0, 0.0, 0.0, 0.0, 0.0, 0.0, 0.0, 0.0, 0.0, 0.0, 0.0, 0.0, 0.0, 0.0, 0.0, 0.0, 0.0, 0.0, 0.0, 0.0, 0.0, 0.0, 0.0, 0.0, 0.0, 0.0, 0.0, 0.0, 0.0, 0.0, 0.0, 0.0, 0.0, 0.0, 0.0, 0.0, 0.0, 0.0, 0.0, 0.0, 0.0, 0.0, 0.0, 0.0, 0.0, 0.0, 0.0, 0.0, 0.0, 0.0, 0.0, 0.0, 0.0, 0.0, 0.0, 0.0, 0.0, 0.0, 0.0, 0.0, 0.0, 0.0, 0.0, 0.0, 0.0, 0.0, 0.0, 0.0, 0.0, 0.0, 0.0, 0.0, 0.0, 0.0, 0.0, 0.0, 0.0, 0.0, 0.0, 0.0, 0.0, 0.0, 0.0, 0.0, 0.0, 0.0, 0.0, 0.0, 0.0, 0.0, 0.0, 0.0, 0.0, 0.0, 0.0, 0.0, 0.0, 0.0, 0.0, 0.0, 0.0, 0.0, 0.0, 0.0, 0.0, 0.0, 0.0, 0.0, 0.0, 0.0, 0.0, 0.0, 0.0, 0.0, 0.0, 0.0, 0.0, 0.0, 0.0, 0.0, 0.0, 0.0, 0.0, 0.0, 0.0, 0.0, 0.0, 0.0, 0.0, 0.0, 0.0, 0.0, 0.0, 0.0, 0.0, 0.0, 0.0, 0.0, 0.0, 0.0, 0.0, 0.0, 0.0, 0.0, 0.0, 0.0, 0.0, 0.0, 0.0, 0.0, 0.0, 0.0, 0.0, 0.0, 0.0, 0.0, 0.0, 0.0, 0.0, 0.0, 0.0, 0.0], "rewards": [-489.98353128442386, -603.3782348674567, 1786.28861422791, -9.401018384188406, 890.3917145444663, 1305.6806244406673, 412.5368767114692, -634.0248604136983, -1636.1749699514128, -2105.997728214002, 317.91987318060995, 2592.854088409696, 3189.45890677602, 1177.822615572826, -671.030404836607, -551.4505283776227, -552.9117679053572, -296.5496238785385, 764.6201350837443, 1407.073677226589, 1926.2865398343686, -561.3408189951037, -1449.0817262067155, -659.386502253401, 1502.0728121768577, 1827.7375499434095, -286.4003273947878, -1874.7658884558118, 9.467037708733672, 1348.0141312587857, 1324.409860647511, 2075.8210682792865, 2248.9244186934484, 631.5756584487553, -1851.2814053107722, -588.160500697827, 565.486724333877, 107.74686701359774, -385.4926327751496, -110.67726459925532, 3445.4007370796203, 1574.5733467106627, -1947.5472948573454, -2958.5637076656926, 799.0093124269458, 2825.0041482432193, 258.350598276134, -2208.8637559503145, -2442.2606946731244, 1059.9646188790186, 2810.7457456965426, 709.746980942869, -119.61411840667971, -226.07174653436348, -804.7562587835266, -1018.6597648276016, 538.8940681211552, 244.16325821567892, 34.15898868223283, 373.8957904411053, 1012.6339071574508, 484.9775516928561, 1216.2125650487453, 478.850113889717, -1072.8042607909777, -1620.385600110594, -345.32291552164514, -934.4684351492605, -1077.5953753617925, -423.7202995954292, 224.77725895217557, -973.284480837362, -519.9366543000463, 1019.2328673378142, -308.2347914377326, -1118.0629061537022, 379.79525702726687, 2894.0118893604576, 1989.4066565243825, -231.29555774395973, -1280.5392891847032, -220.76543258066437, -143.94323798943464, 797.1037625152812, -1390.8146974335207, -1158.958205176398, -1053.8890398857645, -2009.0528882338383, -541.7900062519235, 53.400338848567166, -132.09161311117637, 78.88141785407667, 222.46271866582666, 802.9432818886812, 143.04098687867068, -813.5552751392313, -132.55676928166787, 1544.6374643828149, -796.3373325281733, 646.1533180661761, 439.96122026041536, -876.338340933734, -58.150553527230485, 266.6405103031773, 1055.2919930970827, 1763.7971069601156, -700.1810761924137, 255.0169239468684, 829.158281552438, -1449.85075212672, -2225.5476691683766, -958.8212657434543, 2625.3851582382727, 1928.813062421017, 1470.0192808843453, -528.2488946240215, -1659.1213657706774, -1256.2321697473358, -143.89456465473333, 134.6594059268636, 848.6006644683972, 193.42788260669406, -704.1364231818739, -1658.1441515507715, -437.32773807986547, 1102.352740519394, 3148.34179408725, 573.2542222189177, -1463.2496947157993, -259.6216251688047, -154.0660259755108, 2265.477698111638, 720.3886060942862, -862.986667920003, -1350.6560108972908, 701.7414221213858, 1312.9895316732252, 637.3682780060233, 844.9978391205806, 2438.4710752485657, 1286.960424709935, -936.7922625511935, -687.3702721490537, 388.1805193510843, 1638.7547717466437, -1143.8724788718564, -2285.297803815207, -1112.8207504606971, -893.679705072874, 780.9789023622998, 1494.127220154877, 620.2833140852466, -830.1973228250997, -358.30129168129434, -191.45612524972287, -250.3140185982551, 1063.3356755632012, 914.8970565764505, -623.3008994261576, -75.80116074868795, -328.7937064705916, 9.315151630185495, -33.245474211196765, 283.5508674103519, -294.40509889866576, -960.171991080235, 1438.0662307279697, 6.410755061644605, 524.2091234919196, -1446.4277057717327, -1906.4265275388898, -1007.0321045547657, 537.9751076414054, 967.3644736164423, 512.8140797206236, -822.2941792675189, -1128.1954486477218, -920.1012657947444, -86.68362661416887, -946.4637890460331, -548.7717154882921, 432.82670131368275, 1520.215425547095, -216.17162395166886, -645.4662244258585, -1143.4179690359767, -606.8762427840832, 771.8547851563827, 257.6113364344791, -1722.292657324812, -1706.8175403191344, -670.214424503767, 750.2107975571122, 501.8314301761463, -1212.349503164567, -655.3782496903436, -928.1120056692432, -321.18609973515237, 104.38988840188992, 381.1410741776899]}, "Latent AR LinUCB s=2": {"actions": [0.0, 1.0, 0.0, 0.0, 1.0, 0.0, 0.0, 1.0, 1.0, 1.0, 1.0, 0.0, 0.0, 0.0, 1.0, 1.0, 0.0, 0.0, 0.0, 0.0, 0.0, 0.0, 1.0, 1.0, 0.0, 0.0, 0.0, 1.0, 1.0, 0.0, 0.0, 0.0, 0.0, 0.0, 1.0, 1.0, 0.0, 0.0, 1.0, 1.0, 0.0, 0.0, 1.0, 1.0, 1.0, 0.0, 0.0, 1.0, 1.0, 1.0, 0.0, 0.0, 1.0, 1.0, 1.0, 1.0, 1.0, 0.0, 1.0, 1.0, 0.0, 0.0, 1.0, 0.0, 1.0, 1.0, 1.0, 0.0, 1.0, 1.0, 0.0, 0.0, 1.0, 0.0, 0.0, 1.0, 1.0, 0.0, 0.0, 1.0, 1.0, 1.0, 0.0, 0.0, 0.0, 1.0, 0.0, 0.0, 1.0, 0.0, 0.0, 1.0, 0.0, 0.0, 0.0, 1.0, 1.0, 0.0, 0.0, 1.0, 0.0, 1.0, 1.0, 0.0, 0.0, 0.0, 0.0, 1.0, 0.0, 0.0, 1.0, 1.0, 0.0, 0.0, 1.0, 1.0, 1.0, 1.0, 0.0, 0.0, 0.0, 0.0, 1.0, 1.0, 1.0, 0.0, 0.0, 0.0, 1.0, 1.0, 0.0, 0.0, 0.0, 1.0, 1.0, 1.0, 0.0, 0.0, 1.0, 0.0, 0.0, 1.0, 1.0, 0.0, 0.0, 0.0, 1.0, 1.0, 0.0, 0.0, 0.0, 0.0, 1.0, 1.0, 0.0, 0.0, 1.0, 0.0, 1.0, 1.0, 0.0, 1.0, 0.0, 1.0, 0.0, 1.0, 1.0, 0.0, 1.0, 0.0, 1.0, 1.0, 0.0, 0.0, 0.0, 1.0, 1.0, 1.0, 0.0, 0.0, 1.0, 0.0, 0.0, 0.0, 1.0, 1.0, 1.0, 0.0, 0.0, 1.0, 1.0, 0.0, 0.0, 0.0, 1.0, 1.0, 0.0, 1.0, 0.0, 0.0],