{"Stationary": {"actions": [0.0, 0.0, 0.0, 0.0, 0.0, 0.0, 0.0, 0.0, 0.0, 0.0, 0.0, 0.0, 0.0, 0.0, 0.0, 0.0, 0.0, 0.0, 0.0, 0.0, 0.0, 0.0, 0.0, 0.0, 0.0, 0.0, 0.0, 0.0, 0.0, 0.0, 0.0, 0.0, 0.0, 0.0, 0.0, 0.0, 0.0, 0.0, 0.0, 0.0, 0.0, 0.0, 0.0, 0.0, 0.0, 0.0, 0.0, 0.0, 0.0, 0.0, 0.0, 0.0, 0.0, 0.0, 0.0, 0.0, 0.0, 0.0, 0.0, 0.0, 0.0, 0.0, 0.0, 0.0, 0.0, 0.0, 0.0, 0.0, 0.0, 0.0, 0.0, 0.0, 0.0, 0.0, 0.0, 0.0, 0.0, 0.0, 0.0, 0.0, 0.0, 0.0, 0.0, 0.0, 0.0, 0.0, 0.0, 0.0, 0.0, 0.0, 0.0, 0.0, 0.0, 0.0, 0.0, 0.0, 0.0, 0.0, 0.0, 0.0, 0.0, 0.0, 0.0, 0.0, 0.0, 0.0, 0.0, 0.0, 0.0, 0.0, 0.0, 0.0, 0.0, 0.0, 0.0, 0.0, 0.0, 0.0, 0.0, 0.0, 0.0, 0.0, 0.0, 0.0, 0.0, 0.0, 0.0, 0.0, 0.0, 0.0, 0.0, 0.0, 0.0, 0.0, 0.0, 0.0, 0.0, 0.0, 0.0, 0.0, 0.0, 0.0, 0.0, 0.0, 0.0, 0.0, 0.0, 0.0, 0.0, 0.0, 0.0, 0.0, 0.0, 0.0, 0.0, 0.0, 0.0, 0.0, 0.0, 0.0, 0.0, 0.0, 0.0, 0.0, 0.0, 0.0, 0.0, 0.0, 0.0, 0.0, 0.0, 0.0, 0.0, 0.0, 0.0, 0.0, 0.0, 0.0, 0.0, 0.0, 0.0, 0.0, 0.0, 0.0, 0.0, 0.0, 0.0, 0.0, 0.0, 0.0, 0.0, 0.0, 0.0, 0.0, 0.0, 0.0, 0.0, 0.0, 0.0, 0.0], "rewards": [525.8664356469326, 456.4209275666401, 192.51537842686182, -271.0040932418012, -602.0204729312104, -1716.6075756420387, 466.88705970608225, 2301.776119655741, 1709.54211842166, -172.3779553834831, -248.7569201561033, -1201.7131684763085, -1108.470050345754, 128.0218358676726, 2757.7803255909002, 2069.043970296984, -1682.8161517515052, -3385.6367490887396, -1336.1143708325967, 3468.336909179297, 3129.4913396415964, 476.26100180922265, 898.9008538422723, -1532.343982195443, 179.5766035447302, 2265.854091307718, 2680.4003343874506, 1391.4748553907853, 1976.9188576362499, 298.0090772903295, -2141.604318523372, -2130.0008175537237, 670.5912311295748, 869.7733382421845, 190.56558068282985, 127.48017687993357, 1332.6054782163167, 473.95565912373513, 883.6567554044387, -1336.4331413873995, -1437.5937411432737, -752.6498033122575, -353.01270484846543, -141.3112228893793, 157.6438558321963, 1179.8576174769075, 431.02408549018327, 46.91228983331839, 21.289696550325626, -141.74559647822778, -1063.8537654299184, -1435.6380972998436, 1276.0156031338329, 535.0849849186225, -1129.0515858617478, -1255.9433440299567, 607.8118406237832, 1745.6101806848485, -826.567871329031, -2092.9330331741294, 119.26720267737882, 1586.6085812427148, -963.36972661733, -1120.590641364346, 680.8905738066383, 1921.3129155979743, 1039.750450425114, 87.58239967325835, -510.9347661899348, 873.685244806087, 721.7235577074244, 294.42353387282736, -1441.0673426844069, 1053.6712801438405, 1780.272738715711, -1764.730972365899, -3332.8860091820216, -596.5157702632043, 828.0501778015888, 2143.4367771473467, -893.8468833848392, 1708.501509608393, 2218.3109172919208, -786.3780658698877, 331.51896831796114, -88.39423783376478, 256.1306678614204, 1442.693000576426, 251.33245407094842, 125.99452516463448, 351.73538548328344, 2537.202769599936, 794.5293341512959, -419.67876517582073, 102.91394009078306, 1175.813369718597, -625.7546676665364, -946.3346427508218, 1583.5693301442557, 770.2885603023238, 629.0372762371738, -747.6310784661841, 694.3121949614978, -973.6337469806361, -1303.2437626271374, 930.4512515034224, 1304.720145985445, 527.140427566654, -55.741192800546905, -173.75085480495386, -1146.8655610072924, 215.68112464524606, 538.8768853514027, -239.41729946898965, -1955.5120711319878, 271.7457658153431, 2367.7973832833413, 2119.2195695404935, -520.7822850271328, -1961.4578955724226, -336.03776078281334, 226.03793822468901, 74.6262930235408, -1009.6517748573611, -522.9773521473213, -189.40918034860817, -271.130663677117, 553.1969407949811, 3129.779063803089, 1143.6125352201936, -864.0009556229924, -2063.2039663259256, -17.79765188617217, 939.2269728013305, 121.99804164661388, 448.01797741835907, 197.19323279126758, -719.7977216881832, 643.3650649659443, 908.0266181660536, 233.38722800297015, 808.1023777813192, 15.318514254924358, 1755.7871001909054, 206.41004924199459, 255.26314997104734, 1304.1339037204705, 1764.0812417877594, -69.04120013646238, -2941.080125964243, -1120.349530347793, 634.089540646753, 2667.7393319158546, 916.7763222617715, -1514.700848102497, -1946.9804508766106, -661.6190932740969, 408.12947139366065, 706.1905429301044, -620.3202699546076, -950.8454611331114, -647.65370368461, 1255.7482004519986, 1495.1196070929666, -883.6470195079014, -47.334376221158315, 511.5038818670975, -179.07701332381893, -1016.4520330288668, -1694.532362829665, -2078.935244702705, -48.174533092145914, 1926.7498426936268, 365.1040798234621, -1295.580669938399, -534.2209057045288, 715.9790220081543, -1214.537810881439, -1567.2533174024331, -819.603648328984, 1613.3809682580115, 3697.288117888633, 2006.254491540301, -216.87121646817138, -2395.507876128204, 575.0085513917254, 804.4382075641527, 678.8264501961938, -1096.5360734494154, -550.554641551617, -626.5503363284872, -247.46598486165811, 1248.187568663754, 21.845460667011885, -496.9781403758935, -1807.714116361235, -39.13382878691575, -723.8260617797517, 574.290135530767, -1271.1700932346048]}, "Latent AR LinUCB s=2": {"actions": [0.0, 0.0, 1.0, 1.0, 1.0, 1.0, 1.0, 0.0, 0.0, 1.0, 1.0, 1.0, 1.0, 0.0, 0.0, 0.0, 1.0, 1.0, 1.0, 0.0, 0.0, 1.0, 1.0, 0.0, 1.0, 0.0, 0.0, 0.0, 1.0, 0.0, 1.0, 1.0, 0.0, 0.0, 0.0, 1.0, 0.0, 0.0, 1.0, 0.0, 1.0, 1.0, 0.0, 0.0, 0.0, 0.0, 0.0, 1.0, 1.0, 0.0, 1.0, 1.0, 1.0, 0.0, 1.0, 1.0, 1.0, 0.0, 0.0, 1.0, 1.0, 0.0, 0.0, 1.0, 1.0, 0.0, 0.0, 1.0, 1.0, 1.0, 0.0, 1.0, 1.0, 1.0, 0.0, 0.0, 1.0, 1.0, 0.0, 0.0, 0.0, 1.0, 0.0, 0.0, 1.0, 0.0, 1.0, 0.0, 0.0, 1.0, 1.0, 0.0, 0.0, 1.0, 1.0, 0.0, 0.0, 1.0, 1.0, 0.0, 1.0, 1.0, 1.0, 0.0, 1.0, 1.0, 0.0, 0.0, 1.0, 1.0, 1.0, 1.0, 0.0, 0.0, 1.0, 1.0, 0.0, 0.0, 1.0, 1.0, 1.0, 0.0, 0.0, 1.0, 1.0, 0.0, 0.0, 1.0, 0.0, 0.0, 1.0, 1.0, 1.0, 0.0, 0.0, 1.0, 0.0, 1.0, 1.0, 0.0, 0.0, 1.0, 0.0, 1.0, 0.0, 1.0, 0.0, 0.0, 0.0, 1.0, 1.0, 0.0, 0.0, 0.0, 1.0, 1.0, 1.0, 0.0, 0.0, 0.0, 1.0, 1.0, 0.0, 0.0, 0.0, 1.0, 0.0, 0.0, 1.0, 1.0, 1.0, 1.0, 0.0, 0.0, 1.0, 1.0, 0.0, 0.0, 1.0, 1.0, 0.0, 0.0, 0.0, 1.0, 1.0, 1.0, 0.0, 0.0, 1.0, 1.0, 0.0, 1.0, 0.0, 0.0, 1.0, 1.0, 1.0, 0.0, 1.0, 0.0],