{"Stationary": {"actions": [0.0, 0.0, 0.0, 0.0, 0.0, 0.0, 0.0, 0.0, 0.0, 0.0, 0.0, 0.0, 0.0, 0.0, 0.0, 0.0, 0.0, 0.0, 0.0, 0.0, 0.0, 0.0, 0.0, 0.0, 0.0, 0.0, 0.0, 0.0, 0.0, 0.0, 0.0, 0.0, 0.0, 0.0, 0.0, 0.0, 0.0, 0.0, 0.0, 0.0, 0.0, 0.0, 0.0, 0.0, 0.0, 0.0, 0.0, 0.0, 0.0, 0.0, 0.0, 0.0, 0.0, 0.0, 0.0, 0.0, 0.0, 0.0, 0.0, 0.0, 0.0, 0.0, 0.0, 0.0, 0.0, 0.0, 0.0, 0.0, 0.0, 0.0, 0.0, 0.0, 0.0, 0.0, 0.0, 0.0, 0.0, 0.0, 0.0, 0.0, 0.0, 0.0, 0.0, 0.0, 0.0, 0.0, 0.0, 0.0, 0.0, 0.0, 0.0, 0.0, 0.0, 0.0, 0.0, 0.0, 0.0, 0.0, 0.0, 0.0, 0.0, 0.0, 0.0, 0.0, 0.0, 0.0, 0.0, 0.0, 0.0, 0.0, 0.0, 0.0, 0.0, 0.0, 0.0, 0.0, 0.0, 0.0, 0.0, 0.0, 0.0, 0.0, 0.0, 0.0, 0.0, 0.0, 0.0, 0.0, 0.0, 0.0, 0.0, 0.0, 0.0, 0.0, 0.0, 0.0, 0.0, 0.0, 0.0, 0.0, 0.0, 0.0, 0.0, 0.0, 0.0, 0.0, 0.0, 0.0, 0.0, 0.0, 0.0, 0.0, 0.0, 0.0, 0.0, 0.0, 0.0, 0.0, 0.0, 0.0, 0.0, 0.0, 0.0, 0.0, 0.0, 0.0, 0.0, 0.0, 0.0, 0.0, 0.0, 0.0, 0.0, 0.0, 0.0, 0.0, 0.0, 0.0, 0.0, 0.0, 0.0, 0.0, 0.0, 0.0, 0.0, 0.0, 0.0, 0.0, 0.0, 0.0, 0.0, 0.0, 0.0, 0.0, 0.0, 0.0, 0.0, 0.0, 0.0, 0.0], "rewards": [845.8599004843472, -291.0216277145, -154.69193018236126, -188.7750390440348, -1308.2263138316398, -1788.2921264330137, -128.69667001930466, 1351.2226079751533, -1211.1439910303327, -3595.817805961751, -998.8281306005847, 628.1022426286828, 2748.0081359838377, 902.4763773719425, -523.9880686086213, -1490.0268692964598, -1043.788067589266, -1474.639112328411, 1187.7525100104358, 2778.3593663224256, 966.6851066657332, 1227.3925415170982, 752.7385010220421, -525.1092916689025, -849.4699854216952, 44.5614618972366, 1477.4314512127119, 1304.5404973362708, 59.56045967880026, -259.52962141298843, 984.0163633610614, 642.5350612312615, -233.6764590133858, 407.7574111795089, 76.17299926871645, -1184.6797084061423, -426.42351754148405, 540.5640650692327, -1148.7644371998254, -1655.6030787896211, -778.4806551789478, 316.9985427121387, 1239.87608222581, 1955.7150640347322, 364.4626343512155, 1171.0246154986519, -600.9736199703926, -1979.5719979658732, 1078.079737950613, 2547.416564381964, -125.07239379068002, 976.8227483946164, 1215.0471314643914, 802.0166797550856, 2129.6904811015993, 1776.0367496872889, -386.0944616967644, -1348.7316527184523, 643.8149846765541, 2339.751197927605, 978.84701855993, -687.6608749169653, -1808.7350110191628, -292.05275635422254, 602.991695061616, -294.4667598566912, -1111.102537742011, -1296.0010929408757, -828.20918906819, 345.84686082432546, -633.8560636343852, -743.8493250239267, -1567.1141040055284, 401.7372525370832, 1500.66690382695, 1095.8816616368872, 802.7804601986478, -403.00704664085197, 805.2404087126497, -1043.6487926366322, -1698.3390877129198, -456.73355381549345, -344.51505492560955, 519.7788515274282, 556.7219159958731, -732.5331230938426, -1628.9653448280073, -2138.2312561680646, 394.53023063575904, -89.86510231810888, -816.2152103594609, -1880.6461661140713, -166.3082724114159, 1339.58704402742, 3065.670782250478, -278.5260360011926, -2632.907902047134, -26.353906135061536, 2799.4899976502134, 1052.7959759195066, 962.0654976905209, -153.50277966927356, -1772.3386518855327, -3513.7577737934457, 785.5092697170821, 2436.833309547077, 787.9490144755302, -1859.4861275736946, -923.8160955202302, 658.7212094990028, 804.450554804986, 110.9288923878948, 1500.3028269405052, 81.65201428265432, -44.68257411154999, -615.0143557323984, 175.35016099415895, 205.1524196531083, 174.29932745980253, 88.7525059323361, 1154.0046433116283, -958.6292914812448, -1922.101886487308, -1535.92676436623, 1075.157132834036, 361.7317917503196, -658.223592098203, -2100.04499928962, -395.40602071562466, 1947.8767401605533, 1650.071953112463, 348.27348716136856, 55.631778953462884, 526.0899880089697, -498.33836206551587, 1491.5012657325474, 923.0450499878614, -126.95732204641712, -1072.7974499999186, 663.6324871556546, 1994.6042815534586, -2088.404001665116, -346.2568474537771, 787.4949317769631, 402.4559760081918, -1659.3652179868009, -2002.0252718893396, 42.2280759441809, 1754.546253635467, 2365.2420766863656, -150.32849544439327, -1496.2788260146885, 415.4015699502852, 1725.5971014840661, -1076.795143477013, -1880.5960543194747, -3057.3905954105244, -748.0256492525186, 248.54912190895465, -377.6390767099237, -559.3816224434245, -420.87679793892175, 876.8296700229957, -221.17405076390824, -1559.9878827844966, -1536.4432745451602, 26.550541949431587, -105.4522989569939, 918.2979215735008, 908.5659531664373, 883.0207615472497, -1453.9748619128047, -655.6413601834026, 730.2577323978846, -1611.4798994127552, -608.6169437283186, 194.7205463919638, 2005.5562400728568, -164.4308451775975, -885.2816202047435, -1633.1275615540953, 30.431981888019124, 874.7844108016828, -491.4691651684579, -299.1760244519815, -580.9056612401665, -1648.845122023371, -904.4382767518886, 1632.6727856976863, 879.1139553194059, -509.04680189151674, 1084.6157912566819, 2123.382244513719, 1011.855953444137, -39.02318589757877, -356.31250069795465, -445.21644371457575, 1263.2306629845966, 990.5898046914391, -1934.9749169410659]}, "Latent AR LinUCB s=2": {"actions": [0.0, 0.0, 1.0, 0.0, 0.0, 1.0, 1.0, 0.0, 0.0, 1.0, 1.0, 0.0, 0.0, 0.0, 1.0, 1.0, 1.0, 0.0, 1.0, 0.0, 0.0, 1.0, 0.0, 1.0, 1.0, 1.0, 0.0, 0.0, 1.0, 1.0, 1.0, 0.0, 1.0, 1.0, 0.0, 1.0, 1.0, 0.0, 0.0, 1.0, 1.0, 0.0, 0.0, 0.0, 0.0, 1.0, 0.0, 1.0, 1.0, 0.0, 0.0, 1.0, 0.0, 0.0, 1.0, 0.0, 1.0, 1.0, 1.0, 0.0, 0.0, 1.0, 1.0, 1.0, 0.0, 0.0, 1.0, 1.0, 1.0, 0.0, 0.0, 1.0, 1.0, 1.0, 0.0, 0.0, 1.0, 1.0, 1.0, 0.0, 1.0, 1.0, 0.0, 0.0, 0.0, 0.0, 1.0, 1.0, 1.0, 0.0, 1.0, 1.0, 1.0, 0.0, 0.0, 0.0, 1.0, 1.0, 0.0, 0.0, 1.0, 1.0, 1.0, 1.0, 1.0, 0.0, 0.0, 1.0, 1.0, 0.0, 0.0, 0.0, 1.0, 0.0, 1.0, 1.0, 1.0, 0.0, 0.0, 0.0, 1.0, 0.0, 1.0, 1.0, 0.0, 0.0, 1.0, 1.0, 1.0, 0.0, 0.0, 1.0, 1.0, 1.0, 0.0, 1.0, 0.0, 1.0, 1.0, 1.0, 0.0, 0.0, 1.0, 0.0, 0.0, 1.0, 1.0, 1.0, 0.0, 0.0, 0.0, 1.0, 1.0, 0.0, 0.0, 1.0, 1.0, 1.0, 0.0, 0.0, 1.0, 1.0, 0.0, 0.0, 1.0, 1.0, 0.0, 0.0, 1.0, 0.0, 0.0, 0.0, 1.0, 0.0, 0.0, 1.0, 0.0, 0.0, 0.0, 1.0, 1.0, 1.0, 0.0, 0.0, 1.0, 0.0, 1.0, 1.0, 0.0, 0.0, 1.0, 1.0, 0.0, 0.0, 1.0, 1.0, 1.0, 1.0, 0.0, 1.0],