{"Stationary": {"actions": [0.0, 0.0, 0.0, 0.0, 0.0, 0.0, 0.0, 0.0, 0.0, 0.0, 0.0, 0.0, 0.0, 0.0, 0.0, 0.0, 0.0, 0.0, 0.0, 0.0, 0.0, 0.0, 0.0, 0.0, 0.0, 0.0, 0.0, 0.0, 0.0, 0.0, 0.0, 0.0, 0.0, 0.0, 0.0, 0.0, 0.0, 0.0, 0.0, 0.0, 0.0, 0.0, 0.0, 0.0, 0.0, 0.0, 0.0, 0.0, 0.0, 0.0, 0.0, 0.0, 0.0, 0.0, 0.0, 0.0, 0.0, 0.0, 0.0, 0.0, 0.0, 0.0, 0.0, 0.0, 0.0, 0.0, 0.0, 0.0, 0.0, 0.0, 0.0, 0.0, 0.0, 0.0, 0.0, 0.0, 0.0, 0.0, 0.0, 0.0, 0.0, 0.0, 0.0, 0.0, 0.0, 0.0, 0.0, 0.0, 0.0, 0.0, 0.0, 0.0, 0.0, 0.0, 0.0, 0.0, 0.0, 0.0, 0.0, 0.0, 0.0, 0.0, 0.0, 0.0, 0.0, 0.0, 0.0, 0.0, 0.0, 0.0, 0.0, 0.0, 0.0, 0.0, 0.0, 0.0, 0.0, 0.0, 0.0, 0.0, 0.0, 0.0, 0.0, 0.0, 0.0, 0.0, 0.0, 0.0, 0.0, 0.0, 0.0, 0.0, 0.0, 0.0, 0.0, 0.0, 0.0, 0.0, 0.0, 0.0, 0.0, 0.0, 0.0, 0.0, 0.0, 0.0, 0.0, 0.0, 0.0, 0.0, 0.0, 0.0, 0.0, 0.0, 0.0, 0.0, 0.0, 0.0, 0.0, 0.0, 0.0, 0.0, 0.0, 0.0, 0.0, 0.0, 0.0, 0.0, 0.0, 0.0, 0.0, 0.0, 0.0, 0.0, 0.0, 0.0, 0.0, 0.0, 0.0, 0.0, 0.0, 0.0, 0.0, 0.0, 0.0, 0.0, 0.0, 0.0, 0.0, 0.0, 0.0, 0.0, 0.0, 0.0, 0.0, 0.0, 0.0, 0.0, 0.0, 0.0], "rewards": [936.6430745088971, 1213.1431639339453, -809.8084823614765, -2109.4119185883887, 1012.9710201704571, 1157.2145894285086, -563.4011369822618, -711.9035821216801, 305.46437997491984, 840.307357657951, -578.739066255025, -855.4582200145492, 1036.0000360258891, 307.8189794887318, -220.6711826219393, 803.470975388261, 700.9317719720165, -287.2438357259097, -809.0422239875936, -1546.2623120808935, 697.4595179926679, -457.3204101354863, -1177.0959312741736, -1171.1458115609144, 208.53042291162214, 1839.224573781888, -30.57875191782586, -1075.7722516813005, -692.5893474638284, 1151.639808255854, 458.76091899365986, -533.2934493321616, -760.5917424939255, 452.5417420762158, -343.75939819484483, 703.5385403934257, 1575.044192155589, 1501.9586379000598, -91.68884345510108, -2227.386269755822, 6.006643903418921, -308.43744063375544, -1248.3605792107771, -1486.9916050983593, -299.1114162560523, 421.8480954441789, -570.6689163591715, 207.6013190721707, 182.62894439305302, 205.10045923370197, 545.6560203831407, -597.3725950821545, -1114.7116903745123, 281.7183165645283, -1594.2766694633563, -1164.6573366532905, -931.6675755157806, 902.9315112433667, -70.85647805932884, 732.6074303468226, 1270.3172957765207, -231.472968828134, 21.449424645597446, 803.3589086121286, -150.78967045334693, 2172.150235664958, 478.823298802297, -582.0148315710622, -269.3404875174136, 161.3928212621781, -2815.6011884646314, -2238.1551345115395, 957.8285439865786, 2185.9394467006387, -877.1967625522444, 899.5142108295031, 527.5348477048999, -1788.8007565596843, 392.8864203706026, -322.1089970555668, -53.37503612440402, 1453.9221993986087, 224.5930907413311, -482.6078614633298, 713.8949422608752, 199.424340390428, -1154.9412102415597, -845.5137266470698, -387.051718694825, -1080.844367049402, 827.4591075900993, 92.85675627600597, 726.785117283764, -80.38036796358622, -2476.718303497993, -1861.4814797374006, 1986.7464693920667, -393.93573337122274, -1813.0824349376592, -1317.2601224072482, 1363.6745921519316, 4245.71840847322, 2196.3902838759045, 200.5978706760206, -2360.732171849859, -2294.828218919683, 913.0099811082604, 1991.8906625996158, 24.851860960299067, -1845.878663485782, -1100.3203617273614, 848.998916601117, 1004.5438524574851, 1094.332948339607, -683.9050202688081, -1618.1577054925428, -1983.611219789195, 797.3284797377112, 783.4254398548359, 11.097716656922518, 474.05458855635, 267.2132597943084, -697.0588520037028, -1902.707913335417, -734.019540714951, 1822.6632194789347, 929.7943685259312, -128.47509830019118, -424.5367588372747, -951.872408652259, -621.1174608024149, 673.5395006864912, 228.67248300777305, -847.1868388988946, -590.3798929978243, 1273.520074769867, 68.11457673884414, -1071.4377421570948, -393.1635455310375, -452.03437848955366, 215.32880931377824, 87.0365029587074, 684.1401923028085, 2126.125175846068, -330.85754365703764, -354.98041954223885, -746.0041365974618, -1153.3680969853408, -1494.7768251107793, 1544.9061031218193, -164.6870017804718, -1011.2144552914033, -1085.4971444176388, -651.0386932737124, 997.1169806252735, 787.0751791452817, -511.08743556575126, -1643.6550878800247, -1393.4629123612199, 228.3514020922745, 756.8352568264686, 2188.126849970804, 1339.32110442305, -259.1907469738501, 1350.2201934326938, 770.0325384243182, 65.81776791248298, -132.2356040436978, 684.3663190106693, 1617.9093228897016, -404.31944193077356, -1971.7477271382756, 464.9149468165273, 1563.886637582189, 778.9765670655365, -279.0163497777783, -295.39329761056206, 1176.8290147556447, -173.16890037306993, -685.5632596416135, 368.0804100563207, 186.24303717655687, 1624.7763455765291, 1230.416515344306, 160.12966947715466, -491.71019090025226, -576.6837737658067, -185.35482741395566, -1746.2074508784492, -72.3562389205467, 1313.9180856091577, 312.6612264662761, -533.1898968700322, 816.3394784189919, 121.15650836527577, 395.5092035904481, -2881.969912494923, 722.7735083935016, 1643.3897918204862, 601.8013689132996]}, "Latent AR LinUCB s=2": {"actions": [0.0, 0.0, 0.0, 1.0, 1.0, 0.0, 0.0, 1.0, 1.0, 0.0, 0.0, 1.0, 1.0, 0.0, 1.0, 1.0, 0.0, 1.0, 1.0, 1.0, 1.0, 0.0, 1.0, 1.0, 0.0, 0.0, 0.0, 1.0, 1.0, 0.0, 0.0, 1.0, 1.0, 1.0, 0.0, 1.0, 0.0, 0.0, 1.0, 1.0, 1.0, 0.0, 1.0, 1.0, 1.0, 0.0, 0.0, 1.0, 0.0, 1.0, 0.0, 0.0, 1.0, 1.0, 0.0, 1.0, 0.0, 0.0, 0.0, 1.0, 0.0, 0.0, 1.0, 0.0, 0.0, 1.0, 0.0, 1.0, 1.0, 0.0, 0.0, 1.0, 0.0, 0.0, 0.0, 1.0, 0.0, 1.0, 1.0, 0.0, 1.0, 0.0, 0.0, 1.0, 1.0, 0.0, 1.0, 1.0, 0.0, 0.0, 1.0, 0.0, 1.0, 0.0, 1.0, 1.0, 0.0, 0.0, 1.0, 1.0, 0.0, 0.0, 0.0, 1.0, 1.0, 1.0, 0.0, 0.0, 0.0, 1.0, 1.0, 0.0, 0.0, 0.0, 0.0, 1.0, 1.0, 1.0, 0.0, 1.0, 1.0, 0.0, 1.0, 1.0, 1.0, 0.0, 0.0, 1.0, 1.0, 1.0, 1.0, 0.0, 0.0, 1.0, 1.0, 0.0, 0.0, 1.0, 1.0, 0.0, 1.0, 0.0, 1.0, 0.0, 0.0, 1.0, 0.0, 1.0, 1.0, 1.0, 0.0, 1.0, 1.0, 0.0, 0.0, 0.0, 1.0, 1.0, 1.0, 0.0, 0.0, 0.0, 0.0, 1.0, 1.0, 0.0, 1.0, 1.0, 1.0, 0.0, 0.0, 1.0, 1.0, 0.0, 0.0, 1.0, 1.0, 0.0, 0.0, 1.0, 1.0, 0.0, 1.0, 0.0, 1.0, 1.0, 1.0, 1.0, 0.0, 1.0, 0.0, 0.0, 1.0, 1.0, 0.0, 1.0, 0.0, 1.0, 0.0, 0.0],