{"k": 1, "sigma_z": 10, "mean reward 1": [577.5004708104844, 517.6290907729597, 210.27571743794323, 229.79782972913583, -995.4060536846395, -1775.4415174036594, -923.8666259512485, -1456.7648054135095, -2182.685743948834, -1566.269531296792, -1275.9653345089262, -1153.686013219436, -483.73778092564413, -2526.596254366494, -1855.580513541871, -2285.310683902838, -3629.667727081624, -4998.494960169009, -3757.2748987563173, -4694.590537100849, -2846.081190123501, -2724.1248253646504, -4145.462077946424, -3066.670374174856, -2588.1296826445146, -1949.945945463768, -1621.5956536678523, -2150.5156461690535, -899.7317238655963, -1361.302806402907, -2845.289195081048, -1570.1498771240563, -243.13216172447713, -451.4862403949566, -234.49626743716365, -486.63879190679876, 543.4003079984358, 215.32489708467, 1047.950211923726, 335.9272531045036, -1303.4889005090752, -1859.4422026011077, -2786.1373205341297, -773.1270456621903, 349.60982559197646, -657.8354962904993, 386.15343368151906, -313.19291733451763, -555.8662781458855, -467.7980668079445, -1015.3273072761386, -1266.0021417273563, -106.52164056930786, -17.72881949927213, -245.86490856902952, 757.5005822969842, 361.4861756642588, -1822.4535070487568, -1891.554224991225, -1741.6222562527378, -1941.4879766172892, -2101.8324082310733, -2955.69870943198, -2205.3308856586164, -5276.590364620359, -5434.807487257078, -6521.693019075656, -6141.19504108966, -7203.702784040104, -7784.599408688233, -7670.933062862646, -7597.898816511484, -6692.359890087447, -8450.489240091796, -8111.910787335799, -7085.003216701898, -4938.230922538989, -4366.321903869315, -3195.83595970273, -4904.266085459015, -4286.75054765692, -2091.3313844765007, -2294.7956403659664, -2878.691230004175, -2329.765985007088, -2316.5793811888248, -2117.8344656013724, -1304.8020845441993, -1933.3473665424901, -2214.4848637250752, -1772.7232097557205, 362.91293345613, -255.99077670799159, 854.4758785246426, 1380.8778837260704, 1350.429166885553, 1898.9612815919165, 1715.4503618931585, 2047.6779113685236, 2927.219940646765, 3732.3141596207365, 1757.184872095727, 1047.0957547686025, 1267.7567426310866, 1422.2771885477773, -180.54374750236005, 1040.4650524311357, 2139.9023462894847, 985.0619143560434, 2012.4454370874791, 843.3805392663611, 63.01104261883488, -369.877432821407, 532.5232055263493, 2936.1602918662024, 2981.3317599902593, 1435.4127452216262, 1282.7900451618054, 320.31278255081367, 650.0940373878553, -598.2484119601966, -284.0598787720522, -1651.4430055543787, -2667.916172480067, -3222.521025670116, -2769.0460993909633, -1145.1854150527865, -759.8562394491177, -8.499507314890398, 187.79461807017535, 1328.6404840587525, 782.129404198225, 3609.7160489292046, 1662.8468539081168, 2890.4784548510243, 2873.695410248512, 2334.592228407104, 2135.7543435975285, 2993.278311831881, 4668.6487055614825, 2394.742701650953, 2861.3514686037556, 2507.232852021992, 2860.3946994471157, 3033.0149478382673, 3325.855168359241, 3183.878856992823, 3039.694557236481, 2899.946247950438, 2548.667660795694, 3363.388572314889, 4334.0100409720135, 3064.251857091505, 4924.38457101139, 3414.984827808246, 3303.7798359084773, 4360.171197541884, 2978.9966023914626, 2274.887383209469, 2364.230505844031, 1301.9791794476175, -976.9312036386564, -2314.9008531771537, -2376.9499921295487, -600.9631308098676, -369.35242163743254, -1711.2873352303957, -1456.4401052100939, -2486.7672142472193, -3266.328838327668, -1754.0541880825876, -2470.91940641817, -1963.161104921025, 1392.9665064320052, 2588.6347723015747, 3878.79972127363, 4679.863637642982, 3120.0294247935226, 4643.560110204084, 4668.13841762224, 2964.973318394317, 1258.434655493002, 592.3532465314499, -384.9764024074438, 540.396044846346, 1417.4081701331424, 872.9024823253594, 1685.5916041978653, 1173.9350591200953, 559.5663282963737, 365.04995522814113, 432.9115412773229, 532.0627984283464, -793.0340201457326, 29.26597947417262, -197.0703928154432, -382.602060510762, -699.4475979581605, -2327.0202727290525, -1730.7853833883764],