{"k": 1, "sigma_z": 10, "mean reward 1": [-288.5132073814651, 1268.243464995121, 1611.9787343820344, 1754.5740456699548, 3164.2120101185, 1740.9353424647752, 1674.339751011329, 731.7172665440414, 1418.9306248459236, 1815.4050389252866, 2571.6462451285715, 1847.0026535005497, 2726.7844813125084, 4070.9964081353482, 2999.1416485488635, 998.7622186115416, -416.7580940640658, -1419.8606586563808, -2130.631457374051, -3838.738029396485, -2605.7763768358964, -2882.0731947883064, -1199.8098903840814, -60.701516490901675, -409.4810085331404, -2295.8382931511474, -1111.8986508931407, -2793.9466877526306, -806.8051427075388, -1717.9590226127193, -1567.4982196039962, -2653.862582604413, -3443.551662318192, -4383.313712009592, -5332.72768160872, -5249.462675259394, -5184.542586800726, -4882.74317249904, -3828.1754242817465, -4040.1211837207748, -6225.431595915279, -5668.979129157743, -5997.658503551461, -5896.339358409268, -4405.86673457329, -5460.2160737073145, -5977.992195027206, -4502.766780491125, -5096.254640584275, -4868.6514279245675, -3944.724871063832, -3930.2009909083417, -3795.713730589106, -4806.917320812695, -3622.5961486758224, -2305.619241979979, -1336.324374266731, -625.3112081888684, -41.328360897538104, -634.3920139221881, -897.0599785232773, -1622.3311430586223, -1832.7311801693807, -1135.3500865172111, -617.3272140654772, -191.16129486384344, 640.9921383186493, -28.99870935717699, -1394.2579690579967, -849.5415691551912, -609.9488607839385, -1398.8531658304541, -878.852147544743, -1902.6808536803926, -1884.505830157535, -457.64308929323613, -516.2570696294443, 1468.77114261219, 1688.57965182901, 3594.1343056392357, 3737.763929454534, 3762.0433807749814, 3195.4731941830896, 2632.68200216537, 960.8764721626832, 1894.784162110385, 228.91439006391857, 2199.248207077204, 2564.9047960689763, 2313.8405385998835, 3752.694451986291, 3331.824340975987, 3366.8874460396496, 2489.6821491615738, 1485.4521993372, 1416.7832452946402, 3244.1302527173184, 2607.71489415126, 736.0626744671567, 1405.8658384278026, 1629.1338244619308, 1938.9867367193765, 2264.3252088357362, 43.18252124511126, -575.5683819757356, -1339.3032585091976, -1092.3111078656084, -1010.1334250874711, -1768.5019875138487, -336.9710580695097, -698.4325094222456, -177.60624981315542, 344.95086351107545, 323.2173817454238, -101.4145731714649, -641.3145482272683, -580.1527064245638, -882.8345132334177, -631.0154745381161, -1546.2555228409283, -2325.8925536330503, -3497.195400197988, -2733.8346066623753, -2582.9724359480742, -2235.626399442111, -1940.6012761656666, -3682.490705599639, -3448.086393071278, -4441.598729355711, -2691.8629901790455, -3051.7468598846485, 98.55066782643469, 444.4117789548261, 1228.95318016044, 189.16560565428338, 1964.0239221362947, 2401.3006426788534, 1548.569858074325, 135.89596958772975, -478.1430735037821, -1166.4573205015095, -1049.4770179057084, -1515.622975699586, -657.8121037726694, -736.3650671297501, 1162.6187994431425, 3220.6087218070024, 3026.259608750637, 1015.6786685784766, 2417.015539367694, 2980.876579636533, 2278.2874494472526, 1844.1926642182275, 1322.7700195418477, 2937.8951705299696, 1892.505054054275, 5198.137954281707, 6348.667397266256, 7899.096491581036, 5863.556445793522, 3605.4166744007703, 2336.4683112599478, 2323.513480333811, 1985.3159424692205, 3663.656397736385, 3767.8901294856614, 3539.037054798074, 3324.7240479983275, 2825.7827822983004, 2967.551938365544, 1777.8256471241257, 830.0396252483639, 257.87397954114056, 335.8016039379178, -220.00128630578263, 318.7893036332625, -1572.059279982491, -2762.769303552391, -391.34230847882776, -946.5112149968281, -2870.2568077287597, -2159.170004994089, -1866.9211285699325, -2536.2413508672753, -2584.9925147876343, -1920.7344028146572, -2159.6768024191447, -4101.942915737403, -4551.642189085826, -1794.1302407497367, -2387.817129697505, -3535.680885774313, -3100.769492314328, -2392.6001297526755, -2746.3005892528417, -2221.7523928379537, -1800.8928327963285, -3058.951251338047, -2817.1009367550328, -2324.1798309549326],