{"Stationary": {"actions": [1.0, 0.0, 0.0, 0.0, 0.0, 0.0, 0.0, 0.0, 0.0, 0.0, 0.0, 0.0, 0.0, 0.0, 0.0, 0.0, 0.0, 0.0, 0.0, 0.0, 0.0, 0.0, 0.0, 0.0, 0.0, 0.0, 0.0, 0.0, 0.0, 0.0, 0.0, 0.0, 0.0, 0.0, 0.0, 0.0, 0.0, 0.0, 0.0, 0.0, 0.0, 0.0, 0.0, 0.0, 0.0, 0.0, 0.0, 0.0, 0.0, 0.0, 0.0, 0.0, 0.0, 0.0, 0.0, 0.0, 0.0, 0.0, 0.0, 0.0, 0.0, 0.0, 0.0, 0.0, 0.0, 0.0, 0.0, 0.0, 0.0, 0.0, 0.0, 0.0, 0.0, 0.0, 0.0, 0.0, 0.0, 0.0, 0.0, 0.0, 0.0, 0.0, 0.0, 0.0, 0.0, 0.0, 0.0, 0.0, 0.0, 0.0, 0.0, 0.0, 0.0, 0.0, 0.0, 0.0, 0.0, 0.0, 0.0, 0.0, 0.0, 0.0, 0.0, 0.0, 0.0, 0.0, 0.0, 0.0, 0.0, 0.0, 0.0, 0.0, 0.0, 0.0, 0.0, 0.0, 0.0, 0.0, 0.0, 0.0, 0.0, 0.0, 0.0, 0.0, 0.0, 0.0, 0.0, 0.0, 0.0, 0.0, 0.0, 0.0, 0.0, 0.0, 0.0, 0.0, 0.0, 0.0, 0.0, 0.0, 0.0, 0.0, 0.0, 0.0, 0.0, 0.0, 0.0, 0.0, 0.0, 0.0, 0.0, 0.0, 0.0, 0.0, 0.0, 0.0, 0.0, 0.0, 0.0, 0.0, 0.0, 0.0, 0.0, 0.0, 0.0, 0.0, 0.0, 0.0, 0.0, 0.0, 0.0, 0.0, 0.0, 0.0, 0.0, 0.0, 0.0, 0.0, 0.0, 0.0, 0.0, 0.0, 0.0, 0.0, 0.0, 0.0, 0.0, 0.0, 0.0, 0.0, 0.0, 0.0, 0.0, 0.0, 0.0, 0.0, 0.0, 0.0, 0.0, 0.0], "rewards": [1080.7070755702287, -520.2753434073069, 828.3665521609489, -666.8110581052579, 189.39977741325686, 543.5561385298722, 540.2906002409634, 1671.4094880525308, 2077.819794213854, 4383.045630799215, 3264.2403941984508, 2580.098311597907, 3230.1692297155914, 2080.249906903578, 2325.7502054902666, 2860.221401772737, 3308.0871755239928, 2601.6563280575742, 2095.6180870078124, 1417.3000693353226, 2416.261679975328, 2343.8485793677864, 1881.242961250947, -9.459964796869162, -825.6540088010206, -740.5128996136864, 151.52045207147214, -1785.5237728065226, -899.9888354187918, -2490.076098677434, -1882.1675528040905, -581.5686505255339, -1292.2592298035618, -1027.1051455184995, 419.5268102629411, -261.41907182381397, 1389.6910979633974, 1077.8189056213037, 1185.010969425496, 1479.5738136786551, 589.3174753205783, 51.218876237759176, -346.442523221018, -100.49120068155297, -787.4884842302733, -895.9955468429588, -433.14943650006404, 72.29866108101672, -1670.936941655517, -1245.5970106414409, -1932.183958476559, -500.8411079085058, 569.035905899313, 671.748120616924, 1712.9738240386323, 2135.912029525668, 2053.706255898287, 228.02090126143653, 295.3912733968614, 128.99965472359915, -172.54660173494804, 503.74576657011573, 1022.5550480945535, 1584.5580501783897, -217.65592151163628, 22.73765562072867, -486.5830438228584, -1493.1709047548457, -1809.5517883545301, 742.7959027881128, 206.76102893192183, 721.0333053498698, 1523.8381412130234, 1449.1575186209543, 911.5514191983796, 226.79330830873084, 143.99435472544715, -46.8091768279862, 457.22581954620654, -354.2960154588006, -871.3516452876212, -1316.1606667137326, 201.77598263977345, -224.3848239868756, -29.574801605202072, -1647.597681183658, -1892.3248906795852, -1947.169860152179, -3627.9185836478514, -1288.1040021737178, 822.8151596986771, 102.11361312180003, 890.2356256576762, -1342.8300542123332, -3414.828233002058, -1946.0929252546896, -1200.4654830828517, -202.1196238956143, -1610.210900992739, -2160.3283098165953, -1586.5216718501167, -1530.2218284251328, -2315.878220212304, -4149.870785337242, -5626.1393404080545, -4620.709343649943, -4195.098003177505, -4540.136212115298, -3114.4070109607414, -3660.917699442825, -2619.967763888614, -2969.3164974314445, -1566.0668431240465, 1315.9228109221233, 2729.188893892679, 2246.0324548091203, 2.61632291751745, -841.363261342528, -455.80159075435495, 1159.7478004886889, 1535.3602428147278, 1741.937559382505, 1260.0163270916992, 1514.887670862799, 1053.58858771829, -397.7015347895334, -820.892251915698, -664.1298473583422, -1805.5991464312865, -1487.0104213407924, -2795.2826739245056, -3158.631909905484, -4519.237138750479, -3870.3493249937405, -4257.582593392629, -3589.4662410780047, -4087.8324356324765, -3203.0610972531717, -3708.020726271963, -4051.5744626955775, -3817.3149342529687, -3983.9548853220067, -3440.7774723979787, -2166.9606023201586, -2273.526580536261, -2113.5041367545846, -2257.7022207048813, -1983.5022649025882, -2700.5088703966217, -1977.1767973885612, -1966.725476869776, -2090.0774400441865, -3695.889794008439, -4324.728420651671, -4279.676691624232, -4297.677782755934, -2776.8517736942526, -3293.3356955504346, -3607.481447979946, -2086.842166691802, -1459.5758416117837, -2039.3882028844566, -1611.0458165789405, -1805.76468050129, -817.7885812187006, 622.4850455542241, -483.70161791402785, -1687.325005565829, -2843.990579221441, -3854.78848342862, -2288.0587658068043, -1205.5432101130978, -2309.8430599824314, -2689.560345654314, -4101.979429233129, -3253.426843680632, -2271.839102492016, -1764.2565669186304, -3568.063434530868, -5013.6242544011575, -5405.90022698475, -2227.479134753811, -1145.240338033584, -1898.401550702431, -79.61544674439219, -99.70558128320222, 1046.9517541649743, 1467.2407152989806, -21.536193481269006, -929.4848645592385, -2700.385089265463, -3649.58722353294, -2252.6421426066686, -2704.963090259339, -3156.2503609360683, -2242.505385182328, -1255.0243122587503, -123.82873554044542, -152.41459853263, -918.1322044594997]}, "Latent AR LinUCB s=2": {"actions": [1.0, 1.0, 0.0, 0.0, 0.0, 0.0, 0.0, 0.0, 0.0, 0.0, 0.0, 0.0, 0.0, 0.0, 0.0, 0.0, 0.0, 0.0, 0.0, 0.0, 0.0, 0.0, 0.0, 0.0, 0.0, 0.0, 0.0, 0.0, 0.0, 0.0, 0.0, 0.0, 0.0, 0.0, 0.0, 0.0, 0.0, 0.0, 0.0, 0.0, 0.0, 0.0, 0.0, 0.0, 0.0, 0.0, 0.0, 0.0, 0.0, 0.0, 0.0, 0.0, 0.0, 0.0, 0.0, 0.0, 0.0, 0.0, 0.0, 0.0, 0.0, 0.0, 0.0, 0.0, 0.0, 0.0, 0.0, 0.0, 0.0, 0.0, 0.0, 0.0, 0.0, 0.0, 0.0, 0.0, 0.0, 0.0, 0.0, 0.0, 0.0, 0.0, 0.0, 0.0, 0.0, 0.0, 0.0, 0.0, 0.0, 0.0, 0.0, 0.0, 0.0, 0.0, 0.0, 0.0, 0.0, 0.0, 0.0, 0.0, 0.0, 0.0, 0.0, 0.0, 0.0, 0.0, 0.0, 0.0, 0.0, 0.0, 0.0, 0.0, 0.0, 0.0, 0.0, 0.0, 0.0, 0.0, 0.0, 0.0, 0.0, 0.0, 0.0, 0.0, 0.0, 0.0, 0.0, 0.0, 0.0, 0.0, 0.0, 0.0, 0.0, 0.0, 0.0, 0.0, 0.0, 0.0, 0.0, 0.0, 0.0, 0.0, 0.0, 0.0, 0.0, 0.0, 0.0, 0.0, 0.0, 0.0, 0.0, 0.0, 0.0, 0.0, 0.0, 0.0, 0.0, 0.0, 0.0, 0.0, 0.0, 0.0, 0.0, 0.0, 0.0, 0.0, 0.0, 0.0, 0.0, 0.0, 0.0, 0.0, 0.0, 0.0, 0.0, 0.0, 0.0, 0.0, 0.0, 0.0, 0.0, 0.0, 0.0, 0.0, 0.0, 0.0, 0.0, 0.0, 0.0, 0.0, 0.0, 0.0, 0.0, 0.0, 0.0, 0.0, 0.0, 0.0, 0.0, 0.0],