{"Stationary": {"actions": [0.0, 0.0, 0.0, 0.0, 0.0, 0.0, 0.0, 0.0, 0.0, 0.0, 0.0, 0.0, 0.0, 0.0, 0.0, 0.0, 0.0, 0.0, 0.0, 0.0, 0.0, 0.0, 0.0, 0.0, 0.0, 0.0, 0.0, 0.0, 0.0, 0.0, 0.0, 0.0, 0.0, 0.0, 0.0, 0.0, 0.0, 0.0, 0.0, 0.0, 0.0, 0.0, 0.0, 0.0, 0.0, 0.0, 0.0, 0.0, 0.0, 0.0, 0.0, 0.0, 0.0, 0.0, 0.0, 0.0, 0.0, 0.0, 0.0, 0.0, 0.0, 0.0, 0.0, 0.0, 0.0, 0.0, 0.0, 0.0, 0.0, 0.0, 0.0, 0.0, 0.0, 0.0, 0.0, 0.0, 0.0, 0.0, 0.0, 0.0, 0.0, 0.0, 0.0, 0.0, 0.0, 0.0, 0.0, 0.0, 0.0, 0.0, 0.0, 0.0, 0.0, 0.0, 0.0, 0.0, 0.0, 0.0, 0.0, 0.0, 0.0, 0.0, 0.0, 0.0, 0.0, 0.0, 0.0, 0.0, 0.0, 0.0, 0.0, 0.0, 0.0, 0.0, 0.0, 0.0, 0.0, 0.0, 0.0, 0.0, 0.0, 0.0, 0.0, 0.0, 0.0, 0.0, 0.0, 0.0, 0.0, 0.0, 0.0, 0.0, 0.0, 0.0, 0.0, 0.0, 0.0, 0.0, 0.0, 0.0, 0.0, 0.0, 0.0, 0.0, 0.0, 0.0, 0.0, 0.0, 0.0, 0.0, 0.0, 0.0, 0.0, 0.0, 0.0, 0.0, 0.0, 0.0, 0.0, 0.0, 0.0, 0.0, 0.0, 0.0, 0.0, 0.0, 0.0, 0.0, 0.0, 0.0, 0.0, 0.0, 0.0, 0.0, 0.0, 0.0, 0.0, 0.0, 0.0, 0.0, 0.0, 0.0, 0.0, 0.0, 0.0, 0.0, 0.0, 0.0, 0.0, 0.0, 0.0, 0.0, 0.0, 0.0, 0.0, 0.0, 0.0, 0.0, 0.0, 0.0], "rewards": [1000.8312509444844, -312.86701000278254, 367.95473602814917, -875.6795931093118, -393.54001575898786, 73.76757477300471, -1200.4944061892784, -627.7508699164898, -760.609536286163, -1994.672335877419, -2847.5980494649607, -296.9173803027446, -1528.9888775807938, -2070.2371002931154, -2209.872801581244, -2293.0842819488817, -2835.2477480897223, -1115.7856996533676, -2057.2022833055225, -1398.5230027601199, -784.6374518616789, -449.4569942672381, -1049.466735357167, -1126.7327823893347, -2643.3023352083023, -5257.52250108925, -4410.295069678343, -3089.830634290613, -2015.3050458889022, -1473.6936169368296, -528.2333392054094, 434.8899911921685, -647.5733317386367, -2584.5379923534956, -2523.6601706635843, -3726.4806908888336, -4273.534455733753, -3622.4503022774156, -3138.098955490435, -1819.9134033023468, -2045.1821537849492, -44.1259240571413, 579.6841623318339, 1414.0704018610631, 1630.7154710144955, 3110.619074375039, 4409.571590187497, 2553.447475825371, 1627.6269768127615, 1962.7751740567428, 1131.458532516783, -149.8282589320315, 2895.644372434444, 4184.603730928553, 3129.388140480703, 2969.09603129238, 3010.2415540797356, 2392.800427433356, 4608.153674149843, 3306.5507158859677, 2895.9860062579924, 1931.569416926729, 192.47027004758382, 907.1621609265736, 869.731526615498, -111.24377628481892, -546.868517012699, -652.2456076308821, -737.3745324864182, 684.1073794496092, -2262.2561745000703, -1740.811553580383, -1811.566801139724, -2165.316533423313, -2099.6533502410257, -2000.804986539549, -2114.143798034153, -2420.0932278908963, -2741.7047590457155, -1166.3732167509813, -2025.071552018039, -1898.3684461310731, -1836.3995742413674, -675.5948354068332, -1830.0170000251105, -2962.194136913634, -3598.6931897077725, -4672.968537575937, -3605.399140199652, -2903.3498505319512, -4025.8851689959765, -2208.540901716101, -2293.8322052829353, -3583.317205459892, -4176.12258345403, -3803.4151372607193, -4548.712914840875, -4125.145420276276, -3705.9165697062676, -4445.222750432481, -5534.382144203777, -4850.043378103217, -2310.9303394510653, -2087.820804903676, -1987.724760193109, -1606.8111008352325, 381.3916845402864, -401.75717225872904, -568.3724681520539, -772.3789384901136, -40.09464740642588, 1231.8026114371835, 770.2681953118615, -2131.0977385903752, -2345.3335440022547, -2516.0217698156553, -3870.604705525044, -3911.8223866842677, -2761.5573468322073, -1351.7812201074985, -864.1608923873303, -1254.07736518725, -1151.5058593494143, -2088.994757589564, -1874.394446154266, -2936.2258078644045, -3534.9999826092226, -3847.881011647272, -2806.150092715055, -2027.6086937966375, -3403.979259716118, -5008.969158187239, -2282.7160781441216, -3191.4045863231718, -1420.6833297451235, -396.3008092820948, 1169.0918317339977, 2330.5306801812208, 1934.351436435283, 2596.2067232957406, 3780.6689893216735, 2605.308499973687, 4947.928177085994, 3509.284738327683, 3360.5852199149185, 1937.6484854462865, 259.5469100712574, -597.2219084857963, -849.6106170212358, -549.9704326353043, -182.75413975464997, 673.0878304969061, 1841.7377388032837, 1793.8751263385411, 1449.687207811564, 338.9542302090239, 789.5286894760336, -369.24639923688807, -859.7574671331209, -1113.7963467840384, -338.90227884207644, 1403.3819070967393, 1525.2437282145263, 119.28331179244691, 22.108119832080995, -938.72768441709, 121.94637383144234, -107.1089743073888, -890.2228652930551, -325.0048941871025, -1547.2843395885666, -1128.4423056311632, -60.9661794633459, -1001.429730400685, -1607.897062680869, -118.12673208174402, -706.3078507850132, -1604.6648997173115, -1490.4808727084921, -993.0914288383493, -2652.6661182074367, -3111.2243805046683, -2634.432941219459, -1271.8033739911048, 154.04009289591332, 972.856808000185, 583.589733763192, 2121.4837022271317, 1674.5160689167917, 1306.258018594532, -580.7043482004915, 2.9066221343681997, 561.9066894668675, -1045.7813718697337, 671.4333769809446, 574.3619514646728, 338.7067514888266, 156.18548804259862, 469.5847263551688, 496.85800293444856]}, "Latent AR LinUCB s=2": {"actions": [0.0, 1.0, 0.0, 0.0, 0.0, 0.0, 0.0, 0.0, 0.0, 0.0, 0.0, 0.0, 0.0, 0.0, 0.0, 0.0, 0.0, 0.0, 0.0, 0.0, 0.0, 0.0, 0.0, 0.0, 0.0, 0.0, 0.0, 0.0, 0.0, 0.0, 0.0, 0.0, 0.0, 0.0, 0.0, 0.0, 0.0, 0.0, 0.0, 0.0, 0.0, 0.0, 0.0, 0.0, 0.0, 0.0, 0.0, 0.0, 0.0, 0.0, 0.0, 0.0, 0.0, 0.0, 0.0, 0.0, 0.0, 0.0, 0.0, 0.0, 0.0, 0.0, 0.0, 0.0, 0.0, 0.0, 0.0, 0.0, 0.0, 0.0, 0.0, 0.0, 0.0, 0.0, 0.0, 0.0, 0.0, 0.0, 0.0, 0.0, 0.0, 0.0, 0.0, 0.0, 0.0, 0.0, 0.0, 0.0, 0.0, 0.0, 0.0, 0.0, 0.0, 0.0, 0.0, 0.0, 0.0, 0.0, 0.0, 0.0, 0.0, 0.0, 0.0, 0.0, 0.0, 0.0, 0.0, 0.0, 0.0, 0.0, 0.0, 0.0, 0.0, 0.0, 0.0, 0.0, 0.0, 0.0, 0.0, 0.0, 0.0, 0.0, 0.0, 0.0, 0.0, 0.0, 0.0, 0.0, 0.0, 0.0, 0.0, 0.0, 0.0, 0.0, 0.0, 0.0, 0.0, 0.0, 0.0, 0.0, 0.0, 0.0, 0.0, 0.0, 0.0, 0.0, 0.0, 0.0, 0.0, 0.0, 0.0, 0.0, 0.0, 0.0, 0.0, 0.0, 0.0, 0.0, 0.0, 0.0, 0.0, 0.0, 0.0, 0.0, 0.0, 0.0, 0.0, 0.0, 0.0, 0.0, 0.0, 0.0, 0.0, 0.0, 0.0, 0.0, 0.0, 0.0, 0.0, 0.0, 0.0, 0.0, 0.0, 0.0, 0.0, 0.0, 0.0, 0.0, 0.0, 0.0, 0.0, 0.0, 0.0, 0.0, 0.0, 0.0, 0.0, 0.0, 0.0, 0.0],