{"k": 5, "sigma_z": 10, "mean reward 1": [-1136.193199194543, 948.9196759728275, -732.7133795516687, -338.505432715599, 1366.0278577883462, 238.77641969732542, -614.05417100015, 934.0020336472469, -970.5633976000977, -665.4822425265555, 82.09298581073641, 1210.7502810683673, 80.46667322910986, -2427.86012560188, 2037.952684191928, -1618.738455362321, 2169.2174799274603, -2641.9217681800765, 350.05924798013837, 903.1339720925423, -1798.86479562402, -981.7239676952013, -1093.9362099352127, -233.4666009382286, 1070.0000555771012, 693.6900739250269, 1976.4981340760394, 1641.8153058125179, -2203.7185513815407, 939.2591214535043, 210.38410915787313, 1032.1187781909387, -949.0239583547559, 1068.0702607723385, -536.0387620680921, -723.7579302706893, 268.0740226630316, -1802.8761313956309, -32.666744995831465, -1014.2645060062434, -370.8968060325093, 265.30630569311427, 572.5277893004987, 1084.5179060232954, 1070.3051025139976, 1798.57892825743, 1247.394782702621, -1536.5309883842124, 263.75930727842984, -2394.8399367543316, -1954.0132402486688, -125.36035375599654, 149.99657815266377, 1083.369947428533, 189.94003226379624, -736.4169072874741, 1107.981369498442, -2482.8726841951748, 1500.5924705246262, 328.6328985121347, -1000.5202543293516, 1341.129542447264, 231.38607999525416, -415.9953322757158, 189.42683849280365, -237.8063800856252, -1259.2982032284165, 2153.6933812302786, -1935.1772140729952, 517.5532653319541, -218.55559211479715, 1896.2772996259691, -487.31094521222803, 1622.5823596840105, -1305.62285891854, 1258.4060743146074, -2017.5244191280754, 1398.329892848663, -1203.6090190959135, 1049.9826590893856, -859.8761544138085, 2.453931992101488, 441.97599069952486, -210.68061732349042, 1326.7607069820383, -22.24623715990979, -2047.6019177988887, 235.48665865484963, -2525.489357584257, 337.8135018454818, -378.48632452158535, 1779.6941380907783, -581.5727613944341, 1685.3343418071624, -1750.0082539295845, 1709.9279121143873, -1855.0226912783892, 681.0689915914921, -1163.9787001859886, 455.1947710585063, -1515.2492636596453, -206.12782479245516, -809.1630339951374, 1417.0072468462345, 119.83615409475136, 1974.6621532529075, 1686.1030840750072, 240.77277262794217, 102.27175976701135, -157.44571753730733, -41.989907970526815, 988.8601671263501, 913.0934773386743, -1228.52377212053, 222.43916604566047, -2200.135069130637, 39.250586241037965, -568.3033532205633, 725.4302365147325, -505.2931724482573, 1671.444153765463, -463.323903873699, 1336.0492242657206, -1424.9092980573807, -420.04978453421285, -320.90144639753396, -89.32424870258795, 1167.4978875029965, 1188.2311124447888, 184.0154235178153, -511.2779744082576, -510.8634339334813, -1628.4700378043694, -1189.1685966791827, 509.38164877044494, -2162.2177827626842, 1956.2216585228584, 236.69286767336715, 2850.7300655185736, 322.02279079329315, 301.4611796922468, 920.1370126902436, -1429.3182733994147, 415.3649331863518, -911.4301122762131, 44.239199323592146, -38.38370832909397, -147.2335719024469, 793.5468718980142, 1428.3563127978114, -78.26853052439542, 569.7561744228365, -205.06674294696543, 1899.9006623766672, -520.8961795453135, 1205.52883990051, 1140.3132756363896, -988.3858040723709, 1419.2388076310433, 164.74225549484504, 1272.8393315823166, 435.56255305050894, 934.1706677864447, -143.72141154049552, -45.78066887094416, 1125.7833204920803, 494.098863562236, -161.18485423385346, -552.662362664755, -268.1822878890655, -393.6173099198462, -5.542260909596974, -1695.9899363813754, 13.012763725849386, 501.173174891512, 363.63321837581475, 229.39643436140483, -270.14173475851715, 2029.2860881089457, -234.2772042114555, -326.96552406082367, -877.919943515799, -1080.7428157022498, -950.6671324939832, -1876.3613366289267, 1549.663198200358, -2187.527800399566, 2499.0092278362886, -1603.7125581881096, 1941.4199364033684, 61.625165267655824, -159.70492658851754, 826.9202618231169, -1437.568242784554, -151.01700470142347, 657.6471015545575, 622.9873336601667, 2328.1628702802036, 777.5351356785981, 817.911657413795],