{"k": 5, "sigma_z": 10, "mean reward 1": [-165.0863059378662, -1297.900564412651, -118.23510947292407, -1416.1103323212149, -129.63749907497723, 724.792171923975, -446.7157832374803, -225.66316732025538, 1044.1089759726156, -878.6749538187539, 829.9292026653916, -464.9577512840142, 1333.188178133198, -1719.3796245055144, -355.00429402762654, -101.51943589937372, -1714.2546946910827, 456.39127928528643, -458.9355512979439, -439.58253569662025, -839.7176708745917, -2437.5238137235538, -285.82830736959386, -1826.3327982103253, 823.9211425662647, -818.6319029887557, 921.6288900976275, 821.7652827285108, -362.7813745431251, 714.2690455080589, 539.176514896239, -339.05272597656364, -196.69280571746955, -1053.2216219370605, -613.8251273759759, -970.5499763110279, -895.3687335923099, 2020.394718837263, -783.2949124069318, 2170.254753060634, -486.6033520982951, 1252.499955829655, -331.3004556474022, 644.1925018535891, -681.723505319564, 889.9940018242454, -943.7764232186487, -1130.276163505983, 816.0882895218957, 121.00183872178567, 1977.1329157142845, -739.3959875272216, 536.924460907666, 659.3032847856177, -1332.2676253699549, -437.8360370553264, -204.1320533405914, -1278.1836205800253, -143.81310453610786, 297.7002001092226, 335.18309686379763, 1020.6988658184297, 1228.3177303177588, 2443.0427158165608, 420.0579934754428, -457.0032931032461, 102.57746103514607, -1096.1105560337978, -304.7369015109889, -925.866215560734, -328.1084213552466, 1439.1334771626487, -423.5612942116772, -1444.7456512355689, 413.7318417537791, -1084.4080417316572, -1343.1381978201211, 736.3662592633054, -1208.9498641559928, -67.95569458287699, 2835.9397998882855, -672.049689498847, 2795.8799519800687, 151.98717565704274, -253.0526512813682, 340.95220320248967, -310.27488756710716, -908.2973229436523, -120.48047336641217, -1677.5535553857153, -1218.6804279486405, 449.90737351280313, -209.42024742083248, -1584.723747324061, 2055.7979414829324, 339.3437345908204, 93.64211225014341, -716.003823956207, 274.5676128404672, -1183.2319306570582, -665.7984428907503, -1030.9505628991674, -746.9077415623489, 1135.5958186446087, 223.53781212800465, 442.66546564587117, 512.8567999090234, -1661.9288561303001, -769.9589920035536, -1538.0294827435605, -107.47826643034992, -1335.0646411112177, -972.4052613953319, -1567.4382705234673, -691.1863336415392, 294.68651567862986, -1313.6270633131621, -399.4572008436952, -671.2265608651913, -827.2319133245676, -767.0102178042208, 1489.509323196288, -413.6027664776374, 306.3031840029896, -453.28873524551216, 1729.1688531080872, -394.6588500781521, 816.4639074558469, 82.69328122850392, -464.0438515540778, 79.87930482856895, -860.888389331356, -950.3458884733963, 1229.784403570908, -1099.4554379147853, 732.159631224169, -318.98166749866397, 909.072754040478, 247.7651637543559, 810.7873318113591, 778.5392554360698, -464.54057598424055, -1190.2062320261432, 1640.851962676917, -2507.184350123883, 588.0742091493393, -804.4588594255661, -397.975008119057, 194.1994334461274, 234.79401207426332, -505.85103560378553, 867.7004780981825, -2156.840474259062, 1498.7108476265164, 922.4045913677132, 637.0120725828614, 874.0086799180954, -730.2345177937714, -294.38530563642763, -1446.8249427517399, -41.76614576040165, -1839.0397804742709, 355.94341522868604, 122.33104997756188, -965.4466965989606, 91.51463807483889, -520.1983587301513, -558.8677237252522, -263.23446687704666, -3371.049425801317, 85.39405975115292, -2642.7058164836944, 338.6945350364661, -5.242724431048984, 2615.4567034979204, -974.107965175293, 2759.6128191280613, -1568.8676581757275, 540.8408298096716, -1451.0903055614208, -723.3791816265331, -1373.6289462957143, 25.784229321554097, 972.4954950149844, 149.9885158699697, -418.71102371510125, -780.6310959548659, -692.8218288396674, 465.33108402314707, -2634.210805497824, 999.2432711850903, 42.87069691928043, 1257.2510624337158, -3190.9470749567845, 1970.6834416895617, -2248.9923528204968, 1283.6334114438691, -1455.8963284690121, 1931.4216435115152, 271.8901262249195],