{"k": 5, "sigma_z": 10, "mean reward 1": [1124.323861737743, -695.5802984372208, -693.1460746318455, 1446.8367646642032, -531.2902058525325, 420.9138841708688, -1453.8732061250064, 1402.7445722791247, -2638.1857010477115, 741.8272485987476, -2126.357823677326, 196.3531976254467, -1328.9214969578575, 526.1453840878625, -1338.3320979221705, 1790.7448155905688, -1032.7879304606654, 2647.768578007945, -1025.2456979801552, 2273.2689127718013, -1475.146734478097, 1908.4996276552943, -1629.6135629067812, 1048.1424406263277, -2524.986655265913, -268.7781449732087, -1669.523883781844, 465.43293016595993, 391.4086644399624, 913.8664495718715, -1396.39422590243, 1735.2786419919294, -1959.528685213094, 69.10153552563081, -224.17100534637902, 1369.8307315806878, 530.7324129060476, 1006.0591322183063, -1963.5382394594444, -826.1855900676011, -144.83723011979458, -575.9435221368872, -96.41017462710303, -320.90553964296254, 122.18677103539662, 732.8023235701737, 1768.6511480964057, -169.37314304299832, 343.353428183961, 2003.4600993852698, -892.9568835055534, -420.74263057577446, 71.49310621256633, 63.2492968173441, -1544.7160519853269, 1455.1592023727317, -3193.0799287742907, -886.8867177569488, -1145.0335643982933, -1783.278661135607, 84.11941825824391, 75.86809891376043, -505.2863827624389, 441.0964780817955, -1061.369044336788, 2544.1245114985745, -2268.1251651460498, 1327.04668230614, -1039.5930947161394, 963.7816743999495, 180.94314882142504, -512.5966057131687, -129.12873572877945, -1044.5325389209945, 1199.3260316152398, -1906.4781946692342, 1093.5693333836075, -1065.608358771058, -261.1899640549402, -774.1158796260128, -391.60475742970516, 1046.5951387603582, -177.6184445261481, 1272.2705835799995, -462.90596263553266, -618.5709729887157, 1033.587424891372, 1449.7062783764015, 69.11779703908473, 2583.525684109521, -523.2887133899236, 1679.4878802561602, -531.946229512317, 53.931391976415014, -713.2317645205317, -837.5999438176699, -143.57976158490854, -2014.5584546992645, 227.8972821013677, -498.88046274227173, 588.2888997405981, 1334.4885306690726, 400.11979771629643, 550.1494777832139, -415.27975561850604, -79.11067391090565, -503.1561481029303, -3159.1661950910625, -1130.962015999899, -2005.6126395589654, 28.077998357048095, 197.9717817202025, 809.8361307541192, 249.63981902354524, 1273.733583343445, 31.852468184983206, 858.5886195860272, -940.4091089562393, 363.8917127262355, -2804.967170152519, 1041.134074035547, -1683.0842889442508, -500.6759957628666, 316.7910275023356, -413.25508800478275, -505.647142575342, 691.2292081310287, -623.0532090012758, 167.08432845956293, 355.56861741905936, -1124.095227657718, 54.214795066191, 1095.0739424574338, -993.0078004946931, 338.8822863362018, 93.04462084899146, -603.4800473055228, 1758.3901892676745, -395.7679368445041, 203.7357308834193, -256.8635543295559, 238.03985876905625, 85.84092878507778, 1960.5846873769956, 868.3714790224187, -711.648220106165, -409.4461519236434, -724.0096788604092, -927.5610819587399, -1955.0567548081688, -1339.7513145087826, 415.9935586751927, -1988.7538106055022, 216.35251145851893, -2008.5784079889763, 466.9942205447751, -895.9408499249466, -0.05782028596383881, 540.8440169142233, 2913.2451151747005, -1449.2517759742163, 847.047426330558, 718.0259401879031, -585.9426240267748, -735.7167505411157, -1541.1825217897451, -605.6569652919525, -1415.332916534268, 486.4355860818362, 1582.0843989128584, -1530.4338403750953, 1700.5498719899367, -1663.7911755355183, 101.58064349473123, -2044.0888543193246, 770.3843900189156, 1192.3991648185217, 884.9585363451798, 427.57284505438616, 443.74560431667066, 665.7789628660331, 515.2125222904896, -311.53178333898114, -716.278911012966, -693.0091719245778, 531.486711115486, 319.9274773510041, 1310.7101423428287, 446.1645546420451, 1766.1654697895592, 49.13374545906915, 455.52195099765595, -1124.5426047044375, -1916.5895540958197, 1239.4193324015673, -1818.4358307302232, 1179.3470717713024, 1579.0526598272716, 310.72014620922926, -191.4231868316442],