{"Stationary": {"actions": [1.0, 0.0, 0.0, 0.0, 0.0, 0.0, 0.0, 0.0, 0.0, 0.0, 0.0, 0.0, 0.0, 0.0, 0.0, 0.0, 0.0, 0.0, 0.0, 0.0, 0.0, 0.0, 0.0, 0.0, 0.0, 0.0, 0.0, 0.0, 0.0, 0.0, 0.0, 0.0, 0.0, 0.0, 0.0, 0.0, 0.0, 0.0, 0.0, 0.0, 0.0, 0.0, 0.0, 0.0, 0.0, 0.0, 0.0, 0.0, 0.0, 0.0, 0.0, 0.0, 0.0, 0.0, 0.0, 0.0, 0.0, 0.0, 0.0, 0.0, 0.0, 0.0, 0.0, 0.0, 0.0, 0.0, 0.0, 0.0, 0.0, 0.0, 0.0, 0.0, 0.0, 0.0, 0.0, 0.0, 0.0, 0.0, 0.0, 0.0, 0.0, 0.0, 0.0, 0.0, 0.0, 0.0, 0.0, 0.0, 0.0, 0.0, 0.0, 0.0, 0.0, 0.0, 0.0, 0.0, 0.0, 0.0, 0.0, 0.0, 0.0, 0.0, 0.0, 0.0, 0.0, 0.0, 0.0, 0.0, 0.0, 0.0, 0.0, 0.0, 0.0, 0.0, 0.0, 0.0, 0.0, 0.0, 0.0, 0.0, 0.0, 0.0, 0.0, 0.0, 0.0, 0.0, 0.0, 0.0, 0.0, 0.0, 0.0, 0.0, 0.0, 0.0, 0.0, 0.0, 0.0, 0.0, 0.0, 0.0, 0.0, 0.0, 0.0, 0.0, 0.0, 0.0, 0.0, 0.0, 0.0, 0.0, 0.0, 0.0, 0.0, 0.0, 0.0, 0.0, 0.0, 0.0, 0.0, 0.0, 0.0, 0.0, 0.0, 0.0, 0.0, 0.0, 0.0, 0.0, 0.0, 0.0, 0.0, 0.0, 0.0, 0.0, 0.0, 0.0, 0.0, 0.0, 0.0, 0.0, 0.0, 0.0, 0.0, 0.0, 0.0, 0.0, 0.0, 0.0, 0.0, 0.0, 0.0, 0.0, 0.0, 0.0, 0.0, 0.0, 0.0, 0.0, 0.0, 0.0], "rewards": [354.8958180385948, -532.7589031076606, 813.4630593892936, -364.1957270910053, -763.0438242815836, 849.5416661786925, -324.86224785961986, -264.31128680378424, 1771.0737886100906, -128.03701505583234, 681.7951131059507, -271.82113028011906, -559.1784485179675, -105.65045656131556, -1438.8455848105389, -1046.4529111604616, 832.9012123546722, -280.39084081068796, -22.208585237624927, -1531.7165283077982, 1348.0181909489688, 514.8822110309321, 530.8814449710455, -403.6818700509042, 1793.7304195531674, -1181.8542720150615, 526.122409329979, -78.67464868935988, -68.42584405563625, -1306.8612656895352, 496.2359188039081, -785.1238644359735, -389.29751745991894, -1707.2888273727206, -631.4788930639944, -1009.2496458511966, 104.28948271678283, -375.2654094585896, 198.66654529880861, -1777.4144148818236, 199.4466427743359, -2666.384616162635, 1722.0335272288016, -1310.0956715933926, -361.3708019821844, -1099.65403783624, 1204.219249305638, -903.4172430821651, 1737.6238126933843, -1519.4968424613094, 2623.541744754115, -1267.8524605844789, 2197.801760834745, -2508.673630356368, 1214.250140010028, -960.7172300316626, -591.2786700403218, -368.65805310489725, -694.1994788039428, -13.1494866203839, 594.2369994612199, -1578.8088700002618, 998.5687664561489, -1717.0988037882694, -987.1440844554771, -1138.622283838613, -139.79671445702763, -1659.4827889040387, -231.3082621406314, -288.0246607796511, 159.98305072094823, 1689.9989211839552, -2021.902225333636, 1605.7378795895927, -377.8464282381588, -594.9198659129115, -640.2449344252294, -23.170256069407426, -1816.3721424628502, 2529.935125081261, -3272.470181232612, 2534.0903761504405, -1859.1725885619426, 2051.882963710635, 225.631260907739, 1656.7684745150864, -393.7711293527904, 1049.2717331309127, -2299.6717283424005, 1081.5233111480393, -522.1592369049903, 400.388244889448, -9.860882129101814, 871.2062206259851, -1028.548049495835, 1593.691132586378, -997.6975935348041, 2108.9140449738734, -695.6762058654351, 1095.5184610427934, 76.08420617737805, -1337.7840766886304, 408.8381426373685, -285.9168777949342, 1105.894701967161, -432.484570942422, 434.8149142847058, 894.2292112098575, 73.73911624808419, 800.4158759205612, -981.1300259036535, 341.74711217783147, 696.5849185872397, 505.2464329947156, -152.07821588395856, -997.5443066950612, 1371.4411134776094, -1053.3802040792038, 75.51413353872802, -257.8088347262976, 811.9734880683909, -2659.2653982598954, -833.624421033133, -3284.2090659447917, 1114.7416088389245, -391.1974492951314, 419.9453442254438, 815.5123721646517, 17.450227141361953, 55.97955483768424, -647.3540216097007, -453.01063911833785, -221.90863125853943, -555.2637403004904, 223.71435294841422, -774.0664649041953, 1467.9596060406682, -30.041927585542194, 1097.693351090787, -2143.7333429359664, -766.6058919838741, -932.9031889200284, -1064.3209341624558, -352.18320882261787, 667.5300271218149, 1583.1567890254885, 604.2681831381917, 1997.1467777305566, -718.0815862153236, -20.672611706604847, -1619.0972585539807, 113.00935422995288, -1339.4721635712917, 265.23132561519265, 101.68583133783679, -315.160103511546, -1004.4822343109463, 1400.187193387234, 976.764826993816, 289.4666120193506, 1554.5711413296265, 960.9106595157753, -260.04830455597306, 271.5922639633456, -899.7851668051591, -1376.1520586784925, -678.1267427019034, 302.4048074812854, 875.80432638678, -122.49045952807577, 1022.8755708510163, -400.5022183621577, 1471.3790638771875, -1331.002171103071, 564.9066884444846, -888.265866121186, 1142.976834184706, 177.23161431691744, 677.1290325060781, -1411.57150783295, -286.8130597528522, -1946.0686660079568, -533.1192102227499, -332.0936315294867, 1647.3432610726147, 575.1610449103498, 857.7544478792148, 1612.5403824055866, 122.00376837430933, -13.951048688487312, -1221.2574639755003, -924.5767204415769, -1473.695902440352, -826.028811814836, 639.9006465725369, -563.5081794282444, 542.8106846760872, 848.3483069972799, 1114.8566023010042, -144.06285480272416]}, "Latent AR LinUCB s=2": {"actions": [1.0, 0.0, 0.0, 1.0, 0.0, 0.0, 1.0, 0.0, 1.0, 0.0, 0.0, 1.0, 1.0, 0.0, 1.0, 1.0, 1.0, 0.0, 0.0, 1.0, 0.0, 1.0, 0.0, 1.0, 0.0, 0.0, 1.0, 1.0, 0.0, 1.0, 0.0, 1.0, 0.0, 1.0, 0.0, 1.0, 0.0, 1.0, 0.0, 0.0, 1.0, 0.0, 0.0, 1.0, 0.0, 1.0, 1.0, 1.0, 0.0, 0.0, 0.0, 1.0, 0.0, 0.0, 1.0, 1.0, 0.0, 1.0, 0.0, 0.0, 1.0, 0.0, 1.0, 0.0, 0.0, 1.0, 0.0, 1.0, 0.0, 1.0, 0.0, 1.0, 0.0, 1.0, 1.0, 0.0, 0.0, 1.0, 0.0, 1.0, 0.0, 0.0, 1.0, 0.0, 1.0, 0.0, 1.0, 0.0, 1.0, 0.0, 1.0, 0.0, 1.0, 0.0, 1.0, 1.0, 1.0, 0.0, 1.0, 0.0, 1.0, 1.0, 0.0, 1.0, 1.0, 1.0, 0.0, 0.0, 1.0, 0.0, 1.0, 0.0, 0.0, 1.0, 1.0, 0.0, 0.0, 1.0, 0.0, 0.0, 1.0, 0.0, 0.0, 1.0, 0.0, 1.0, 0.0, 1.0, 0.0, 1.0, 0.0, 1.0, 0.0, 1.0, 0.0, 1.0, 0.0, 1.0, 0.0, 1.0, 0.0, 1.0, 0.0, 1.0, 0.0, 1.0, 0.0, 1.0, 0.0, 1.0, 0.0, 1.0, 0.0, 1.0, 1.0, 1.0, 0.0, 1.0, 1.0, 0.0, 0.0, 1.0, 0.0, 1.0, 0.0, 0.0, 1.0, 0.0, 0.0, 0.0, 0.0, 1.0, 0.0, 1.0, 1.0, 0.0, 1.0, 1.0, 0.0, 0.0, 0.0, 0.0, 0.0, 0.0, 1.0, 1.0, 1.0, 0.0, 1.0, 0.0, 0.0, 0.0, 1.0, 0.0, 1.0, 0.0, 1.0, 1.0, 0.0, 1.0],