{"Stationary": {"actions": [0.0, 1.0, 0.0, 1.0, 1.0, 0.0, 0.0, 0.0, 0.0, 0.0, 0.0, 0.0, 0.0, 0.0, 0.0, 0.0, 0.0, 0.0, 0.0, 0.0, 0.0, 0.0, 0.0, 0.0, 0.0, 0.0, 0.0, 0.0, 0.0, 0.0, 0.0, 0.0, 0.0, 0.0, 0.0, 0.0, 0.0, 0.0, 0.0, 0.0, 0.0, 0.0, 0.0, 0.0, 0.0, 0.0, 0.0, 0.0, 0.0, 0.0, 0.0, 0.0, 0.0, 0.0, 0.0, 0.0, 0.0, 0.0, 0.0, 0.0, 0.0, 0.0, 0.0, 0.0, 0.0, 0.0, 0.0, 0.0, 0.0, 0.0, 0.0, 0.0, 0.0, 0.0, 0.0, 0.0, 0.0, 0.0, 0.0, 0.0, 0.0, 0.0, 0.0, 0.0, 0.0, 0.0, 0.0, 0.0, 0.0, 0.0, 0.0, 0.0, 0.0, 0.0, 0.0, 0.0, 0.0, 0.0, 0.0, 0.0, 0.0, 0.0, 0.0, 0.0, 0.0, 0.0, 0.0, 0.0, 0.0, 0.0, 0.0, 0.0, 0.0, 0.0, 0.0, 0.0, 0.0, 0.0, 0.0, 0.0, 0.0, 0.0, 0.0, 0.0, 0.0, 0.0, 0.0, 0.0, 0.0, 0.0, 0.0, 0.0, 0.0, 0.0, 0.0, 0.0, 0.0, 0.0, 0.0, 0.0, 0.0, 0.0, 0.0, 0.0, 0.0, 0.0, 0.0, 0.0, 0.0, 0.0, 0.0, 0.0, 0.0, 0.0, 0.0, 0.0, 0.0, 0.0, 0.0, 0.0, 0.0, 0.0, 0.0, 0.0, 0.0, 0.0, 0.0, 0.0, 0.0, 0.0, 0.0, 0.0, 0.0, 0.0, 0.0, 0.0, 0.0, 0.0, 0.0, 0.0, 0.0, 0.0, 0.0, 0.0, 0.0, 0.0, 0.0, 0.0, 0.0, 0.0, 0.0, 0.0, 0.0, 0.0, 0.0, 0.0, 0.0, 0.0, 0.0, 0.0], "rewards": [1018.8810135881363, -1246.4895337134187, 331.9608264197704, 380.12062922461604, 699.4722147003165, -1082.322089133691, -1195.6065857815133, -1162.948917754229, 114.44295546243393, 136.7306789598887, -1481.814042067615, 1245.723819133362, -827.2037613589872, 2187.618339386801, -1519.579552211167, 1447.7447236035273, 12.255638613519368, 2310.7794304258355, -839.21377854021, 737.660855950362, -497.10248501589626, 782.6143090352612, -2231.2838806105096, 2264.209241175085, -1264.1259902433126, -240.75554092517714, -715.6871413974479, 1042.683565461755, 201.76769122760228, -1123.5215158674264, 1325.3075361974613, 68.86110883408578, 330.0497861305036, 1344.5329805976687, -1117.3465028367093, 696.9917691583375, 751.2353774429486, 1657.6537070817074, 694.0151791396188, 1404.8686048890452, 103.56024649147554, 1228.1014668657429, -1875.4576141691725, 490.7968263017064, -1274.8473188165415, 1105.0110584660233, -14.89067584357539, -804.7372326608701, -691.0349115745369, -300.1648194809012, -409.4966288994826, 1833.6319239662923, -1135.8007927596595, 2639.454277986887, -1405.3452923604827, 1552.058035124251, 933.2325061214225, 1835.4890347088024, -368.81231912066465, 956.5839060701359, 246.04168855231816, -1153.641660393593, 763.4084630466936, 541.2380741840033, -366.47814614380144, 178.2627355808455, 198.54147926704357, 278.09074540058305, -610.456072278639, -331.89179606445856, -2.531713207004638, -1668.6973519947628, -1154.8254679798129, -321.68589301718265, -1558.738547850146, 1887.0933920901764, -602.020338637644, 2241.570394384531, 775.1639405320134, 2153.1722329810073, -1287.0563228231972, 2912.30200006752, -2377.177102765494, 2476.4804343278383, -1779.681655130652, 2034.1264760919332, -1516.6336290396443, 2015.2721718949883, -1244.0592797832544, 1892.1335098799943, -1422.2982323828796, 775.148395802726, 434.0856876977186, -427.22941703120904, -1810.5525204657063, 2784.842569956823, -1290.1138295301423, 770.9359294061717, -808.5549177332987, -891.2460528117884, -804.5512953944248, -534.6403448450266, -461.0237525057348, -140.5109980976179, 230.94375373719623, -1.0092167820113813, 666.8710082864905, -125.91282250166407, -118.05168296136246, 241.16334323918022, 633.4950560843665, -631.517920060222, 1237.1618168303057, 141.65568150754063, 172.28741629108345, -1265.7321558368176, 675.4491386228672, 406.44377450308843, 259.4401870305293, 284.1102771587972, 2496.0078534977647, -242.43625814495, 1331.2830191202627, 459.9140108871295, -356.6512558835209, 1304.3517217699814, -1143.1742806924312, 1628.8733863833165, 1497.9424628686072, -3446.0668808188616, 791.6231972416766, -431.60061193249413, -394.3551260916664, 363.14941981619086, 466.2588102499192, 1197.01589409598, -1343.2174835727897, 1037.92040696681, -956.5932303308707, 60.89255835499295, -1391.6566824311953, 329.1706833007312, -327.94642424502973, 36.26822940258578, 41.48778101444106, -1409.92864311399, -132.1637525514859, 427.19524080174483, 41.3584312820886, -2381.6676098886746, 1634.68682898274, -3871.633828296612, 214.6600765263829, -1216.1570566278235, 951.0398815929585, -521.1500299453121, 148.9797191332239, -855.0374104458117, -936.6542967493925, -1686.394442605106, -195.28371186202938, -317.7416490564646, 1124.4211553669459, 1356.742120853666, 1679.9474850941024, -714.3791416210807, 3558.259325623252, -56.056388009913725, 655.3131598558399, 204.72686136255783, -118.12570748394207, -2097.854722007029, 1508.9619146609782, -1601.3371999462174, -1232.0947667370808, 899.9554253104152, -1043.512134998642, 910.0891614841431, 1264.6500471234945, 653.8365846462839, 967.4310335307429, -1454.9505282154291, -1096.6579539534414, -1830.9383642066223, -2028.5786894302269, -940.5424414198997, -580.6898021760213, 415.5431187675762, 731.4014145419717, 1533.3508754773552, -1571.7421912109185, 1490.6634934832546, -943.0664672515517, 808.92367224194, 1607.9384335572463, 1520.9565443054103, 593.8454775789156, 1163.3086522094502, 602.5914140192593, 30.99638291300592]}, "Latent AR LinUCB s=2": {"actions": [0.0, 1.0, 0.0, 0.0, 0.0, 1.0, 1.0, 0.0, 0.0, 0.0, 1.0, 0.0, 1.0, 0.0, 1.0, 0.0, 0.0, 1.0, 0.0, 0.0, 0.0, 0.0, 0.0, 1.0, 0.0, 1.0, 1.0, 1.0, 0.0, 0.0, 1.0, 0.0, 1.0, 0.0, 1.0, 0.0, 1.0, 0.0, 1.0, 0.0, 1.0, 0.0, 1.0, 0.0, 1.0, 0.0, 0.0, 1.0, 0.0, 0.0, 1.0, 1.0, 0.0, 1.0, 1.0, 0.0, 0.0, 1.0, 0.0, 0.0, 1.0, 1.0, 1.0, 1.0, 0.0, 1.0, 1.0, 0.0, 1.0, 0.0, 0.0, 0.0, 1.0, 0.0, 1.0, 1.0, 1.0, 1.0, 0.0, 1.0, 0.0, 1.0, 0.0, 1.0, 1.0, 0.0, 1.0, 1.0, 1.0, 0.0, 1.0, 1.0, 1.0, 1.0, 0.0, 1.0, 1.0, 0.0, 1.0, 0.0, 1.0, 1.0, 0.0, 0.0, 1.0, 0.0, 1.0, 0.0, 1.0, 0.0, 1.0, 0.0, 1.0, 0.0, 1.0, 0.0, 1.0, 0.0, 1.0, 0.0, 1.0, 0.0, 1.0, 1.0, 1.0, 0.0, 1.0, 0.0, 1.0, 1.0, 1.0, 0.0, 0.0, 0.0, 1.0, 0.0, 1.0, 0.0, 1.0, 0.0, 1.0, 1.0, 0.0, 1.0, 0.0, 1.0, 1.0, 0.0, 1.0, 1.0, 1.0, 0.0, 1.0, 0.0, 1.0, 1.0, 1.0, 1.0, 0.0, 1.0, 1.0, 1.0, 0.0, 0.0, 0.0, 0.0, 0.0, 1.0, 1.0, 0.0, 0.0, 1.0, 1.0, 0.0, 1.0, 0.0, 1.0, 1.0, 1.0, 0.0, 0.0, 1.0, 1.0, 1.0, 0.0, 1.0, 0.0, 0.0, 1.0, 0.0, 0.0, 0.0, 0.0, 0.0, 1.0, 0.0, 1.0, 0.0, 1.0, 0.0],