{"Stationary": {"actions": [0.0, 0.0, 0.0, 0.0, 0.0, 0.0, 0.0, 0.0, 0.0, 0.0, 0.0, 0.0, 0.0, 0.0, 0.0, 0.0, 0.0, 0.0, 0.0, 0.0, 0.0, 0.0, 0.0, 0.0, 0.0, 0.0, 0.0, 0.0, 0.0, 0.0, 0.0, 0.0, 0.0, 0.0, 0.0, 0.0, 0.0, 0.0, 0.0, 0.0, 0.0, 0.0, 0.0, 0.0, 0.0, 0.0, 0.0, 0.0, 0.0, 0.0, 0.0, 0.0, 0.0, 0.0, 0.0, 0.0, 0.0, 0.0, 0.0, 0.0, 0.0, 0.0, 0.0, 0.0, 0.0, 0.0, 0.0, 0.0, 0.0, 0.0, 0.0, 0.0, 0.0, 0.0, 0.0, 0.0, 0.0, 0.0, 0.0, 0.0, 0.0, 0.0, 0.0, 0.0, 0.0, 0.0, 0.0, 0.0, 0.0, 0.0, 0.0, 0.0, 0.0, 0.0, 0.0, 0.0, 0.0, 0.0, 0.0, 0.0, 0.0, 0.0, 0.0, 0.0, 0.0, 0.0, 0.0, 0.0, 0.0, 0.0, 0.0, 0.0, 0.0, 0.0, 0.0, 0.0, 0.0, 0.0, 0.0, 0.0, 0.0, 0.0, 0.0, 0.0, 0.0, 0.0, 0.0, 0.0, 0.0, 0.0, 0.0, 0.0, 0.0, 0.0, 0.0, 0.0, 0.0, 0.0, 0.0, 0.0, 0.0, 0.0, 0.0, 0.0, 0.0, 0.0, 0.0, 0.0, 0.0, 0.0, 0.0, 0.0, 0.0, 0.0, 0.0, 0.0, 0.0, 0.0, 0.0, 0.0, 0.0, 0.0, 0.0, 0.0, 0.0, 0.0, 0.0, 0.0, 0.0, 0.0, 0.0, 0.0, 0.0, 0.0, 0.0, 0.0, 0.0, 0.0, 0.0, 0.0, 0.0, 0.0, 0.0, 0.0, 0.0, 0.0, 0.0, 0.0, 0.0, 0.0, 0.0, 0.0, 0.0, 0.0, 0.0, 0.0, 0.0, 0.0, 0.0, 0.0], "rewards": [-1480.0246835387945, -495.61912287071385, -682.1214089432027, 564.6919377664858, 133.09124550540565, 34.26802184531784, 1398.5800789674374, -415.32630760505725, -1282.9482194272416, 326.7881959855222, -798.2375769644603, -512.9883740593532, -79.18265042800638, -2449.9442554360317, -599.7187679503606, -576.9406000362103, -1735.7261517863387, 1597.4373962231011, -2354.099392882837, 941.5871651181976, -1393.8062127128178, -1181.8527963182958, -1386.6380045990368, -211.75784829770492, -735.7953255516568, 670.7715514388724, -776.457479174395, 674.9551724688454, -313.40379166719663, 918.075916859588, 1158.2359679598349, 375.3769512490828, 570.6354314290904, 383.68881380491877, 258.1588492095108, -451.1293075171923, 526.9334578576547, -1872.09039453416, 426.6666064010178, -850.6783954550577, -112.98006018154763, 151.74955383837457, 1307.8755347219835, -115.39924446112788, 1172.1909008073503, -422.8203062051117, 119.78004232872411, -1667.728225886854, 2075.8132472679863, -1016.1992052574085, 1952.656861078836, 1059.1001007189154, 886.3405491615881, -12.733495000013814, 591.8219165692843, -221.97364610847305, 1490.45448559288, 1109.3734193054165, -253.99482666219737, 702.0527458508114, 1538.3288181149735, -846.743416383558, -213.97809516272957, 1875.7545205436186, 1626.5460558699244, -7.410961532049817, 223.23691462196965, -1704.010597273366, -118.06580904433427, -1871.944334864584, -234.13023312935155, -1981.860310742478, 29.114383882725576, -768.0141965559548, 1205.810177203397, -1080.0582999867258, 1279.7037248424604, 481.49777201010215, 562.1756985775733, 269.48441228275624, 778.4679857686103, 845.561346931695, -500.31129896360545, 785.2497892855547, -491.06347204210124, 24.388801925202987, -885.2559228546718, -172.90593578495083, -1535.5571697157218, 1972.1631655705676, -1593.4645013531988, 1195.0258126168226, 167.33685958280847, -212.25575960867093, 722.8367102348789, -761.4548518039713, -288.4810087878928, -1548.714781031848, -727.7422980136528, -1567.3024124155452, -1685.6215153651472, -214.6424435522785, -353.1202532535773, 104.14844261854273, 1102.6597057486101, -58.85363522398991, 1106.94755589646, 811.0202263844341, 923.9240259202736, 707.8558914661545, 1189.3320600873865, -1815.3761157949148, 1206.7144919308114, -2096.1790000190867, -664.0028451132197, 876.5414113511554, -35.71059962003743, 870.2153826890238, -137.5129245404397, -127.73045211015537, -272.03472617434085, -1275.1617007720379, -1391.6148308406696, -187.1059186898344, 339.7909265791331, 1115.7783191633696, -514.9660919027053, 461.3878533105671, 917.475740509996, -2028.4702979284066, 1.8643136221280348, -1539.9103434129775, 2150.4478985606574, -171.07515923321708, 2367.2530698092155, 1545.4229501113155, 601.6424868317725, 916.9466919970382, -389.220418201453, 243.55123549244206, -398.48401072016145, -172.4535614482362, 866.657671516663, -40.61740935566433, 885.8975783424681, -50.18097537510192, -604.7972354213857, -1907.6309966876354, 544.6622637440187, -1968.606433611967, 519.005773012303, -183.03292212807324, 1356.1764019449965, -167.71765730602533, 498.15305987411875, 1382.1458374824476, -138.1792544759481, 764.7384605444144, 1488.9976823091874, 959.6422597038984, 1761.1742073023124, -1059.9099321570313, 7.932228752223342, -1203.5588563611957, -205.88219523929394, -1985.890930512491, 1894.6748248706438, -824.2400891219206, 130.9465768289672, 88.95448198493295, 940.0908932487339, -1685.5642607932357, 1188.6862322139682, -370.0219995351127, 284.88200428298154, -467.6144885443364, 165.9071304501415, 598.602441837385, 540.463171538342, -15.147270849082554, -254.2652841181445, 232.5617757894184, -1089.5458909967545, 409.67454109238366, -1773.453081249767, 2445.0116144184954, -427.4159768550403, 1839.4916084353983, 835.4162762431129, -1209.0719763260213, 759.2192625885023, -113.6853623579121, -1487.0557417128612, 987.602681713305, 297.5265319053787, -901.0746797870071, 1842.9510245891258, -585.7851091922246, 615.9522957307279, -420.1435517506403]}, "Latent AR LinUCB s=2": {"actions": [0.0, 0.0, 1.0, 1.0, 1.0, 0.0, 0.0, 1.0, 0.0, 1.0, 1.0, 1.0, 0.0, 0.0, 1.0, 0.0, 1.0, 0.0, 0.0, 1.0, 0.0, 0.0, 1.0, 0.0, 1.0, 0.0, 1.0, 1.0, 1.0, 0.0, 1.0, 0.0, 0.0, 1.0, 0.0, 1.0, 0.0, 1.0, 0.0, 1.0, 0.0, 1.0, 0.0, 0.0, 0.0, 1.0, 0.0, 0.0, 1.0, 0.0, 1.0, 0.0, 1.0, 0.0, 0.0, 0.0, 1.0, 1.0, 1.0, 0.0, 0.0, 0.0, 0.0, 0.0, 0.0, 1.0, 0.0, 1.0, 1.0, 0.0, 1.0, 0.0, 1.0, 1.0, 1.0, 0.0, 1.0, 0.0, 0.0, 1.0, 0.0, 0.0, 1.0, 1.0, 0.0, 1.0, 1.0, 0.0, 1.0, 1.0, 0.0, 1.0, 1.0, 0.0, 0.0, 1.0, 0.0, 1.0, 1.0, 0.0, 0.0, 0.0, 1.0, 1.0, 0.0, 0.0, 1.0, 1.0, 0.0, 1.0, 0.0, 0.0, 0.0, 1.0, 0.0, 0.0, 0.0, 0.0, 1.0, 0.0, 1.0, 0.0, 1.0, 0.0, 1.0, 0.0, 1.0, 0.0, 1.0, 0.0, 1.0, 1.0, 0.0, 0.0, 1.0, 0.0, 0.0, 1.0, 0.0, 1.0, 0.0, 0.0, 1.0, 1.0, 1.0, 0.0, 1.0, 0.0, 0.0, 1.0, 0.0, 0.0, 1.0, 0.0, 0.0, 1.0, 0.0, 1.0, 0.0, 1.0, 1.0, 0.0, 1.0, 0.0, 0.0, 0.0, 1.0, 0.0, 1.0, 1.0, 0.0, 0.0, 1.0, 1.0, 0.0, 1.0, 0.0, 1.0, 1.0, 0.0, 1.0, 1.0, 0.0, 0.0, 0.0, 1.0, 0.0, 1.0, 1.0, 0.0, 1.0, 1.0, 0.0, 0.0, 0.0, 0.0, 1.0, 1.0, 0.0, 0.0],