{"k": 10, "noise_std": 1, "mean reward 1": [-6.600787760564685, -82.72294203740695, 168.8224082093286, 4.077997505563323, 160.92200797607472, -97.48973633142121, 106.58755087057541, -5.404605523554899, 67.96340386040114, -57.75685721736238, -81.27005614743501, -122.63793999710879, -35.94822230814763, -28.503308245039776, -95.51471236770772, -16.989282007612992, 9.69557196199532, 72.7300980468278, 59.07286786656225, 35.085456939069246, -154.43946682914483, 128.41087680175036, 33.49556982048146, 40.89532143618572, -89.5534728548595, -87.80603624824694, -187.63037937642628, 82.76638935324786, 163.47027743020578, 56.64976441834194, 68.36933501015517, 163.34997202092876, 70.72377829032945, 44.30118544405127, -41.97492396058249, -155.71966929843364, -59.2531364491666, 149.99509896655465, -238.4711275777896, 138.19404686092386, -22.761451854192867, -3.8552186985740255, 62.598477248600794, -57.086424515763646, -40.0557603781262, 86.89514825481695, -110.94863254579104, 58.73305692930052, -111.35604265996034, 51.220859743394584, -42.153100019749225, 10.122016782927892, 169.4078036996472, 151.831924660033, 250.28294348576216, 66.40685467867091, 53.09960435118406, 30.74834478054837, 50.26108594882858, 88.45241859778554, 8.99414670288636, 43.391802355268, 111.34937340354062, 19.377296625907448, -68.76740579545684, -61.7899929384465, -0.8940436195823076, -4.959416258201278, 207.22150718805074, -86.54963933895118, 239.67846007826105, 6.912760450255606, -110.8207656370927, 154.14084252734744, 15.814364805022624, 157.17090893402155, -74.20258148020453, -70.80511417678402, 68.51257875499533, -38.62373289638727, -61.593293156305904, 54.390328433897196, -59.610572947957905, 139.1759615301454, 163.09240777889764, -150.93192246019288, 61.20790154528775, -64.5420991725406, -70.08619804347269, 75.853733045696, 21.927688862154955, -96.30583460830458, 71.37002896313017, -41.73934519101283, -58.72751826355438, 183.06869193479784, -15.679839358420496, -42.27502907701561, 136.03392960080288, 42.98319644385419, 4.553164160001413, 146.06991470767866, -54.760887057549844, 33.923136693239194, 116.47176504072205, -6.8160713954180165, 51.54580449832379, 95.0913499565224, 14.374583060102964, -15.902284333818608, 131.2661051319734, -42.75809102403596, -43.24845907608206, 65.84985052893964, -120.93756778095272, 99.80932829684022, 80.09490850142443, -69.73454099283333, -147.81066525001228, -60.31461201557396, -191.2760317849776, -42.618662990908945, 87.3417160482358, -134.24236446559004, 67.19415946340897, 7.177470319902797, -50.4905912583247, -57.24771284897119, 62.55291291421036, -125.3072299609722, -42.356269142751216, 65.6953887793288, 33.249612470434485, 107.11893301134477, 41.589303832216615, -99.91798642799037, -98.08743481545646, -155.6598092558082, 117.61674223081337, -165.02480034410482, 183.49040420219185, 106.38663426321638, -221.96167409919858, 88.60038295150035, -178.38498598167013, 122.7118610679734, -120.44931501702007, 27.84894681575969, -16.618996997015657, -22.342882508587618, 127.74643591266602, -87.19841114669057, 44.87144957617841, 65.00111391945255, -42.953657798659606, 107.08942941442679, 45.356268058498074, -17.41104610116899, 61.116749717405185, -77.46883375234195, 51.502764904173844, -105.11698343487228, -82.0778364537819, -77.20131119417286, 86.10258058301702, -54.77917554752825, -13.500773325613824, -32.837736088404576, -97.98677202434558, 220.25753890176864, -46.53646604074169, 97.04449546708544, -65.72248019291659, -89.14220720772623, -54.31169130007822, 140.28600660999018, -146.49285841634864, 18.6215546412748, 29.0377759813862, -250.82636678936555, -36.09041681362238, -35.37522996491724, 92.28109152756431, 21.242637992722756, 91.6868161889114, -10.778593480980025, -60.53960137183773, 115.39359167941403, -110.41929900391179, 81.2040100270124, -121.7988405959953, 82.28430850460995, 115.55852228973657, 168.87984157039438, 42.97338855777084, -95.42315910916052, 163.15418549486992, -1.621070861631685, 90.86923721705213, 31.778030655713497], "mean reward 0": [6.600787760564685, 82.72294203740695, -168.8224082093286, -4.077997505563323, -160.92200797607472, 97.48973633142121, -106.58755087057541, 5.404605523554899, -67.96340386040114, 57.75685721736238, 81.27005614743501, 122.63793999710879, 35.94822230814763, 28.503308245039776, 95.51471236770772, 16.989282007612992, -9.69557196199532, -72.7300980468278, -59.07286786656225, -35.085456939069246, 154.43946682914483, -128.41087680175036, -33.49556982048146, -40.89532143618572, 89.5534728548595, 87.80603624824694, 187.63037937642628, -82.76638935324786, -163.47027743020578, -56.64976441834194, -68.36933501015517, -163.34997202092876, -70.72377829032945, -44.30118544405127, 41.97492396058249, 155.71966929843364, 59.2531364491666, -149.99509896655465, 238.4711275777896, -138.19404686092386, 22.761451854192867, 3.8552186985740255, -62.598477248600794, 57.086424515763646, 40.0557603781262, -86.89514825481695, 110.94863254579104, -58.73305692930052, 111.35604265996034, -51.220859743394584, 42.153100019749225, -10.122016782927892, -169.4078036996472, -151.831924660033, -250.28294348576216, -66.40685467867091, -53.09960435118406, -30.74834478054837, -50.26108594882858, -88.45241859778554, -8.99414670288636, -43.391802355268, -111.34937340354062, -19.377296625907448, 68.76740579545684, 61.7899929384465, 0.8940436195823076, 4.959416258201278, -207.22150718805074, 86.54963933895118, -239.67846007826105, -6.912760450255606, 110.8207656370927, -154.14084252734744, -15.814364805022624, -157.17090893402155, 74.20258148020453, 70.80511417678402, -68.51257875499533, 38.62373289638727, 61.593293156305904, -54.390328433897196, 59.610572947957905, -139.1759615301454, -163.09240777889764, 150.93192246019288, -61.20790154528775, 64.5420991725406, 70.08619804347269, -75.853733045696, -21.927688862154955, 96.30583460830458, -71.37002896313017, 41.73934519101283, 58.72751826355438, -183.06869193479784, 15.679839358420496, 42.27502907701561, -136.03392960080288, -42.98319644385419, -4.553164160001413, -146.06991470767866, 54.760887057549844, -33.923136693239194, -116.47176504072205, 6.8160713954180165, -51.54580449832379, -95.0913499565224, -14.374583060102964, 15.902284333818608, -131.2661051319734, 42.75809102403596, 43.24845907608206, -65.84985052893964, 120.93756778095272, -99.80932829684022, -80.09490850142443, 69.73454099283333, 147.81066525001228, 60.31461201557396, 191.2760317849776, 42.618662990908945, -87.3417160482358, 134.24236446559004, -67.19415946340897, -7.177470319902797, 50.4905912583247, 57.24771284897119, -62.55291291421036, 125.3072299609722, 42.356269142751216, -65.6953887793288, -33.249612470434485, -107.11893301134477, -41.589303832216615, 99.91798642799037, 98.08743481545646, 155.6598092558082, -117.61674223081337, 165.02480034410482, -183.49040420219185, -106.38663426321638, 221.96167409919858, -88.60038295150035, 178.38498598167013, -122.7118610679734, 120.44931501702007, -27.84894681575969, 16.618996997015657, 22.342882508587618, -127.74643591266602, 87.19841114669057, -44.87144957617841, -65.00111391945255, 42.953657798659606, -107.08942941442679, -45.356268058498074, 17.41104610116899, -61.116749717405185, 77.46883375234195, -51.502764904173844, 105.11698343487228, 82.0778364537819, 77.20131119417286, -86.10258058301702, 54.77917554752825, 13.500773325613824, 32.837736088404576, 97.98677202434558, -220.25753890176864, 46.53646604074169, -97.04449546708544, 65.72248019291659, 89.14220720772623, 54.31169130007822, -140.28600660999018, 146.49285841634864, -18.6215546412748, -29.0377759813862, 250.82636678936555, 36.09041681362238, 35.37522996491724, -92.28109152756431, -21.242637992722756, -91.6868161889114, 10.778593480980025, 60.53960137183773, -115.39359167941403, 110.41929900391179, -81.2040100270124, 121.7988405959953, -82.28430850460995, -115.55852228973657, -168.87984157039438, -42.97338855777084, 95.42315910916052, -163.15418549486992, 1.621070861631685, -90.86923721705213, -31.778030655713497],