{"k": 10, "noise_std": 1, "mean reward 1": [-37.55345397115208, 11.047624247890294, -38.35401306430736, -19.957898077294413, 27.143833241161612, 129.5849259062774, 50.26509125392673, 93.66700714583088, -9.27127593483135, -66.46750748929064, -10.474652708131584, 93.59347177381552, -80.15117650774415, -194.26506159884872, 141.74836935652482, -57.28329556621732, -17.691485377169613, 75.21386003170431, -71.74458321699429, -78.23007747819275, 206.67673621434542, -123.13276005406846, -40.92915849757922, -16.097786900276326, -16.678888676975102, -87.72352275399041, -135.24638871106848, -123.6555913767922, -84.52572922141972, 104.10475265730194, -24.47821268482596, -142.4140868259681, 10.777589811892463, -166.94277541054288, 71.56360442499185, -234.43288277766626, -120.8776676909547, 11.670292884223343, -171.56362227099763, -8.358742523289708, 49.75418454086107, 32.658745028464516, -70.76923676377332, 67.56926691702729, -180.72575139926178, -48.40881259529149, -7.494499327034965, -56.84080037962447, 77.43767200164811, -46.07685999526184, 48.712481527362215, 86.65142415242826, 12.220274457822667, 198.90205107332412, -14.700177145196639, 44.129734808619354, -80.61290130455825, -121.68347750239856, -12.368135541160932, 31.09116815595997, -8.40054412866021, -101.81493714407928, -88.490419325729, 31.12272926897699, -37.06477031868797, 34.05569620139717, 70.99899024352759, -138.6149806049501, -63.6189342687166, 52.65421072049576, -73.9872244352021, -31.495902641322292, -17.448987493164097, 19.45217762383814, 203.34974180098143, 226.2954930073378, 44.588136237142685, 171.5470512620144, 64.78008227726907, -65.47662943243535, -135.78373510774787, -80.87070780665135, -321.20705316615295, 4.411260388315613, -91.70204770335366, -37.783684506995336, -30.960708354802076, -78.97787093218531, 32.989328830678424, 231.23429149872288, 66.06240614107767, -45.54425119699291, -7.2796499350680195, -56.546230786161786, -114.55679300917201, 22.385716351758127, -189.41709976733915, -64.47288662254975, -18.09921376194797, 106.15226077586122, -119.04919683036539, 79.57710627715781, 145.16356311974056, -44.628265286768844, 17.08366244685272, -172.1428260337041, -188.2136576557437, -91.2478442239842, -140.75691466387616, 15.001063413521297, 59.12017592915086, -122.91517541760595, 160.40910398724927, 14.388646924207627, 53.31969084784889, 90.6387502019224, -48.847408243263835, 8.54358652420608, -7.374662132282604, -163.8473363041845, -47.14829849847122, -30.348195213650754, -190.09028736143821, 30.53109733917909, -90.06295904150899, 109.88073884669114, 31.799548143774604, 56.26309422474348, 97.69404042477039, -156.86981533731367, 59.10342343931144, -82.58099021431885, -124.45120642076155, -87.66782655006801, -118.19744537933694, -132.78389783840612, 40.8375484166407, -60.850510523543434, 35.14089670198233, -44.46659449449671, 89.63541634249106, -27.517821237748397, 181.6152479370184, 50.80033664111326, -155.0898036800119, 232.07133164957804, -191.90949564073065, -1.1676086506910155, 92.14984395496892, -149.5722799773336, 157.40855431129884, 30.506683709184774, -187.14258000625583, 161.9013034141877, -106.02389018650751, 187.71157102610715, 158.68961869893323, 11.149712850106479, 32.00974603837386, -148.96720241944737, -111.82278981415979, -65.06762391005057, -19.058332770740975, 68.68550303993675, 62.06412019065329, -38.02696806179316, -11.955988043040117, 37.01126452731789, -86.06622194550863, 192.24726746092978, -166.29277051770484, 83.06295143232613, -87.98235229393241, 47.250274137174976, -7.074606426088955, 13.83413455686576, 41.565578154849504, -80.77422859180248, -12.144385359207789, 89.2220218384549, -70.97327192224458, -62.31123674038628, 70.20380644184597, -122.05572993122883, 30.059883609570885, -6.818847099100461, 107.33077948112336, -48.90626693842346, 12.759258081440649, -188.0920144367272, 249.69959783221384, -99.1517947275421, 83.87161157266254, -241.7188104445634, 51.80575897840901, 183.62499332648653, -17.845474331347077, 125.40337696135002, -105.70248339916604, -178.45905331201607],