{"k": 10, "noise_std": 1, "mean reward 1": [126.4644911519256, -88.05113340514016, 23.640559563095042, 81.56044659893863, 186.08116691760944, 25.559048573524624, -54.15037160877011, -68.95996570906168, -35.74407287284348, -65.19202039299427, 89.99628818425971, 7.025265866505376, -124.09417569938033, -31.677677470224953, 58.31192619033817, -109.94272374421482, 75.16689439509432, 199.7369469900756, 120.38889923889651, 226.67833882178644, -26.57089190456732, -23.130104549149742, -126.58581355200833, 206.51573743324988, -71.68640320375627, -75.69395881838561, -147.88502519460377, -70.3452003422736, -35.73153582653114, 52.055152179108745, 73.05694965793609, -16.924502345492204, -58.48933317182197, -130.10558551961492, 43.08414595254178, 233.58343211357194, 11.833004226990361, 70.40919510686382, 105.6565420551441, -27.159242127834517, 168.37155895617062, 163.0385623741562, 35.477912725716074, -81.79677088140134, 99.14100004818097, -171.90022405535794, -198.2094211745876, -89.86723851854934, -140.06212460044597, 75.34568860441263, 61.612396227974784, 29.153274877454482, 104.46782538425103, -28.44994647547996, -79.80893483068576, 86.05107817909574, 24.115785113646204, 147.97749760789276, 21.26992388654393, 4.143493716963103, 185.0268020396929, -165.33159433971414, -99.38033386319337, 119.17676427234667, -16.844435674451887, 77.48276679720504, 22.783941800892265, 19.151357932943426, 54.63449331537479, -13.378398323241125, 105.51030201696304, -147.2331227202165, 123.65735730086544, 0.5945412294503127, -60.310403875294526, -58.52363162365083, -44.06122876883817, -39.92634154409935, 26.594408574382634, 153.13048287347274, -11.092181256805175, -19.619564363358915, 164.92259407524585, 38.58277710853192, 18.685396098886685, -5.204966671501832, -208.0610180916402, -36.52471606368744, 42.45949840034856, -6.732404311689239, 8.069469177182583, 229.4534227739092, 120.43940347762714, 272.4682261619626, 27.53709728345749, 9.845915385985274, -99.77410893107398, -53.072927105639, -88.140823597635, 132.2786280197601, -124.49014794170668, 124.4982023714448, -32.343013441529365, -8.401862592792597, -22.17963604024586, -35.5760011507186, 87.90767181507042, -36.36258121070047, -120.1862736139424, -46.8325380337187, 156.46039376947667, -25.39383642416688, -37.65585795809028, 100.86439513008952, 24.9272069507364, 53.24217411177573, -66.13572598219137, -134.8639424292935, 172.26521005303016, -126.18686569951747, 31.702780859992707, 191.93535300477805, -93.4529952362141, -20.040288422411823, -48.44970341853172, -2.664559928741894, -46.05490345154558, 192.5550468446255, -24.802567130994476, -62.66288919605216, 44.052732000704935, -29.672977131085403, -120.54728804891776, -26.376716576463128, 16.47924043073713, -76.69855390982092, 147.7880456882519, 19.86170770362658, -41.88978823482638, 7.590277479220125, 37.720521214984785, -48.81294018976669, 19.789069568513867, 83.64582989516803, -34.74889414727482, 119.38157126821469, -115.22836856695736, -85.53224548954377, 236.64001251813977, -247.01218119034843, 152.18722876456314, 262.6885072560286, 87.55364880080005, 50.25259698594158, 151.92189413700243, 8.176202592415294, 14.20420697472728, 123.53517648035725, 64.2582347285169, 102.66977572196095, 4.388592327202556, 112.28022154141722, -70.48313479300325, 135.15175211099643, 257.38549790529913, 48.32539066691698, 109.1300655134678, -16.57511604706653, -152.42525744973884, 22.97644141913834, 97.86660424428011, -223.89276398810995, -51.92563945924883, -115.731136405533, -3.82910844286572, -92.13035887039484, 20.699724633803378, -84.3001218609559, 139.21818793731342, -19.351166079984168, 7.515404452910218, -89.11398398100035, 41.61035575022346, -74.70654442309058, 115.20125187109365, -111.9787622814037, -4.1429707030528595, -1.6538610493401051, -59.46302460884052, -9.353469533136947, -54.12407912311663, 72.64534568181251, -38.48064925132956, 50.15231717219662, 32.57287898129088, -181.32530765373997, 7.824120513254202, -28.08631160737453, -32.28694910984628, -40.54147521045376], "mean reward 0": [-126.4644911519256, 88.05113340514016, -23.640559563095042, -81.56044659893863, -186.08116691760944, -25.559048573524624, 54.15037160877011, 68.95996570906168, 35.74407287284348, 65.19202039299427, -89.99628818425971, -7.025265866505376, 124.09417569938033, 31.677677470224953, -58.31192619033817, 109.94272374421482, -75.16689439509432, -199.7369469900756, -120.38889923889651, -226.67833882178644, 26.57089190456732, 23.130104549149742, 126.58581355200833, -206.51573743324988, 71.68640320375627, 75.69395881838561, 147.88502519460377, 70.3452003422736, 35.73153582653114, -52.055152179108745, -73.05694965793609, 16.924502345492204, 58.48933317182197, 130.10558551961492, -43.08414595254178, -233.58343211357194, -11.833004226990361, -70.40919510686382, -105.6565420551441, 27.159242127834517, -168.37155895617062, -163.0385623741562, -35.477912725716074, 81.79677088140134, -99.14100004818097, 171.90022405535794, 198.2094211745876, 89.86723851854934, 140.06212460044597, -75.34568860441263, -61.612396227974784, -29.153274877454482, -104.46782538425103, 28.44994647547996, 79.80893483068576, -86.05107817909574, -24.115785113646204, -147.97749760789276, -21.26992388654393, -4.143493716963103, -185.0268020396929, 165.33159433971414, 99.38033386319337, -119.17676427234667, 16.844435674451887, -77.48276679720504, -22.783941800892265, -19.151357932943426, -54.63449331537479, 13.378398323241125, -105.51030201696304, 147.2331227202165, -123.65735730086544, -0.5945412294503127, 60.310403875294526, 58.52363162365083, 44.06122876883817, 39.92634154409935, -26.594408574382634, -153.13048287347274, 11.092181256805175, 19.619564363358915, -164.92259407524585, -38.58277710853192, -18.685396098886685, 5.204966671501832, 208.0610180916402, 36.52471606368744, -42.45949840034856, 6.732404311689239, -8.069469177182583, -229.4534227739092, -120.43940347762714, -272.4682261619626, -27.53709728345749, -9.845915385985274, 99.77410893107398, 53.072927105639, 88.140823597635, -132.2786280197601, 124.49014794170668, -124.4982023714448, 32.343013441529365, 8.401862592792597, 22.17963604024586, 35.5760011507186, -87.90767181507042, 36.36258121070047, 120.1862736139424, 46.8325380337187, -156.46039376947667, 25.39383642416688, 37.65585795809028, -100.86439513008952, -24.9272069507364, -53.24217411177573, 66.13572598219137, 134.8639424292935, -172.26521005303016, 126.18686569951747, -31.702780859992707, -191.93535300477805, 93.4529952362141, 20.040288422411823, 48.44970341853172, 2.664559928741894, 46.05490345154558, -192.5550468446255, 24.802567130994476, 62.66288919605216, -44.052732000704935, 29.672977131085403, 120.54728804891776, 26.376716576463128, -16.47924043073713, 76.69855390982092, -147.7880456882519, -19.86170770362658, 41.88978823482638, -7.590277479220125, -37.720521214984785, 48.81294018976669, -19.789069568513867, -83.64582989516803, 34.74889414727482, -119.38157126821469, 115.22836856695736, 85.53224548954377, -236.64001251813977, 247.01218119034843, -152.18722876456314, -262.6885072560286, -87.55364880080005, -50.25259698594158, -151.92189413700243, -8.176202592415294, -14.20420697472728, -123.53517648035725, -64.2582347285169, -102.66977572196095, -4.388592327202556, -112.28022154141722, 70.48313479300325, -135.15175211099643, -257.38549790529913, -48.32539066691698, -109.1300655134678, 16.57511604706653, 152.42525744973884, -22.97644141913834, -97.86660424428011, 223.89276398810995, 51.92563945924883, 115.731136405533, 3.82910844286572, 92.13035887039484, -20.699724633803378, 84.3001218609559, -139.21818793731342, 19.351166079984168, -7.515404452910218, 89.11398398100035, -41.61035575022346, 74.70654442309058, -115.20125187109365, 111.9787622814037, 4.1429707030528595, 1.6538610493401051, 59.46302460884052, 9.353469533136947, 54.12407912311663, -72.64534568181251, 38.48064925132956, -50.15231717219662, -32.57287898129088, 181.32530765373997, -7.824120513254202, 28.08631160737453, 32.28694910984628, 40.54147521045376],