{"k": 1, "sigma_z": 0.001, "mean reward 1": [-540.4770878933754, -486.20879757982385, -437.58107671178766, -393.7232507764495, -354.27788264954165, -318.97896350261277, -287.08511728061507, -258.5320188555186, -232.6587643813144, -209.28607985819934, -188.3488161316853, -169.6351386190184, -152.61640284843753, -137.49751183003085, -123.51169727142562, -111.18212204715714, -99.99168423213362, -89.9823408761052, -80.88788065138705, -72.8692743638306, -65.66816273476945, -59.12778768925121, -53.09060487922457, -47.960521617077674, -43.15457922176329, -38.93294697661263, -35.00842940317883, -31.49151601292533, -28.41310352626079, -25.55799852866295, -22.920132693021085, -20.549864533383726, -18.430144981435667, -16.667650507332944, -15.125209075183133, -13.574496622785839, -12.269505842210997, -11.198086726921055, -10.063269076724987, -9.0026524574677, -8.13730457990675, -7.327577436541811, -6.598397818425672, -5.933317486732297, -5.400585060701939, -4.867875095460692, -4.265173684280247, -3.7259189722242714, -3.4138764315329766, -2.961901732611981, -2.5917976471882933, -2.2697898420779343, -1.8992504753559756, -1.7586316326897389, -1.6774475528834671, -1.4633066189951673, -1.5300317704714141, -1.4822116083958816, -1.3414678666677207, -1.2966270412608283, -1.1983054818816095, -1.2269565359236936, -1.3444409170216958, -1.137744160230779, -1.1007990946120185, -1.0063388429578826, -1.0409679319982494, -0.7706569464817239, -0.8062542499681472, -0.7333451419933475, -0.7580974084068431, -0.5985012834125903, -0.6006788755517927, -0.6827483567270438, -0.7104270111006554, -0.5639321021273911, -0.3801063817751824, -0.3830363927702668, -0.34903137994624367, -0.30087366364793283, -0.3228978126673842, -0.5402871191927636, -0.42337774273163836, -0.2735929205962486, -0.20510084665017445, -0.17034259743113686, -0.1376391916818464, -0.010202192871203358, 0.009478170078019764, 0.03332348417336723, 0.03908187671863645, -0.011415724697280309, 0.032970363048994485, -0.11083785993837218, -0.1610507193629664, -0.19422743403991913, -0.1734730679448353, -0.14591126512062794, -0.22575263856544175, -0.44811213793787485, -0.33884057351731, -0.30264649044927583, -0.24695153503038583, -0.24100580906852476, -0.02790442520583358, -0.025514780109590504, -0.07457907365605024, -0.024305772953259724, -0.16599772863501272, -0.20690363708174495, -0.3212216700635304, -0.1730277777765963, -0.07862785025998999, -0.14123032929764845, -0.13903292568320344, -0.098007207045198, 0.06432300715383223, 0.2664032644500559, 0.15522597808075334, 0.16543389756611374, 0.08834366763474642, 0.07472230326299799, 0.13226970352370734, 0.0425214946488183, 0.07708730872471338, 0.05352248230948841, 0.08684659312806454, 0.3183403120553323, 0.26546736118472813, 0.4858278182814072, 0.48747071463501257, 0.5460572836507959, 0.4381722443591506, 0.5362404005711896, 0.5346131229747892, 0.6494147104049439, 0.5254934994774025, 0.6422277297161376, 0.5815063561124658, 0.598571140387632, 0.3152909877897723, 0.48494640047140924, 0.40750333943390304, 0.41492125744236164, 0.38014985189739914, 0.22188466812433993, 0.2600149671756596, 0.31124961813269375, 0.28365843781904904, 0.02568036141212368, -0.09939316938331028, -0.016871759197840105, -0.11066250298339307, -0.24616959681020043, -0.10590682764255188, -0.17126951613841254, -0.28029737204418775, -0.33199636644706404, -0.33557900135176355, -0.20079366842187876, -0.3476935778849339, -0.4468932710760038, -0.464393330474794, -0.4407208752872139, -0.3502723068880001, -0.3130282061924519, -0.39228799400908443, -0.34011275342103015, -0.4370803865137592, -0.41243171883205393, -0.41649682913100694, -0.23464063281222, -0.18033250923985902, -0.26098563300730226, -0.10006898678871404, 0.0511649710193434, 0.054958768409746415, 0.12294523085805104, 0.1377132435769818, 0.17871490524786088, 0.28752457802988785, 0.1669592527999063, 0.36442683345125376, 0.2375023628454651, 0.20409527970839297, 0.20680805069314312, 0.3360674483570068, 0.2795294694472886, 0.2863126346989773, 0.29458336507845945, 0.17904983705429486, 0.11281135197687596, 0.06824621691354732, 0.19524589062562672, 0.07103371730202443, 0.07399390499584275, -0.023335989614247373, -0.08908314722731465, -0.03978354083759765, 0.021227598806890603],