{"k": 1, "sigma_z": 0.001, "mean reward 1": [-1074.0807545618982, -966.6647605032475, -870.0055181095394, -782.9904985172665, -704.6703377204448, -634.0948510419119, -570.683899800241, -513.5512846127951, -462.1341261261781, -415.84291992692056, -374.4478191687593, -336.9194165547486, -303.09816496318274, -272.8865197533624, -245.51056074019849, -220.95991902453088, -198.88474890671998, -179.08790007403329, -161.19405431868648, -145.25522123240896, -130.7861771737249, -117.747227180043, -106.07221828665602, -95.49664054507856, -85.8006163571004, -77.33837900752062, -69.75672239456966, -62.76500132805105, -56.540241416174666, -50.85869688908796, -45.71410292729785, -41.38654760915852, -37.32865166544329, -33.419800470704516, -30.16780145546973, -27.368637474389455, -24.496326797681963, -22.079316167688273, -19.84629144681042, -17.85410680100624, -16.207940858768886, -14.63828441196409, -13.251802059160767, -12.116691054374625, -10.777424559873957, -9.846797178469103, -8.816266605989293, -7.841439540794308, -7.170606936562055, -6.504612524276718, -6.087142603950549, -5.542304713428635, -4.920953949082273, -4.546288080061172, -4.055686369759077, -3.6585867413594895, -3.433243098264125, -3.1591564946411523, -2.8250091797688794, -2.605610114760576, -2.242248191498959, -2.0803925214169636, -1.8368494799365858, -1.7891374573804706, -1.5909041728370228, -1.2919736950559904, -1.1669613113183916, -1.0347112564087995, -0.916335449115549, -0.7724560674974642, -0.5406580937829607, -0.2728727838684099, -0.3564497477204425, -0.41664788426626564, -0.22455964422929087, -0.14832282882138126, -0.13440569990281442, -0.2719427235169128, -0.2833355764092938, -0.1871577974043121, -0.21151387026941354, -0.25416997083187964, -0.2449249996803142, -0.30639230074616725, -0.2850161349160703, -0.22723714181162963, -0.1772093556814625, -0.05737351353438175, 0.10877226576890726, 0.205408467176254, 0.15108287602524967, 0.0774567540714928, 0.02999519817759149, -0.1702758412952834, -0.030715345783850528, 0.10852067208049268, -0.06206355442846686, -0.16563615655860098, -0.11294493179472001, -0.09707758764476089, -0.1326495579300038, -0.1815170352104351, -0.2510513391642314, -0.21364850076572164, -0.13800943101290425, -0.0718430798033508, 0.057723000884598315, 0.07516338295631694, 0.02805159009969806, -0.11681148180408849, -0.22196069960820106, -0.40179329804274416, -0.3615000422948934, -0.4184465399267972, -0.41950467200258557, -0.3622987743313269, -0.3444408335810694, -0.4104327647977434, -0.48603581740355234, -0.3982622503706523, -0.4079723988682154, -0.4357254636471689, -0.589500039086998, -0.5042963469297337, -0.4809035809231232, -0.5435922846889507, -0.35657787830096055, -0.22594346447276642, -0.295451241331204, -0.22561243077352905, -0.2986241097007713, -0.2656025382715144, -0.11809485375301426, -0.1995808553694816, -0.005740796862363333, -0.17135148824634353, -0.1848210359794606, -0.14616802304129994, -0.337178575697767, -0.23187167349494062, -0.22763616796120825, -0.36813476186678146, -0.5229039962457197, -0.45755571592710237, -0.40196216955220465, -0.3604116759171382, -0.01973670923671256, -0.07474478962619485, -0.1305974170080299, -0.07431295694241717, -0.1240748328175087, -0.2442528260986778, -0.19254237592441065, 0.05702865089877145, 0.051200856923245955, 0.028875202244655382, 0.06300942137534976, 0.027922015322030893, 0.09419966732317876, 0.14338062304635668, 0.12410960748832787, -0.036451490658307384, -0.04471494887142742, 0.009501448917937558, -0.07656727501057592, -0.08217301755382975, -0.009776330359217968, -0.01908547863807325, -0.029188922383267608, -0.16770483745198655, -0.1528677347136964, -0.19888913763461646, -0.18133299639848038, -0.26396407596643334, -0.06050858164281581, -0.168388467735402, -0.07426238030457487, -0.06953261319836061, -0.08411039055121736, -0.012869360306883416, -0.11956109823569984, -0.074844320673778, -0.06335998863446024, -0.2475875709268903, -0.1975628218896482, -0.12573326677211474, -0.0979759755466625, -0.1557892351900099, -0.1358203113563789, -0.10636221571271524, -0.06042119024576005, -0.20764863563955396, -0.3361391426984327, -0.31752314302245954, -0.21877394082894133, -0.28689695504225293, -0.20596684045730498, -0.26616603979632564, -0.21856036781110125, -0.15725040419077718],