{"k": 1, "sigma_z": 0.001, "mean reward 1": [-912.9259116758262, -821.6221077035375, -739.5959859302959, -665.6411864475751, -599.1859237115159, -539.0084913449998, -485.1660731313083, -436.5747875142047, -392.92838891871185, -353.73637261852747, -318.37129961577466, -286.44256727373505, -257.74638453720996, -231.8635048540388, -208.64770370635003, -187.88727539538343, -168.96574141296625, -151.99739280276702, -136.81810623808184, -123.17360930454319, -110.88672300627655, -99.85411576719979, -89.8365318691406, -80.87242558645221, -72.67572130360296, -65.4379138939366, -58.94962660384457, -52.97140925764264, -47.74331100054546, -42.965611657349875, -38.768682935618074, -35.03510010678653, -31.6608680937012, -28.38368197772735, -25.469858019819032, -22.885800289025195, -20.67061633382546, -18.594869637226942, -16.486088432848828, -14.856308191199103, -13.36028752677317, -11.913560969923173, -10.846233035231053, -9.5236016717565, -8.505221863319017, -7.668774286195834, -6.868659067540726, -6.114566166153567, -5.534731223684189, -5.153088669856723, -4.602688256162418, -4.304940942041377, -3.8369068810860147, -3.4792484651762647, -3.237798023360494, -2.878689747785491, -2.710115737276889, -2.4599199114300507, -2.135450167225005, -2.02738916659332, -2.0847690949869913, -1.839669513416552, -1.5359761276255384, -1.533925039491328, -1.4023822307244396, -1.3616853804287254, -1.1370566890913785, -1.0262461437891124, -0.8587641545394888, -0.7036276418702723, -0.6308619857614325, -0.5762563153227315, -0.5735638158718036, -0.41663256702291157, -0.4182943887696875, -0.22006843236464296, -0.15875069047665433, 0.012895283743558734, 0.059571915598601366, 0.015399940802583511, -0.07139396144228, -0.0710440216138227, -0.03151131077694354, -0.046137035272221676, -0.14858282653121666, -0.08131831058729223, -0.30500324174279875, -0.30630782407559753, -0.31725365006518735, -0.39622943239779457, -0.4155530186688859, -0.354368466773639, -0.30946631066620706, -0.3565050101149784, -0.289175245562432, -0.157469775021577, -0.10489716009521417, 0.010464484776713122, 0.08681113696038749, -0.1079812623575161, -0.13028600080937147, -0.02675635017878542, -0.058076867385509386, -0.09618885117258774, -0.20867057759979848, -0.07831061649683485, -0.1987577537559692, -0.22215188343353032, -0.12745160071987335, -0.08142367390255667, -0.06578205663626546, -0.09343608874724077, -0.02696879763583184, 0.0727308275801665, 0.14519952705895325, 0.057667739004774295, -0.08066281906046541, -0.10725617346627839, -0.10796307393627178, -0.21995741672066427, -0.2799699970785674, -0.15659691838413814, -0.11638130622915156, -0.1739911749320445, -0.3136651790474481, -0.3461003444307764, -0.12039761114826042, -0.16184416755457703, -0.16394339084092122, -0.21661849882427617, -0.36386866734228035, -0.32904958598160644, -0.3874875796033498, -0.3733998057417058, -0.43599294322904, -0.5009539866124569, -0.5215262321902955, -0.42295919441998836, -0.24374590531985899, -0.19715919920729702, -0.17049082070505794, -0.17869231373095495, -0.14906913450387604, -0.1488121690966912, -0.25162323192380326, -0.31568201182313527, -0.36158352602103694, -0.2573565555975925, -0.1617783698820301, -0.12852610221245606, 0.02577167682175712, -0.04625053155976744, -0.05114176182631989, -0.06856235143640968, 0.17809333947015185, 0.18591123558592557, 0.07717611043066268, -0.014983636113236607, -0.0527905824814997, -0.05595240837170305, -0.0613352696672708, 0.18428769670027229, 0.23080880304433943, 0.1855314232026159, 0.17101899080791946, 0.030917824900343657, -0.08280152706585409, -0.04282093328126717, -0.0014017821600819562, -0.33811924639866225, -0.1994071200478168, -0.21129528138689072, -0.09280250848110375, -0.09254736462483999, -0.2659334935358506, -0.22223562538141128, -0.25895874102586297, -0.21732448758642423, -0.22167255743853462, -0.08338668205377521, -0.10194027954623006, 0.03532694059950485, 0.005328590546320195, 0.1106033690108746, 0.057271268232648415, 0.09711566196397951, 0.014042447247296136, 0.003521556128528044, 0.07275697832179352, 0.02260034752761032, 0.054609211793646875, 0.11745464561939761, 0.02676366626119846, -0.047702071378619836, -0.14158727154171186, -0.15255316458773896, 0.13223516740630492, 0.13646183487625274, 0.15778576687176313, 0.04277319046616572],