{"k": 1, "sigma_z": 0.001, "mean reward 1": [-1298.282961095298, -1168.474729596025, -1051.7066984840637, -946.3123880950144, -851.6045483464407, -766.6130074368516, -690.0965986675769, -621.0944888967086, -559.0011038088765, -503.14418861657543, -452.8347830273061, -407.59662378871104, -366.77531395959477, -329.9860066734472, -296.87149718896353, -267.32382509379016, -240.58555745342193, -216.43906081342354, -194.6326122927278, -175.2781073710699, -157.89516418295233, -142.1246160169782, -127.78896837995543, -115.13445752462475, -103.73296806000225, -93.34180295159095, -84.05154135213645, -75.49891857340525, -67.83186520865925, -61.124836483044916, -54.93989522471102, -49.62263826301761, -44.61429340332025, -40.06747273819588, -36.089170869353495, -32.39889972252497, -29.15289123299371, -26.13809870560847, -23.609875162311443, -21.22496269779348, -19.006901983501077, -17.12157024920081, -15.378093669208878, -13.662405441452288, -12.330617704682666, -11.02742108553006, -9.975747416157184, -9.197391474051628, -8.222102741537702, -7.355753490704951, -6.355880008628985, -5.727297143186794, -5.159684241333159, -4.6364669605357935, -4.223515780642084, -3.9551307717151047, -3.3638259959902572, -3.018441323456434, -2.6260743020168724, -2.481192118456037, -2.4554323814369794, -2.249524094345744, -2.0955371877103524, -1.8955372766967404, -1.7291135904858084, -1.5925767223193974, -1.2906416469922894, -1.1037824353679628, -0.8182804267000446, -0.5546671612659213, -0.34465361009852064, -0.37132276256282926, -0.35674238500293654, -0.26636109603589875, -0.27585750756964217, -0.2549457470052701, -0.21767969719184888, -0.21763677522379116, -0.3253307450921302, -0.14743230896960294, -0.209996120144233, -0.38666032087131125, -0.43834813492125946, -0.47362486524280595, -0.2920961224355503, -0.2610724147037164, -0.18699371050312671, -0.07693936312584802, -0.1376550943158441, -0.1221825842816584, -0.015591465179637701, -0.19358990263807194, -0.14016652539104876, -0.13004332065384422, -0.1577231540825327, 0.06268947479015746, 0.054911016735758676, 0.14563097164808253, 0.099118450274016, -0.06807368530049554, -0.11460614624406976, -0.09130548357783454, -0.12945402890279836, -0.09776262510957016, -0.14331603450621475, -0.2559802062104787, -0.09951389756353583, -0.280221324388, -0.2368753388292519, -0.24401287194141738, -0.26230112486266377, -0.0943905838400663, -0.18090166653978312, 0.05693646857304919, 0.07772597097963499, -0.1761416502092634, -0.18777661456545752, -0.2049035476845601, -0.20514225895007696, -0.10799562224309421, 0.073382294956236, -0.03993459176016395, 0.07029709727628887, -0.07728150828176712, -0.26919595877873237, -0.16798552674647155, -0.19440697090393233, -0.4091685284733139, -0.3628956059287341, -0.30603144226398804, -0.43405890285812415, -0.4533844178340133, -0.4305615085224315, -0.18806023595703522, -0.06691955441177456, -0.03656052959740561, -0.09780394848167688, -0.19324958033194503, -0.24557449669358566, -0.1644815988243312, -0.16985774515186147, -0.11068381069966066, -0.06079404108269852, 0.011940286520313733, 0.05435581002631137, -0.04483353908229283, -0.011627598932423999, 0.05986044851483736, 0.03912638096316306, -0.038767753337724885, -0.230693997536593, -0.25140946506271744, -0.26895451530809394, -0.3223081380770111, -0.313235667579012, -0.18064481708108002, -0.1282056705129208, -0.06611269709231161, -0.18848452351653394, -0.2925810758480213, -0.39998959840957354, -0.24174090981467794, -0.25574517955805587, -0.35951488714951274, -0.35473301236422167, -0.4690934760235417, -0.44090388568990035, -0.37086667939087514, -0.099140005823025, 0.14838001179970747, -0.0021339481067853515, -0.10598989139859444, -0.10299693400390846, -0.21317475743951164, -0.21005091169721107, -0.3168919326715513, -0.33033116263689327, -0.3139929681104854, -0.09913658749249937, -0.15598029519839504, -0.09174995911385131, 0.003874876908554689, 0.13933117440740778, 0.04836477032522876, -0.09658621960466846, 0.009223243419674782, -0.12115092736281687, -0.10759919381317148, -0.0644791205331538, -0.1898792827680346, -0.35827901137357965, -0.3077676777320508, -0.09685773204499931, -0.18858560817761982, -0.31873904230704103, -0.36865774425262354, -0.3263238757688147, -0.46301660362385716, -0.3189030055432753, -0.4301623758455369],