{"Stationary": {"actions": [1.0, 1.0, 1.0, 1.0, 1.0, 1.0, 1.0, 1.0, 1.0, 1.0, 1.0, 1.0, 1.0, 1.0, 1.0, 1.0, 1.0, 1.0, 1.0, 1.0, 1.0, 1.0, 1.0, 1.0, 1.0, 1.0, 1.0, 1.0, 1.0, 1.0, 1.0, 1.0, 1.0, 1.0, 1.0, 1.0, 1.0, 1.0, 1.0, 1.0, 1.0, 1.0, 1.0, 1.0, 1.0, 1.0, 1.0, 1.0, 1.0, 1.0, 1.0, 1.0, 1.0, 1.0, 1.0, 1.0, 1.0, 1.0, 1.0, 1.0, 1.0, 1.0, 1.0, 1.0, 1.0, 1.0, 1.0, 1.0, 1.0, 1.0, 1.0, 1.0, 1.0, 1.0, 1.0, 1.0, 1.0, 1.0, 1.0, 1.0, 1.0, 1.0, 1.0, 1.0, 1.0, 1.0, 1.0, 1.0, 1.0, 1.0, 1.0, 1.0, 1.0, 1.0, 1.0, 1.0, 1.0, 1.0, 1.0, 1.0, 1.0, 1.0, 1.0, 1.0, 1.0, 1.0, 1.0, 1.0, 1.0, 1.0, 1.0, 1.0, 1.0, 1.0, 1.0, 1.0, 1.0, 1.0, 1.0, 1.0, 1.0, 1.0, 1.0, 1.0, 1.0, 1.0, 1.0, 1.0, 1.0, 1.0, 1.0, 1.0, 1.0, 1.0, 1.0, 1.0, 1.0, 1.0, 1.0, 1.0, 1.0, 1.0, 1.0, 1.0, 1.0, 1.0, 1.0, 1.0, 1.0, 1.0, 1.0, 1.0, 1.0, 1.0, 1.0, 1.0, 1.0, 1.0, 1.0, 1.0, 1.0, 1.0, 1.0, 1.0, 1.0, 1.0, 1.0, 1.0, 1.0, 1.0, 1.0, 1.0, 1.0, 1.0, 1.0, 1.0, 1.0, 1.0, 1.0, 1.0, 1.0, 1.0, 1.0, 1.0, 1.0, 1.0, 1.0, 1.0, 1.0, 1.0, 1.0, 1.0, 1.0, 1.0, 1.0, 1.0, 1.0, 1.0, 1.0, 1.0], "rewards": [-1918.6955184295107, -1741.1605561801466, -1560.4818537905999, -1405.9143106750278, -1267.1242718072192, -1138.274401043838, -1033.4613923012382, -917.7964749549657, -832.9454448507529, -733.3140403342023, -669.379654721896, -622.8966543214891, -549.6653445191445, -484.0984513186277, -449.7097623110193, -397.39936838933414, -371.5766558610775, -339.57090153770866, -281.0915992482008, -257.31629942520783, -236.2649839606933, -212.45038623221225, -191.7460274207055, -195.87234257546666, -159.30682216157223, -143.00159533298915, -122.87111344529667, -104.9857915117893, -88.74340624207083, -91.63815286240381, -86.07238761970032, -88.46495410400763, -68.3027854746895, -70.33993740108113, -56.361080466533934, -52.699170153672114, -47.64686862509217, -46.717239224786695, -35.18135067065653, -21.37850561955984, -27.812663450476865, -25.81983664099875, -28.92767915281461, -16.36567444843999, -12.877156013382702, -14.071425655223655, -11.7928837862318, -13.272750072293045, -7.492841556103098, 0.3053256709143497, -7.947392763099134, 2.7045668202220092, -28.00730757963008, -16.698023828113065, -13.930799450093355, -0.828578341026784, 18.193145632496158, -15.560059176369132, -9.511636614581619, -3.340993555010689, 2.93424441767286, 0.2627333257456961, -1.0509218732747803, 7.5210033709355475, -20.59980444462242, -14.031177167217493, -10.21512941509094, -0.5816067022168763, -9.142547634470613, 4.65970364752657, 13.837310155589849, -11.410713750750729, 8.83368378224891, -21.223449312038984, -0.5618442690120037, -8.707898402414742, -2.843063841575459, 17.57786706846757, 1.021905649102937, -8.874528120716914, -8.148353260509051, 18.259339162572026, 0.5884063775171673, 7.318817709911375, -7.1055695987668335, 10.661439211550091, 2.920175962656255, -5.308457015765922, 2.030068523764675, 2.9260260853285054, -17.377608550677394, 13.512576060273565, -11.565947848009662, -15.784496237056105, 1.3239944978416003, 4.142810063700326, 12.634251920549657, -12.412666128712434, 19.166895826964303, -1.7206216615826238, -12.925797490193412, 11.569248576345528, 8.407300096155755, 4.111726118467459, -11.989376044855362, 1.4833568903831862, -13.962299513298062, 1.1272523939622932, -2.331428667769771, 6.002457523312675, -9.004875580286422, 5.091564538893796, -1.421305273785957, 4.173970683018437, 4.012456302780855, 23.455697883214388, 18.97180294182167, 9.234770340649503, 9.438338292953635, 6.832231535450689, -9.517586489841959, 3.5711492721622213, -18.73598879866064, 13.455336406610387, 5.730087713455204, 4.475544010131456, 5.592178909746008, 19.38560774738984, 3.1551213931207625, -9.63426347524794, 4.655307739466661, 0.030753621800633173, 1.9264626675314123, 8.735343339507702, 2.861625033496509, 11.320835616318623, 1.2522218244294487, -12.127605709028456, -15.926252331527088, -9.06545342121339, 4.014708722893123, -3.4533002335501375, -3.7279298520587587, -18.273241922443066, 9.324718765531891, 4.328690354732814, 6.219288409564679, -5.34583831004801, 9.800217262538379, 6.294407790920866, -5.194579403987589, 16.069889093926538, 15.330224950275463, 4.717911341179734, -0.6317211405688866, 7.283154754343229, -8.389839168108082, 0.7390667683432901, -6.635228136088506, 0.7984058754068128, 2.263402410748559, -10.446917328690343, 10.71128441666644, 9.357420815822561, 3.4896152858629947, 6.594280024804473, -13.420351258061267, -10.25320056463862, 6.782377365465096, 2.009768862089808, 5.361312632818026, 18.133897349772766, 8.103548786830109, 20.781519301373905, -0.6412791492442155, -20.97907702305169, 8.441285454536429, 1.8278968716075163, -1.5485867127434476, -18.34496310915566, 6.881489905759193, -7.485549210970753, 14.438837564781826, 0.6060676413885784, -14.975862009213714, -5.724246188019406, 7.99642668998507, 1.4103363423305895, 6.988523134311468, -10.454664350367105, -3.0483453007511887, -2.076160439563022, 5.217447233051113, 1.4050422319930982, -4.591251401875934, -16.108791015090343, 2.074065635435508, -10.972283559283861, 7.9353487089818255, -9.823933488792369]}, "Latent AR LinUCB s=2": {"actions": [1.0, 0.0, 0.0, 0.0, 0.0, 0.0, 0.0, 0.0, 0.0, 0.0, 0.0, 0.0, 0.0, 0.0, 0.0, 0.0, 0.0, 0.0, 0.0, 0.0, 0.0, 0.0, 0.0, 0.0, 0.0, 0.0, 0.0, 0.0, 0.0, 0.0, 0.0, 0.0, 0.0, 0.0, 0.0, 0.0, 0.0, 0.0, 0.0, 0.0, 0.0, 0.0, 0.0, 0.0, 0.0, 0.0, 0.0, 0.0, 0.0, 0.0, 0.0, 0.0, 0.0, 0.0, 0.0, 0.0, 0.0, 0.0, 0.0, 0.0, 0.0, 0.0, 0.0, 0.0, 0.0, 0.0, 0.0, 0.0, 0.0, 0.0, 0.0, 0.0, 0.0, 0.0, 0.0, 0.0, 0.0, 0.0, 0.0, 0.0, 0.0, 0.0, 0.0, 0.0, 0.0, 0.0, 0.0, 0.0, 0.0, 0.0, 0.0, 0.0, 0.0, 0.0, 0.0, 0.0, 0.0, 0.0, 0.0, 0.0, 0.0, 0.0, 0.0, 0.0, 0.0, 0.0, 0.0, 0.0, 0.0, 0.0, 0.0, 0.0, 0.0, 0.0, 0.0, 0.0, 0.0, 0.0, 0.0, 0.0, 0.0, 0.0, 0.0, 0.0, 0.0, 0.0, 0.0, 0.0, 0.0, 0.0, 0.0, 0.0, 0.0, 0.0, 0.0, 0.0, 0.0, 0.0, 0.0, 0.0, 0.0, 0.0, 0.0, 0.0, 0.0, 0.0, 0.0, 0.0, 0.0, 0.0, 0.0, 0.0, 0.0, 0.0, 0.0, 0.0, 0.0, 0.0, 0.0, 0.0, 0.0, 0.0, 0.0, 0.0, 0.0, 0.0, 0.0, 0.0, 0.0, 0.0, 0.0, 0.0, 0.0, 0.0, 0.0, 0.0, 0.0, 0.0, 0.0, 0.0, 0.0, 0.0, 0.0, 0.0, 0.0, 0.0, 0.0, 0.0, 0.0, 0.0, 0.0, 0.0, 0.0, 0.0, 0.0, 0.0, 0.0, 0.0, 0.0, 0.0],