{"Stationary": {"actions": [1.0, 1.0, 1.0, 1.0, 1.0, 1.0, 1.0, 1.0, 1.0, 1.0, 1.0, 1.0, 1.0, 1.0, 1.0, 1.0, 1.0, 1.0, 1.0, 1.0, 1.0, 1.0, 1.0, 1.0, 1.0, 1.0, 1.0, 1.0, 1.0, 1.0, 1.0, 1.0, 1.0, 1.0, 1.0, 1.0, 1.0, 1.0, 1.0, 1.0, 1.0, 1.0, 1.0, 1.0, 1.0, 1.0, 1.0, 1.0, 1.0, 1.0, 1.0, 1.0, 1.0, 1.0, 1.0, 1.0, 1.0, 1.0, 1.0, 1.0, 1.0, 1.0, 1.0, 1.0, 1.0, 1.0, 1.0, 1.0, 1.0, 1.0, 1.0, 1.0, 1.0, 1.0, 1.0, 1.0, 1.0, 1.0, 1.0, 1.0, 1.0, 1.0, 1.0, 1.0, 1.0, 1.0, 1.0, 1.0, 1.0, 1.0, 1.0, 1.0, 1.0, 1.0, 1.0, 1.0, 1.0, 1.0, 1.0, 1.0, 1.0, 1.0, 1.0, 1.0, 1.0, 1.0, 1.0, 1.0, 1.0, 1.0, 1.0, 1.0, 1.0, 1.0, 1.0, 1.0, 1.0, 1.0, 1.0, 1.0, 1.0, 1.0, 1.0, 1.0, 1.0, 1.0, 1.0, 1.0, 1.0, 1.0, 1.0, 1.0, 1.0, 1.0, 1.0, 1.0, 1.0, 1.0, 1.0, 1.0, 1.0, 1.0, 1.0, 1.0, 1.0, 1.0, 1.0, 1.0, 1.0, 1.0, 1.0, 1.0, 1.0, 1.0, 1.0, 1.0, 1.0, 1.0, 1.0, 1.0, 1.0, 1.0, 1.0, 1.0, 1.0, 1.0, 1.0, 1.0, 1.0, 1.0, 1.0, 1.0, 1.0, 1.0, 1.0, 1.0, 1.0, 1.0, 1.0, 1.0, 1.0, 1.0, 1.0, 1.0, 1.0, 1.0, 1.0, 1.0, 1.0, 1.0, 1.0, 1.0, 1.0, 1.0, 1.0, 1.0, 1.0, 1.0, 1.0, 1.0], "rewards": [-691.7126217580187, -614.0835828070492, -551.5442789037287, -492.6145567715011, -466.4406093950671, -406.1136710682314, -365.95615754592063, -322.1817611875552, -302.8886624011935, -260.3025479742546, -242.87418754057373, -228.53102947889622, -194.5985107138005, -192.57778014775198, -137.41675717811634, -143.93924743782154, -134.88707387484072, -127.18693594896034, -112.92176412906045, -108.86906030769232, -83.55422965570735, -80.94535847625538, -67.33909699464398, -58.03051064895174, -23.537980896336183, -43.41081612969578, -40.447631314176576, -40.60576051661747, -21.007973446046122, -59.93665342193949, -6.861134238982217, -33.2333424078851, -27.080790302102677, -26.0037612405379, -19.62130829315749, -26.365116702462537, -25.14248721021288, -14.349882426548543, -2.081087256844686, -10.47620851524566, -1.3473641062438109, -6.505270268910325, 3.20364036709322, -16.638185614447004, -14.105325576490586, -9.207228898405559, -12.196722632321512, 2.4927552823246355, -9.72002123851365, -24.17737508579019, 8.007787037417257, -8.323761166556473, -0.7715260916354572, -8.705666940288062, 3.0692549019830686, -1.6312960506420504, 16.0928646954182, 16.1457312940318, 11.158415162267541, -10.410561737555886, -5.359366091795889, -5.601733989727762, -5.7709801715387625, 0.47896392943081234, 3.6208334100964104, 8.020275524902036, 12.278577338277303, 5.9955216702041865, 0.4028653919144016, 1.8480343324291915, -11.94387748526686, -10.388409363470974, -9.568325442175611, -15.727416698809103, 13.967196674876288, -3.033261157079939, 13.409324042643277, -12.209696150764023, -3.835333799758926, 21.484915869352687, -12.093990344427258, -9.882062517147656, -2.2369919092530974, -12.208092008297372, 3.4744515662776605, 9.524211245989555, -3.628852195446179, -10.702468529017267, 19.946097481839544, -22.959213894554505, 22.552863792412733, 9.711522563667199, -8.62560561934486, 6.3949743904786125, -0.8984265618387721, -15.554070370249201, -1.696907187248302, -5.654169773509037, 8.385702252133692, 8.050934745580191, 7.813184326043115, 8.73366769808013, -3.2416350793768536, -3.648443417662109, -9.784668936340893, -5.525421821972337, 8.328547503286408, -3.1925061511614907, -1.2803630186996304, 3.865281454633865, 7.735525558670585, -19.92399038965805, 4.11716288006799, 10.080196119795941, 15.803458216543694, -9.135677460943498, -6.1397629665020865, -0.3492082426715303, 6.41994146435081, 8.24309743389304, -1.9241670379012292, -4.802239428276147, 7.323229479819665, 0.9557933929566642, -10.411147298806716, 10.650532952575254, 1.2897747250840337, 2.5112979659107877, 7.850766380808702, -8.597610888905944, -18.545146352364547, -18.248965825461323, 12.322391631232666, -12.716800309385691, -8.495592087676812, 14.519416209139772, -2.9459389493402157, 5.0888235456485935, -20.36525213070082, 9.51198358711516, 5.393415447900626, -3.0662164039560413, -1.0557663523633012, -0.14787831263640905, 5.706552275602325, 21.59365631932766, -6.682440707633521, -7.087040677595908, 5.758435157663637, -28.208444021310083, -1.5666492131031708, 6.29925567183709, -4.233427249921236, 23.461839158652776, 2.2169214940447617, 17.631756727372967, -9.745516935656385, 16.642797595269272, 7.3161819959198615, 1.0334107236411914, -4.373506798878813, 3.4551402879278283, -10.933768298866827, -10.259572102985397, -16.20969441653733, 7.649350741269095, -2.85892527342138, 2.2602959716926287, -1.7373022134583316, 15.723249805637248, 2.2612854911499674, 15.769536085331177, -4.394693223823544, -17.50898620190084, 1.0062845146192585, 9.218074733554742, 7.490876688516664, -12.254890889781631, -6.52031515645822, -5.683179035309986, -2.870186638608626, 0.5506864963305939, 6.083990555307227, -11.118134498984892, 6.862242750213024, 11.968386800964653, -2.6012648936305536, -5.677173164185035, -4.916175096833196, 7.1316074899179345, -16.899004742296544, 4.031622622021705, 10.070682775136918, 7.021568188882386, 7.058915802604904, -16.2540684732393, 9.87789145179388, 10.234406335496352, -3.6042032583952572, -11.428277695730356]}, "Latent AR LinUCB s=2": {"actions": [1.0, 1.0, 0.0, 0.0, 0.0, 0.0, 0.0, 0.0, 0.0, 0.0, 0.0, 0.0, 0.0, 0.0, 0.0, 0.0, 0.0, 0.0, 0.0, 0.0, 0.0, 0.0, 0.0, 0.0, 0.0, 0.0, 0.0, 0.0, 0.0, 0.0, 0.0, 0.0, 0.0, 0.0, 0.0, 0.0, 0.0, 0.0, 0.0, 0.0, 0.0, 0.0, 0.0, 0.0, 0.0, 0.0, 0.0, 0.0, 0.0, 0.0, 0.0, 0.0, 0.0, 0.0, 0.0, 0.0, 0.0, 0.0, 0.0, 0.0, 0.0, 0.0, 0.0, 0.0, 0.0, 0.0, 0.0, 0.0, 0.0, 0.0, 0.0, 0.0, 0.0, 0.0, 0.0, 0.0, 0.0, 0.0, 0.0, 0.0, 0.0, 0.0, 0.0, 0.0, 0.0, 0.0, 0.0, 0.0, 0.0, 0.0, 0.0, 0.0, 0.0, 0.0, 0.0, 0.0, 0.0, 0.0, 0.0, 0.0, 0.0, 0.0, 0.0, 0.0, 0.0, 0.0, 0.0, 0.0, 0.0, 0.0, 0.0, 0.0, 0.0, 0.0, 0.0, 0.0, 0.0, 0.0, 0.0, 0.0, 0.0, 0.0, 0.0, 0.0, 0.0, 0.0, 0.0, 0.0, 0.0, 0.0, 0.0, 0.0, 0.0, 0.0, 0.0, 0.0, 0.0, 0.0, 0.0, 0.0, 0.0, 0.0, 0.0, 0.0, 0.0, 0.0, 0.0, 0.0, 0.0, 0.0, 0.0, 0.0, 0.0, 0.0, 0.0, 0.0, 0.0, 0.0, 0.0, 0.0, 0.0, 0.0, 0.0, 0.0, 0.0, 0.0, 0.0, 0.0, 0.0, 0.0, 0.0, 0.0, 0.0, 0.0, 0.0, 0.0, 0.0, 0.0, 0.0, 0.0, 0.0, 0.0, 0.0, 0.0, 0.0, 0.0, 0.0, 0.0, 0.0, 0.0, 0.0, 0.0, 0.0, 0.0, 0.0, 0.0, 0.0, 0.0, 0.0, 0.0],