{"Stationary": {"actions": [1.0, 1.0, 1.0, 1.0, 1.0, 1.0, 1.0, 1.0, 1.0, 1.0, 1.0, 1.0, 1.0, 1.0, 1.0, 1.0, 1.0, 1.0, 1.0, 1.0, 1.0, 1.0, 1.0, 1.0, 1.0, 1.0, 1.0, 1.0, 1.0, 1.0, 1.0, 1.0, 1.0, 1.0, 1.0, 1.0, 1.0, 1.0, 1.0, 1.0, 1.0, 1.0, 1.0, 1.0, 1.0, 1.0, 1.0, 1.0, 1.0, 1.0, 1.0, 1.0, 1.0, 1.0, 1.0, 1.0, 1.0, 1.0, 1.0, 1.0, 1.0, 1.0, 1.0, 1.0, 1.0, 1.0, 1.0, 1.0, 1.0, 1.0, 1.0, 1.0, 1.0, 1.0, 1.0, 1.0, 1.0, 1.0, 1.0, 1.0, 1.0, 1.0, 1.0, 1.0, 1.0, 1.0, 1.0, 1.0, 1.0, 1.0, 1.0, 1.0, 1.0, 1.0, 1.0, 1.0, 1.0, 1.0, 1.0, 1.0, 1.0, 1.0, 1.0, 1.0, 1.0, 1.0, 1.0, 1.0, 1.0, 1.0, 1.0, 1.0, 1.0, 1.0, 1.0, 1.0, 1.0, 1.0, 1.0, 1.0, 1.0, 1.0, 1.0, 1.0, 1.0, 1.0, 1.0, 1.0, 1.0, 1.0, 1.0, 1.0, 1.0, 1.0, 1.0, 1.0, 1.0, 1.0, 1.0, 1.0, 1.0, 1.0, 1.0, 1.0, 1.0, 1.0, 1.0, 1.0, 1.0, 1.0, 1.0, 1.0, 1.0, 1.0, 1.0, 1.0, 1.0, 1.0, 1.0, 1.0, 1.0, 1.0, 1.0, 1.0, 1.0, 1.0, 1.0, 1.0, 1.0, 1.0, 1.0, 1.0, 1.0, 1.0, 1.0, 1.0, 1.0, 1.0, 1.0, 1.0, 1.0, 1.0, 1.0, 1.0, 1.0, 1.0, 1.0, 1.0, 1.0, 1.0, 1.0, 1.0, 1.0, 1.0, 1.0, 1.0, 1.0, 1.0, 1.0, 1.0], "rewards": [-1630.2409425415246, -1467.148634885234, -1314.6916979735715, -1173.7730958101904, -1077.9909107799756, -968.6768227953065, -860.9229171101932, -771.3919060308119, -692.7412719045763, -609.6017650495213, -546.5306922992504, -479.35303327297777, -459.86748038455653, -409.8252628367193, -363.21927697755376, -339.49444512583307, -316.5370848019144, -267.44778192993215, -231.08111991554628, -232.70867881052436, -205.0565065965815, -168.9229723234835, -155.57014392707865, -147.74541455308957, -120.86814933373485, -97.51368935646131, -96.9985440163895, -106.18262357083421, -78.97743063877027, -60.690409297754215, -64.72489963345609, -83.52212560573506, -47.34102497704085, -59.78226413177277, -51.76177295754607, -51.48576167789038, -41.35407315058269, -44.54199434165535, -34.32542237015106, -38.07724705702145, -26.22988680410234, -3.9497252423351306, -19.66887373967032, -17.85752390043182, -27.52101155812148, -3.456500133620553, -20.327829010271145, -23.401644773299317, -12.96523520821462, 2.9870450119347556, -25.59903302673853, -13.780716064968033, -4.652120707223697, 2.713339809973121, -0.22337657456714233, 2.5613334898675157, -1.6855194984624218, -6.8434576345334595, -9.83472024011088, -0.6250033016726957, -20.993049647236244, -5.92742407349638, -10.502633129425744, -6.561631995818935, -0.13407742694979552, 2.8132373646695212, -4.631695860789428, 9.60524669030805, -11.668140542556014, 16.58762686414175, 5.92946894565709, -5.565220526589419, -4.843589070895731, -6.493302244940512, -13.586132258781502, 16.861815222495235, 2.349689001565473, -13.579614321404277, -1.3312363460741405, 28.97457825980445, 1.2975843410515744, 22.844122776950236, -1.2694623683211108, -3.93996287808464, -8.043650254261008, -1.4995619983803958, 13.11944153247496, -9.60591302965306, -6.242698421950384, -5.465219927037983, 3.062285470146386, 5.398135852979742, 14.057970565683364, 17.23666740808341, -4.130041914734946, -8.365331730433391, -4.590423186236979, 22.481379177895445, 16.572208742150394, -3.8909820971632634, -2.9225980041495867, -6.919864406937074, -2.4271686568067814, 10.795275672550833, 11.583118679696282, -9.92572208220576, 9.872288259738745, -0.8550906908880098, 16.506156806859984, -1.354349483602602, -16.495989030131085, -3.526105802079073, -5.0851975321192615, -2.9866395770103322, 3.4299862874624596, 8.962779857555464, -3.4474137688660305, -13.554820910363288, -0.8825929705396199, 13.19032829553931, -2.4667338320059478, -11.742381574283971, -1.2644325526563682, 0.27411260841327434, -9.363148135563874, 2.466725591132611, 15.685971012780485, -2.064786112159432, 9.553545212193285, 7.3350883658503925, 4.744642030939869, -29.03761912041941, 8.10294134425737, -2.7951744243115075, -0.030177997821856387, 20.42433419310999, 0.3884641346657226, -9.18233523113284, -11.943136124476013, -5.436104956788286, -6.171504216352384, -2.6002864443769194, 16.177622011218848, -0.12025561034220697, -10.510839808850449, 3.4562419305914975, 15.242736729229902, 0.8842946691794165, 10.00820728261957, -2.399042267588043, 8.202108194610451, 8.477923108616999, -2.0703614895228606, -10.527061314849616, -0.7813475552570599, -14.307689142049961, 10.769533086761179, 12.536014396860782, -13.676759521166709, -2.6343098373093996, 5.229445826595536, 1.3149148297469884, 3.6717229444616715, -3.5816753111229493, 0.03918854414113857, 10.797504614096692, 0.9046780665991501, 5.840623562879439, 3.3532717951101123, -5.522064787985443, 14.54874906700191, -3.481615452134773, -10.609855967129532, 8.804210527059409, 1.2003546308822777, 4.872980357902006, 9.496994247182762, -10.569768654244855, 13.313199997869132, 7.821203936186175, 15.214930390377193, 2.9751890769862306, 5.824753339739641, -0.06063551662276062, -13.338080788346453, 6.776603014612622, 7.653604527229599, -20.990911149617254, -5.47370362704058, -11.405015268686768, 6.428933826996045, 11.081835527442271, -2.137904902193585, -0.8999144879989329, -9.387927860243076, 0.19477312551470358, 5.846662641208642, 10.22747586947878, 0.24552431596897822, -2.1219332508065074]}, "Latent AR LinUCB s=2": {"actions": [1.0, 0.0, 0.0, 0.0, 0.0, 0.0, 0.0, 0.0, 0.0, 0.0, 0.0, 0.0, 0.0, 0.0, 0.0, 0.0, 0.0, 0.0, 0.0, 0.0, 0.0, 0.0, 0.0, 0.0, 0.0, 0.0, 0.0, 0.0, 0.0, 0.0, 0.0, 0.0, 0.0, 0.0, 0.0, 0.0, 0.0, 0.0, 0.0, 0.0, 0.0, 0.0, 0.0, 0.0, 0.0, 0.0, 0.0, 0.0, 0.0, 0.0, 0.0, 0.0, 0.0, 0.0, 0.0, 0.0, 0.0, 0.0, 0.0, 0.0, 0.0, 0.0, 0.0, 0.0, 0.0, 0.0, 0.0, 0.0, 0.0, 0.0, 0.0, 0.0, 0.0, 0.0, 0.0, 0.0, 0.0, 0.0, 0.0, 0.0, 0.0, 0.0, 0.0, 0.0, 0.0, 0.0, 0.0, 0.0, 0.0, 0.0, 0.0, 0.0, 0.0, 0.0, 0.0, 0.0, 0.0, 0.0, 0.0, 0.0, 0.0, 0.0, 0.0, 0.0, 0.0, 0.0, 0.0, 0.0, 0.0, 0.0, 0.0, 0.0, 0.0, 0.0, 0.0, 0.0, 0.0, 0.0, 0.0, 0.0, 0.0, 0.0, 0.0, 0.0, 0.0, 0.0, 0.0, 0.0, 0.0, 0.0, 0.0, 0.0, 0.0, 0.0, 0.0, 0.0, 0.0, 0.0, 0.0, 0.0, 0.0, 0.0, 0.0, 0.0, 0.0, 0.0, 0.0, 0.0, 0.0, 0.0, 0.0, 0.0, 0.0, 0.0, 0.0, 0.0, 0.0, 0.0, 0.0, 0.0, 0.0, 0.0, 0.0, 0.0, 0.0, 0.0, 0.0, 0.0, 0.0, 0.0, 0.0, 0.0, 0.0, 0.0, 0.0, 0.0, 0.0, 0.0, 0.0, 0.0, 0.0, 0.0, 0.0, 0.0, 0.0, 0.0, 0.0, 0.0, 0.0, 0.0, 0.0, 0.0, 0.0, 0.0, 0.0, 0.0, 0.0, 0.0, 0.0, 0.0],