{"k": 10, "sigma_z": 1, "mean reward 1": [1390.8867008307059, -70.2853254587713, 53.934993211193415, 503.86558938869416, 824.441687750869, 1184.6801377131255, 115.55705370809423, 2543.1319243319435, 709.3154197258543, 464.96632405370326, 342.6257946737464, -424.2115637590776, -176.90739529818163, 305.1984204185907, -129.7841529393706, -32.89737563541048, 131.8225615040414, -256.4649189601445, 41.53004058496885, 191.07964213030243, -187.46462650415992, -33.00292071614728, -67.66871249136356, -144.8508751476778, -3.092212656696142, -85.16851541676387, -112.65468614670905, 85.67149755613532, 21.057402392889077, -2.091951404284803, -160.19842028018925, -34.28937362310559, -115.24360042790906, 190.5359022037458, -62.019294655286025, 215.35069496326304, -180.17514223426537, 51.72017169265269, 256.32645602281445, 31.728256144585842, 214.6713977329356, 35.55015406708433, -51.86740117838542, -112.15912754927393, 27.37468655490527, -11.46235088433049, 206.35126428375008, 111.90448439103429, 101.2688816494218, -32.48901132650727, -90.73659187334052, 134.86673908684978, 45.945432514895494, 31.317492716278238, -12.808756528397183, 92.6565383793866, -49.21675660002678, 161.80452630914382, 189.71514409403156, -152.3404922765747, 139.00828788578858, 118.0176332854745, -59.772451474941434, 27.84319799896714, -12.586698579815355, 4.017751643990753, -44.42633615037194, -17.69890422459403, -127.38365980490704, -210.39302187991368, -35.506075332839565, 126.90066805828253, -69.79042900372875, 211.21840738501953, 35.020714744660815, 58.11592713311761, 47.17001334489184, -174.62829386281874, -41.53789974736673, -36.50649109223934, -110.91494471819392, -34.37326773926053, 98.22008287934912, -2.9637672082181323, 44.19876120834505, 189.12790281589884, -137.81222004932977, 93.74230771703634, 113.87430684477448, -302.56161643097033, -2.4340019097171597, -57.777174744755, -76.29824445304098, 22.049556096635968, 105.48822146843887, -153.38790667126872, -50.57727997895524, -33.935488906417746, 0.9568576372877946, 153.656425589485, 106.27432367600123, -28.524091593260515, 110.64550612568485, -89.93597730437581, -230.0171957949301, -9.629517473683096, -193.1597188482678, 69.46671716700142, 101.47986155778254, 4.323906539243335, 59.368905852168474, -142.31729592232853, -39.96564244056231, 95.93322891201692, -26.01163414636686, 100.72345889791252, -80.27067148600521, -34.16762196934736, 134.99141715358297, 60.098332789262244, 102.3144333217863, -70.3415608842793, 141.20208541822223, 146.71583917498805, -151.11658821690074, 89.74876708352026, 133.54661022176816, -186.38414746530825, 47.54987705472132, -224.95646109677563, -13.937298589279068, 52.55836355929845, 60.813783042706284, 65.02107838086032, 90.55517970844421, 34.83443631287914, -127.52438551573047, 136.08905208840204, -60.87463671525324, -67.78530251549374, 95.52603025514517, -139.99935343106645, -34.73711764822796, 70.46274614001015, -266.10351729041383, 110.86008242743257, -10.638777120730193, -99.61646880919695, 86.00019388205773, 67.10360475587834, 74.72816985214965, 74.95667605452448, 297.4370498997424, -85.4539301271361, 134.60363883301497, -134.83955857077754, -99.94429201156743, -4.210063387521172, -73.21996361780549, -165.70894479924823, 271.23627427000054, -131.41671514884544, 24.576233970038313, 74.22572847618252, 38.042257176010644, 1.191376990665921, 1.1550325291925345, 123.85606800753759, 3.0550545410086114, 64.85212030518545, -168.3276615292525, 126.81248775052705, -70.87123787047395, 49.13097403706438, 39.92276934152347, 20.475364805129626, -48.05665146434656, 25.29089864684594, -80.43402369214297, -16.14974010268832, -3.546545072227937, -51.634674283300754, 35.01131164692027, -23.23446622690366, 15.480678639227163, -47.12752006137253, -125.50901863175035, -60.27026709952741, -24.855541270666777, -62.20259816982745, -224.07557016922686, 150.64845651858337, 79.39789502377836, -20.49859009059713, 54.35439310284856, -92.72267314581286, 35.44699994206284, 37.747378157705796, 64.7456078419145, -108.40778865283234],