{"Stationary": {"actions": [0.0, 1.0, 0.0, 1.0, 0.0, 0.0, 1.0, 0.0, 1.0, 1.0, 1.0, 1.0, 1.0, 1.0, 1.0, 1.0, 1.0, 1.0, 1.0, 1.0, 1.0, 1.0, 1.0, 1.0, 1.0, 1.0, 1.0, 1.0, 1.0, 1.0, 1.0, 1.0, 1.0, 1.0, 1.0, 1.0, 1.0, 1.0, 1.0, 1.0, 1.0, 1.0, 1.0, 1.0, 1.0, 1.0, 1.0, 1.0, 1.0, 1.0, 1.0, 1.0, 1.0, 1.0, 1.0, 1.0, 1.0, 1.0, 1.0, 1.0, 1.0, 1.0, 1.0, 1.0, 1.0, 1.0, 1.0, 1.0, 1.0, 1.0, 1.0, 1.0, 1.0, 1.0, 1.0, 1.0, 1.0, 1.0, 1.0, 1.0, 1.0, 1.0, 1.0, 1.0, 1.0, 1.0, 1.0, 1.0, 1.0, 1.0, 1.0, 1.0, 1.0, 1.0, 1.0, 1.0, 1.0, 1.0, 1.0, 1.0, 1.0, 1.0, 1.0, 1.0, 1.0, 1.0, 1.0, 1.0, 1.0, 1.0, 1.0, 1.0, 1.0, 1.0, 1.0, 1.0, 1.0, 1.0, 1.0, 1.0, 1.0, 1.0, 1.0, 1.0, 1.0, 1.0, 1.0, 1.0, 1.0, 1.0, 1.0, 1.0, 1.0, 1.0, 1.0, 1.0, 1.0, 1.0, 1.0, 1.0, 1.0, 1.0, 1.0, 1.0, 1.0, 1.0, 1.0, 1.0, 1.0, 1.0, 1.0, 1.0, 1.0, 1.0, 1.0, 1.0, 1.0, 1.0, 1.0, 1.0, 1.0, 1.0, 1.0, 1.0, 1.0, 1.0, 1.0, 1.0, 1.0, 1.0, 1.0, 1.0, 1.0, 1.0, 1.0, 1.0, 1.0, 1.0, 1.0, 1.0, 1.0, 1.0, 1.0, 1.0, 1.0, 1.0, 1.0, 1.0, 1.0, 1.0, 1.0, 1.0, 1.0, 1.0, 1.0, 1.0, 1.0, 1.0, 1.0, 1.0], "rewards": [-665.4489364137291, 287.21298048055615, -1168.4393097873035, -828.1172897946992, 94.55787953207613, -1139.3231520846548, 954.7317491232802, 2163.062406711012, -712.4613547315847, -439.21028562398277, -413.13904470949285, 559.9941013492885, 115.60027868063369, -449.0221715118138, 325.0903873857449, 7.5317118313482005, 22.257494099133567, 117.2548835553113, -196.10927921395398, -306.0138695390709, -43.88596670555817, -135.5832207844789, -34.00572068931742, 38.938858261776986, 0.40678032596319413, 108.32800270973729, 160.88345204815445, 143.22919273608497, 205.96831384693107, 44.38752392144305, 30.814916652242268, -56.89730819288036, 45.896234261817696, -244.946273242842, 16.48517617387009, -38.44323883238523, 94.32338701908364, 65.74386123876499, 8.352940868619497, -25.411025834663217, 135.0326872489674, 44.64206180623204, -39.325473656690185, 30.37173945090379, -200.7175221870922, -26.67008939812028, -125.69171699505911, -118.4498636313587, 73.39613832746977, -196.9234306450893, -28.34837764329138, 216.4362917542247, 8.546317145595761, 86.55319450208557, -30.95984625591031, -133.9406575791726, 151.46760913369064, -114.29893922437293, -4.709847355984088, 22.88205631341789, -72.56793717021321, -45.80155220110449, 23.033408481335112, 141.89884188327022, 25.56267083147002, 61.29208951873538, -114.30118673925828, 78.4187141259711, 90.69082570225125, -205.5679871599092, -14.455098767591567, -111.73395021253405, -153.3623215853996, -181.4956224271431, 64.90475298615338, -191.25135402333262, 111.31826161792065, 48.18018020495103, -126.04571385676229, -11.653691571880866, 104.35497570039249, -242.94751539639904, 23.598872678432645, -89.01673663094343, 42.31015867118919, -82.14524036150267, 85.01156877567215, 107.40309918390844, 68.1354732766668, -40.75999900475442, -113.75679471104783, -136.83997431126087, -127.32746177316346, 15.019738220297853, 1.5352436248350099, 136.97692528316404, -13.081073803508628, -109.84790898989513, 32.10197445456308, 14.632926871881562, -6.981598494614293, 50.00700037790082, 132.7120260589793, -118.32102616666765, 241.309439935347, 27.897556159364257, -15.073009555426053, 60.8019497140576, -112.4271569189256, -80.89140474213546, 78.73010013316411, 122.17605045482205, -93.98467024283899, -2.9568794447334206, -245.82885472067508, 34.76347122971167, 64.04666514546916, 143.99034081060532, -283.7923327400287, 255.56707150105728, -117.79933559221269, -10.863233126791696, 104.11329232108254, 70.98549023830745, 171.6447046496689, 182.36393774387446, 77.25695500654943, 83.84393814726232, -14.395414484864585, 62.749474699487635, 62.089860933303164, -96.45967790281847, -181.47616757931652, -181.59615774513765, 137.3360557132488, -59.46020542682949, 145.3404489031301, -161.6075129980432, 104.15371387467742, 76.85580198821299, 244.9509805992469, -96.02066733575816, -105.55644414282068, -163.79403358815603, -61.49004155570112, 97.41986578724116, 114.41316748828719, -175.94425119504126, 99.12761615183112, -77.58328732193024, 359.63608918884785, -4.117344638258292, 74.40494628421155, -247.1637120451847, 128.89269782173787, -157.68242839295513, 135.97099842030352, -119.17188075369029, -15.851354322713377, 120.78103618204626, -58.20324819497363, -19.283963815167994, 226.0768232979072, 23.893210430012644, -119.67160727985201, -49.89758358510965, 8.226518696763499, -87.67400721238799, 143.08689992690051, 4.812765180081206, 78.88362865522748, 169.92696269212075, 94.41077794989833, -33.08583603938685, 67.62097065569779, -9.678593473209947, 8.946342994600649, -62.514767120999394, -208.64360285122353, -306.1746843504223, 55.773491284866694, -62.43293309270746, 11.824998839025369, 89.72104444141593, -62.413803265459705, 103.86935091502954, 167.70967118732602, 74.72254650404007, 19.922268173567794, -114.53767690144765, 63.04955630529318, 16.970446244134894, 124.02404110958253, 20.07255453543521, -169.50415544246275, 149.77373311447238, -106.3821344885006, 114.70921786881264, -41.13016850278487, 144.7277702575476]}, "Latent AR LinUCB s=2": {"actions": [0.0, 1.0, 1.0, 0.0, 1.0, 0.0, 0.0, 0.0, 1.0, 0.0, 0.0, 1.0, 0.0, 1.0, 1.0, 0.0, 0.0, 1.0, 1.0, 0.0, 1.0, 0.0, 0.0, 1.0, 1.0, 0.0, 0.0, 0.0, 1.0, 1.0, 0.0, 0.0, 1.0, 1.0, 0.0, 0.0, 1.0, 0.0, 0.0, 0.0, 1.0, 1.0, 0.0, 0.0, 1.0, 1.0, 0.0, 1.0, 0.0, 0.0, 1.0, 0.0, 1.0, 1.0, 0.0, 1.0, 1.0, 0.0, 0.0, 0.0, 1.0, 1.0, 0.0, 0.0, 1.0, 1.0, 0.0, 0.0, 1.0, 1.0, 0.0, 0.0, 1.0, 0.0, 0.0, 1.0, 1.0, 0.0, 1.0, 0.0, 0.0, 1.0, 1.0, 0.0, 1.0, 0.0, 0.0, 1.0, 1.0, 0.0, 0.0, 1.0, 1.0, 0.0, 0.0, 1.0, 0.0, 0.0, 1.0, 1.0, 0.0, 0.0, 1.0, 1.0, 0.0, 0.0, 1.0, 0.0, 1.0, 1.0, 0.0, 1.0, 1.0, 0.0, 0.0, 1.0, 1.0, 0.0, 0.0, 1.0, 1.0, 1.0, 0.0, 1.0, 1.0, 0.0, 0.0, 1.0, 1.0, 0.0, 0.0, 1.0, 1.0, 0.0, 0.0, 1.0, 1.0, 0.0, 1.0, 0.0, 1.0, 0.0, 0.0, 0.0, 1.0, 1.0, 0.0, 0.0, 1.0, 1.0, 0.0, 0.0, 1.0, 0.0, 1.0, 1.0, 1.0, 0.0, 1.0, 0.0, 1.0, 1.0, 0.0, 0.0, 1.0, 0.0, 1.0, 1.0, 0.0, 0.0, 1.0, 0.0, 0.0, 1.0, 1.0, 0.0, 0.0, 1.0, 1.0, 0.0, 0.0, 1.0, 1.0, 0.0, 0.0, 1.0, 1.0, 0.0, 0.0, 1.0, 1.0, 0.0, 1.0, 0.0, 0.0, 1.0, 1.0, 0.0, 0.0, 1.0],