{"Stationary": {"actions": [1.0, 1.0, 1.0, 1.0, 0.0, 0.0, 1.0, 1.0, 0.0, 0.0, 1.0, 1.0, 1.0, 1.0, 1.0, 1.0, 1.0, 1.0, 1.0, 1.0, 1.0, 1.0, 1.0, 1.0, 1.0, 1.0, 1.0, 1.0, 1.0, 1.0, 1.0, 1.0, 1.0, 1.0, 1.0, 1.0, 1.0, 1.0, 1.0, 1.0, 1.0, 1.0, 1.0, 1.0, 1.0, 1.0, 1.0, 1.0, 1.0, 1.0, 1.0, 1.0, 1.0, 1.0, 1.0, 1.0, 1.0, 1.0, 1.0, 1.0, 1.0, 1.0, 1.0, 1.0, 1.0, 1.0, 1.0, 1.0, 1.0, 1.0, 1.0, 1.0, 1.0, 1.0, 1.0, 1.0, 1.0, 1.0, 1.0, 1.0, 1.0, 1.0, 1.0, 1.0, 1.0, 1.0, 1.0, 1.0, 1.0, 1.0, 1.0, 1.0, 1.0, 1.0, 1.0, 1.0, 1.0, 1.0, 1.0, 1.0, 1.0, 1.0, 1.0, 1.0, 1.0, 1.0, 1.0, 1.0, 1.0, 1.0, 1.0, 1.0, 1.0, 1.0, 1.0, 1.0, 1.0, 1.0, 1.0, 1.0, 1.0, 1.0, 1.0, 1.0, 1.0, 1.0, 1.0, 1.0, 1.0, 1.0, 1.0, 1.0, 1.0, 1.0, 1.0, 1.0, 1.0, 1.0, 1.0, 1.0, 1.0, 1.0, 1.0, 1.0, 1.0, 1.0, 1.0, 1.0, 1.0, 1.0, 1.0, 1.0, 1.0, 1.0, 1.0, 1.0, 1.0, 1.0, 1.0, 1.0, 1.0, 1.0, 1.0, 1.0, 1.0, 1.0, 1.0, 1.0, 1.0, 1.0, 1.0, 1.0, 1.0, 1.0, 1.0, 1.0, 1.0, 1.0, 1.0, 1.0, 1.0, 1.0, 1.0, 1.0, 1.0, 1.0, 1.0, 1.0, 1.0, 1.0, 1.0, 1.0, 1.0, 1.0, 1.0, 1.0, 1.0, 1.0, 1.0, 1.0], "rewards": [-1421.1776670556608, -1902.3329984312447, -1857.828026184808, 496.5653297575456, -381.9856392122495, 216.71869639011885, -1033.3537693171081, 32.40777510853729, 1573.471221682653, -449.54259380360264, -55.654656086468144, -266.3576834843541, 17.016375896783245, 193.28904440931979, -140.93424011281905, 371.9811291261929, -109.09999924130541, -405.36117900505684, -232.00113487371215, 13.217569574722013, -47.57076228374467, 64.94636654479598, 126.98537108338515, -183.36007036793552, 29.248317762532334, 22.495253455208932, 142.32518339045333, -245.61094153980008, 79.14087482698919, -87.38202815127427, -44.551303414505064, 134.56484634744965, 120.12689666539427, -84.88983769461836, 224.85210671324447, -142.95024292529655, -133.50410409968973, -61.88738888215218, -212.02504550242338, 37.565867831700345, -222.70739346983237, 35.3597265648155, 74.7381534546769, -2.196810986650478, 195.93439814848148, -61.914745373403605, -63.147089308882265, 116.84406573027462, 151.31715657783755, 82.49303269102451, -79.72081351731654, -35.021600083252906, 53.32038982272424, 85.09785695803373, 6.584562810829562, -127.57437890972662, 13.12947058589039, -33.032394299235534, -49.51934832921272, -1.5732371023027252, 48.78501446087855, 7.948529112897079, 77.900687256459, 97.59026044711655, -73.0176277550306, 214.70982891097594, -129.34648081584842, 86.78039452167192, 141.99525572011598, 21.435213983754352, -84.21789863126853, 0.6339851103384762, -200.18801800397506, 301.160852545785, 112.42381662110297, -26.722255313860444, -112.29266602388539, -162.72062161823945, -229.90253319711167, 136.61835401596073, 121.59790435375729, 130.12780701359588, 60.26331438433038, 96.4533936787528, 86.35531973462969, 53.83712286763753, -27.404558489204888, 86.93662288123737, -120.0543789150814, 62.61089944382302, -257.0068904806706, 27.211084087044966, 26.40621324257927, 80.48659510440625, 50.730368454697135, -132.73479270043666, 211.10347184085944, 38.53079711164104, 140.1404290634659, -95.0236315891256, 15.823490064526577, 27.583913924126218, 26.171493032672238, 13.50495659697184, 47.381703372624266, -11.101018821473385, -52.01542246391853, 112.45708726830166, 52.27030830167889, -117.2656123915609, 26.510436029021847, -107.85500612763379, -59.35104400327033, 54.05922086600312, 112.23574319614339, -118.2902669836206, 48.61670102674336, -52.75708295759239, -39.538735205504594, 96.20982516282794, -137.18300614320285, -8.413813057276284, 37.68580476405255, -52.31055743987329, 119.08574908742918, -25.721660291109377, -114.47271130545032, -53.0986175333264, -114.8474700832316, 48.927523262838946, -34.578652136078475, -85.87314270983734, 18.06462739100845, 202.74997208402175, -34.48035424095657, 80.59638570911055, 68.66724692991193, -61.03800063249124, 113.56300954926529, 81.02158958258502, -169.9030800519798, 110.2694483628063, -122.9024913190084, -17.36665660149503, -145.98344038310333, -172.78300707180134, -51.970028507264814, -51.24832626507213, 169.40117018015343, -25.726859074019288, 21.347852628283558, 78.44096167807432, 17.8159220405166, -15.566134919186368, -74.69972791137839, -32.831711520801576, -87.61237660997674, -200.51813845569652, 22.951866250771225, -75.83506253961332, 83.58846392852227, 14.146254306190723, 217.36186969749247, 6.651415496047511, 29.92337928739204, -65.13467682126938, -10.024506264203803, -161.78795174191933, -32.04015094540401, -173.89610010694093, -156.4678226581655, 77.53626604222684, -65.9310572021687, -76.27041213127612, -47.25025459471337, -3.8343684023282334, -70.84814719497807, 103.53530243691102, -241.86653110420852, 15.998593350634536, 43.24412096691943, -9.453554269647213, -41.386609633278546, -52.89650129690131, 5.980418021038696, 131.2581730381119, 28.60098893173198, -170.77222025826205, -192.7896746179736, 118.08305856785236, 103.73216137413986, 87.65545781222328, 267.30132138077664, -43.72547863257967, -280.5616504773454, 18.103901506701394, -138.94122047990308, -141.47366123246974, 120.36338838184349, -98.72091649990023]}, "Latent AR LinUCB s=2": {"actions": [1.0, 1.0, 1.0, 1.0, 1.0, 0.0, 0.0, 0.0, 0.0, 1.0, 0.0, 0.0, 0.0, 0.0, 1.0, 0.0, 0.0, 1.0, 1.0, 1.0, 1.0, 1.0, 1.0, 0.0, 1.0, 1.0, 1.0, 0.0, 0.0, 1.0, 0.0, 0.0, 0.0, 0.0, 1.0, 1.0, 1.0, 0.0, 1.0, 0.0, 1.0, 0.0, 0.0, 0.0, 0.0, 1.0, 1.0, 0.0, 1.0, 0.0, 0.0, 1.0, 0.0, 1.0, 0.0, 0.0, 1.0, 0.0, 1.0, 0.0, 1.0, 0.0, 0.0, 1.0, 1.0, 0.0, 0.0, 0.0, 1.0, 0.0, 0.0, 1.0, 0.0, 1.0, 0.0, 1.0, 1.0, 0.0, 1.0, 0.0, 1.0, 0.0, 0.0, 1.0, 1.0, 0.0, 0.0, 1.0, 1.0, 1.0, 0.0, 1.0, 0.0, 1.0, 1.0, 0.0, 0.0, 1.0, 0.0, 0.0, 0.0, 1.0, 0.0, 0.0, 1.0, 1.0, 0.0, 0.0, 0.0, 0.0, 1.0, 1.0, 1.0, 0.0, 1.0, 0.0, 0.0, 1.0, 0.0, 0.0, 0.0, 0.0, 1.0, 0.0, 0.0, 1.0, 1.0, 0.0, 1.0, 0.0, 1.0, 0.0, 0.0, 1.0, 0.0, 0.0, 1.0, 1.0, 0.0, 0.0, 0.0, 1.0, 1.0, 1.0, 0.0, 1.0, 0.0, 1.0, 0.0, 1.0, 1.0, 0.0, 0.0, 0.0, 1.0, 0.0, 1.0, 0.0, 1.0, 0.0, 1.0, 1.0, 1.0, 0.0, 0.0, 1.0, 1.0, 0.0, 1.0, 0.0, 1.0, 0.0, 1.0, 0.0, 0.0, 1.0, 0.0, 1.0, 1.0, 1.0, 0.0, 1.0, 1.0, 0.0, 0.0, 0.0, 0.0, 0.0, 1.0, 1.0, 1.0, 1.0, 0.0, 0.0, 0.0, 1.0, 0.0, 1.0, 1.0, 1.0],