{"Stationary": {"actions": [1.0, 0.0, 0.0, 1.0, 0.0, 1.0, 1.0, 1.0, 1.0, 0.0, 1.0, 1.0, 1.0, 1.0, 1.0, 1.0, 1.0, 1.0, 1.0, 1.0, 1.0, 1.0, 1.0, 1.0, 1.0, 1.0, 1.0, 1.0, 1.0, 1.0, 1.0, 1.0, 1.0, 1.0, 1.0, 1.0, 1.0, 1.0, 1.0, 1.0, 1.0, 1.0, 1.0, 1.0, 1.0, 1.0, 1.0, 1.0, 1.0, 1.0, 1.0, 1.0, 1.0, 1.0, 1.0, 1.0, 1.0, 1.0, 1.0, 1.0, 1.0, 1.0, 1.0, 1.0, 1.0, 1.0, 1.0, 1.0, 1.0, 1.0, 1.0, 1.0, 1.0, 1.0, 1.0, 1.0, 1.0, 1.0, 1.0, 1.0, 1.0, 1.0, 1.0, 1.0, 1.0, 1.0, 1.0, 1.0, 1.0, 1.0, 1.0, 1.0, 1.0, 1.0, 1.0, 1.0, 1.0, 1.0, 1.0, 1.0, 1.0, 1.0, 1.0, 1.0, 1.0, 1.0, 1.0, 1.0, 1.0, 1.0, 1.0, 1.0, 1.0, 1.0, 1.0, 1.0, 1.0, 1.0, 1.0, 1.0, 1.0, 1.0, 1.0, 1.0, 1.0, 1.0, 1.0, 1.0, 1.0, 1.0, 1.0, 1.0, 1.0, 1.0, 1.0, 1.0, 1.0, 1.0, 1.0, 1.0, 1.0, 1.0, 1.0, 1.0, 1.0, 1.0, 1.0, 1.0, 1.0, 1.0, 1.0, 1.0, 1.0, 1.0, 1.0, 1.0, 1.0, 1.0, 1.0, 1.0, 1.0, 1.0, 1.0, 1.0, 1.0, 1.0, 1.0, 1.0, 1.0, 1.0, 1.0, 1.0, 1.0, 1.0, 1.0, 1.0, 1.0, 1.0, 1.0, 1.0, 1.0, 1.0, 1.0, 1.0, 1.0, 1.0, 1.0, 1.0, 1.0, 1.0, 1.0, 1.0, 1.0, 1.0, 1.0, 1.0, 1.0, 1.0, 1.0, 1.0], "rewards": [1445.6383295090554, 268.27502952748335, 922.1547033349993, -673.2915861357629, -1341.8654246825108, -1478.9751919303446, 568.1568382893566, 1242.0273832549476, 347.0411841761434, -997.0134270151757, 348.32341503693425, -504.0494662767003, -75.23413574166314, 155.74693665572124, -240.96160809377088, 177.87169625445318, 191.88510199440225, -159.01660990981938, 77.80057246887503, 21.435941309552522, -40.53210015286682, 225.75464696286946, 18.63532613420847, 42.58238937957244, 101.97405817416518, -47.50836118787481, 22.24814379708366, -26.39335965837605, -25.534646868598355, 90.88490350908981, -12.34246762498884, 143.89476358284526, 136.02952046567574, 16.48887763720888, 24.325303161837923, 63.760976206260146, -342.43701978962406, 273.6064943331994, 2.773134840377935, -3.0036635706015673, -9.798534537252364, -66.40109625408242, -110.9715774148819, -11.691484521742652, -52.84127243218592, 75.06132464295742, 212.4180109820154, 44.50444606460706, 70.43220096249075, 22.63760767880131, 145.3463934400061, 90.23396462911694, 116.50049949765949, -161.4997782715137, -91.49778908000647, -98.84697503756288, -135.02701724127357, 229.93126240649624, -36.79064930426568, 121.97159528322882, 24.475120929226506, -77.02716859935873, -116.0367602028187, -44.55619562028323, 30.23045988980804, -67.23431001071314, 12.943913564286593, -7.634348559293983, 98.32577412435668, 29.13350164237647, -0.015817958335905935, -105.62096086841834, -163.28416753097898, 85.01776172084679, -76.82466646228895, -12.858868150104275, 97.65683484190093, -29.314342854302787, 109.1205361929341, 47.17210440740969, 127.2600052402079, 37.37905108000064, 262.9336606801173, 48.31976297543669, 268.40159646232433, 110.79608386434168, -132.70495067839812, 87.16457050797736, -104.35659656625444, 52.34769313892368, 6.500730454568524, 23.92124117920447, -23.49412300546466, -246.03480109007376, -44.34056775340119, -143.44829233659303, 117.988544474189, 5.108054178101268, 148.58522693307867, 6.4490766414813265, 86.23178957970235, 77.45606312865455, -37.688157247470016, -175.03537374320982, -31.084290927007935, 9.312913807227048, 30.18889606052985, -84.31157198079842, 132.102292219581, 62.1718619917775, -3.5449521739005547, 13.129468504977368, 42.90612229762214, 48.109778072069766, 52.735596843919296, -57.816351748015286, -40.01512424128362, -12.040194954942576, -18.928775859611022, 7.068518497240492, -78.86471690891307, -73.83733757226683, -209.45484369986866, -0.027261759459345836, 156.21272158036768, 114.69080370669036, 48.61489542749807, -64.80993465919505, 178.32371641809195, 61.82090913812538, 112.69425517812077, 84.57485742563527, 99.52890516629836, -279.2818948019873, 113.10901939558016, -61.50174798806671, 120.30024029524382, 57.63617297795865, -174.82761323589204, -10.811518346301757, -96.46350867295027, 73.54473263538517, 197.6795817278002, -101.6573652802012, 104.3783329021785, -89.56108069869558, -223.13042674396542, 53.627132895075974, -177.54773326006247, 226.0286134539025, -36.587072127450895, -62.200706175402544, -96.80346518167265, 3.928929798731522, -73.46202207466798, 92.35320391613328, -92.44837868071808, -163.0646131483739, 188.074695560082, -124.31736291046946, -47.86725647946095, 36.218590287747716, 62.27295918888959, 59.17950526455721, -28.329668019393722, -16.978836080789378, 117.85831620657167, 68.04868026894555, 140.94512333119692, -43.94705207393467, -102.08490635583067, -32.456941529961824, -43.88653495617416, -51.882122135353235, 186.0035875151791, -226.14270071043032, -76.79378154942252, 6.3324043062102415, -51.14141723329939, -151.36547041377372, 2.634689373930332, -92.33609740994915, -46.93513182112949, 138.39659408250236, 0.8892363920855666, -36.63714315843963, 227.66685271971295, -64.60905260247289, 118.09144292191903, -56.127330190660444, -31.026323999664186, 76.88228380742785, 269.4960421371426, -16.48065177032877, 46.347371559859106, 60.62164505270401, 84.57762732699219, 28.556059131669684, 45.8978961905761, 133.4822084891139]}, "Latent AR LinUCB s=2": {"actions": [1.0, 0.0, 1.0, 1.0, 0.0, 0.0, 1.0, 0.0, 0.0, 1.0, 0.0, 1.0, 1.0, 0.0, 0.0, 1.0, 0.0, 0.0, 1.0, 0.0, 0.0, 1.0, 0.0, 1.0, 1.0, 0.0, 0.0, 1.0, 1.0, 0.0, 0.0, 1.0, 0.0, 0.0, 1.0, 1.0, 0.0, 1.0, 0.0, 1.0, 1.0, 0.0, 0.0, 1.0, 1.0, 0.0, 0.0, 0.0, 1.0, 1.0, 0.0, 0.0, 1.0, 1.0, 1.0, 0.0, 0.0, 1.0, 0.0, 1.0, 0.0, 0.0, 1.0, 1.0, 0.0, 0.0, 1.0, 1.0, 0.0, 0.0, 1.0, 1.0, 0.0, 0.0, 0.0, 1.0, 1.0, 0.0, 0.0, 0.0, 1.0, 1.0, 0.0, 0.0, 1.0, 0.0, 0.0, 1.0, 0.0, 1.0, 0.0, 0.0, 1.0, 1.0, 1.0, 0.0, 0.0, 0.0, 1.0, 0.0, 0.0, 1.0, 1.0, 0.0, 1.0, 0.0, 0.0, 1.0, 1.0, 0.0, 0.0, 1.0, 1.0, 0.0, 0.0, 1.0, 1.0, 0.0, 0.0, 1.0, 1.0, 0.0, 0.0, 1.0, 0.0, 0.0, 1.0, 1.0, 0.0, 0.0, 1.0, 1.0, 0.0, 0.0, 1.0, 0.0, 1.0, 0.0, 0.0, 1.0, 0.0, 0.0, 0.0, 0.0, 1.0, 0.0, 1.0, 1.0, 0.0, 1.0, 0.0, 1.0, 1.0, 0.0, 0.0, 1.0, 0.0, 1.0, 1.0, 0.0, 1.0, 1.0, 0.0, 0.0, 1.0, 1.0, 0.0, 0.0, 1.0, 1.0, 1.0, 0.0, 0.0, 1.0, 1.0, 0.0, 1.0, 0.0, 0.0, 1.0, 1.0, 0.0, 0.0, 1.0, 0.0, 0.0, 1.0, 0.0, 1.0, 0.0, 1.0, 1.0, 0.0, 0.0, 1.0, 1.0, 0.0, 0.0, 1.0, 1.0],