{"Stationary": {"actions": [1.0, 1.0, 0.0, 1.0, 1.0, 0.0, 1.0, 0.0, 0.0, 1.0, 1.0, 1.0, 1.0, 1.0, 1.0, 1.0, 1.0, 1.0, 1.0, 1.0, 1.0, 1.0, 1.0, 1.0, 1.0, 1.0, 1.0, 1.0, 1.0, 1.0, 1.0, 1.0, 1.0, 1.0, 1.0, 1.0, 1.0, 1.0, 1.0, 1.0, 1.0, 1.0, 1.0, 1.0, 1.0, 1.0, 1.0, 1.0, 1.0, 1.0, 1.0, 1.0, 1.0, 1.0, 1.0, 1.0, 1.0, 1.0, 1.0, 1.0, 1.0, 1.0, 1.0, 1.0, 1.0, 1.0, 1.0, 1.0, 1.0, 1.0, 1.0, 1.0, 1.0, 1.0, 1.0, 1.0, 1.0, 1.0, 1.0, 1.0, 1.0, 1.0, 1.0, 1.0, 1.0, 1.0, 1.0, 1.0, 1.0, 1.0, 1.0, 1.0, 1.0, 1.0, 1.0, 1.0, 1.0, 1.0, 1.0, 1.0, 1.0, 1.0, 1.0, 1.0, 1.0, 1.0, 1.0, 1.0, 1.0, 1.0, 1.0, 1.0, 1.0, 1.0, 1.0, 1.0, 1.0, 1.0, 1.0, 1.0, 1.0, 1.0, 1.0, 1.0, 1.0, 1.0, 1.0, 1.0, 1.0, 1.0, 1.0, 1.0, 1.0, 1.0, 1.0, 1.0, 1.0, 1.0, 1.0, 1.0, 1.0, 1.0, 1.0, 1.0, 1.0, 1.0, 1.0, 1.0, 1.0, 1.0, 1.0, 1.0, 1.0, 1.0, 1.0, 1.0, 1.0, 1.0, 1.0, 1.0, 1.0, 1.0, 1.0, 1.0, 1.0, 1.0, 1.0, 1.0, 1.0, 1.0, 1.0, 1.0, 1.0, 1.0, 1.0, 1.0, 1.0, 1.0, 1.0, 1.0, 1.0, 1.0, 1.0, 1.0, 1.0, 1.0, 1.0, 1.0, 1.0, 1.0, 1.0, 1.0, 1.0, 1.0, 1.0, 1.0, 1.0, 1.0, 1.0, 1.0], "rewards": [-726.1479099790603, -2513.964948860659, -1375.0393051765589, 1226.3278291286242, 101.41015812674883, -564.4955473859299, 1149.130234732918, 980.3883161128593, 1311.534406695657, -102.7288886884949, -967.9444088816198, -1.6029896592466972, 584.4509224292958, -175.87511179303874, 45.80873480086539, 247.94689377502922, -163.80521077956791, 30.382576660978927, 14.841668050377878, -267.74291685114264, -149.43635208081716, -126.4401391079765, -244.51998537095076, -26.118244497406884, -139.74681868964382, -108.65400768803067, 123.35419285032279, 31.044320944488685, 148.62820645296043, -44.895783788632144, 87.55457663286157, -89.98322031384453, -212.44445039679528, 84.50051463039867, -184.67213116529598, -185.89413661456007, 150.49867282648512, 26.72684502959396, -7.65890543414282, 144.21217878661645, -18.5539211691516, -84.23236518108476, 154.9677946914026, -126.19405029180739, -4.398412295815671, 210.7166760203925, -110.83061551319557, -167.11694091788914, -50.54846124573556, -66.30822375556436, 36.97908455260206, -127.85292041130793, 54.70783388319771, -26.899114774121372, 33.722387808527294, -62.195868509069456, 188.81853609238576, -137.19529282119564, 137.18882354430772, 115.66680636282638, -285.9493069144838, 50.58305578095361, 205.202957961437, -189.81497026787264, 89.39607651013858, 71.69211689188292, -195.94410709540222, -57.05322510827339, -3.1688860523391087, -76.83954563191323, 95.75291270873961, 88.80411396556218, -108.00763101474128, 47.257022574169596, -132.10852835702477, -109.02697288472348, -64.54301959987248, 84.84486809368113, -164.03666838370665, -60.69909957098106, -65.25788297919635, 167.08493315775374, 39.30380557460133, 194.07465600070316, 23.35565163482204, -30.829189841977605, 140.89811016510848, -50.089912464343975, 21.7545359961265, -9.061999807773411, 158.75827059056544, 30.341648032429, 77.93281132873871, 85.06432713766529, -20.754389650637364, 21.07548759762151, -143.20428812467964, -25.507404579020147, 62.434325089971615, 6.568251470297426, 93.67670629438754, 105.36239466562772, -54.121104840180045, 26.049943098109694, -162.23975724289517, -174.76539309415102, -10.778169220158112, -164.72250358821665, -161.35040427071917, -32.48589746432445, -121.4521016870612, -81.09138996773409, 28.33504763816255, 62.95718492728473, 42.47089602441585, -163.0435677615851, -104.82752375917782, -21.8148406777999, 84.03816461751978, 35.88942870870595, -64.18666892954819, -184.43865055316516, 79.79257050251952, 219.81070504158237, 149.65338851000752, 106.23712230513894, 134.16918981195616, 204.41407037617853, 112.8486024318872, 88.71245008055254, -43.41833579193069, 114.76194704575227, 28.061144362150483, 79.75320218516875, 53.94736385466686, -32.85800102673045, 13.439109034790418, -32.031246798934546, -2.5026750161159956, 32.217093845907414, 31.548118947257514, 75.94783114788926, -6.726115696457699, -103.07979030819284, 18.504313362292006, 135.22759560241076, -2.346401882343751, 181.47206147402608, -3.270887427544693, -72.30602406633989, -45.42745158568481, 103.06721962661106, -67.23726095462207, 35.737060056977235, 61.29051885898176, -92.2374407404892, 37.60745281431721, -145.35968842185443, -217.65942371177522, 68.98422565061311, -140.1326993162893, 88.4712678635518, 80.33885911988129, -45.27636043861373, -66.05080877039725, -124.21347998552291, 125.52059416509563, -98.39706205874319, 98.26385108947014, -43.928355415063145, -59.08420246441978, 144.05340965846474, 244.86685217530547, -35.71645915734491, 86.1160021927088, -63.63252807817245, 51.1856146792283, 139.3906035834465, -164.5922307744454, -60.12752128700896, -65.9893766719226, 42.57019847126572, 114.83700073577438, 51.009335363646784, -81.11501401887776, 144.51862090886095, -46.9957005613103, 103.61631484668895, 53.40719186954433, -184.4764273152262, -67.9719068839621, 29.081733063807484, -96.12701289953468, 44.941691459737136, 9.31570805916418, -72.05265786328597, 109.94681639945671, 92.48940450941942, -88.26900766284118, -109.159256020499]}, "Latent AR LinUCB s=2": {"actions": [1.0, 1.0, 1.0, 0.0, 0.0, 1.0, 0.0, 0.0, 1.0, 0.0, 1.0, 1.0, 0.0, 0.0, 1.0, 0.0, 0.0, 1.0, 0.0, 0.0, 1.0, 0.0, 0.0, 1.0, 0.0, 1.0, 0.0, 1.0, 0.0, 0.0, 1.0, 0.0, 1.0, 0.0, 1.0, 1.0, 1.0, 1.0, 1.0, 0.0, 0.0, 1.0, 0.0, 1.0, 1.0, 0.0, 1.0, 0.0, 0.0, 1.0, 1.0, 1.0, 1.0, 1.0, 1.0, 1.0, 1.0, 1.0, 1.0, 0.0, 1.0, 0.0, 0.0, 1.0, 0.0, 0.0, 1.0, 0.0, 0.0, 1.0, 0.0, 1.0, 1.0, 1.0, 1.0, 1.0, 1.0, 1.0, 1.0, 1.0, 1.0, 1.0, 1.0, 1.0, 0.0, 0.0, 0.0, 1.0, 1.0, 0.0, 1.0, 0.0, 0.0, 0.0, 1.0, 1.0, 1.0, 1.0, 1.0, 1.0, 1.0, 1.0, 1.0, 1.0, 1.0, 1.0, 1.0, 1.0, 1.0, 1.0, 1.0, 1.0, 1.0, 1.0, 1.0, 1.0, 1.0, 1.0, 1.0, 1.0, 1.0, 1.0, 1.0, 1.0, 1.0, 1.0, 0.0, 0.0, 0.0, 0.0, 0.0, 1.0, 1.0, 1.0, 1.0, 1.0, 1.0, 1.0, 1.0, 1.0, 1.0, 1.0, 1.0, 1.0, 1.0, 1.0, 1.0, 1.0, 1.0, 1.0, 0.0, 1.0, 1.0, 1.0, 1.0, 1.0, 1.0, 1.0, 1.0, 1.0, 1.0, 1.0, 1.0, 1.0, 1.0, 1.0, 1.0, 1.0, 1.0, 0.0, 1.0, 0.0, 1.0, 1.0, 0.0, 0.0, 1.0, 1.0, 1.0, 1.0, 1.0, 1.0, 1.0, 1.0, 1.0, 1.0, 1.0, 1.0, 0.0, 1.0, 1.0, 1.0, 1.0, 1.0, 1.0, 1.0, 1.0, 1.0, 1.0, 1.0],