{"k": 2, "sigma_z": 1, "mean reward 1": [-845.8607165811351, 291.0219307463887, 499.9806877932984, -79.960724881573, -60.7216720222806, 80.64622549571257, 76.0912587935751, 56.55068161924892, -111.47099100785236, -127.8293864467847, -28.080109704297495, 79.22405381503094, 56.82476034556768, 95.94514321000452, 174.62811456990477, -98.5825050558246, -133.83414458481676, -102.24286027280995, -117.9078082291365, -150.26460415306877, -8.69853356554613, 176.0238136806206, 100.04432742297442, 17.309696679614007, -40.46837453392452, -46.659751373271874, -121.96819807589037, -34.64660953887573, -11.331695546266696, 152.44923735232106, 303.16515498595635, 129.64612669124517, 42.441987395754296, 125.17664555124443, 105.57934993318057, -121.00514527522081, -294.6444250102594, -33.63223556505973, -54.29895951044872, 68.28679134545727, 144.9277524897202, 29.093224142870778, -141.8365121579331, -15.289631947520999, 12.473942862887522, -135.32967182135957, 63.05095139265805, 47.3122139343821, -295.9688276844457, -340.9089856677044, 64.96243784455729, 206.3647206556245, 97.58427774639564, -41.74092244328742, 11.031488906779451, 19.93052752794082, -12.939865010744873, -173.29143741380125, -36.575175206713425, -24.052089948071686, -152.5475079997768, -119.56436105854303, -56.85740991272418, 134.4437351895558, 152.96025398886962, -67.8888301372692, 233.3203525211535, 173.06797746903143, -51.351364879368745, 50.763903106837674, 62.50662327226354, 36.266713843549134, -102.15741488282364, 16.57495784250862, 119.72581477183375, -143.43146909057265, -172.90891571975294, -87.7385240833485, -109.11750305499423, -96.71546555388481, -68.03655686089985, -18.33226274072161, 45.6497769467069, 124.01863516644771, 226.0101256765345, 6.001728784149046, -15.160154392508861, -36.27446764965102, -2.284728244452061, 61.47560539192776, -98.38160296486551, -250.51076673296868, -21.436956199387613, 84.17395097431466, 140.40908694048858, -11.038167899499541, 100.37812107191233, -156.2864054462293, -233.58006805466152, 56.06143666655628, 146.1803982852725, 146.3864585068122, 30.66667464448737, -9.710416254435849, 102.42115869583247, 34.92802652700261, 30.226073960346472, 0.7867195963295339, 140.91040743377178, 17.53607880619966, -232.3198715015489, -229.14200600627166, -50.28120871186741, 284.53252092965727, 69.77693736951089, -171.27287776361302, -171.6454206518169, -145.20399574447134, -278.0029752604768, -6.724533047894354, -150.75522694580727, 48.91495464857996, 38.32836238569352, 36.1008215810911, -5.301581626046369, -271.70224558023455, -89.85540922455218, 65.51760901498717, -85.51878966060204, -40.32722594637019, 68.32172513986137, 5.764712618137679, -46.307019054697726, -84.14562783831407, -169.15916087152948, 47.0959348623413, 191.79247201568276, 107.03672706344445, 58.39935191979146, -196.8668516714576, -280.758061628284, -42.104008121994156, 183.75302340717275, 257.73966680668696, 35.510085480395205, -69.9725296796027, -40.36656130723234, 173.9985890660564, 83.82412342032308, 42.377587417216084, 73.59544401920999, 16.41276603084844, -10.330368330949785, 8.061739603369865, 198.78188242523095, 119.74557435375124, -93.63362545257212, -99.8494029472517, 73.84805983399983, -23.854823638370437, -15.289853408318965, -64.67422313414485, -2.813782230662504, -57.26278463823081, -29.229752405757853, -51.54462440948498, 143.98299222545808, 118.99264030385162, 103.13108203533257, 49.26508111618455, -42.91996050800799, -63.09763789748794, -59.54696022359447, 63.17173937059631, 77.37389923532582, 55.9239758199461, 48.98604131472821, -35.18984364965975, -11.866697918188423, -77.86339663716107, 100.76102643487657, 7.738467833384666, 69.90418077529539, 38.015848063691884, 5.3495483562435995, -117.67112329347178, 52.30953195577516, 159.83260129927913, -85.92270956114965, -44.618227562395596, -143.5996607237842, 48.33053071870118, 130.8226418781243, 222.08006341675502, -14.425375232950167, -268.4595361626083, -112.564539550935, 15.415274995698436, 117.17898814640884, 63.05173127121025], "mean reward 0": [845.8607165811351, -291.0219307463887, -499.9806877932984, 79.960724881573, 60.7216720222806, -80.64622549571257, -76.0912587935751, -56.55068161924892, 111.47099100785236, 127.8293864467847, 28.080109704297495, -79.22405381503094, -56.82476034556768, -95.94514321000452, -174.62811456990477, 98.5825050558246, 133.83414458481676, 102.24286027280995, 117.9078082291365, 150.26460415306877, 8.69853356554613, -176.0238136806206, -100.04432742297442, -17.309696679614007, 40.46837453392452, 46.659751373271874, 121.96819807589037, 34.64660953887573, 11.331695546266696, -152.44923735232106, -303.16515498595635, -129.64612669124517, -42.441987395754296, -125.17664555124443, -105.57934993318057, 121.00514527522081, 294.6444250102594, 33.63223556505973, 54.29895951044872, -68.28679134545727, -144.9277524897202, -29.093224142870778, 141.8365121579331, 15.289631947520999, -12.473942862887522, 135.32967182135957, -63.05095139265805, -47.3122139343821, 295.9688276844457, 340.9089856677044, -64.96243784455729, -206.3647206556245, -97.58427774639564, 41.74092244328742, -11.031488906779451, -19.93052752794082, 12.939865010744873, 173.29143741380125, 36.575175206713425, 24.052089948071686, 152.5475079997768, 119.56436105854303, 56.85740991272418, -134.4437351895558, -152.96025398886962, 67.8888301372692, -233.3203525211535, -173.06797746903143, 51.351364879368745, -50.763903106837674, -62.50662327226354, -36.266713843549134, 102.15741488282364, -16.57495784250862, -119.72581477183375, 143.43146909057265, 172.90891571975294, 87.7385240833485, 109.11750305499423, 96.71546555388481, 68.03655686089985, 18.33226274072161, -45.6497769467069, -124.01863516644771, -226.0101256765345, -6.001728784149046, 15.160154392508861, 36.27446764965102, 2.284728244452061, -61.47560539192776, 98.38160296486551, 250.51076673296868, 21.436956199387613, -84.17395097431466, -140.40908694048858, 11.038167899499541, -100.37812107191233, 156.2864054462293, 233.58006805466152, -56.06143666655628, -146.1803982852725, -146.3864585068122, -30.66667464448737, 9.710416254435849, -102.42115869583247, -34.92802652700261, -30.226073960346472, -0.7867195963295339, -140.91040743377178, -17.53607880619966, 232.3198715015489, 229.14200600627166, 50.28120871186741, -284.53252092965727, -69.77693736951089, 171.27287776361302, 171.6454206518169, 145.20399574447134, 278.0029752604768, 6.724533047894354, 150.75522694580727, -48.91495464857996, -38.32836238569352, -36.1008215810911, 5.301581626046369, 271.70224558023455, 89.85540922455218, -65.51760901498717, 85.51878966060204, 40.32722594637019, -68.32172513986137, -5.764712618137679, 46.307019054697726, 84.14562783831407, 169.15916087152948, -47.0959348623413, -191.79247201568276, -107.03672706344445, -58.39935191979146, 196.8668516714576, 280.758061628284, 42.104008121994156, -183.75302340717275, -257.73966680668696, -35.510085480395205, 69.9725296796027, 40.36656130723234, -173.9985890660564, -83.82412342032308, -42.377587417216084, -73.59544401920999, -16.41276603084844, 10.330368330949785, -8.061739603369865, -198.78188242523095, -119.74557435375124, 93.63362545257212, 99.8494029472517, -73.84805983399983, 23.854823638370437, 15.289853408318965, 64.67422313414485, 2.813782230662504, 57.26278463823081, 29.229752405757853, 51.54462440948498, -143.98299222545808, -118.99264030385162, -103.13108203533257, -49.26508111618455, 42.91996050800799, 63.09763789748794, 59.54696022359447, -63.17173937059631, -77.37389923532582, -55.9239758199461, -48.98604131472821, 35.18984364965975, 11.866697918188423, 77.86339663716107, -100.76102643487657, -7.738467833384666, -69.90418077529539, -38.015848063691884, -5.3495483562435995, 117.67112329347178, -52.30953195577516, -159.83260129927913, 85.92270956114965, 44.618227562395596, 143.5996607237842, -48.33053071870118, -130.8226418781243, -222.08006341675502, 14.425375232950167, 268.4595361626083, 112.564539550935, -15.415274995698436, -117.17898814640884, -63.05173127121025],