{"k": 2, "sigma_z": 1, "mean reward 1": [917.9790580056839, 524.2083021838118, -258.5161815735699, -356.6574688886371, -344.70549989903503, 70.81066368604506, 503.4496580862684, 333.4033356597951, -103.12125312294435, -236.7684945718761, -71.70402317848885, 53.62561478393309, -30.9959087778514, -65.34245353009496, 143.5889890981051, 123.93193810019103, -131.9162463757161, -249.45648931357715, -157.10524529607466, 162.98943627248929, 169.78597620782787, 16.32885106813885, -273.9818001122158, -170.73417362631847, 73.2253849860431, 256.55896693937916, 179.7242143221266, -19.648934496719697, 15.697792767362706, -26.17930962191056, -36.69234435448525, -24.252904601993823, 70.45522204856674, -0.15114040286129948, -7.96029919507864, 156.58158721468368, 206.7893087734646, -155.7432493071387, -220.98535275891317, -77.81901420697017, 39.04694529959352, 114.23503478800745, 34.52455536172714, 4.129495915318287, -156.10832281004227, -252.3684145104146, 56.17029043334741, 62.59241555219116, -120.61711231959752, -49.71535884278694, 119.13439208547669, 74.96700817519606, -195.3385659953178, -125.04194518064725, 10.026189837591742, 149.26729165567878, 58.76801689360405, 34.687965889573825, 61.33702413702045, -120.63248713048318, -102.09843431881873, 90.6648512765725, 275.086361770225, 112.38423313918864, -128.8208763453134, -152.17846185939396, 107.61110461887972, 309.2289927096592, 95.34028764705144, -65.4724034085891, 7.680901412718488, -13.53238062253399, -164.38014799689458, 3.140845572773454, -49.48222368777664, -209.2465783746939, 9.03102452192438, 180.245672847578, 185.01354591619364, -27.762562276738496, -109.26981842043435, -60.87767935635968, 71.12731175116522, 33.992143764295655, 16.084068086693136, 44.397115799661485, 81.92410979058992, 30.320316384400357, -177.18516128414774, -154.7763290569407, -76.88826028357512, -13.253541262781226, 35.31644419668156, 198.58349251271898, -13.406683198903336, -20.15253077131146, 153.67518213700853, 143.61561810912522, 16.894267672684705, -124.5704053134752, -42.34932046124531, 98.14475371732908, 50.09943884522367, -184.23066034114177, 73.96676229110433, 148.4370742777422, -48.75857829817832, -259.0932260004494, -81.02602812588854, 9.199768700689859, 143.41513834346688, 64.28554211372004, 60.017368080613196, 122.30013684616814, 173.81294416493293, -74.98036228296154, -193.78704272623247, -316.40197055638015, -24.71332599299464, 204.72166215881225, 26.465639891258895, 58.47996681646325, 13.090962616505939, -67.13047700774966, -54.412607159260304, 103.13055019446091, 145.5537748060576, -79.04609379274234, 14.845172354742608, 12.741972333050072, 24.812008522276464, -81.78001535037792, -30.139727922614668, 5.518760625660163, 231.43133471176446, 120.71858929233233, 80.65517324061291, -107.27938895709124, -176.14445535764003, -50.329994410695974, 104.34453007320303, 63.50650215205131, -59.25956834596127, 47.39948583575389, 38.56999660301457, -86.84345454921541, 11.515892796890515, -72.19278001927294, -66.44393047012083, 18.592556319827455, -76.97929747230918, -78.26119438024783, 16.70542828483111, -55.27259917560548, 30.133829232113303, 52.643782437286, 246.8780351469324, 248.4794355521195, -184.62984990684333, -191.57740916278482, -137.58199678927178, 85.29391938563701, 37.06822429173046, -93.400160884905, -71.59290784654576, -134.09612975163427, -202.02515100126678, 130.55357900628434, -43.92299109519824, -90.82829440940188, 3.104656423557728, 155.86050564682722, 10.531953704359875, 10.349210943579735, 67.7249949473247, -22.93988066203173, 12.341025574198273, 72.42532510122304, 109.49408918110414, 127.0367600992829, 135.2930210718529, -16.555508906843308, 1.6973636968265038, -88.18353255097458, 25.839031845511123, 3.433974034765619, -40.32158091537694, -7.7788961094308995, -188.54580516252977, -226.30695783742158, -137.3388105410345, 258.46359009372753, 231.0228499806677, 96.23011895687716, -128.86747222551637, -15.340442842310898, -168.6366851393087, -25.311516971948823, 207.29711513308183, 115.93537408034796],