{"Stationary": {"actions": [1.0, 0.0, 0.0, 0.0, 0.0, 0.0, 0.0, 0.0, 0.0, 0.0, 0.0, 0.0, 0.0, 0.0, 0.0, 0.0, 0.0, 0.0, 0.0, 0.0, 0.0, 0.0, 0.0, 0.0, 0.0, 0.0, 0.0, 0.0, 0.0, 0.0, 0.0, 0.0, 0.0, 0.0, 0.0, 0.0, 0.0, 0.0, 0.0, 0.0, 0.0, 0.0, 0.0, 0.0, 0.0, 0.0, 0.0, 0.0, 0.0, 0.0, 0.0, 0.0, 0.0, 0.0, 0.0, 0.0, 0.0, 0.0, 0.0, 0.0, 0.0, 0.0, 0.0, 0.0, 0.0, 0.0, 0.0, 0.0, 0.0, 0.0, 0.0, 0.0, 0.0, 0.0, 0.0, 0.0, 0.0, 0.0, 0.0, 0.0, 0.0, 0.0, 0.0, 0.0, 0.0, 0.0, 0.0, 0.0, 0.0, 0.0, 0.0, 0.0, 0.0, 0.0, 0.0, 0.0, 0.0, 0.0, 0.0, 0.0, 0.0, 0.0, 0.0, 0.0, 0.0, 0.0, 0.0, 0.0, 0.0, 0.0, 0.0, 0.0, 0.0, 0.0, 0.0, 0.0, 0.0, 0.0, 0.0, 0.0, 0.0, 0.0, 0.0, 0.0, 0.0, 0.0, 0.0, 0.0, 0.0, 0.0, 0.0, 0.0, 0.0, 0.0, 0.0, 0.0, 0.0, 0.0, 0.0, 0.0, 0.0, 0.0, 0.0, 0.0, 0.0, 0.0, 0.0, 0.0, 0.0, 0.0, 0.0, 0.0, 0.0, 0.0, 0.0, 0.0, 0.0, 0.0, 0.0, 0.0, 0.0, 0.0, 0.0, 0.0, 0.0, 0.0, 0.0, 0.0, 0.0, 0.0, 0.0, 0.0, 0.0, 0.0, 0.0, 0.0, 0.0, 0.0, 0.0, 0.0, 0.0, 0.0, 0.0, 0.0, 0.0, 0.0, 0.0, 0.0, 0.0, 0.0, 0.0, 0.0, 0.0, 0.0, 0.0, 0.0, 0.0, 0.0, 0.0, 0.0], "rewards": [-987.625390220639, -475.58155013430996, -790.8336390168511, -97.86947233851758, 415.044817501293, 354.54610625838114, -0.9842566808478868, -23.679728510876032, -132.31375016032717, -124.1153307750264, 100.25016311524112, 184.8996749227298, -22.708004327362396, -10.290365233181774, 35.84045726459239, -155.94426442918962, -11.119149966939277, 42.02880804352557, 289.46494858903964, -25.209334665295774, -332.46977746707887, -60.23173481126965, 212.77180206131467, 305.6485110581424, 183.42444163219577, -57.52758449660461, -89.14687168584517, -83.06877004869054, -60.43618749335772, 151.80190279897428, 150.40138703385261, -125.12463542053084, -237.36075821726936, 56.732398408737275, 65.95178062597606, -48.63022497835506, -113.59215499106617, -219.3720066305946, -109.07238831803485, 39.49797638502645, 146.48421507222136, -4.992291164974905, 40.097766579248415, 32.23855816350188, 53.96298253371873, -51.53832125882955, 14.875419476031468, 99.27972132443156, -221.89713787553566, -98.60847466143753, 192.0408950458161, 157.30702398869883, -33.28840932273944, -9.072354268731868, -13.687253160653754, -38.60140158671992, 30.05188020661164, 110.55212127357315, -37.674608287394676, 38.928322403962355, 143.56441503329503, 45.24861696398883, 258.1151125793525, 166.01033190289658, 7.198308515993666, -13.190963176929545, -141.05919433514, -67.37108682281034, 243.76937235363005, 42.51867655487126, -183.61763049749555, -396.4664980424551, -246.60021134000806, 4.269213845632521, 100.37643198674016, 40.21007765092899, -149.72889090327521, -275.59319823733614, 24.321672295074507, 12.775179873828115, 112.21842207880857, 115.58264108325206, 211.91007404169972, -85.11173540622411, -66.24465022909334, -64.07944254390962, -115.20488211975653, -218.9054955577504, 23.70543733050613, 188.5398164586084, 170.3970949986321, 118.13443530423729, 67.70467367584388, -68.72111410233876, -63.46918910282308, 43.82174298308, 8.011947819375763, 268.6311129640674, 145.6345590310229, 42.31214575924443, -5.519757598926452, 52.14474374908774, -215.97201108905236, -175.74913736775514, -51.36276740387857, 9.108263402276485, 69.28169180832094, -24.202029787233332, -49.558334680092216, -24.007815092675436, -4.321176496406675, -46.16771068873377, 41.876667809358466, 116.30868025238443, -61.677131818661714, -222.34741891334963, 40.086181568834405, -77.70289249780912, -121.55477613357317, -149.435516975628, 42.52539585273456, -9.361762291223327, -37.96263681483854, 85.73628786866989, 196.47848886404248, -6.421024423865166, -198.99283202050367, -215.64286811489265, -61.167823977950725, 59.98972820398463, 15.2260893046658, 13.59530335979085, 29.561445545137918, -79.23176942199946, -45.65775684912177, 113.71448867100038, 153.6130895078335, -40.88803370933765, -171.45415198983022, -136.95919604425077, 71.21867715649691, 20.442772532237097, -15.323191689525792, -167.64572266511067, -75.7385483681003, 189.5172414620222, 229.0063184595066, 14.527953588142216, -110.47229278366517, 119.66098113570666, -14.716525971207744, -39.84684818118133, -59.199179189852785, -36.07641213488976, -196.83827904609018, -110.86350209994325, -147.50213524091842, -43.42893903910394, 1.6961660393010227, 34.553742850135635, 147.47447504060415, 196.27492550480662, -60.253185012664225, -228.64561934544437, -177.46120301392463, 5.044488213403072, 167.9720895324111, 219.88570990084992, -31.257614545146286, -263.74691561790644, -66.05347899280241, 124.58711925898362, 39.451413056592045, -57.93615298306525, 79.57143285694693, 94.97424531170154, 112.05647049142964, 191.72264239615163, -82.52733622909561, -334.2349425802101, -235.10309951171186, -103.62765059838694, -43.89826591114195, -24.82543993334402, -44.581811653052696, -71.83326323854752, -152.07456109266204, -61.943848910442554, -111.71383998676855, 48.49497687980043, -50.964430770730765, 133.9186234285128, 163.38677648764605, 43.03138275716493, -98.91299398457933, -122.9620951145716, -12.473955614307602, -76.06103884427694, 99.26373657588076, 170.8391328689479]}, "Latent AR LinUCB s=2": {"actions": [1.0, 0.0, 1.0, 1.0, 0.0, 0.0, 1.0, 1.0, 0.0, 1.0, 0.0, 0.0, 0.0, 1.0, 0.0, 0.0, 1.0, 0.0, 0.0, 0.0, 1.0, 1.0, 0.0, 0.0, 0.0, 1.0, 1.0, 1.0, 1.0, 0.0, 0.0, 0.0, 1.0, 1.0, 0.0, 0.0, 1.0, 1.0, 1.0, 0.0, 0.0, 0.0, 1.0, 0.0, 0.0, 0.0, 1.0, 0.0, 0.0, 1.0, 0.0, 0.0, 1.0, 1.0, 0.0, 1.0, 1.0, 0.0, 0.0, 1.0, 0.0, 0.0, 1.0, 0.0, 1.0, 1.0, 0.0, 1.0, 0.0, 0.0, 1.0, 1.0, 1.0, 0.0, 0.0, 0.0, 1.0, 1.0, 1.0, 0.0, 0.0, 0.0, 0.0, 0.0, 1.0, 0.0, 1.0, 1.0, 1.0, 0.0, 0.0, 1.0, 1.0, 1.0, 1.0, 0.0, 0.0, 1.0, 0.0, 1.0, 1.0, 0.0, 0.0, 1.0, 0.0, 0.0, 0.0, 0.0, 1.0, 0.0, 0.0, 0.0, 1.0, 0.0, 0.0, 1.0, 1.0, 0.0, 1.0, 0.0, 1.0, 0.0, 1.0, 1.0, 0.0, 0.0, 1.0, 1.0, 1.0, 0.0, 0.0, 1.0, 1.0, 0.0, 1.0, 0.0, 0.0, 0.0, 1.0, 1.0, 0.0, 0.0, 1.0, 1.0, 1.0, 0.0, 0.0, 0.0, 1.0, 1.0, 0.0, 1.0, 1.0, 0.0, 1.0, 1.0, 0.0, 0.0, 0.0, 0.0, 0.0, 0.0, 0.0, 1.0, 1.0, 0.0, 0.0, 0.0, 0.0, 1.0, 1.0, 0.0, 0.0, 1.0, 1.0, 0.0, 0.0, 0.0, 0.0, 1.0, 1.0, 0.0, 0.0, 0.0, 0.0, 1.0, 1.0, 1.0, 0.0, 1.0, 0.0, 1.0, 0.0, 0.0, 1.0, 1.0, 1.0, 0.0, 1.0, 0.0],