{"Stationary": {"actions": [1.0, 1.0, 0.0, 0.0, 0.0, 0.0, 0.0, 0.0, 0.0, 0.0, 0.0, 0.0, 0.0, 0.0, 0.0, 0.0, 0.0, 0.0, 0.0, 0.0, 0.0, 0.0, 0.0, 0.0, 0.0, 0.0, 0.0, 0.0, 0.0, 0.0, 0.0, 0.0, 0.0, 0.0, 0.0, 0.0, 0.0, 0.0, 0.0, 0.0, 0.0, 0.0, 0.0, 0.0, 0.0, 0.0, 0.0, 0.0, 0.0, 0.0, 0.0, 0.0, 0.0, 0.0, 0.0, 0.0, 0.0, 0.0, 0.0, 0.0, 0.0, 0.0, 0.0, 0.0, 0.0, 0.0, 0.0, 0.0, 0.0, 0.0, 0.0, 0.0, 0.0, 0.0, 0.0, 0.0, 0.0, 0.0, 0.0, 0.0, 0.0, 0.0, 0.0, 0.0, 0.0, 0.0, 0.0, 0.0, 0.0, 0.0, 0.0, 0.0, 0.0, 0.0, 0.0, 0.0, 0.0, 0.0, 0.0, 0.0, 0.0, 0.0, 0.0, 0.0, 0.0, 0.0, 0.0, 0.0, 0.0, 0.0, 0.0, 0.0, 0.0, 0.0, 0.0, 0.0, 0.0, 0.0, 0.0, 0.0, 0.0, 0.0, 0.0, 0.0, 0.0, 0.0, 0.0, 0.0, 0.0, 0.0, 0.0, 0.0, 0.0, 0.0, 0.0, 0.0, 0.0, 0.0, 0.0, 0.0, 0.0, 0.0, 0.0, 0.0, 0.0, 0.0, 0.0, 0.0, 0.0, 0.0, 0.0, 0.0, 0.0, 0.0, 0.0, 0.0, 0.0, 0.0, 0.0, 0.0, 0.0, 0.0, 0.0, 0.0, 0.0, 0.0, 0.0, 0.0, 0.0, 0.0, 0.0, 0.0, 0.0, 0.0, 0.0, 0.0, 0.0, 0.0, 0.0, 0.0, 0.0, 0.0, 0.0, 0.0, 0.0, 0.0, 0.0, 0.0, 0.0, 0.0, 0.0, 0.0, 0.0, 0.0, 0.0, 0.0, 0.0, 0.0, 0.0, 0.0], "rewards": [96.73530479499746, -1233.558536597268, 662.3709864391387, -298.1236947935499, -394.1457582523557, -160.26184256478297, 164.06188334246386, 272.6768839705036, 14.830866383829104, -219.7583460325047, -137.6805066475419, -87.3743789247675, -35.56626864335611, 76.18775316018275, 266.6656424848334, 228.09825873337417, 101.30730007886127, -139.04793331599728, 39.88897224607922, 91.7163757088743, 15.979252282448872, -217.62537050738752, -154.45747847507772, 23.78425640172121, 24.16954066898945, -12.857150949424181, 117.68391370976899, 98.25820387737315, 52.60189792531684, -94.18858262586608, 98.31648891613258, 23.159869061643047, 2.214437553797157, -162.65664423196083, 1.5677683423186537, 216.49222066784637, 119.14274354949244, 105.67245356274863, -94.08455193325904, -46.94279255762325, 11.949565059055251, 38.399850435771505, -127.71358735496541, -227.54388570609962, -41.210583607496204, 164.93703325785805, 24.441663746814996, -33.25676144380269, -137.824047720802, 148.13910409119785, 51.331752244711886, -106.40402799265186, -166.11733701947736, -12.425911016276157, 195.14610255062692, 195.90166065023976, 42.356467513511326, -65.49598202308844, 26.281148593193976, 8.980257965677254, 93.28540757571714, 90.40155119633414, -48.51485096209106, 50.261892934559114, -123.30731342010735, -158.66803745659934, -116.93913970872345, -7.3287311152681776, -169.4687866088599, 7.935976139274934, 52.44864034328809, -33.42488432064608, -113.5098775959079, 4.276698890811426, 33.98071503018303, -81.90956367731098, -41.52175239996887, 120.91065506889002, 106.22537401727051, -12.171050339494645, -125.81950780279571, 72.10545895070439, 158.46874040425982, 152.64638665351484, 75.69027976505109, 61.1464202384823, 225.8011686363107, 147.0811312419337, -150.29902414685492, -74.19070578634681, 82.34509432168667, 88.00424937072903, 58.62682260434956, 171.3593936595185, 148.5528310844228, 33.72320251416532, -161.7457860202076, -237.3440023636502, 46.21789713683443, 190.6316725654995, 313.5609754044836, 180.21863087288514, -121.72218292648034, -174.4200241016954, -15.962451926906382, 62.4079339129777, 58.271264495590756, -186.2596530431573, -10.479198987081297, 70.49276718811863, 32.29227794828518, 86.15661675687596, -136.9333448992355, -7.330722234612355, 155.1866811663755, 121.56776799280019, -63.362172780249395, -177.437998500022, -89.25888882301504, 19.7571594431614, -136.32663618131818, -124.44162905458123, -42.14295994212448, -35.73368309677764, -41.31045649780854, -11.69306680179617, 105.07808335919727, 71.60521745482988, -104.78635720518362, -81.8230488641162, -1.3488945948058655, 56.24538618291839, -26.225140339927275, -109.88467950196367, -8.405153074166915, 4.120966044844343, 136.97354130005272, -6.4929115627085245, -50.41882375316753, -5.354315674814206, 37.076405379850584, -32.47751379435349, -191.94962277498962, -77.95181830514929, -118.25266760174296, -12.245135092630491, 179.4457569980486, 184.85912317505725, -43.07231245887218, -106.86139087449283, -198.86294789687437, -8.869495240287035, 348.89923775143706, 122.86681508602992, -134.61760961824925, -72.40536312808761, -69.13267242165116, -40.3591368726611, -111.81615416921797, 7.162810877092937, 68.99088193609647, -124.03419568492815, -61.13718768956737, 63.59309392006066, 16.036438129773067, -3.899300878264823, -22.121877389968827, -32.246744500077774, -40.79819023122383, -65.44274067020714, 40.93862738009354, -41.77009400160212, 86.93818260861943, 252.391395200989, 186.2555666117314, 68.34598495392238, 61.71305404643976, -26.433173430369433, -42.30258046854378, -89.04342842718974, 98.49468938786667, 2.599479524681705, -45.819054293044395, 129.99498111751248, 220.80867797035592, 235.5757711613665, 160.777145649843, -164.1021384534956, -335.6083804264941, -237.07725346468612, 83.44865809627169, 92.92351854179317, 128.1197342120406, -69.29801793534939, -50.00429574676446, 388.47134010651365, 26.87893012213691, -271.85969215252226, -145.5513298685176, 171.0538859370214]}, "Latent AR LinUCB s=2": {"actions": [1.0, 1.0, 0.0, 1.0, 1.0, 1.0, 0.0, 0.0, 0.0, 1.0, 1.0, 0.0, 0.0, 0.0, 0.0, 0.0, 1.0, 1.0, 1.0, 0.0, 0.0, 1.0, 1.0, 0.0, 0.0, 0.0, 1.0, 0.0, 1.0, 1.0, 1.0, 0.0, 1.0, 1.0, 1.0, 0.0, 0.0, 1.0, 1.0, 1.0, 1.0, 0.0, 0.0, 1.0, 1.0, 0.0, 0.0, 1.0, 1.0, 1.0, 0.0, 1.0, 1.0, 1.0, 0.0, 0.0, 0.0, 1.0, 1.0, 0.0, 0.0, 0.0, 1.0, 1.0, 0.0, 1.0, 1.0, 0.0, 0.0, 1.0, 0.0, 0.0, 1.0, 1.0, 0.0, 0.0, 1.0, 0.0, 0.0, 1.0, 1.0, 1.0, 0.0, 0.0, 1.0, 1.0, 1.0, 0.0, 1.0, 1.0, 0.0, 0.0, 0.0, 1.0, 0.0, 0.0, 1.0, 1.0, 1.0, 0.0, 0.0, 0.0, 1.0, 1.0, 1.0, 0.0, 0.0, 1.0, 1.0, 0.0, 0.0, 1.0, 0.0, 1.0, 0.0, 0.0, 1.0, 1.0, 1.0, 0.0, 0.0, 1.0, 0.0, 0.0, 0.0, 1.0, 1.0, 0.0, 1.0, 1.0, 0.0, 0.0, 0.0, 1.0, 1.0, 0.0, 1.0, 0.0, 1.0, 1.0, 0.0, 0.0, 1.0, 1.0, 0.0, 1.0, 0.0, 0.0, 0.0, 1.0, 1.0, 1.0, 0.0, 0.0, 1.0, 1.0, 0.0, 0.0, 0.0, 1.0, 0.0, 0.0, 1.0, 0.0, 0.0, 1.0, 1.0, 1.0, 0.0, 1.0, 1.0, 0.0, 1.0, 0.0, 0.0, 1.0, 1.0, 1.0, 1.0, 1.0, 1.0, 0.0, 1.0, 1.0, 0.0, 0.0, 0.0, 1.0, 1.0, 1.0, 0.0, 0.0, 0.0, 0.0, 1.0, 0.0, 0.0, 1.0, 1.0, 0.0],