{"Stationary": {"actions": [0.0, 0.0, 0.0, 0.0, 0.0, 0.0, 0.0, 0.0, 0.0, 0.0, 0.0, 0.0, 0.0, 0.0, 0.0, 0.0, 0.0, 0.0, 0.0, 0.0, 0.0, 0.0, 0.0, 0.0, 0.0, 0.0, 0.0, 0.0, 0.0, 0.0, 0.0, 0.0, 0.0, 0.0, 0.0, 0.0, 0.0, 0.0, 0.0, 0.0, 0.0, 0.0, 0.0, 0.0, 0.0, 0.0, 0.0, 0.0, 0.0, 0.0, 0.0, 0.0, 0.0, 0.0, 0.0, 0.0, 0.0, 0.0, 0.0, 0.0, 0.0, 0.0, 0.0, 0.0, 0.0, 0.0, 0.0, 0.0, 0.0, 0.0, 0.0, 0.0, 0.0, 0.0, 0.0, 0.0, 0.0, 0.0, 0.0, 0.0, 0.0, 0.0, 0.0, 0.0, 0.0, 0.0, 0.0, 0.0, 0.0, 0.0, 0.0, 0.0, 0.0, 0.0, 0.0, 0.0, 0.0, 0.0, 0.0, 0.0, 0.0, 0.0, 0.0, 0.0, 0.0, 0.0, 0.0, 0.0, 0.0, 0.0, 0.0, 0.0, 0.0, 0.0, 0.0, 0.0, 0.0, 0.0, 0.0, 0.0, 0.0, 0.0, 0.0, 0.0, 0.0, 0.0, 0.0, 0.0, 0.0, 0.0, 0.0, 0.0, 0.0, 0.0, 0.0, 0.0, 0.0, 0.0, 0.0, 0.0, 0.0, 0.0, 0.0, 0.0, 0.0, 0.0, 0.0, 0.0, 0.0, 0.0, 0.0, 0.0, 0.0, 0.0, 0.0, 0.0, 0.0, 0.0, 0.0, 0.0, 0.0, 0.0, 0.0, 0.0, 0.0, 0.0, 0.0, 0.0, 0.0, 0.0, 0.0, 0.0, 0.0, 0.0, 0.0, 0.0, 0.0, 0.0, 0.0, 0.0, 0.0, 0.0, 0.0, 0.0, 0.0, 0.0, 0.0, 0.0, 0.0, 0.0, 0.0, 0.0, 0.0, 0.0, 0.0, 0.0, 0.0, 0.0, 0.0, 0.0], "rewards": [928.3692997499015, 754.345410849625, -40.74982613779525, -123.5778687969474, -43.771810503874335, 93.0896827515207, 97.26977995101751, 57.131748182133464, -43.73212695116732, -145.63006271966083, -38.28547884462818, -95.65412150616508, 2.654433703521488, 64.96566792542777, 24.927741420274824, -64.72595527391337, -180.27650252035968, -214.32237669838338, -9.597985701280617, -21.597101506557998, 114.06915542552298, 88.80222669151259, -3.0599178366464805, -15.246704261729024, -13.177653623826302, -81.92681572270762, -43.85373453587307, -113.76217675309084, -52.612629318363226, 66.13781205695832, 189.1167936067113, 218.2429722861943, -71.60863718841716, -237.73242473622452, -179.8517789599609, -163.6868742383868, 24.882293692189485, 205.25801347427017, 116.24480918421104, -179.2554481533774, -98.73232529026693, -24.531533899904236, 20.588462685223167, 63.678651474139855, -65.32999032943499, -49.8707720702136, 31.343964546305763, -97.0458291975473, -105.29744582800785, 6.094554079595198, -71.91179862461281, 114.71070684749724, 187.28367952029032, -82.5680899837213, -310.2333854407734, -256.6002111717069, -97.6894980755325, -74.90612469310514, 23.083271631888714, -0.05804150606406333, -3.966354854406095, 85.86104478980897, -178.94632856916544, -265.46847725640356, 26.47694707701645, 244.42618014055495, 99.97086390120879, -24.961470125177684, -30.922895770387967, -191.30691198994467, -75.42776427086214, 148.61992867095444, 188.24406404296022, -47.48363179878705, -88.58772896100696, -42.67434803830053, -54.28109966258903, 92.20148887075327, 161.84081358230398, -91.45345053640176, 26.32760506982664, 128.62566134932817, 79.97412392496173, 38.361386370749834, -32.644626431492, -100.79045090243399, -64.19406805569061, 110.76219461307178, 216.77387515189017, 32.49306951498265, -130.4902201793004, -96.86430142948892, -67.1798309587974, -49.2113788649708, -47.06486048056341, -192.32078488544545, -288.6410470694826, -88.97601029319655, 54.516241878713174, 107.10619321991216, 134.83865613781438, 86.61457604995577, -254.47512257840017, -220.41775559081452, 80.80027918576452, 112.20249328726794, 53.1705185383713, 77.3794412313496, 141.4449035844387, 81.08575833784964, 14.283377801230296, -197.2079896538395, -91.25367285500263, -55.689410695471075, 118.07785599914664, 136.8462171590358, -17.293553765408767, -180.11334971909338, -8.422788480885856, 94.11235049614274, 172.75648949156755, 112.10791017805781, 9.523998856809909, -12.606250590678926, 26.170747750150717, 104.89399980330528, -11.540121172099548, -31.492016499123682, -90.18482565830993, -115.40259214926404, 56.351902154151006, 305.87026976476744, 124.53169795930981, -232.92106318853826, -239.20080313113905, -113.01791935994777, 32.768156981664816, -49.78766030636415, 66.21161308050596, 149.91941338689, 102.26728055698837, -156.73301452236137, -231.38974038652105, -96.07644114059809, 60.558356304379075, -9.12767414998848, -84.85084649805172, -72.92139963993411, 0.6116522627423508, -17.623311265708644, -113.61896742085611, -33.38353868306022, -8.546172647348593, -78.26859043659479, -162.89223300143072, 99.86666307663123, 139.10916006814008, -102.16201911932869, -139.34341887187563, -3.3741250626695054, 229.72720102486824, -3.5284751152551763, -150.71655311120372, 21.390685084798474, 83.36519530439483, -9.329561215918542, -135.133009955032, -13.424139855884215, -0.7649426181083747, -13.649632112432583, 89.02137530010556, 94.16472592528802, -71.23059880769007, -111.2295931987828, -95.88637355166702, -62.97274056543762, -22.31353687520923, -173.02736188668047, -123.42575760253341, 124.48562514807585, 89.57582164325831, -152.89044065006667, -113.3551172505473, 171.7659125890056, 76.18524640296525, -74.62074887742797, 34.9343335587778, 204.57511952005845, 47.289336070234526, 76.92936701332252, 254.45448350351978, 68.14326021874015, -158.7380910254684, -20.472136469491428, 168.5968155553084, 173.69710765291106, -3.3410326842382476, -98.14536180606757, 109.52307146585498, 217.63302266789233]}, "Latent AR LinUCB s=2": {"actions": [0.0, 0.0, 1.0, 1.0, 1.0, 0.0, 0.0, 0.0, 1.0, 1.0, 1.0, 0.0, 1.0, 0.0, 0.0, 1.0, 1.0, 1.0, 0.0, 0.0, 1.0, 0.0, 1.0, 1.0, 0.0, 1.0, 1.0, 0.0, 1.0, 0.0, 0.0, 0.0, 0.0, 1.0, 1.0, 0.0, 0.0, 0.0, 0.0, 1.0, 1.0, 0.0, 0.0, 0.0, 0.0, 1.0, 0.0, 0.0, 1.0, 0.0, 0.0, 1.0, 0.0, 0.0, 1.0, 1.0, 0.0, 0.0, 0.0, 0.0, 1.0, 1.0, 0.0, 1.0, 1.0, 0.0, 0.0, 1.0, 1.0, 0.0, 1.0, 0.0, 0.0, 0.0, 1.0, 1.0, 0.0, 0.0, 0.0, 0.0, 1.0, 0.0, 0.0, 1.0, 1.0, 1.0, 1.0, 0.0, 0.0, 0.0, 1.0, 1.0, 0.0, 0.0, 0.0, 0.0, 1.0, 1.0, 0.0, 0.0, 0.0, 0.0, 1.0, 1.0, 0.0, 0.0, 0.0, 1.0, 0.0, 0.0, 1.0, 1.0, 1.0, 0.0, 0.0, 0.0, 0.0, 1.0, 1.0, 0.0, 0.0, 0.0, 1.0, 1.0, 1.0, 0.0, 0.0, 1.0, 1.0, 1.0, 1.0, 0.0, 0.0, 1.0, 1.0, 1.0, 0.0, 0.0, 1.0, 0.0, 0.0, 1.0, 1.0, 1.0, 0.0, 0.0, 1.0, 1.0, 1.0, 0.0, 1.0, 1.0, 0.0, 0.0, 1.0, 1.0, 0.0, 0.0, 1.0, 1.0, 0.0, 0.0, 1.0, 1.0, 0.0, 0.0, 1.0, 1.0, 0.0, 1.0, 1.0, 0.0, 0.0, 1.0, 1.0, 0.0, 0.0, 0.0, 1.0, 0.0, 0.0, 1.0, 1.0, 0.0, 0.0, 1.0, 1.0, 0.0, 0.0, 1.0, 0.0, 0.0, 1.0, 1.0, 0.0, 0.0, 0.0, 1.0, 1.0, 0.0],