{"Stationary": {"actions": [1.0, 1.0, 0.0, 0.0, 0.0, 0.0, 0.0, 0.0, 0.0, 0.0, 0.0, 0.0, 0.0, 0.0, 0.0, 0.0, 0.0, 0.0, 0.0, 0.0, 0.0, 0.0, 0.0, 0.0, 0.0, 0.0, 0.0, 0.0, 0.0, 0.0, 0.0, 0.0, 0.0, 0.0, 0.0, 0.0, 0.0, 0.0, 0.0, 0.0, 0.0, 0.0, 0.0, 0.0, 0.0, 0.0, 0.0, 0.0, 0.0, 0.0, 0.0, 0.0, 0.0, 0.0, 0.0, 0.0, 0.0, 0.0, 0.0, 0.0, 0.0, 0.0, 0.0, 0.0, 0.0, 0.0, 0.0, 0.0, 0.0, 0.0, 0.0, 0.0, 0.0, 0.0, 0.0, 0.0, 0.0, 0.0, 0.0, 0.0, 0.0, 0.0, 0.0, 0.0, 0.0, 0.0, 0.0, 0.0, 0.0, 0.0, 0.0, 0.0, 0.0, 0.0, 0.0, 0.0, 0.0, 0.0, 0.0, 0.0, 0.0, 0.0, 0.0, 0.0, 0.0, 0.0, 0.0, 0.0, 0.0, 0.0, 0.0, 0.0, 0.0, 0.0, 0.0, 0.0, 0.0, 0.0, 0.0, 0.0, 0.0, 0.0, 0.0, 0.0, 0.0, 0.0, 0.0, 0.0, 0.0, 0.0, 0.0, 0.0, 0.0, 0.0, 0.0, 0.0, 0.0, 0.0, 0.0, 0.0, 0.0, 0.0, 0.0, 0.0, 0.0, 0.0, 0.0, 0.0, 0.0, 0.0, 0.0, 0.0, 0.0, 0.0, 0.0, 0.0, 0.0, 0.0, 0.0, 0.0, 0.0, 0.0, 0.0, 0.0, 0.0, 0.0, 0.0, 0.0, 0.0, 0.0, 0.0, 0.0, 0.0, 0.0, 0.0, 0.0, 0.0, 0.0, 0.0, 0.0, 0.0, 0.0, 0.0, 0.0, 0.0, 0.0, 0.0, 0.0, 0.0, 0.0, 0.0, 0.0, 0.0, 0.0, 0.0, 0.0, 0.0, 0.0, 0.0, 0.0], "rewards": [1764.9831929481516, -1068.0636368553342, 1422.6327857537992, 109.91038151528838, -713.6684337383998, -489.94016271078436, -22.976759773853782, 179.73799007283492, 122.88444267971235, -229.28501422220828, -275.1214005056011, 91.13670316438096, 99.46526743834114, -12.953585152705585, -67.36663708759305, 44.784233250075204, 52.046600374229, 51.87113897380425, 110.12348446627166, 26.953758498195114, -205.85383640204216, -78.51753568618197, 106.13663507948557, 405.27154008039315, 88.18845374062754, -57.61322134331186, 36.910236216797955, 53.675894748660596, -152.12676620352653, -91.47172261417882, 13.922015412825893, -117.64454585477054, -51.36438628933968, 128.9331219870998, 234.611407562683, 30.09632715622913, -8.184621045350205, 252.33644868607635, 53.74372482563938, -32.083676784163956, -79.51710595663552, -74.77903345859497, 85.18390343895446, 141.30796860152654, 51.23839847125666, -97.11916264016482, -52.21605957438335, -148.99769833768877, 92.15967871967948, 32.78031865076943, 10.495833031844395, -41.108842596477785, 105.59795539830642, 158.19287514279185, 91.96455355710333, 0.7751982643457875, 59.798134459394966, 153.88491877897468, -155.8853189711271, -125.15886532779123, 268.82209931930777, 113.23559236181066, -75.39761199087629, -271.3537879152692, -11.873500063362533, 75.10734041002779, 63.48383606637117, -194.82552482488757, -73.7572091596156, -5.829361171128776, 6.324545809382143, -11.172396605897086, -141.87887131515055, -289.4596755954975, 99.51542792104689, 232.15815983392025, -50.89138795401942, -197.37834218532623, 7.571357612632024, 296.5910019305983, 138.06715431493961, 1.9196204908482333, -23.496933652916226, 45.131589996996794, 93.76326812461328, -144.7187254125023, -153.1159102194581, -231.58855509191443, -169.78940094572144, 137.74473214791655, 152.3731392976431, -32.83214598379223, -70.14547413076875, 2.5231285296607435, -82.14254570303672, -197.14290601023, -7.219554765895719, 256.77252256207385, 91.43794962249872, -95.30958033159153, 203.07375924347542, 264.01314486830216, 41.812661199707826, -231.1028815771536, -149.83299733953322, -17.669204742417627, 35.91787331647555, -186.3700447549591, -97.88332727006322, -19.354185757445308, 82.72847280485404, 244.4462688154403, 57.438667718429, -64.28943559886845, -0.9311737243031306, 36.91828835735505, 64.65774634510474, 52.05095093019595, -40.611572363267676, 114.59906640930996, 167.21610612615123, 182.93184521461066, 139.60615148218162, -20.062736436600225, -24.763686021098625, 14.9108382699736, -115.75487188058466, -155.0790465804343, 62.276843206840795, -48.628122675017494, -29.047846508325147, -141.5988110234511, -84.05165263443482, 75.18610947498388, 7.682124682266057, 133.43189646010532, 404.3763670739605, 96.2250193030232, -96.17709499754862, -186.95961875433926, 75.76739766235468, 72.16404650171361, -3.5463172099555678, -253.78987808775312, -139.75072155385917, 45.72411625328268, 77.23336774211572, 82.4981193993453, 136.2005304601024, 124.98966185171119, 98.84714827646513, -187.7021594720031, 115.1314702365082, 100.3739580819565, 34.09066949980353, -95.60951002571106, -84.38656816971445, 76.944089632902, 378.9384573229683, 285.9771827346611, -65.43858393294373, -175.91989069001784, -29.04165956641893, 139.57388382091546, 431.2589745708815, 178.16036794694887, -165.29159367535945, -108.01180048494794, -64.35241566743215, 139.22474001342852, -94.066610788774, -122.31451034297031, -2.6873042028603997, -25.112057925972927, 50.735734793351405, 129.6197339475831, 32.276053701575364, 27.437628816607354, -15.640896608204468, -12.430103163583409, -143.96063838252994, -144.54803263422744, -51.36845864803843, 73.49220394622229, 28.928163113338286, -31.93818441725238, -33.33765110839487, 107.55744358763482, 229.95935616135955, -4.591549651078143, -79.54707935577713, -45.184912725523226, 133.70535827475211, 4.667887535708086, -243.9973737337404, -134.14335725220838, 87.33354102561353, 79.04557865767931, 36.521079411936675, -135.55422950537692]}, "Latent AR LinUCB s=2": {"actions": [1.0, 1.0, 0.0, 0.0, 1.0, 1.0, 0.0, 0.0, 0.0, 1.0, 1.0, 1.0, 0.0, 0.0, 1.0, 1.0, 0.0, 0.0, 1.0, 0.0, 1.0, 1.0, 0.0, 0.0, 0.0, 1.0, 1.0, 0.0, 0.0, 1.0, 0.0, 0.0, 1.0, 0.0, 0.0, 0.0, 1.0, 1.0, 0.0, 1.0, 1.0, 1.0, 0.0, 0.0, 0.0, 1.0, 1.0, 0.0, 1.0, 0.0, 1.0, 1.0, 1.0, 0.0, 0.0, 1.0, 1.0, 0.0, 0.0, 1.0, 1.0, 0.0, 1.0, 1.0, 1.0, 0.0, 0.0, 1.0, 1.0, 0.0, 0.0, 0.0, 1.0, 1.0, 1.0, 0.0, 0.0, 1.0, 1.0, 0.0, 0.0, 1.0, 1.0, 0.0, 0.0, 0.0, 1.0, 1.0, 1.0, 0.0, 0.0, 0.0, 1.0, 1.0, 0.0, 1.0, 1.0, 0.0, 0.0, 1.0, 1.0, 0.0, 0.0, 1.0, 1.0, 0.0, 0.0, 0.0, 1.0, 0.0, 0.0, 0.0, 0.0, 1.0, 1.0, 0.0, 0.0, 0.0, 1.0, 1.0, 0.0, 0.0, 0.0, 1.0, 1.0, 1.0, 0.0, 1.0, 1.0, 0.0, 1.0, 0.0, 1.0, 0.0, 0.0, 1.0, 0.0, 0.0, 1.0, 1.0, 1.0, 0.0, 1.0, 1.0, 1.0, 0.0, 0.0, 0.0, 0.0, 0.0, 1.0, 1.0, 1.0, 0.0, 0.0, 1.0, 1.0, 0.0, 0.0, 0.0, 1.0, 1.0, 1.0, 0.0, 0.0, 0.0, 1.0, 1.0, 0.0, 0.0, 0.0, 1.0, 1.0, 0.0, 1.0, 0.0, 0.0, 1.0, 1.0, 1.0, 0.0, 1.0, 0.0, 0.0, 0.0, 1.0, 1.0, 1.0, 0.0, 0.0, 1.0, 1.0, 0.0, 0.0, 1.0, 1.0, 0.0, 0.0, 1.0, 1.0],