{"Stationary": {"actions": [1.0, 1.0, 0.0, 0.0, 0.0, 0.0, 0.0, 0.0, 0.0, 0.0, 0.0, 0.0, 0.0, 0.0, 0.0, 0.0, 0.0, 0.0, 0.0, 0.0, 0.0, 0.0, 0.0, 0.0, 0.0, 0.0, 0.0, 0.0, 0.0, 0.0, 0.0, 0.0, 0.0, 0.0, 0.0, 0.0, 0.0, 0.0, 0.0, 0.0, 0.0, 0.0, 0.0, 0.0, 0.0, 0.0, 0.0, 0.0, 0.0, 0.0, 0.0, 0.0, 0.0, 0.0, 0.0, 0.0, 0.0, 0.0, 0.0, 0.0, 0.0, 0.0, 0.0, 0.0, 0.0, 0.0, 0.0, 0.0, 0.0, 0.0, 0.0, 0.0, 0.0, 0.0, 0.0, 0.0, 0.0, 0.0, 0.0, 0.0, 0.0, 0.0, 0.0, 0.0, 0.0, 0.0, 0.0, 0.0, 0.0, 0.0, 0.0, 0.0, 0.0, 0.0, 0.0, 0.0, 0.0, 0.0, 0.0, 0.0, 0.0, 0.0, 0.0, 0.0, 0.0, 0.0, 0.0, 0.0, 0.0, 0.0, 0.0, 0.0, 0.0, 0.0, 0.0, 0.0, 0.0, 0.0, 0.0, 0.0, 0.0, 0.0, 0.0, 0.0, 0.0, 0.0, 0.0, 0.0, 0.0, 0.0, 0.0, 0.0, 0.0, 0.0, 0.0, 0.0, 0.0, 0.0, 0.0, 0.0, 0.0, 0.0, 0.0, 0.0, 0.0, 0.0, 0.0, 0.0, 0.0, 0.0, 0.0, 0.0, 0.0, 0.0, 0.0, 0.0, 0.0, 0.0, 0.0, 0.0, 0.0, 0.0, 0.0, 0.0, 0.0, 0.0, 0.0, 0.0, 0.0, 0.0, 0.0, 0.0, 0.0, 0.0, 0.0, 0.0, 0.0, 0.0, 0.0, 0.0, 0.0, 0.0, 0.0, 0.0, 0.0, 0.0, 0.0, 0.0, 0.0, 0.0, 0.0, 0.0, 0.0, 0.0, 0.0, 0.0, 0.0, 0.0, 0.0, 0.0], "rewards": [85.80626719355061, -887.6671438097769, 373.5645676388369, -210.0173961306816, -335.90219414415225, -110.03100779811415, 169.58036391611904, 225.28912090057617, 262.9839107286086, 60.093473750866096, -95.7625447233558, -80.95007483152258, 93.58011184828695, 76.68496157854939, -34.98293182510184, -101.93281248110955, -28.606361694271985, 21.214152379802037, -98.83537576376273, -110.51298476638546, -42.752816647359644, 7.662436922990926, 25.90202885724626, -103.29088952418434, 56.822321338015236, -90.24608125652404, -126.41943357468615, 15.065489265412248, 136.45233101958456, 114.80047671256655, -98.38866917668912, -201.89713732596334, 60.62442864727304, 46.32308171026964, -5.246995639689864, -252.64743125761817, -152.87633884990325, 57.30799968348731, 74.39216221605123, 24.704363846518376, -121.9771566275684, -119.3998423312321, -67.67435996348243, 36.314518196397955, 107.17078330909972, 323.49290599340026, 111.97854481866669, 124.6057753528079, -34.72886182313405, -33.7856686337731, 7.780723657183907, -163.12980764248255, -78.65410270039743, 53.52240675261345, 16.26018175591437, -102.43105123639643, -139.75856418351623, 96.12996007052948, 106.2085408906134, 123.69939770835535, 154.63307732502528, 198.69529697508784, 50.754361013182965, -132.92310148909073, -37.60260974901904, -38.277979543166964, 42.63229375853596, 117.97446571338592, 62.56960372976981, -32.85614016290804, 89.7941378019581, 60.86980732150805, 0.6063957198587335, -7.938832018129462, -28.444594819566667, 40.21594175180162, -98.96211975624296, -49.4072815196124, 163.1965816847083, 94.06355382764268, -39.172940372900996, 70.42477881102275, 178.53188141008752, 154.64750148047554, -30.83253444416156, -37.484330359276576, -87.96966904459151, 79.22042626464855, -39.199607161394006, -51.39897493880673, -42.210634037507106, 42.72594369846543, -65.56028126543796, -68.69055208650713, 78.2844159170449, 109.83388033186665, 164.31485609107546, 75.19581522845853, 0.9849468681052045, -201.01983331602415, 91.53514710629086, 68.12978365149668, 9.339224016342753, -231.28088981563937, -440.51250125149176, -45.90037013867511, 145.02963016775874, 58.57636500006275, -31.402938735528902, -163.5740693444187, -104.22202382449943, -66.35525917972483, 154.86698506402377, 164.6876538738042, 40.791881144901105, -54.07478198430429, -126.74175866369218, -54.99099281875536, 161.90112151059256, 86.96472602430661, 19.40862965892864, -78.75396048962668, -15.990808381905435, -80.25450524147561, -65.42611156464987, 54.622809481742564, 9.115659830077874, -111.86718162432899, -52.78798802591579, 328.8171422972403, 267.8675339236813, 42.91975035694778, -225.646380332881, 61.805720801690434, 246.48522194357247, 156.0306551379344, 57.10062009360129, 36.03398421801414, -81.65291525711841, 40.32964653544399, 57.7693412857769, -88.43850876939234, 47.39428866718075, 56.94942426590611, 120.69746224974651, -89.0800899588759, -177.62940939385834, 124.6557525133138, -3.0056708506562497, 99.83332491412612, 49.952224770656315, 75.46722442304268, 135.14729085237366, 134.17452079808675, -148.96653640205676, -172.59819162810064, -30.324426922296496, 146.2961007640048, 77.77543895427645, 67.83920346734696, -3.604408451094992, -99.23052657892013, 91.604660760918, 6.41708796453953, 25.64216987256109, -10.630705784765116, 0.36305704139119443, 109.28393236216425, 95.40654727100988, 38.638526484334356, -110.96167692693797, -73.007999310258, 216.34625657241116, 204.6815872828752, 200.84202680499817, -46.16215045152167, -172.59641405851886, 4.36059280733944, 198.16141110164943, -23.10064416377243, -132.82714242096623, -24.4108474688987, -104.94737781563423, -138.31846730171517, 9.425765348908115, 47.99694814413509, 37.41787267607324, -271.73098510069815, -11.351726508685637, 54.57261300661896, 11.096112235029127, 19.874327151990443, 3.526272474787679, 3.494431616766136, -237.5211878687502, -163.87056388779877, 8.019326969423819, 134.07730733976825, -131.41884213438013, -87.3089780034459]}, "Latent AR LinUCB s=2": {"actions": [1.0, 1.0, 0.0, 1.0, 1.0, 1.0, 0.0, 0.0, 0.0, 0.0, 1.0, 1.0, 0.0, 0.0, 1.0, 1.0, 1.0, 0.0, 0.0, 1.0, 1.0, 0.0, 0.0, 0.0, 1.0, 0.0, 1.0, 1.0, 0.0, 0.0, 1.0, 1.0, 1.0, 0.0, 1.0, 1.0, 1.0, 0.0, 0.0, 0.0, 1.0, 1.0, 0.0, 0.0, 0.0, 0.0, 0.0, 1.0, 0.0, 1.0, 0.0, 0.0, 1.0, 0.0, 0.0, 1.0, 1.0, 1.0, 0.0, 0.0, 0.0, 0.0, 0.0, 1.0, 1.0, 0.0, 0.0, 0.0, 0.0, 1.0, 1.0, 0.0, 1.0, 1.0, 1.0, 0.0, 0.0, 1.0, 0.0, 0.0, 1.0, 1.0, 0.0, 0.0, 1.0, 1.0, 1.0, 0.0, 0.0, 1.0, 1.0, 0.0, 0.0, 1.0, 1.0, 0.0, 0.0, 0.0, 1.0, 1.0, 1.0, 0.0, 1.0, 1.0, 1.0, 1.0, 0.0, 0.0, 1.0, 1.0, 1.0, 1.0, 0.0, 0.0, 0.0, 1.0, 1.0, 1.0, 0.0, 0.0, 1.0, 1.0, 1.0, 0.0, 1.0, 1.0, 0.0, 0.0, 1.0, 0.0, 0.0, 1.0, 1.0, 1.0, 0.0, 0.0, 1.0, 1.0, 0.0, 1.0, 0.0, 0.0, 1.0, 0.0, 0.0, 0.0, 1.0, 1.0, 0.0, 1.0, 0.0, 1.0, 0.0, 0.0, 0.0, 1.0, 1.0, 0.0, 0.0, 1.0, 1.0, 1.0, 1.0, 0.0, 1.0, 1.0, 1.0, 0.0, 0.0, 1.0, 1.0, 1.0, 0.0, 0.0, 1.0, 1.0, 1.0, 1.0, 0.0, 0.0, 1.0, 1.0, 0.0, 1.0, 1.0, 0.0, 0.0, 1.0, 1.0, 0.0, 0.0, 1.0, 1.0, 0.0, 0.0, 1.0, 0.0, 0.0, 0.0, 1.0],