{"Stationary": {"actions": [0.0, 1.0, 0.0, 0.0, 0.0, 0.0, 0.0, 0.0, 0.0, 0.0, 0.0, 0.0, 0.0, 0.0, 0.0, 0.0, 0.0, 0.0, 0.0, 0.0, 0.0, 0.0, 0.0, 0.0, 0.0, 0.0, 0.0, 0.0, 0.0, 0.0, 0.0, 0.0, 0.0, 0.0, 0.0, 0.0, 0.0, 0.0, 0.0, 0.0, 0.0, 0.0, 0.0, 0.0, 0.0, 0.0, 0.0, 0.0, 0.0, 0.0, 0.0, 0.0, 0.0, 0.0, 0.0, 0.0, 0.0, 0.0, 0.0, 0.0, 0.0, 0.0, 0.0, 0.0, 0.0, 0.0, 0.0, 0.0, 0.0, 0.0, 0.0, 0.0, 0.0, 0.0, 0.0, 0.0, 0.0, 0.0, 0.0, 0.0, 0.0, 0.0, 0.0, 0.0, 0.0, 0.0, 0.0, 0.0, 0.0, 0.0, 0.0, 0.0, 0.0, 0.0, 0.0, 0.0, 0.0, 0.0, 0.0, 0.0, 0.0, 0.0, 0.0, 0.0, 0.0, 0.0, 0.0, 0.0, 0.0, 0.0, 0.0, 0.0, 0.0, 0.0, 0.0, 0.0, 0.0, 0.0, 0.0, 0.0, 0.0, 0.0, 0.0, 0.0, 0.0, 0.0, 0.0, 0.0, 0.0, 0.0, 0.0, 0.0, 0.0, 0.0, 0.0, 0.0, 0.0, 0.0, 0.0, 0.0, 0.0, 0.0, 0.0, 0.0, 0.0, 0.0, 0.0, 0.0, 0.0, 0.0, 0.0, 0.0, 0.0, 0.0, 0.0, 0.0, 0.0, 0.0, 0.0, 0.0, 0.0, 0.0, 0.0, 0.0, 0.0, 0.0, 0.0, 0.0, 0.0, 0.0, 0.0, 0.0, 0.0, 0.0, 0.0, 0.0, 0.0, 0.0, 0.0, 0.0, 0.0, 0.0, 0.0, 0.0, 0.0, 0.0, 0.0, 0.0, 0.0, 0.0, 0.0, 0.0, 0.0, 0.0, 0.0, 0.0, 0.0, 0.0, 0.0, 0.0], "rewards": [1269.1254683756165, 1008.2418415881117, -1295.814596294205, 138.78310115714515, 737.9099286476546, 337.69087720985107, -285.08529779662723, -368.60333182712276, 118.24784610278792, 183.65636651808597, -131.5492247612894, -109.77063676829059, 8.346243898213004, -29.336379414405812, -108.12893414888836, 4.571109366357538, 19.358538315942322, 18.634109630678584, -90.75776642216272, 18.90100707298619, 24.25891024795153, 78.56205558899973, -130.27656133584793, -10.144559824286496, 130.2832689678848, 55.554896027443746, 16.800673539399355, 23.58819367028257, -88.87840141700512, -150.1671062306867, -32.76017331724006, 14.687064063636733, -106.10102764449185, 44.67216344277303, 183.69588478622623, 159.25865061761309, -147.53177186203752, -105.40088853018587, 117.44588727888795, 143.61462377730527, -159.59739145407505, -217.60004772264367, -84.43353253845694, -15.167434768443819, -3.971661572609589, -0.5858154650301319, -36.18145472387751, -30.606132413843966, -27.64213155894, -186.39077996506919, -35.34729966239528, 193.9190973601608, 79.00221269806063, -123.07526169010171, -48.014320567651424, -125.08416471251522, -97.20769378750707, 12.625691931296492, 63.13886151099996, -18.01710266657365, -25.556824013227512, -120.24891033310415, -8.025027867247628, 90.75959122182014, -37.332386286753795, -153.42184681139057, -113.26958224526862, -32.14321455728854, 126.82818824661402, 97.47106971828471, 78.03596496951744, -27.399923744943386, 25.225909738709298, 14.000926576969468, -59.51617356076105, -12.743316859110772, 145.45097077687876, 266.0712959159773, 120.63837964761731, 40.114060613915996, -221.41407605226442, -93.97813753472775, 86.73771623889347, -5.165724285934271, -6.458068974297665, -103.70013103413982, -52.90544789601518, -43.518548168563555, 77.06304433004759, 70.05147891455941, -17.097120719167357, -37.548934944099436, -161.65993520538268, -92.53466212098064, 204.18663963603308, 175.88664095754248, -80.06495126417182, -205.5939043841342, -111.78785375854751, -111.01506556782667, -52.88837824672997, 10.518924588437457, -195.43096073243402, -190.45841235061852, 88.14958435598076, 100.4126483449711, -4.832787290928747, -6.162631783637268, 59.1890069974131, -46.30906720867215, -85.25702095608659, -47.096945903792516, -82.94952404811028, 91.63749514010117, 42.47936609288868, -70.36106300605188, -1.1097776832948263, 70.73049844773834, -208.371856766351, -205.93007856487003, -33.12433919899425, -35.818033925575506, -10.304086738308886, -24.63380280496047, 49.8150359925107, -33.356749022431345, -196.98202183040024, -37.608305569754044, 89.73476515502553, 251.44796957339537, 181.46606019628948, -45.6472136540788, -145.53211018251756, -67.55984227666546, -106.90934153776361, 275.2103548508901, 467.52851250317116, 115.79629023135011, -314.438227949377, -108.44288357205816, -31.762872119097025, 241.31900848431778, 244.42908172386572, -0.28850279618525104, -182.37981757547675, -47.726789516863214, -45.35949958386036, -175.5517670109861, 2.8203919611389, 24.4043068736705, -137.48285820038276, -73.33445440123343, -56.72243780666029, 247.4893916015855, 72.01830633346395, -29.03540460926569, 4.194338447999733, 97.99721001176401, 122.8788272188617, 238.15579221854983, 39.38985420778199, -120.93295864606682, 67.76146742015129, -126.92109367452204, 5.2927028640108595, 122.40095171102934, 134.21955910366137, 77.63265751225298, 121.63970590814179, 65.00837928274332, -65.46729259560017, 3.6713835642236936, 98.91646354792903, 15.893025037819458, -53.00280661584994, -189.68580667442632, -157.67160905515033, -50.752220272939724, -47.32117593603933, 159.76502341409793, 177.35901144290483, 78.65996986665142, -253.72636687140192, -18.238665341164346, 149.80158675764045, 51.309524218220744, 101.58763733447798, -55.61806280112294, -51.54882086959352, 121.98121454087628, 49.65823282516289, 95.78548031871286, -84.04467362242042, -118.61274460929863, -137.77892142969682, 109.56299777026886, -112.84216074412944, -15.272573399965781, 255.68195613404902, -21.32630939235797]}, "Latent AR LinUCB s=2": {"actions": [0.0, 1.0, 1.0, 1.0, 0.0, 0.0, 1.0, 1.0, 1.0, 0.0, 0.0, 1.0, 0.0, 0.0, 1.0, 1.0, 0.0, 0.0, 0.0, 1.0, 0.0, 0.0, 0.0, 1.0, 0.0, 0.0, 1.0, 1.0, 0.0, 1.0, 1.0, 0.0, 0.0, 1.0, 0.0, 0.0, 1.0, 1.0, 0.0, 0.0, 0.0, 1.0, 1.0, 0.0, 0.0, 0.0, 0.0, 1.0, 1.0, 0.0, 1.0, 0.0, 0.0, 1.0, 1.0, 0.0, 1.0, 0.0, 0.0, 0.0, 1.0, 1.0, 1.0, 0.0, 0.0, 1.0, 1.0, 0.0, 0.0, 0.0, 1.0, 0.0, 1.0, 0.0, 1.0, 1.0, 0.0, 0.0, 0.0, 1.0, 1.0, 1.0, 0.0, 0.0, 1.0, 0.0, 1.0, 0.0, 1.0, 0.0, 1.0, 1.0, 0.0, 1.0, 0.0, 0.0, 1.0, 1.0, 1.0, 0.0, 1.0, 0.0, 0.0, 1.0, 0.0, 0.0, 0.0, 1.0, 0.0, 0.0, 1.0, 1.0, 0.0, 1.0, 0.0, 1.0, 1.0, 0.0, 0.0, 1.0, 0.0, 0.0, 1.0, 0.0, 0.0, 0.0, 1.0, 1.0, 0.0, 0.0, 0.0, 1.0, 1.0, 1.0, 0.0, 1.0, 0.0, 0.0, 1.0, 1.0, 0.0, 0.0, 0.0, 0.0, 1.0, 1.0, 0.0, 0.0, 1.0, 0.0, 0.0, 1.0, 0.0, 1.0, 0.0, 1.0, 1.0, 0.0, 0.0, 0.0, 0.0, 1.0, 1.0, 0.0, 1.0, 0.0, 0.0, 0.0, 1.0, 0.0, 1.0, 1.0, 0.0, 0.0, 1.0, 1.0, 1.0, 0.0, 0.0, 0.0, 0.0, 0.0, 1.0, 1.0, 0.0, 0.0, 1.0, 0.0, 1.0, 0.0, 0.0, 1.0, 0.0, 1.0, 1.0, 0.0, 0.0, 1.0, 0.0, 0.0],