{"k": 1, "sigma_z": 1, "mean reward 1": [262.0607497512549, 161.12285662223897, 98.58525878106806, -39.422454781201246, 62.52264117935158, 101.35219038666526, 40.15979198497542, -6.287912458129052, 175.85492641740709, 261.86504514400343, 207.8556708847449, 56.23889013209207, 176.71969399680881, 302.04049662368357, 242.06252495110925, 110.81220558611626, 164.13405606801203, 289.57526152678037, 282.19969014813483, 294.70016147775823, 210.69771583455852, 125.12241362995917, 196.4953144707633, 167.15106139972906, 172.3344406713437, 267.9076455633946, 227.48791295605187, 211.1685280375053, 243.79536003678933, 219.29866722166796, 136.02242736601647, 300.911873203625, 239.29430389831322, 193.77349744559612, 193.9123168335655, 174.331074955089, 296.15882815838717, 334.0549703866468, 337.23646721761247, 505.5479771523046, 641.331078886003, 527.0541769261516, 394.90281000329543, 274.0032322294262, 240.21827871867484, 253.78519124493897, 273.6972914009751, 369.8928746631175, 204.3516593977082, 298.88126213076447, 400.75993937234784, 309.8770326995274, 359.19624541314954, 336.57722990738574, 308.17802428387984, 304.6783754511056, 281.6971379774041, 332.46110734199726, 200.56137585090624, 178.4249239763866, -72.88759214426292, -37.95341869967428, 27.919910996882123, -66.83093797688602, 138.8010116334135, 44.379242661754795, 148.7204363307184, 137.33802285686522, 83.4914958955556, 54.23005152192122, 159.7822618557654, 120.915765164364, 148.34481792604288, 97.85058888364611, 81.32859973247264, 152.35044457616135, 220.60034393621257, -18.219251131801073, 7.380043966954639, 64.18834688086505, 195.75667861219662, 188.60422920915155, 238.5506457726684, 224.5196987666212, 189.9701249685512, 39.039490782124254, 206.8664474404605, 58.29043770125666, 31.58167881479972, -39.91279348331641, 25.597421617346548, 67.22562754570286, -97.36061345693173, -128.24824862234158, 47.210838938507194, 146.23384547385245, 214.9352113236842, 223.141593224081, 106.2851004865797, 51.673333632926536, 123.52824680161127, 359.1372354259704, 282.03309232788865, 223.5453136942561, 171.38522182968563, 129.619097803233, -104.15674533231387, -63.633968592987486, -41.62750362818416, -38.132070348540935, -304.82968358878446, -335.8290571020229, -268.0641550494565, -182.70573038269185, -18.339479569132287, 5.075354645718829, -49.54815561627228, -248.48217924221498, -309.3513494015399, -366.68116180525243, -266.9032862874777, -239.5784280391212, 0.9524925513909821, -80.6744824244219, -108.65606583966469, -198.9996282223024, -230.31003473824092, -58.834629767200774, -21.28180746550934, -50.52524729584028, -283.6854291377559, -195.53432908288218, -161.02156864599604, -222.79368953324976, -260.86815387645623, -356.3953766931899, -185.3758968989503, -232.6131916873467, -230.28162952039133, -238.5870947534916, -225.28780560101933, -280.0519363300528, -255.798321477599, -234.20785456819831, -190.3843669316864, -143.26988686224811, -42.226394649712475, -157.1001816539674, -314.57091272164513, -324.6396481673524, -142.61704892517702, -218.22437229032352, -316.17920075620896, -424.6545028477186, -357.590206795298, -367.48095186440065, -278.71940147436385, -476.30979491941724, -379.802169842946, -249.39298487117352, -391.49541443155556, -371.2945063857715, -468.74412293851543, -281.3799145668968, -180.60605389015288, -166.68866872279742, -119.07488289239238, -320.70748009887575, -565.1955233810522, -590.4857717817293, -576.4925785012531, -566.4819199969829, -569.4999487222757, -702.7059574052336, -561.7821667247092, -622.36376196715, -700.7073978107921, -499.62400015030016, -456.35377045547517, -413.0221408662559, -426.3902147785665, -425.3206884869488, -522.9606159035877, -545.4054476348497, -511.37562149655696, -395.2271804007682, -430.51001797606216, -280.60381786963876, -237.10497015366715, -288.7976655215929, -228.13266431253646, -215.43554662223187, -279.58177760151045, -279.7416978604083, -379.4340471976736, -389.8402204805863, -165.05862664972688, -220.73193324745648, -245.0213658855299, -194.35429615078132],