{"k": 1, "sigma_z": 1, "mean reward 1": [12.378163119734618, 10.231865374980496, 8.673763238706876, 7.393376932521461, 8.6642384868413, 7.358599781289536, 7.078059462717829, 5.508168021436233, 4.833037823147124, 3.7312913858480234, 2.4685446586030184, 2.0608605065769328, 1.455658737393716, 2.194274678849464, 2.5304541952163375, 3.1146137983420017, 3.611001832142704, 3.4370802342624294, 4.752420940628179, 5.676495832871535, 6.637831384180341, 6.989036762545005, 8.556425794500697, 7.119513677522211, 7.332711163126864, 7.61060691402494, 5.78183315726714, 4.406876078521014, 4.4803172363424695, 4.9909589499816525, 4.799794067859024, 5.011346568715646, 4.600491444335126, 3.973862255982781, 2.88170338637351, 1.2943078977253781, 1.670745850113305, 0.4909620103016967, -0.5196032407670134, -0.6913749978235063, 0.3518820803492507, 0.20220185220999026, 0.36177331785216976, -1.3084360335611653, -1.7953201310922366, -1.6605414459877244, -0.9255478063847331, -0.5456379209137323, -0.7135103872582926, -0.830543697412943, -0.16167850039686682, -2.002031350755755, -0.5656879005085096, -0.7074738026694053, -1.8823526458142013, -1.5899957349401561, -1.5368126645568527, -0.36399508183593543, -0.4017201119517858, -0.540940662887877, -1.3119262255147328, -0.4623827954537273, -0.574173564939495, -0.5870627061600107, -0.9749857281313976, 0.22282156605447423, 0.28764522036565354, -0.5662910988581384, -1.1223598360707154, -3.2060864639567743, -2.350378454521679, -1.7813755163481586, -0.6130877935852144, -0.37415409551212403, -0.29630257163381246, 0.9249842685259853, -0.5009752851015622, 0.9122919074952203, -0.5509627481667931, -0.7701413588551724, -1.201957622901878, -2.214861941222743, -1.2403294230978275, -1.6680020802491313, -0.45723222079982206, 1.097259375639153, 1.0305791786226284, 0.5811104198221675, 1.6936953062253575, 0.8596327828378395, 1.2751661142066077, 2.0776392713463507, 1.490291710679112, 2.337575892695823, 0.5847026985849886, 0.4609945609673093, 1.238827603112352, 0.0834967095070196, 0.04976548015935174, -1.1788507988923467, -1.0242647032991488, -0.5370274417905163, -1.9804794044867615, -2.532081057481358, -1.9332204928506094, -1.545997925814563, -0.9834424401560615, -0.7237632710989426, -2.148480405101382, -1.026817222088769, -1.0138342258126223, -1.8000556504337866, -1.4965611112835822, -0.6217118930185082, -0.22256237226765968, 0.09176793673996803, 1.7760693908854495, 2.233878623260607, 1.9352364061834828, 3.0440034827344205, 2.6932158360921585, 2.754974470164785, 1.7702121036402845, 2.066513544542283, 1.784326532372674, 2.1051598923864994, 0.9755969856817133, 1.6378671322107987, 0.21983872466260412, 0.632309575559096, 0.29497226168060253, 1.0887352865439526, 0.9321917670132843, 1.4509083532848899, 0.08628654245117962, -0.6668752567852574, -2.360464181510035, -0.9448291274574845, -0.08376763535495135, -0.9795920128158667, -0.8400774989679223, -0.6463543150130804, 1.2491747636392958, 0.13003509896906384, -0.7544674845412263, -1.3582013561753747, -2.2418620349094462, -3.0660702317673434, -2.0806508937621104, -2.34498146978562, -1.9526550883232014, -0.6736824280377274, -1.04254031740469, -1.2219429917791416, 0.36242932355975244, 0.5390938045982134, -1.5788093663325056, -1.6435707990782598, -0.6955572780130685, -1.331702777993871, -1.735500623766474, -1.9703167616867865, -2.5689950620220348, -1.515107378353776, -0.4659025344648666, 0.2738001855240108, 1.2694116827129247, 1.8062150125596195, 2.458163805134088, 1.1689870692022364, 0.818460440918574, -1.8443157810600792, -2.1053188059303234, -1.8702317268096544, 0.5326672349986572, 0.13457124138257892, 1.0992694546925708, 0.8244900062921078, 0.8295192854556741, 0.7484006786654952, 1.0573501377561105, -0.6000777853810597, -1.0766752730360996, 0.3536480750195, 0.3578117827890474, 1.5805111346192746, 2.880545986378819, 1.7877907163383675, 0.9720455385515965, 2.3797738667830544, 2.2073635977854997, 1.6710554185747937, 2.184371543185716, -0.9287352847152288, -1.14576567890804, -0.4769641241938769, 0.12435409666512548, -0.4159340036569513, 0.2114570860609426, -0.8202550658459569],