{"k": 1, "sigma_z": 1, "mean reward 1": [-9.647634673094592, -8.182919872547304, -6.671029377001262, -7.58850367441326, -6.231078133004557, -6.7554469526495815, -6.167889185724899, -5.218847121780074, -4.345965256519535, -2.364389401851854, -2.081814894436504, -1.8192006661276958, -2.846228758643847, -2.1673106680650704, -3.0633917551123364, -4.118018171437597, -3.1637650458905076, -5.2054621743130145, -3.847079602961581, -2.5475306848647405, -1.4962657176533358, -0.8367193629177853, -0.7624075272559147, 0.11591983909903492, 1.3063304450011686, 2.012226102631667, -0.029872374430054194, 0.009042914428808977, 0.1875493373431116, 0.7249796265592225, 0.9529272068515279, 1.2099778827144605, 0.35671539467377966, -0.6407329458958442, -1.2243041842807423, 0.88820925047986, 1.042048483999034, 0.883284930146228, 0.8140463990395987, 1.1629130903940987, 0.7005199091294477, 0.10227184906877052, -0.5156390273292162, 1.558329941995966, -0.1404321027962998, -0.3015994193654229, -0.08279327419370033, -0.44895886328060686, 0.11918468555790812, -0.06419839261656847, 0.2230861220632101, 0.8515307408789751, 0.6398090721168197, 0.3686464877189339, -0.004398000688248471, -0.2444823780598021, 0.20581257279892173, -0.24865506371148158, 0.6561094384278788, 0.1394555851731522, -0.08464653630355973, 1.656216622450936, 0.2574581376805276, 0.7482719563599631, 1.6998997295964209, -0.43610496446985914, -0.8011447802853022, -1.8893205843563212, -1.5195552126273006, -0.5172128204316022, -1.5906061290956206, -2.5361201305810317, -3.173483849715923, -3.3369846072949105, -2.3534958104610633, -0.5622083143037817, -0.29361719549942766, 0.7417265163584206, 0.07395206100719598, -0.26300968399303165, -0.05242395796758126, 0.8479228150500819, 0.06773362478859202, -0.9838634415722688, -2.4003813966136716, -3.6006081339771994, -2.7324740205156393, -1.3815922882344616, -1.1754608660337138, -1.2991734533225352, -2.451338936244926, -1.1526046387140307, -1.4079463648099224, -1.598604283424146, -2.788783579104781, -4.481658297596599, -3.6897510175925343, -3.529376729537897, -3.1269625136034387, -1.9375237800955594, -2.729189863136517, -2.3600029328939165, -0.5241251254534174, -1.935896174368831, 0.38301559588366785, 0.8026202529026711, 0.04224198705337634, -0.5425773832408483, 0.311435891843918, -1.5934461348081785, -1.6700686377700076, -1.305192772503112, -1.4855444108464926, 0.5782616030058405, 0.6044688354050141, 1.7000780147337815, 3.275514719678326, 4.620869676239779, 3.160707920415258, 2.7482918909234475, 3.6668312128998064, 3.266182806485534, 3.5888790055425868, 1.3001957601855383, 0.8697108773731574, 0.4414837950787935, 2.266900935465766, 1.6104440871734786, 2.2233989371524756, 1.8873139630010776, 1.7509531690353035, 1.4031379893955944, 1.2431879696438317, 1.5417176393761511, 1.7154849886102093, 2.6777798128486885, 0.6796638911969246, 1.7208720771248265, 1.1262674469525469, -0.0689854752564436, 0.5280762427815207, -0.5580815510430741, 0.9922836050646117, 0.8031708325571344, 0.25760501660557106, 3.0186481073712526, 3.0755741234916645, 2.69275095677465, 2.435935839053093, 2.824856718256296, 3.8247384149125123, 2.943543848568711, 4.58706086674837, 4.22589377559349, 5.203465197942877, 4.136933690032745, 4.475374682068482, 2.8327751547155873, 2.319807952375739, 1.0048245141162622, 0.9943961209582795, 3.124821512604848, 3.5674808989779163, 3.686030192799511, 3.2478808539618775, 1.9401217980484167, 2.2056913976150923, 2.7821453916239873, 3.094019679111405, 2.4346411761129976, 4.13913059981023, 3.3881223912889222, 4.151773238914858, 4.162479131602687, 4.521699094574078, 3.6464729447012503, 3.4471861010023686, 3.058522156457483, 2.2953520231902846, 2.3611799873234247, 0.7954394232265538, 2.008412614411718, 0.7153997372249115, 2.233145549207814, 1.0561735409281252, 2.5476501580935222, 2.8265379565969564, 3.1661060002923085, 3.501620974972545, 3.9636769661763, 3.7111524365572164, 3.9854529193614217, 1.5154909485929502, 1.6602468366367151, -0.9424870376568162, -1.809852271804548, -3.9217800972726176, -2.9960347943633847, -2.749413408972542, -1.4683220865440922],