{"k": 1, "sigma_z": 1, "mean reward 1": [-131.80546925064624, -43.24828445961132, 6.257777860928787, 58.86578890429054, 139.10034743079356, 20.652599633860792, -107.57325486143219, -121.14855456384521, -77.2986068338271, 145.46955058766687, 128.2454305302561, 234.49141472782867, 102.32411417995391, 115.87748659045958, 76.47628628053617, -92.68213867273403, 105.86029707221138, 49.89902924082832, 96.34201183122408, -64.57670087797548, -47.99205222580245, 70.64045774599292, 26.564804160918186, 15.743168128402013, 13.929948755510358, 83.63443336577387, 42.00341250060693, -15.229669507726362, 187.81537994748464, 225.49927076143592, 151.75283426587023, 88.44040925980828, 3.851045775073847, 95.70035602325349, 48.53832430001304, 249.0538154995499, 146.68243063671417, 186.80601853377655, 214.69121388080214, 249.44826309853516, 181.51372860180123, 44.82047482628053, 113.25497441171682, 122.70948230565901, 182.635039815856, 130.50971042406957, 200.54930516187676, 230.60810413943585, 141.79556695570326, 62.5103623647649, 21.59864737352632, -55.174742630496155, -91.05263975017486, -69.27010130255947, -30.62599509814847, -21.994176249038844, -251.77951406303177, -117.61695155140153, -155.2851211360482, -110.55396004064262, -17.768012133470446, 74.52594239774335, -9.386041704326187, -61.14636286380397, -141.81170807003926, -281.5369492484426, -346.6191806956232, -298.2782303765388, -392.13417744906457, -418.98400956467003, -441.46531432040507, -305.3202697591642, -326.43252775346633, -334.1021746628132, -395.35560329512185, -276.96299505391704, -293.0868392791947, -331.3156611131557, -59.509514951937035, -122.18220723666346, -82.18037087167754, -149.95081166682374, -232.7256310223405, -101.88491450367675, -142.77904647155444, -224.4051218846563, -108.1185628104309, -60.44719830167657, -162.01162505272455, -145.34907242990843, -43.97641419183116, -63.58484423651337, -141.3935135000121, -151.40469338892825, -161.51598286791622, -184.32993708545558, -173.13325919930247, -130.09503277537698, -129.26017284029257, -20.809486312297786, 67.55315167246643, -5.460279997924189, -0.7695117816306107, 339.418011294598, 177.7884254991733, 172.68258589064666, 0.3186351818157629, 2.084985544278126, 41.92422540153487, 147.8154293170416, 193.22744326783624, 80.30917678118631, -120.5095144205755, -144.64335931547768, -276.32960433316725, -201.34908038083714, -170.44670788736207, -299.7498127605604, -463.01043163542295, -321.64868886127454, -169.00944687856995, -304.42986172596096, -216.47177897273409, -302.7258706357773, -294.92119211558105, -391.15444640134785, -268.11964822915536, -272.14528283489295, -229.9273881775309, -8.642131100182503, 80.06807111222129, 281.27812413029534, 71.94785639992172, 59.75781642024274, 47.85595139458237, 113.34569417703734, -37.34139781553898, 71.0091916097783, 194.34405042843986, 257.1568755491387, 226.57142693021393, 241.03020998518505, 261.87884042296633, 194.10981977721983, 212.1756491364078, 224.87025121411662, 286.7674315972054, 222.8910062025184, 267.8291178277568, 156.576961331811, 255.8255840401089, 386.9070483735459, 389.19289203664096, 427.46230518166095, 377.60095024108386, 461.10033748227767, 416.9795244918605, 624.252325211513, 408.4174356675259, 379.28094097982023, 245.64629200012558, 298.86650205533175, 308.23464562333436, 329.73570268607864, 280.25858009682406, 182.0959176686513, 75.74006934865237, -20.963316813942477, -158.04359356195184, -14.288360768090879, -64.95542676242268, -54.39335557041879, -53.474608873612986, 8.922186545863454, 83.91941432039336, 156.01598244014565, 23.38994170329105, 41.63256278361893, 191.6500773521183, 287.21596981809677, 151.01968877698272, 113.71204713973013, 228.01514925939603, 232.7607790280823, 111.23866587145834, 28.10896345623902, 45.72354756805675, 30.005288598735486, 38.06664059426617, 82.03658549258601, -58.06352841717144, 6.521677354678246, -62.74514889152416, 17.40080835105452, 38.91499005828365, -102.01293322763978, 52.79066643581706, 31.555312385530243, -29.551047785939744, 107.3172153552214],