{"k": 1, "sigma_z": 1, "mean reward 1": [258.8602858993318, 303.5774669246832, 59.04417065921477, 99.8470151530752, 178.06325814516438, 65.5404476046231, -4.099641050442171, 61.530817647056594, -59.06290448580267, -10.49812452237232, -29.234865090083012, 145.07041076459154, 265.3109656917416, 149.212360251281, 105.68134488975403, 33.215683610421074, 24.082154297633636, -56.17638063743562, -54.98751900564321, -90.33625671911462, -39.501736583868485, -210.21997446376167, -315.52905568243375, -380.6992584764165, -75.76793069832436, -60.929495008893184, -169.34663037723925, -143.96962556685156, -46.784534795326636, -92.9050712439847, -252.21102537083314, -109.04086110976523, 0.6276172834563165, -5.596281588103618, -34.897567998291315, 53.394194882498056, 6.782544772489818, 98.5436485511144, 24.195596051772917, 179.75824869946575, 207.890679597387, 204.91059559860463, 267.53911253308826, 116.6813904581488, -3.26163427753976, 63.92303657692461, 156.59335964905654, 109.17791097727114, -132.81685505976802, -99.82334455856495, -64.44673805680827, -149.04814457273693, -81.18834799114428, -84.20712586745753, -133.35106310113085, -9.926702979685253, -127.42719750857927, -185.77623847360903, -99.51028997545359, 21.30235208840584, -15.070364729879957, 3.689228654005733, 26.55166336238912, 149.5405206166812, 214.18872503809644, 159.98331157647553, 170.86480898836095, 203.5823865048256, 140.2459391614498, 186.65351065301294, 85.57262659299187, 11.976465840014228, -11.284618125000744, -88.95102280411196, -168.21298132375796, -154.47623403197412, -298.0552179064821, -271.467354715754, -126.48011999000542, -189.31039298072398, -220.4981064997817, -261.5855876864446, -260.2348349741741, -174.63421840614458, -12.60476196176199, -40.85547011430092, -75.8065912403006, -140.09194326099217, -152.15254387777995, 8.14284389527673, 76.32686137657687, 70.27797433776463, -10.3850224090278, -181.61578236858787, -159.75561980542338, -85.35066217393647, -93.8940907207314, -62.71864049463518, 20.838848935701627, 33.628608817671164, 70.77199330585067, 110.20873368782476, 73.62046857024626, 18.388265428258144, -139.53036556113867, -186.88576034299223, -49.025033240912805, -178.14529024047863, -135.1267169777578, -59.032495022892405, -181.81184906965692, -181.78632762374727, -98.76452697426215, 4.704676973745592, -147.85847239819782, -178.27014564608712, -86.59084771457736, 45.08487541757511, 64.81981944599711, 102.6192885555472, -69.35635227524848, -121.27908829353365, -131.40789454123586, -156.7203317306138, -325.60626567204787, -249.86417444422725, -198.65824660702782, -159.89216930395412, -188.27640737861987, -162.92484934649514, -290.97120901342186, -101.49977686214748, -70.90835301686685, -9.1455534520395, -22.674723218819697, -52.419998415359245, -165.85781728946966, -244.01161317257825, -298.55259699244556, -290.1052021646057, -460.68649277626304, -348.5784005397667, -409.14747370200575, -435.30592348389615, -294.37838136270096, -432.21674993660343, -320.8603814948228, -470.12403492827576, -501.39041167052267, -189.74904070489075, -66.13381982920916, 59.274560966767645, 168.36610136370462, 24.52998278492904, -157.95413610296725, 173.0875499348485, 195.36619253407179, 210.33160446282184, 183.6643584823713, 100.31572660539597, 137.26112704388953, 7.965740619911332, -29.54960317346011, -3.587812985543387, -127.42327193691172, -226.6962467846783, -192.8779531164879, 61.35278133912823, 50.271819108068094, 80.11210652956112, 127.87628429842522, 146.52734730231552, 90.13272987343153, -118.38433413341143, -2.425514577523491, 52.09526826048986, -81.79673259668478, -99.67999563178975, 14.480974321704366, -60.39841834594613, 109.31198371959168, -29.00253657338866, 15.871275067031643, 87.55016988955263, 91.10804216572218, 145.4717451012383, 24.50590907260024, 80.12365988860704, 31.125226016266698, 24.800310799373438, -5.889620295127182, -109.3009259952481, -223.5488213361092, -87.80985565505293, -100.39271818492148, -128.26367447420273, -150.6133378061251, -47.008833467327094, -68.45445217466973, -91.71808914800582],