{"k": 1, "sigma_z": 1, "mean reward 1": [-130.98323766834199, -253.5996294966793, -170.8921278077725, -156.5650981524977, -171.78678458553583, 17.041835405995307, -40.9963250960475, 163.041082664953, 247.67584219427226, 162.7747886522459, 138.130583432188, 128.03965123436421, 74.19518075574958, 136.55326664171685, 83.21042111945998, 135.99169626132397, 204.02754537815514, 166.8823351102071, -11.305884550600398, 113.36527428745093, 70.98249815754045, -25.641022624899932, -79.50978717000226, -63.89149192062159, -183.7301469648053, -295.87815566153233, -213.67361710540754, -149.90039788554174, -45.793338174874954, -119.85518137267121, -157.43662855990044, -58.624867135016466, -77.3214003352331, -41.55234632853266, 5.805560568625944, 144.22285368392417, 202.7479648752413, 367.90003714038704, 229.40498741909323, 164.4527504749711, 44.086981449672095, -80.48358231626369, 36.41618059868096, 41.711245528695265, 36.10787856107204, 53.615870416992465, 6.683454963365465, 8.241699213707603, -66.98156490087038, -156.5130009806295, -257.08767745954503, -404.3096005402856, -414.92028150936784, -190.3415660161008, -297.6268215935285, -364.34350535725, -248.0913581636998, -167.4881420958725, -160.55976075043614, -199.65005450048625, -106.8995540704434, 17.266022861288977, 142.18540311786768, 351.2103386555447, 340.9698488813834, 239.7936938784798, 287.67297463224975, 199.8119748469888, 3.0110732094603243, 19.624269916818083, 128.62393802439348, 159.47128257670607, 229.03801225995255, 43.57060977202083, -69.8529378364448, 9.408015193534936, 44.815513654776076, 29.99357021306751, -96.86605782237723, -235.4296860760397, -273.4341809982014, -248.3399300168267, -305.48878160052743, -459.930911495427, -584.1633469730654, -378.34188015926605, -237.20267673734367, -169.88634733366777, -170.47027331983878, -100.04953512145507, 63.02614757630774, 25.706453935452107, -9.400332573495643, 240.61551710525947, 263.8556028291097, 252.87617120363436, 276.4659563586606, 369.25510414674136, 204.09241378604727, 163.63661639163647, 180.8419411380765, 98.35401845793594, 127.38407246183488, 261.0609269349995, 229.46594064749436, 321.25919362200534, 403.7491473535984, 347.1367923454788, 213.72502241266517, 259.62726765177996, 333.0404125678238, 296.1148208656912, 313.72189458112854, 194.7263266176338, 64.72330909162261, -66.9830292111462, -164.43211568709805, -33.19020009965521, -3.4517306395171534, 16.69525252986994, 61.68714935368118, -79.03364656220303, -92.28336394882473, 50.13158741275097, 17.147986526469914, -97.17430870715316, 107.21184266018575, 6.221931835841077, -35.36869512572603, -142.11311291468428, -148.8405101594533, -85.33646337620073, -48.7122800839926, -24.77189850129346, -30.177407873528995, 149.96093291645127, 417.44389193735526, 368.5960021439036, 271.6463574201871, 133.90391875587426, -121.54995339655706, -51.517922742175195, 171.0999629538981, 42.621124498335575, -60.76939027980263, 85.09303698623825, 319.3831444325528, 247.75728813151775, 59.00972561852227, 73.30015413946168, -196.86355281939646, -188.79820922206272, -310.274247245225, -161.1126838783253, -192.54704123441923, -63.4266768405918, -131.84534930961834, -35.405644637654355, -34.93939705809929, -35.0085795304704, -92.09508165120157, 10.724645357294516, -49.721997757632316, -99.35678398975327, -209.64023303471967, -78.40695614719368, -87.32677960721563, -55.57543340639025, -216.662443649708, -81.40569059381039, -103.08622947718015, -117.84078322744807, -233.47178504968213, -141.76402888724732, -211.6271992813549, -78.21788068970366, -111.37522580506038, -64.63619100418035, -190.70212032092627, -164.0272926870455, -217.03326409396487, -235.40550458714668, -124.96561188135051, -89.43371690981563, -13.572295841577642, 59.29586856430332, 180.66632579843395, 457.34974631888167, 526.4729569825405, 680.076058965767, 640.5298560995677, 759.7228172858221, 591.1824063861424, 442.5956095912795, 425.02272316081263, 307.99306330998735, 262.390459852482, 247.257329100713, 223.42955722180258, 259.97378997472595],