{"k": 1, "sigma_z": 1, "mean reward 1": [4.396485808626292, 3.4908998572228302, 3.549326154497055, 3.1964591119532977, 1.122088894412547, 1.6103785208908419, 1.2777924076060367, 0.8886567516537862, -0.653450336002383, -0.4642243971151063, -1.9443264892734358, -1.5955583048897342, 0.5930697463603511, -0.9169159274222587, -3.1135394366517555, -3.2186598115065985, -1.8243236987804434, -1.106461972576308, -1.657975114985486, -0.030201976273413367, -0.3565955305591371, -0.5009223787555737, -1.203667337301481, -2.886399262051074, -0.3501642830382674, -0.8397524741352931, -0.5184753800845704, -0.2140501065207958, -0.5021214364575967, 0.049714830369203766, 1.237829269676294, -0.7923235358218035, 0.9864461145070577, -0.002055357964397486, -1.051866633243331, -2.126662063377203, -2.1966310931148634, -0.5387284630696205, -0.6975885837802194, 0.10719685897516229, -1.6815356798808625, -0.6190298070722438, -1.480671483078237, -1.9233741536335498, -0.43415154554352187, 0.27868180242049145, 0.9274426117343282, 0.7590348890738291, 0.6272639501163724, 1.4335768843585608, 0.8182925437891833, 1.1108336391478406, -0.4433713817678816, -0.9685065141095905, -0.7148118789944478, -1.1014574839810123, -0.6915033833130113, -0.05647055635430431, 0.13207720089589287, -0.3101991127496885, 1.4683980378739248, 0.4756355969587246, 0.5586950145251053, 1.2841273241230873, 1.5179045926618713, 1.6497505572304743, 1.1224932730877033, 1.2199660027555335, -0.7344565642485961, -1.9975314577794308, -1.4244475281847995, -0.7858773531272436, -1.829252006020099, -2.1612540281218, -2.7685887093258135, -4.027832134605706, -5.418697662945514, -4.179533786871387, -2.047200161315156, -1.083754944629155, 0.00517753467172688, 0.4164566123205331, -1.1224626912681153, 0.10207406351777859, 0.6748369604519561, -0.2048553170249784, 0.007937913496438492, 0.9612593298688594, 0.7338577467894749, 1.221249144345473, 1.764327914868637, 1.9732816612764226, 2.9952723791174094, 0.8419392696979624, 1.488899728155557, 2.477988815434064, 1.4811241979451317, 0.525614096621458, 2.53684823802216, 2.9195762731992634, 2.774684508980929, 3.512230993543726, 1.8173793292988873, 2.424145970485996, 2.9924996592249142, 2.521066406746463, 1.952094312849141, 1.4570568275891076, 0.7380768932806776, 0.7034378536801932, 1.2254793109136317, 2.843277675215093, 2.3316972579372828, 2.1213054995627405, 1.1688793082001045, 1.770548137559931, 1.0743560226557118, 1.0639399859464052, 2.128939437562283, 1.5688413113320323, 1.6962661135309605, -0.3732218171044832, -0.3165383078947783, -1.4578010413854703, -1.9002837433092301, -3.1116800387056838, -3.0303159675258873, -2.2887796280174797, -1.0841190401206502, -1.9717230448229492, -1.1461827040368706, -0.21764299806924514, 0.18117965979789524, 0.22563806016478596, 0.5122351068412666, 1.1001247620611938, 2.3831124158515777, 1.4209164876707565, 2.214836539134792, 1.5675584827261821, 2.3142086234189994, -0.03956171095559213, -0.2585556963055342, -0.32176474548500483, -1.3910878976615755, -0.36625830122894676, -0.3601413210474599, -1.2753176470304446, -0.12141455151463387, -0.10084749639663779, -0.6932733617002829, -0.797769608547068, -0.4600198126495034, -0.5622848553257664, 0.8868709471361303, -0.6994044660047603, -1.8260868054750805, -1.3337890073930534, -1.814889270134005, -2.243490389213983, -1.7148341803637086, -1.3216689237528654, -2.3486891014414732, -2.168010377319871, -0.7802083462538112, -0.9431417277340652, -0.617367766568155, -1.9039434500712664, -3.1526356762773955, -4.278579577500595, -3.986366158305721, -4.652112852059068, -4.833078872625976, -4.939533451445643, -3.6736026772987285, -4.0429165811486225, -1.656439592549211, -3.7822156123890958, -3.331486367515157, -2.9245058731886995, -3.417766570319518, -2.070641533160333, -1.6340976192983216, -2.2572933805571, -1.508142483431759, -3.570997996737001, -4.810456010331439, -2.550384178073859, -3.4850957649250454, -1.966124663088372, -1.2297737048374902, -1.1557986281923216, -1.9875664625564575, -3.30681031026225, -3.1513912955329784, -2.962939004187649, -1.8788463121281507, -1.978119580069298, -0.8074148340692304, -0.2368512135303804],