{"Stationary": {"actions": [1.0, 1.0, 1.0, 1.0, 1.0, 1.0, 1.0, 1.0, 1.0, 1.0, 1.0, 1.0, 1.0, 1.0, 1.0, 1.0, 1.0, 1.0, 1.0, 1.0, 1.0, 1.0, 1.0, 1.0, 1.0, 1.0, 1.0, 1.0, 1.0, 1.0, 1.0, 1.0, 1.0, 1.0, 1.0, 1.0, 1.0, 1.0, 1.0, 1.0, 1.0, 1.0, 1.0, 1.0, 1.0, 1.0, 1.0, 1.0, 1.0, 1.0, 1.0, 1.0, 1.0, 1.0, 1.0, 1.0, 1.0, 1.0, 1.0, 1.0, 1.0, 1.0, 1.0, 1.0, 1.0, 1.0, 1.0, 1.0, 1.0, 1.0, 1.0, 1.0, 1.0, 1.0, 1.0, 1.0, 1.0, 1.0, 1.0, 1.0, 1.0, 1.0, 1.0, 1.0, 1.0, 1.0, 1.0, 1.0, 1.0, 1.0, 1.0, 1.0, 1.0, 1.0, 1.0, 1.0, 1.0, 1.0, 1.0, 1.0, 1.0, 1.0, 1.0, 1.0, 1.0, 1.0, 1.0, 1.0, 1.0, 1.0, 1.0, 1.0, 1.0, 1.0, 1.0, 1.0, 1.0, 1.0, 1.0, 1.0, 1.0, 1.0, 1.0, 1.0, 1.0, 1.0, 1.0, 1.0, 1.0, 1.0, 1.0, 1.0, 1.0, 1.0, 1.0, 1.0, 1.0, 1.0, 1.0, 1.0, 1.0, 1.0, 1.0, 1.0, 1.0, 1.0, 1.0, 1.0, 1.0, 1.0, 1.0, 1.0, 1.0, 1.0, 1.0, 1.0, 1.0, 1.0, 1.0, 1.0, 1.0, 1.0, 1.0, 1.0, 1.0, 1.0, 1.0, 1.0, 1.0, 1.0, 1.0, 1.0, 1.0, 1.0, 1.0, 1.0, 1.0, 1.0, 1.0, 1.0, 1.0, 1.0, 1.0, 1.0, 1.0, 1.0, 1.0, 1.0, 1.0, 1.0, 1.0, 1.0, 1.0, 1.0, 1.0, 1.0, 1.0, 1.0, 1.0, 1.0], "rewards": [-1234.6985353120351, -1090.8954070460857, -1003.0413725114057, -1014.3171152848629, -1012.2535993281173, -858.3190128655115, -795.0238958230037, -608.1036691119008, -502.9038216112386, -446.0018865553113, -600.7386685566954, -507.12641389056995, -498.1691493816943, -456.6033699649699, -351.22735725843364, -296.25734562004885, -177.06865247662236, -84.47302449128216, -53.15706610538967, -21.44480345517313, 34.96266815899229, 18.70313348600525, -70.28524782538761, -199.28772403409417, -247.4625879335091, -395.529049793175, -348.29010739428065, -333.75175119636805, -311.62883007984254, -321.87172722647483, -28.62347940040704, -98.55087236556466, -14.54561549142369, -9.955660923297717, 29.938055731573584, -5.101109437296887, -130.39510961561285, -91.23051837762223, -100.50268956904364, -93.30777627298437, -131.12738291341168, -103.76619091261756, -101.51631540626329, -88.39971160297179, -167.3793318288661, -159.84021731796082, -227.8404828153199, -82.57781479169165, -93.9173873355843, 46.166155241869006, 242.35739636935963, 343.56643561218647, 375.1460295889201, 406.83545473532774, 320.561068669978, 395.6071811239787, 406.4398474150615, 181.52307246383805, 300.7700775447569, 280.59614594115817, 296.4055733754984, 404.7519873557873, 292.79253298975806, 424.7171635146796, 424.8955737834317, 550.9749802819264, 482.69515574136136, 466.2707702061792, 415.77642795221925, 436.87007214959664, 216.81236778865363, 109.97320945784905, -36.47615541453109, 160.1947651558043, 120.4741643946434, 49.89847514664999, -14.498313047203306, 84.74083904007522, 56.10317537118197, -55.724301089662696, -168.49816728364263, -96.01698428400138, -100.28132031801867, -0.8058343029990298, 63.91995152892765, 135.42666961695127, 260.45783754485404, 227.7480286495161, 86.26844222701922, 6.740420663605099, 60.54977452483536, -84.77037088547148, 4.613023392156498, 50.77499430048144, 11.798360436052588, 33.16013049583198, -77.84925853921376, -54.29140011291077, -111.41902247170673, -44.27657526936726, 1.9209005735382219, -138.93548871667235, -132.3880006005312, 43.33546567729777, -35.91962271298714, -74.80103405564739, -137.87891150845974, -163.9105097669483, -322.82881274035014, -382.9381038575581, -276.6704103152127, -109.43555082481618, -183.82027642951334, -220.6169657818708, -70.84264091082956, -109.48750578628132, -146.22826239262716, -109.6377064020535, -62.51754983435245, -186.28674937502694, -172.59782642613567, -345.9490118568698, -251.82695246244336, -125.61218266227291, 2.1288160555020514, -168.86020829595867, -173.01951478913205, -269.6029979393848, -278.25743316972125, -340.666034042197, -307.9354674360009, -254.6762674751627, -353.3672484899248, -348.53541652923036, -207.73449538937888, -133.44488849474055, -122.00330664275948, -204.3787670883696, -141.478310640275, -117.61229180386916, -161.39666837833374, -247.2928723191649, -197.90859829491725, -309.79647197228115, -212.92706432111507, -136.00510649996295, -37.59518625956111, -141.77310313655275, -126.64821069012746, -97.73146512543924, -195.4238197342636, -289.2967974751057, -175.63105264210452, -329.50027238501593, -326.0938947114822, -272.60602890226596, -349.36742484045135, -140.2624768699991, -51.706622472811524, 8.29186452576349, 97.9679524562983, 123.3566071197413, 375.70337497653753, 348.2098853700271, 211.5231894867637, 236.2308881151357, 348.2496325455648, 325.01539981116395, 114.77822326485307, 394.3071248918201, 245.20600187087538, -49.861135460298776, -7.392172114551216, 21.023400281675826, -93.28062784262963, -115.44670865783597, -110.29390474123358, -282.6120069547989, -106.22238910572717, -77.42919302728154, 56.62653660914251, 19.584781241494827, 91.64870431481063, -2.9960098938001365, -54.490645052415644, -37.1190003998942, -205.0767208633445, -223.16416410338348, -157.91278258403318, -307.5316469948766, -194.4969110908006, 17.01603777278236, 124.97235251990325, 126.84170509610219, 436.5500761014677, 455.42832714333196, 241.02343309687305, 253.5268553922455, 190.53290107253946, -10.462183037868366]}, "Latent AR LinUCB s=2": {"actions": [1.0, 1.0, 0.0, 0.0, 0.0, 0.0, 0.0, 0.0, 0.0, 0.0, 0.0, 0.0, 0.0, 0.0, 0.0, 0.0, 0.0, 0.0, 0.0, 0.0, 0.0, 0.0, 0.0, 0.0, 0.0, 0.0, 0.0, 0.0, 0.0, 0.0, 0.0, 0.0, 0.0, 0.0, 0.0, 0.0, 0.0, 0.0, 0.0, 0.0, 0.0, 0.0, 0.0, 0.0, 0.0, 0.0, 0.0, 0.0, 0.0, 0.0, 0.0, 0.0, 0.0, 0.0, 0.0, 0.0, 0.0, 0.0, 0.0, 0.0, 0.0, 0.0, 0.0, 0.0, 0.0, 0.0, 0.0, 0.0, 0.0, 0.0, 0.0, 0.0, 0.0, 0.0, 0.0, 0.0, 0.0, 0.0, 0.0, 0.0, 0.0, 0.0, 0.0, 0.0, 0.0, 0.0, 0.0, 0.0, 0.0, 0.0, 0.0, 0.0, 0.0, 0.0, 0.0, 0.0, 0.0, 0.0, 0.0, 0.0, 0.0, 0.0, 0.0, 0.0, 0.0, 0.0, 0.0, 0.0, 0.0, 0.0, 0.0, 0.0, 0.0, 0.0, 0.0, 0.0, 0.0, 0.0, 0.0, 0.0, 0.0, 0.0, 0.0, 0.0, 0.0, 0.0, 0.0, 0.0, 0.0, 0.0, 0.0, 0.0, 0.0, 0.0, 0.0, 0.0, 0.0, 0.0, 0.0, 0.0, 0.0, 0.0, 0.0, 0.0, 0.0, 0.0, 0.0, 0.0, 0.0, 0.0, 0.0, 0.0, 0.0, 0.0, 0.0, 0.0, 0.0, 0.0, 0.0, 0.0, 0.0, 0.0, 0.0, 0.0, 0.0, 0.0, 0.0, 0.0, 0.0, 0.0, 0.0, 0.0, 0.0, 0.0, 0.0, 0.0, 0.0, 0.0, 0.0, 0.0, 0.0, 0.0, 0.0, 0.0, 0.0, 0.0, 0.0, 0.0, 0.0, 0.0, 0.0, 0.0, 0.0, 0.0, 0.0, 0.0, 0.0, 0.0, 0.0, 0.0],