{"Stationary": {"actions": [1.0, 1.0, 1.0, 1.0, 1.0, 1.0, 1.0, 1.0, 1.0, 1.0, 1.0, 1.0, 1.0, 1.0, 1.0, 1.0, 1.0, 1.0, 1.0, 1.0, 1.0, 1.0, 1.0, 1.0, 1.0, 1.0, 1.0, 1.0, 1.0, 1.0, 1.0, 1.0, 1.0, 1.0, 1.0, 1.0, 1.0, 1.0, 1.0, 1.0, 1.0, 1.0, 1.0, 1.0, 1.0, 1.0, 1.0, 1.0, 1.0, 1.0, 1.0, 1.0, 1.0, 1.0, 1.0, 1.0, 1.0, 1.0, 1.0, 1.0, 1.0, 1.0, 1.0, 1.0, 1.0, 1.0, 1.0, 1.0, 1.0, 1.0, 1.0, 1.0, 1.0, 1.0, 1.0, 1.0, 1.0, 1.0, 1.0, 1.0, 1.0, 1.0, 1.0, 1.0, 1.0, 1.0, 1.0, 1.0, 1.0, 1.0, 1.0, 1.0, 1.0, 1.0, 1.0, 1.0, 1.0, 1.0, 1.0, 1.0, 1.0, 1.0, 1.0, 1.0, 1.0, 1.0, 1.0, 1.0, 1.0, 1.0, 1.0, 1.0, 1.0, 1.0, 1.0, 1.0, 1.0, 1.0, 1.0, 1.0, 1.0, 1.0, 1.0, 1.0, 1.0, 1.0, 1.0, 1.0, 1.0, 1.0, 1.0, 1.0, 1.0, 1.0, 1.0, 1.0, 1.0, 1.0, 1.0, 1.0, 1.0, 1.0, 1.0, 1.0, 1.0, 1.0, 1.0, 1.0, 1.0, 1.0, 1.0, 1.0, 1.0, 1.0, 1.0, 1.0, 1.0, 1.0, 1.0, 1.0, 1.0, 1.0, 1.0, 1.0, 1.0, 1.0, 1.0, 1.0, 1.0, 1.0, 1.0, 1.0, 1.0, 1.0, 1.0, 1.0, 1.0, 1.0, 1.0, 1.0, 1.0, 1.0, 1.0, 1.0, 1.0, 1.0, 1.0, 1.0, 1.0, 1.0, 1.0, 1.0, 1.0, 1.0, 1.0, 1.0, 1.0, 1.0, 1.0, 1.0], "rewards": [-307.1904872381575, -398.46313999609356, -368.5226441008786, -246.29085050002922, -81.54093783846294, -94.4286809386429, -44.82161864585702, 30.70052038925693, 128.3219148295942, 124.38042056471193, 163.07756597993006, 281.54527824514884, 260.96445713597933, 198.95275789919273, 130.25556438149857, 261.1976124084353, 193.50290200537034, 55.34851047667286, 63.26071687004313, 203.7772591962048, 38.42829870723412, 60.3163491804825, 106.39708756135656, 248.95178097643682, 196.16899623841405, 396.34061021245014, 378.70603322671246, 360.6287677385958, 311.7266293711041, 199.0032508942449, 195.9539656701571, 66.65391905114802, 232.38983998438275, 301.9428145308591, 215.59233916691804, 235.2763557198524, 254.23185341515332, 215.0238706679795, 110.96643623719602, 162.27052471326726, 189.25361451820837, 382.6274273304381, 329.88450756027464, 321.5766507789662, 251.73908648477945, 300.5961340638274, 397.8469877952761, 212.3400326361207, 78.06945948397633, 129.1699464203528, 86.64735926082354, 32.5965949845802, 28.590692981777984, 36.34913580858382, 8.42943326512061, 148.07075717741907, 267.1159808896254, 344.51521862961124, 227.1112989979328, 300.3516878956083, 307.80427931139303, 338.67600567132274, 262.2477121005308, 212.64145144498804, 230.41109384333183, 125.19042183098803, 220.0957711835548, 241.88772518503902, 135.5150990297396, 148.44987500562138, -4.546921085161433, -19.866370995852193, -167.8246206971085, -86.16363745435045, -9.700750441198148, -66.00062682626586, 70.78327579885998, 53.33771733979406, -122.06768058596249, -294.81831174039434, -283.5644529581384, -187.44237524752342, -379.4067842870628, -402.3099213973256, -437.2410753965098, -340.0123777789586, -399.4374119118961, -327.47607484732333, -445.960434852886, -363.06361994978334, -388.1402513239276, -205.79664591163328, -31.427224193935935, -88.73876073927043, 78.59389465695777, 122.68798448378928, 155.02436369268509, 199.93722835149046, 223.73322903201895, 238.52620717083116, 199.57497284761027, 420.9181859834441, 300.9922032426897, 244.89606700641565, 144.09823372769452, 208.70138460517305, 213.0516606996042, 239.60944184557607, 327.7545625530777, 404.10276596099305, 281.42248026587055, 77.28031626711709, 17.09821848349718, 16.31731710770283, 157.61376644336374, 76.29849638079735, -98.28526593155523, -181.1298873085726, -140.27491467338803, -116.70052611495362, -110.536902230734, -182.01313514307597, -190.89948837220473, -110.5389423177236, -163.96198844543682, -234.77761683880203, -163.45409822711125, -143.40147182614544, -116.31378777656782, -284.19478971605844, -221.41160222696388, -282.8687149280634, -320.5292805650467, -438.37541742806985, -356.3284881319434, -402.0461517869767, -377.1267182047726, -406.5603881243934, -336.26043232132554, -241.77843565895645, -297.29916579183543, -288.8213074047202, -227.7800296154922, -186.8362718533224, -197.62972677885202, -192.93999846032682, -197.6995461294886, -204.68963540933132, -243.5185914485204, -191.35742709922133, -135.48498844215064, -140.56777337172045, -82.63874977088987, -42.13302601703262, 104.3461955690744, 277.03031920544333, 422.32078716834417, 287.18543518369535, 154.35771314879588, 62.816972148629425, 37.297888021699734, 253.8178918627808, 144.63725511727378, 83.27105250953484, -126.47280210589477, -57.10147956998779, 41.62098283891057, 74.73296977688625, 183.55295542895757, 112.88628618466016, 174.4912249091162, -37.335653128008744, -151.08870528467622, -81.98609149490385, -54.992758742921644, -11.928793750679962, 32.596234930228164, 136.91427688171584, 169.1850883172934, 232.17171794245994, 274.86368885894086, 182.35087594471457, 127.45775354517474, 151.79660586022533, 117.05406971850938, -27.937075014110683, -25.38818460097033, -41.200976160703, -61.90752718657987, -36.98490920528668, 60.52570952296032, 161.24131189184342, 201.51830246320625, 159.75659234855004, 315.9946411462355, 73.8527766343061, 101.80547917693991, 184.62637397073135, 364.36711405215567, 307.6846183172176]}, "Latent AR LinUCB s=2": {"actions": [1.0, 1.0, 0.0, 0.0, 0.0, 0.0, 0.0, 0.0, 0.0, 0.0, 0.0, 0.0, 0.0, 0.0, 0.0, 0.0, 0.0, 0.0, 0.0, 0.0, 0.0, 0.0, 0.0, 0.0, 0.0, 0.0, 0.0, 0.0, 0.0, 0.0, 0.0, 0.0, 0.0, 0.0, 0.0, 0.0, 0.0, 0.0, 0.0, 0.0, 0.0, 0.0, 0.0, 0.0, 0.0, 0.0, 0.0, 0.0, 0.0, 0.0, 0.0, 0.0, 0.0, 0.0, 0.0, 0.0, 0.0, 0.0, 0.0, 0.0, 0.0, 0.0, 0.0, 0.0, 0.0, 0.0, 0.0, 0.0, 0.0, 0.0, 0.0, 0.0, 0.0, 0.0, 0.0, 0.0, 0.0, 0.0, 0.0, 0.0, 0.0, 0.0, 0.0, 0.0, 0.0, 0.0, 0.0, 0.0, 0.0, 0.0, 0.0, 0.0, 0.0, 0.0, 0.0, 0.0, 0.0, 0.0, 0.0, 0.0, 0.0, 0.0, 0.0, 0.0, 0.0, 0.0, 0.0, 0.0, 0.0, 0.0, 0.0, 0.0, 0.0, 0.0, 0.0, 0.0, 0.0, 0.0, 0.0, 0.0, 0.0, 0.0, 0.0, 0.0, 0.0, 0.0, 0.0, 0.0, 0.0, 0.0, 0.0, 0.0, 0.0, 0.0, 0.0, 0.0, 0.0, 0.0, 0.0, 0.0, 0.0, 0.0, 0.0, 0.0, 0.0, 0.0, 0.0, 0.0, 0.0, 0.0, 0.0, 0.0, 0.0, 0.0, 0.0, 0.0, 0.0, 0.0, 0.0, 0.0, 0.0, 0.0, 0.0, 0.0, 0.0, 0.0, 0.0, 0.0, 0.0, 0.0, 0.0, 0.0, 0.0, 0.0, 0.0, 0.0, 0.0, 0.0, 0.0, 0.0, 0.0, 0.0, 0.0, 0.0, 0.0, 0.0, 0.0, 0.0, 0.0, 0.0, 0.0, 0.0, 0.0, 0.0, 0.0, 0.0, 0.0, 0.0, 0.0, 0.0],