{"Stationary": {"actions": [0.0, 1.0, 1.0, 1.0, 1.0, 1.0, 1.0, 1.0, 1.0, 1.0, 1.0, 1.0, 1.0, 1.0, 1.0, 1.0, 1.0, 1.0, 1.0, 1.0, 1.0, 1.0, 1.0, 1.0, 1.0, 1.0, 1.0, 1.0, 1.0, 1.0, 1.0, 1.0, 1.0, 1.0, 1.0, 1.0, 1.0, 1.0, 1.0, 1.0, 1.0, 1.0, 1.0, 1.0, 1.0, 1.0, 1.0, 1.0, 1.0, 1.0, 1.0, 1.0, 1.0, 1.0, 1.0, 1.0, 1.0, 1.0, 1.0, 1.0, 1.0, 1.0, 1.0, 1.0, 1.0, 1.0, 1.0, 1.0, 1.0, 1.0, 1.0, 1.0, 1.0, 1.0, 1.0, 1.0, 1.0, 1.0, 1.0, 1.0, 1.0, 1.0, 1.0, 1.0, 1.0, 1.0, 1.0, 1.0, 1.0, 1.0, 1.0, 1.0, 1.0, 1.0, 1.0, 1.0, 1.0, 1.0, 1.0, 1.0, 1.0, 1.0, 1.0, 1.0, 1.0, 1.0, 1.0, 1.0, 1.0, 1.0, 1.0, 1.0, 1.0, 1.0, 1.0, 1.0, 1.0, 1.0, 1.0, 1.0, 1.0, 1.0, 1.0, 1.0, 1.0, 1.0, 1.0, 1.0, 1.0, 1.0, 1.0, 1.0, 1.0, 1.0, 1.0, 1.0, 1.0, 1.0, 1.0, 1.0, 1.0, 1.0, 1.0, 1.0, 1.0, 1.0, 1.0, 1.0, 1.0, 1.0, 1.0, 1.0, 1.0, 1.0, 1.0, 1.0, 1.0, 1.0, 1.0, 1.0, 1.0, 1.0, 1.0, 1.0, 1.0, 1.0, 1.0, 1.0, 1.0, 1.0, 1.0, 1.0, 1.0, 1.0, 1.0, 1.0, 1.0, 1.0, 1.0, 1.0, 1.0, 1.0, 1.0, 1.0, 1.0, 1.0, 1.0, 1.0, 1.0, 1.0, 1.0, 1.0, 1.0, 1.0, 1.0, 1.0, 1.0, 1.0, 1.0, 1.0], "rewards": [-5.1002503692835495, 5.038630973451593, 5.36833729346564, 4.826072172980844, 3.6519678958302846, 4.032502978903453, 4.800569023242099, 4.159315691776519, 5.683543381888281, 3.477163794355385, 3.381409986038433, 2.1019389724063404, 4.177458059930732, 3.3347356154637318, 2.4710203226291196, 3.33225418460782, 4.378325133767022, 4.7188230200994585, 5.07891114323694, 5.3150243085244115, 4.533770667395546, 5.364198649985965, 5.772777386249038, 5.196400375118386, 2.5397643713709184, 3.5543508670955584, -0.2856812725047475, 3.088822130795071, 3.235698994237548, 1.3159866268589697, 1.7861169784829016, 2.6269305591311363, 1.277518200134514, 4.436354797907482, 5.208154629628298, 4.591433148717366, 6.097397416365255, 7.84851995745444, 4.1566605912231935, 4.039948986818551, 2.561794888145191, 2.9160701178594444, 4.607502623386662, 1.9891341530863755, 2.0203218511504586, 1.3249691791062133, 0.14912979093547585, 0.011960176720990034, -1.4824867434582216, -0.5039782906682505, -1.760931956395, -0.714848632183094, -3.2298645548524796, -3.9284168985864993, -2.707673568727232, 0.0025429490130739474, -0.8999475691163012, 0.16016228519360354, -0.6068396594146215, 0.8976116774252672, 1.3558135928026855, 3.277083957365048, -0.15300254481227338, 1.7449385600651162, 1.3801603540042016, 2.621558261541004, 2.9468444252375043, 5.093745068461136, 3.3238690620354423, 2.356703266353666, 5.551317395557814, 4.624135572663871, 7.045382260446678, 5.694231278286961, 2.4660236869475924, 4.646191576446253, 3.4290102192197134, 4.890405183679511, 7.539043451014956, 5.753553694387693, 6.363539918054258, 6.062683413799895, 6.784099678055066, 5.390909531530214, 2.511822692125194, 4.443883618324644, 5.519032226649927, 3.8115051223226724, 2.8265609393254687, 2.539877287945795, 2.9034211172494286, 3.3908241040754348, 3.4863090467300952, 3.372486470935193, 4.482073049021006, 3.507451030875837, 3.420349220934508, 3.1089610576492186, 4.5785631433222385, 4.208795889328696, 3.928865494144532, 6.520208165482006, 3.7627169606134685, 3.6358979336667687, 2.232846617539117, 1.584837812291569, 0.017649086627008592, -1.4772295820426584, -1.893559726969537, 0.5494466420310844, -1.006573174954349, -4.272726560073491, -0.4057188842383459, 0.13320309083681048, -0.4206471620545403, 0.3139428937938349, -1.0140702607311582, 0.7736802223827949, 2.4491705948944396, 2.118184333006103, 0.9333903402693717, 0.4583109777659664, 3.817051351344662, 0.812186997783019, 2.2552573569077836, 1.8742010233823265, 2.935449965138608, 4.894430866301187, 3.7417870407863236, 1.3624357759837193, 3.3273561280324793, 3.8387289367725153, 4.821720181742418, 3.3310100318267652, 3.449491317503914, 0.8242404732820864, 1.767910331301473, 2.147183290990599, 0.7870447019590545, 1.2211118339235798, 0.4503546980287102, 0.11818855331834188, -0.8745976934344948, -2.44053919174016, 0.22862366462935757, -1.2497714168471101, -2.108484261317221, 1.267342806478079, -1.3392303793149865, -1.710736044466403, -1.373576724279855, -3.284882374095611, -2.9477319631653898, -2.9770314002696487, -2.1674668223174156, -0.403882328229318, -0.04117198299547287, -1.6142478997148468, -0.45493741020223966, 0.27588982934119166, 0.9505805685515316, 1.202794621094306, 0.014837607026184751, 0.4047828126463964, -0.8286564718282119, -0.6727218395352202, -0.8201639014756852, -0.1815074877810328, 1.3931819998144173, 0.2821453722230953, 1.3151668183420193, -1.0595261444291817, -1.5295183870954956, -1.7705797849483536, -1.0001962935460462, -2.2584200109965784, 1.056519477556122, -0.6729644953389666, -0.669144119104839, -1.5975489677679844, 0.29272659001228496, 1.1272053287039805, 0.756868978362223, 1.071402322759239, 1.9199088844016154, 2.70435029868264, 3.31253421894643, 4.442527650884298, 1.32304819966779, -0.046823497268500464, -1.2579636857968675, 3.1661956569123224, 0.7200500672442421, -3.88416333470351, -2.2318167214563993, -0.9676101236803747, -0.6373942002682512, 0.8679914138944833, 1.7506198184258586, 3.480408445399517]}, "Latent AR LinUCB s=4": {"actions": [0.0, 0.0, 0.0, 1.0, 1.0, 1.0, 1.0, 1.0, 1.0, 1.0, 1.0, 1.0, 1.0, 1.0, 1.0, 1.0, 1.0, 0.0, 0.0, 0.0, 0.0, 0.0, 0.0, 0.0, 0.0, 0.0, 0.0, 0.0, 0.0, 1.0, 0.0, 0.0, 0.0, 0.0, 0.0, 1.0, 1.0, 0.0, 0.0, 0.0, 0.0, 0.0, 0.0, 0.0, 1.0, 0.0, 0.0, 0.0, 0.0, 1.0, 1.0, 1.0, 1.0, 1.0, 1.0, 1.0, 0.0, 0.0, 0.0, 0.0, 0.0, 1.0, 1.0, 1.0, 1.0, 0.0, 1.0, 0.0, 0.0, 0.0, 0.0, 0.0, 0.0, 1.0, 1.0, 1.0, 1.0, 1.0, 1.0, 1.0, 1.0, 1.0, 1.0, 1.0, 1.0, 1.0, 1.0, 1.0, 1.0, 1.0, 1.0, 0.0, 0.0, 1.0, 1.0, 1.0, 1.0, 1.0, 1.0, 1.0, 1.0, 1.0, 1.0, 1.0, 1.0, 1.0, 1.0, 1.0, 1.0, 1.0, 1.0, 1.0, 1.0, 1.0, 1.0, 1.0, 0.0, 0.0, 0.0, 0.0, 0.0, 0.0, 0.0, 0.0, 0.0, 0.0, 0.0, 0.0, 0.0, 0.0, 0.0, 0.0, 1.0, 1.0, 1.0, 1.0, 1.0, 1.0, 1.0, 1.0, 0.0, 0.0, 0.0, 0.0, 0.0, 0.0, 0.0, 0.0, 0.0, 0.0, 0.0, 0.0, 0.0, 0.0, 0.0, 0.0, 0.0, 0.0, 0.0, 0.0, 0.0, 0.0, 0.0, 0.0, 0.0, 0.0, 0.0, 0.0, 1.0, 1.0, 1.0, 1.0, 1.0, 1.0, 1.0, 1.0, 0.0, 0.0, 1.0, 1.0, 1.0, 1.0, 1.0, 1.0, 1.0, 1.0, 1.0, 1.0, 1.0, 0.0, 1.0, 1.0, 1.0, 1.0, 1.0, 1.0, 1.0, 1.0, 1.0, 0.0],