{"k": 5, "sigma_z": 1, "mean reward 1": [324.30565285603626, -687.350771238904, -666.8034978438633, -1083.3409188309188, -912.9259116758262, -333.66296464286285, -302.64744310807026, 353.8858096362773, 56.28657331486288, 407.3013386022991, 78.53129899340846, 77.26931445173963, -31.478123911561728, 76.99563018086639, -60.79785362695145, 121.70681558388627, -21.555268581178407, -59.610357965402905, 137.30708879049763, 20.025118461331704, 2.9018559376072672, -5.141544704753209, -29.968645780970537, -83.49437135788266, 29.762377396237483, -61.393099984202806, 128.7981328195049, -58.449115131329485, 14.827153984312247, 70.34150892785117, -83.19201786438606, 27.797000155170092, -120.90621931869497, -130.01895340440012, -157.56045854641735, 88.79100726115084, -8.081227910042033, 99.43498297506164, -40.298471350028706, 77.67184584582716, 211.36418194960922, -38.36584503538285, 93.93525031480358, 98.38964065731246, -147.75095196590127, 273.2150046884253, -35.160015950855836, 57.288266080031455, 31.861053256828463, 80.48475956909814, -80.21583073887103, -121.46482793097879, 16.19186083978301, -238.09372537426464, 66.83307190559944, -101.61800063656925, -61.08458748139459, 35.6765796759278, -118.18670034778751, 6.373678899177859, 61.289359109879484, -116.4749793166007, -207.9948294666223, 55.94494309755957, 6.257554373981589, -149.32072752519105, 60.676091147714416, -133.0982442701563, 109.65518336026886, -54.11255109002766, 129.92304083477075, 37.875216095244454, 58.01028715938198, -7.460290274962859, -30.33661709548752, 76.0422175450809, -84.28004070078514, 187.80663531346949, -15.393893750103816, 223.72744549148788, 14.371326062145862, 43.91723839687905, -102.98155648611976, 7.736796114653813, -54.541133238097196, -23.03651386300823, -121.50126924250786, 79.78219168562484, -292.43109800413276, 54.21381985904454, -142.67103187214468, -75.76733578962096, -80.75125695083301, 44.122301971787834, -32.95415496473518, -23.652809351614113, 51.90395861902106, 92.63384963864723, 33.843820627909444, 150.91779943243105, 72.32269398128423, -156.17287580733495, 14.891221884157002, 7.2361084538356994, -84.06979382031561, -21.73688218569392, -120.742889469072, 109.9393016591826, -190.24299833546718, 43.01572740694829, 17.17073171692336, 41.741674786740724, 10.375169584485027, 17.07342079536595, 51.378429542762035, 87.44416676125172, 76.85308282563375, -50.41911606732767, -93.75313414149005, -51.96025299143581, -72.10685017798126, -150.2599414296746, -68.32624819942413, 65.32161656310439, -9.809259487051694, -15.293277121216997, -112.86498746929337, -44.40291281425517, 139.39278228104055, -102.98547384255237, 68.1208467400128, -80.60265654309595, -144.02447694632937, -19.314655714660624, -140.30930558505653, -26.464304545073286, -120.33183326272665, -79.34301595712955, -87.5708577813329, 50.48772154222991, 104.48822917771905, 50.0376283123217, 71.86206989576849, 4.7409291582991955, 22.136892884539044, -37.27065196149923, -120.4801592645842, -96.45356557634054, -116.28761269035115, 37.70340974532825, 28.68755121895831, 52.327326953315456, 180.9996952632584, -57.562602578111076, 67.56766362622325, -52.301303196553704, 238.8930790533448, -62.04856342263629, 16.378034846292135, -97.41960188103724, -38.30064645265761, -82.01551881997999, -10.36043877389673, 212.3839822696133, 40.22553089709954, 72.97412171825658, 46.14094695177259, -120.22707121755185, -112.69656287866752, -9.413329487361006, -38.8163717288335, -340.34328850274477, 186.29371869145677, -181.23662497485896, 178.22002398127137, -48.15678426370418, -70.34587283370317, 9.38300016642023, -76.55175904612094, -5.290253766229511, -36.98766488795749, 126.68821798960485, -57.71659151682565, 201.38544050054662, -67.64380548283945, 186.51399093006458, -102.73460763392688, 121.15462962533256, -152.32562173821566, 49.21313856094832, -15.867585638863325, -27.50798440895248, 29.856605881822652, 76.42907952316504, -91.38948147333754, -15.481285151091573, -123.22142204125295, -33.55084929959629, 218.86120593264727, -25.640308792090238],