{"k": 5, "sigma_z": 1, "mean reward 1": [10.144010960198045, 14.783450432821617, 9.219731448449936, -26.285146292326708, -10.123626307113733, 4.199319940608136, 15.284872496019418, 3.3870139389206364, -9.84689396999188, -8.757690327602106, -0.20051515245491247, 7.822042496444053, 4.9530948417548455, -3.1604871887273, -6.184652397560996, -2.0503232346118416, 3.8782459823871407, 4.896370647902756, -0.2903561890062579, -3.3913547904225454, -1.8423453747021457, 1.3819074953496804, 3.6316169137464493, 0.18236275814752467, -3.1642462016204367, -1.519171284314351, 0.35920804980917476, 1.1794822788836865, 0.33760752203129296, -0.3818932831914347, -2.0173978630820453, 2.5939948541189715, 1.9468825171168334, 0.2103102292405734, -0.6993171518433198, 0.22784176801588418, 2.2232116312031085, 0.4665146101292982, -1.053737728810799, -0.4577703896180073, 1.4639466702282715, 1.9037697371789144, 0.4372094743881094, -1.2880565896561917, -0.890107004682327, -0.5772744013920625, 0.6795569145520697, 1.383095096159282, 0.18324198704572392, -1.0580821364209583, 0.18854074159154355, 0.5515855908300548, 2.189808183128487, 1.087083366620177, 0.9506876753650779, 1.0660394971840002, 0.8048278217276145, 0.73577906073874, 0.4637500688598432, 0.14975831615616375, -1.0082203428170164, 0.41103270345119136, 1.130961599883332, -0.470143795161846, 0.5315271375750868, 0.6823963771521395, 0.32008976055077937, 0.5171566799640088, -0.9262776661148306, 0.6068634343436906, -1.212297581605946, 0.4667718021372978, -1.0576084757749953, -0.32259802710030555, -1.1402559427967291, -1.1989958674587005, 1.298037462785543, 0.4612101040224529, 0.7631961702200107, -2.0344617537622973, -2.7767695152503826, 0.8848116949155689, 1.7260255144690921, 0.5240843033276634, 1.2169919934634534, -1.8650337304110458, 0.07951197906584184, 0.28794702043258913, -0.04200537422043338, 0.9472812025250386, -0.6709209676627288, -1.0825791189052063, -0.7674549772307588, 0.04551071202344675, 1.65150764869801, 0.3684773816470824, -1.6929932343212948, -1.94014228346443, 0.012069496441333594, -0.5073075495499997, -0.5250837207505141, 0.7852525844910861, 0.40656478862341633, -0.9467319100858976, -0.4707490208914984, 0.06275056326450432, 0.3265194488302638, 0.9710034026293747, -1.4444027038522511, -1.3215399821131524, 0.16300090413507046, 0.9725690593800873, 1.446965523072996, -2.108935423163924, 0.030729349212648582, 1.3260040219138436, 0.8664918924423008, -1.315671597248452, -1.6028044067433176, -0.8047797848565561, 0.4957487952883752, 0.4330413887577239, 0.2887225944198673, -0.07421792549694195, -2.3384752077987745, 0.6646067789787461, 0.6024213545518717, 1.080851396798891, 0.586930040250391, -2.0882064119197414, -0.20871268736119875, 0.6375310406171087, 0.9581205942466319, 1.3643445922224862, 1.1406761518825288, 0.5987572041176512, -1.5865523115373068, -1.2024449891585474, 1.7475730327461307, 2.401761195158688, 1.2275380399260818, 0.06073039045868289, 0.05488279332466073, -0.05483792836346735, -0.3243000156467819, -1.6829829474746945, 0.3693656686548092, 1.1282402742164153, 1.5655429940075725, -1.5822169653242504, -0.1739020773480402, -1.255736340770112, -1.328112533000603, -1.2749064346693413, 0.13959781868094637, 1.3077578641966998, -0.5984857885876289, -0.5672745459227861, -1.5145692740694705, -0.5018802276666281, -0.27704354264167785, 0.5195311033344685, 0.5515876384747868, -0.23720839961295526, -1.132954325369153, 1.0254012411215097, 2.8535919498490694, 0.506086865962426, -1.8855906700291944, -2.8981098055495607, -0.5647945294893058, 1.9627815967755537, 0.8267149606527694, -1.363873454406717, -1.030054355115523, 0.9566936229073915, 1.3231080892654445, 0.7994766581537658, -1.214369410367294, -2.0988058262116636, 0.5109321396732052, 1.7915908891817187, -0.6478139827601759, -1.7788144908015295, 0.40024725503290925, 0.667086904920969, -0.0019778854141450086, -2.939437016147973, 0.007939865224614095, 0.7195752311803595, 1.7099518807341925, -0.40120965554264315, -1.9889892396700803, 1.214883814048672, 1.6896874537898525, 2.040640394876326, -1.3356702675950158, -1.8925685990808851, -0.32213188711433643, 1.3651957374509436],