{"k": 5, "sigma_z": 1, "mean reward 1": [-579.5082893291697, -162.40072992892314, 1339.131583625672, 1762.714296497166, -1074.0807545618982, 1183.5589062959934, -572.7496837435766, 100.94474628918522, -376.3444622905991, 202.64494556573229, -295.9602659049463, 283.0688446927461, -316.457351777338, 280.04032550969526, -28.452661600160333, 18.323237704805017, 77.24770740702654, 24.097817415573285, -47.109052860523434, -62.37606438335621, -33.439199477666726, -223.28180678126213, -36.249236857678106, -109.64234545066445, -99.66919271913196, -29.042023938519375, 151.36084350946274, -145.52285164640585, -33.86768398452409, 1.9078392806976123, -91.23403467196506, 26.43516303674889, 51.63095026577691, -244.20730884782338, -4.221658413089424, 99.00271448403709, -144.07335999702548, -135.14680771092748, 161.89446145935108, -140.13199694449614, 98.21630227683622, -5.101979801730487, -102.77566238793747, -43.13986347963585, -93.9550665845, -220.69669871188245, 137.30959076550434, -243.04458803233854, 142.71526328698386, 28.26426868115125, -53.97992023712119, -16.861246876852558, -215.04006423305015, -71.02185454528193, -8.477492461362058, -152.1053754596952, 80.90743845004627, -31.95217974976851, -101.07593086224809, -37.19029095277413, 3.178281435858249, -101.54157644840835, 136.73764090638173, -101.7810284290896, 106.24564234997717, -171.52332469622243, 87.92167921419785, 48.639332043714504, 15.151793806839722, 38.73555485211672, 44.40812409389302, 37.59272841290145, 157.7145211524184, 197.77682426173283, -91.56819447343102, 1.7060379456883656, 106.06409269736461, -28.744287809408476, 16.573497050995442, -136.43803194569165, -23.291335217866685, -0.3149693788326413, -61.477349105040645, -43.000995187602584, -2.360012119316063, -103.9361312763381, 11.125923821909357, 2.8987300357631307, 30.51894698015745, 111.5167815776646, 173.7381150824816, 122.25919462799446, 21.448889901750068, -15.484941248771278, -59.91633920104573, -241.2525437006463, 111.36202103990955, 10.706763586354494, -129.6757306060473, -31.50676730639689, 27.657365570901444, -49.91119778105223, -15.56393075676603, -46.24397048975587, -87.27779907770008, 7.507815561883166, 25.453652353903344, 51.123620318125404, 144.12503365428591, 38.24531396447607, 12.282962251106428, -126.13743826158948, -113.33583509477845, -266.27985739585006, -20.31341759057474, -195.90055251412383, -2.8483875610317897, -10.867971882542083, 21.34293607602446, -81.93150185765052, -53.5407235297596, 19.407913300655043, -82.66167411512025, -46.266883122763176, -197.46254586158648, 43.26596279831197, -113.30804945465192, -69.7856309216758, 135.84356978857218, 68.09203415356504, -51.815703332167516, 121.6458089142394, -132.56513089101193, 34.461145012965986, 64.87087343344714, -106.844962673601, 212.22644890134714, -216.8347698081635, 68.29508529309784, -60.13613310223466, -190.655687003443, 68.35559760842824, -76.52718615311399, -147.77482646353428, -155.30560738555894, 5.123500419954935, -73.35780907579002, 34.44967308094092, 318.19539878045947, -74.37592018939819, 89.00651861954168, 39.403185497466275, -79.36672659438771, -151.77666799803083, 30.90299688818497, 132.85832197615775, -24.626612117358764, 77.85936608917106, 54.168605557582104, -31.06769566777654, 79.0924181064028, 33.452547666612325, -4.350154449424927, -133.948130360732, 10.427197790757079, -26.94401617292484, -95.50644067780986, 10.087782545503243, 47.922013251386204, -22.878410885235123, 29.010290122978112, -132.45648754978444, 23.238839491807507, -123.42645526370491, 17.437285942236652, -142.13874888466563, 222.12864264183642, -199.2834189145631, 212.069064489041, -86.29920451747962, 63.99527482293834, 13.950079456845222, -75.96593746642564, 23.76242948071125, -18.965780999061437, -199.87335910751628, 60.95883754555127, -28.132773568067904, 22.78381724962035, -50.01722590345325, 54.236901883440304, -21.10821971003346, 59.33067735701103, -165.9682932527526, -93.9896036977595, -68.6257199020005, 22.678274065655675, -123.86811595347487, 122.03784057968652, -122.59621334214275],