{"Stationary": {"actions": [1.0, 0.0, 1.0, 1.0, 1.0, 1.0, 1.0, 1.0, 1.0, 1.0, 1.0, 1.0, 1.0, 1.0, 1.0, 1.0, 1.0, 1.0, 1.0, 1.0, 1.0, 1.0, 1.0, 1.0, 1.0, 1.0, 1.0, 1.0, 1.0, 1.0, 1.0, 1.0, 1.0, 1.0, 1.0, 1.0, 1.0, 1.0, 1.0, 1.0, 1.0, 1.0, 1.0, 1.0, 1.0, 1.0, 1.0, 1.0, 1.0, 1.0, 1.0, 1.0, 1.0, 1.0, 1.0, 1.0, 1.0, 1.0, 1.0, 1.0, 1.0, 1.0, 1.0, 1.0, 1.0, 1.0, 1.0, 1.0, 1.0, 1.0, 1.0, 1.0, 1.0, 1.0, 1.0, 1.0, 1.0, 1.0, 1.0, 1.0, 1.0, 1.0, 1.0, 1.0, 1.0, 1.0, 1.0, 1.0, 1.0, 1.0, 1.0, 1.0, 1.0, 1.0, 1.0, 1.0, 1.0, 1.0, 1.0, 1.0, 1.0, 1.0, 1.0, 1.0, 1.0, 1.0, 1.0, 1.0, 1.0, 1.0, 1.0, 1.0, 1.0, 1.0, 1.0, 1.0, 1.0, 1.0, 1.0, 1.0, 1.0, 1.0, 1.0, 1.0, 1.0, 1.0, 1.0, 1.0, 1.0, 1.0, 1.0, 1.0, 1.0, 1.0, 1.0, 1.0, 1.0, 1.0, 1.0, 1.0, 1.0, 1.0, 1.0, 1.0, 1.0, 1.0, 1.0, 1.0, 1.0, 1.0, 1.0, 1.0, 1.0, 1.0, 1.0, 1.0, 1.0, 1.0, 1.0, 1.0, 1.0, 1.0, 1.0, 1.0, 1.0, 1.0, 1.0, 1.0, 1.0, 1.0, 1.0, 1.0, 1.0, 1.0, 1.0, 1.0, 1.0, 1.0, 1.0, 1.0, 1.0, 1.0, 1.0, 1.0, 1.0, 1.0, 1.0, 1.0, 1.0, 1.0, 1.0, 1.0, 1.0, 1.0, 1.0, 1.0, 1.0, 1.0, 1.0, 1.0], "rewards": [-9.032778500246046, 11.172810756862761, 2.959922922730981, 12.671956968716096, -5.366766847101613, -7.444050238272744, -5.545125297788414, 5.200733640465113, 8.274163629119217, 1.4213458535804202, -4.730074494430576, -3.4456363523869786, 1.6918018997838253, 4.517718411198867, 3.715825483332982, -2.73039837550916, -0.8359122920204649, 0.9713355873403766, -0.1695168539448575, 0.6438502291444057, 1.5706886966652251, 1.2688931217205377, -1.4329696650729469, -2.4622830421429582, 0.4774756709197011, -1.129614889159868, 2.8830114164550045, -0.08062177639451401, -1.8716930960762908, -1.011992374070738, 0.25948267403585795, 1.517793627458192, -1.0221430833958742, -1.059412001272081, -0.9716697101641629, 1.6991541990105232, -0.37958182920458117, -3.387987886273063, -1.8832968279981361, 1.644557354189886, 2.9151088608035134, 0.36361405969222227, -1.1534825107030393, 0.44329662252677116, 2.137758962768274, 0.33816695730969304, 0.6459225466331938, -0.49558902559626317, 0.437166703854058, -0.7561613055802381, 0.10116154001523431, -1.4432306041967489, -0.2692131032350898, -1.446766761458626, -1.608341421301692, -2.591872636773205, -1.6556668065972193, 0.6906960653935361, 3.2957624907846346, 3.7206182280142537, -0.8760793092137551, -0.12319667994850625, -0.42280785282131006, -0.8385104471220399, 1.144356636108198, -1.0893189634534157, -0.3226523692616954, -0.3138018412809874, -1.0398267779941421, -0.13961097271805967, -2.97230960617519, 0.6883509965207452, -2.2852771434311916, -2.0428203064321027, -0.7696075568970501, 0.6866450455636831, 0.19996036232786157, -1.4531213273652366, -0.21262549760448374, -1.6693678588705239, 0.890266401000374, -0.8683097337227063, -1.2288124661870725, -0.10158328902616931, -0.027449759525339276, 1.3122976916297924, 1.1034049330243354, -0.8005792491731574, -0.4287772623567945, -2.4718982293151335, 1.223487410208365, 2.151088159293751, 0.6521527435192638, 0.4318673202689348, -1.2809290043402832, -1.0427736341845726, -0.14793355106287287, -0.8945782016319104, -0.3218137368590277, -0.692104958172222, 0.3928515186834428, -1.1141734025457364, 1.9935214117141828, -0.20886589155022395, -1.7242741587888017, 0.9070099155356933, -1.6656351918915613, -2.587098454261898, -0.5073891739121326, 1.6764129778850139, 2.849421548478638, 0.2656112581558683, 0.2699508923255107, -0.288942377797576, 0.7388223368193132, -1.984287728295032, -3.634360039432923, -0.16429594193803898, -1.3843868616765733, 3.141569157482608, 1.9273115418783116, 0.03824352650059515, -0.059082425831282814, -3.6477362885999836, -0.8916978219632518, -0.0023277789067856214, 0.36868097362154967, 0.2643326671075359, -1.399930229017554, -3.5820316178972, -1.3881616030657677, 1.4368062988419668, 0.3531443095099097, 0.6275880591277408, -4.159336796191175, 0.8672671712349509, 0.622050532387599, 0.7382570800856886, -0.9345302744731784, -2.164595094964904, 3.4518621599684445, 2.361060123728334, 0.1585742372472419, -2.336514520627831, -3.055079866755954, -0.42730370746386687, 2.691929785923933, 1.8913790586054513, -1.9361383264364722, -2.9151678279999884, -2.1037451852727815, -0.6716224510571034, 0.31241437598280053, -0.5162233464040228, -0.6794273237386534, -2.042270631823874, -1.935552270972654, 1.1031571032248884, 0.42979811783262434, -0.12456384611298099, -0.8317940919828525, 1.0419405882258927, -0.8298516807403484, -0.17054847399575582, 1.5100479107041016, 1.3924801484192102, -0.9215588588433747, -0.7610291686000308, 2.9702183503120083, 0.7151299851938435, 0.6809895086645266, -2.197915526390905, 2.162950116947049, -0.4186623301883552, -0.6936660896924309, 0.726229901950356, -1.4866416029573815, -0.2047781397344134, 1.712860975386321, 1.2989392591347506, 1.4714861687403313, -0.8225011477681506, 0.9265708330016814, 2.5775917154829884, 1.2611934764692603, 1.189399834374375, 0.19644301485595433, -1.1586364065870174, 2.28499014262716, 1.5667311756097189, -0.08730607432329486, 1.5971802889526656, -0.21033325925031787, 0.1822826439181281, 2.2202051777088196, 1.2119521307300083, -2.3899522726042752, -1.446548356344591, -0.030544178874094885, -0.20002595561221903]}, "Latent AR LinUCB s=4": {"actions": [1.0, 0.0, 1.0, 1.0, 1.0, 0.0, 0.0, 1.0, 1.0, 1.0, 0.0, 0.0, 0.0, 1.0, 1.0, 0.0, 0.0, 0.0, 1.0, 1.0, 1.0, 0.0, 0.0, 0.0, 1.0, 1.0, 0.0, 0.0, 0.0, 1.0, 1.0, 1.0, 0.0, 0.0, 1.0, 1.0, 1.0, 0.0, 0.0, 0.0, 1.0, 1.0, 1.0, 0.0, 0.0, 1.0, 1.0, 1.0, 0.0, 0.0, 1.0, 1.0, 1.0, 0.0, 0.0, 1.0, 1.0, 0.0, 1.0, 0.0, 0.0, 1.0, 1.0, 1.0, 0.0, 0.0, 1.0, 1.0, 0.0, 0.0, 0.0, 1.0, 1.0, 1.0, 0.0, 0.0, 1.0, 1.0, 1.0, 0.0, 0.0, 0.0, 1.0, 1.0, 1.0, 1.0, 1.0, 0.0, 0.0, 1.0, 0.0, 0.0, 1.0, 0.0, 0.0, 1.0, 1.0, 1.0, 0.0, 0.0, 0.0, 1.0, 1.0, 0.0, 0.0, 0.0, 1.0, 1.0, 0.0, 0.0, 0.0, 1.0, 1.0, 0.0, 0.0, 1.0, 1.0, 1.0, 0.0, 0.0, 0.0, 1.0, 1.0, 0.0, 0.0, 0.0, 1.0, 1.0, 1.0, 0.0, 0.0, 1.0, 1.0, 1.0, 0.0, 0.0, 1.0, 1.0, 1.0, 0.0, 0.0, 0.0, 0.0, 0.0, 1.0, 1.0, 0.0, 0.0, 1.0, 0.0, 0.0, 0.0, 0.0, 1.0, 1.0, 0.0, 0.0, 0.0, 0.0, 1.0, 1.0, 1.0, 1.0, 0.0, 0.0, 1.0, 1.0, 1.0, 0.0, 0.0, 0.0, 1.0, 1.0, 0.0, 0.0, 1.0, 1.0, 1.0, 0.0, 1.0, 1.0, 1.0, 0.0, 0.0, 0.0, 1.0, 1.0, 1.0, 0.0, 0.0, 0.0, 0.0, 1.0, 1.0, 0.0, 0.0, 0.0, 1.0, 1.0, 1.0],