{"Stationary": {"actions": [1.0, 1.0, 1.0, 1.0, 0.0, 1.0, 1.0, 1.0, 1.0, 1.0, 1.0, 1.0, 1.0, 1.0, 1.0, 1.0, 1.0, 1.0, 1.0, 1.0, 1.0, 1.0, 1.0, 1.0, 1.0, 1.0, 1.0, 1.0, 1.0, 1.0, 1.0, 1.0, 1.0, 1.0, 1.0, 1.0, 1.0, 1.0, 1.0, 1.0, 1.0, 1.0, 1.0, 1.0, 1.0, 1.0, 1.0, 1.0, 1.0, 1.0, 1.0, 1.0, 1.0, 1.0, 1.0, 1.0, 1.0, 1.0, 1.0, 1.0, 1.0, 1.0, 1.0, 1.0, 1.0, 1.0, 1.0, 1.0, 1.0, 1.0, 1.0, 1.0, 1.0, 1.0, 1.0, 1.0, 1.0, 1.0, 1.0, 1.0, 1.0, 1.0, 1.0, 1.0, 1.0, 1.0, 1.0, 1.0, 1.0, 1.0, 1.0, 1.0, 1.0, 1.0, 1.0, 1.0, 1.0, 1.0, 1.0, 1.0, 1.0, 1.0, 1.0, 1.0, 1.0, 1.0, 1.0, 1.0, 1.0, 1.0, 1.0, 1.0, 1.0, 1.0, 1.0, 1.0, 1.0, 1.0, 1.0, 1.0, 1.0, 1.0, 1.0, 1.0, 1.0, 1.0, 1.0, 1.0, 1.0, 1.0, 1.0, 1.0, 1.0, 1.0, 1.0, 1.0, 1.0, 1.0, 1.0, 1.0, 1.0, 1.0, 1.0, 1.0, 1.0, 1.0, 1.0, 1.0, 1.0, 1.0, 1.0, 1.0, 1.0, 1.0, 1.0, 1.0, 1.0, 1.0, 1.0, 1.0, 1.0, 1.0, 1.0, 1.0, 1.0, 1.0, 1.0, 1.0, 1.0, 1.0, 1.0, 1.0, 1.0, 1.0, 1.0, 1.0, 1.0, 1.0, 1.0, 1.0, 1.0, 1.0, 1.0, 1.0, 1.0, 1.0, 1.0, 1.0, 1.0, 1.0, 1.0, 1.0, 1.0, 1.0, 1.0, 1.0, 1.0, 1.0, 1.0, 1.0], "rewards": [8.242987574545525, -10.83105794806626, -13.262031806800065, -2.882975240283243, 1.8664426503596132, 7.575791993900494, 1.6679375980784954, -3.214663885887848, -3.330268813496102, -0.7896246569817408, 3.5974460620663637, 0.7815360469552575, -0.43132765270229956, -2.8006197093276315, -3.0617749883413827, 2.3194104031191762, 2.853717172087606, 0.11557877036903151, -3.939341373677217, -0.6303818649483393, 0.8099562599148019, 1.0479619010440007, -1.7183330931800933, -2.1965005393358616, -0.10181175343910076, -1.416643892845346, -3.688196411917329, 1.2295103835476016, -0.931168097071184, 1.4378674510534037, -1.6033836997869537, -2.2535984954954755, -1.035384081758747, 1.04813094134465, 2.7882618056085624, -1.4039276992730467, -2.0009307552549003, -0.2253016025894865, -1.6608955122093372, -0.5630776600663309, 2.6249343950210626, 3.394622104239123, -0.9442652439876331, -2.025416774735383, 0.8795924482130603, 1.7312812465131278, 2.598246052212614, -2.109457637381828, -3.473257411730277, -0.8586021439858835, 2.0208356679928103, 1.1646186480745286, -1.544763159524362, -1.519373515650677, -0.7532105042371983, 0.9193543286068537, 1.6608114713040334, -1.793196503350108, 1.9974286896241897, -0.6056609305975543, 1.3300029787833576, 0.2202126242165747, 0.8789557895663273, 0.9351996624566822, -1.7171653072673039, 1.6417222517782575, 0.5115682504188026, -1.412806151240468, 1.0824769768857951, -1.0856313770324468, 0.33880839757484327, 0.069450942453359, -0.38170773271761527, -1.8742730975832247, 0.4222631981387406, 1.3111229218799858, 2.404159267113198, -0.5274098359526598, 0.21248369075765505, -0.6686643690664292, -0.5798853548717949, -3.3835475709482847, 0.9961518164186725, -0.29761686585910796, 1.3850494717375876, 2.1248524974128933, -1.2781964736512808, -0.9144275233954344, 0.8003781387729944, 0.43338244318265196, 0.9291850472418379, -1.751288600490176, 1.8044957107719624, 2.1719985612651835, -0.3799860523890055, -0.2614191550317503, 0.08409305273095741, -0.07981239022243425, 1.1259899525948358, -0.3044208330253165, -0.3999104636518326, 1.3850321459578705, 2.2106072891708735, 0.8009478137829511, -0.4468787864427006, 0.14722380281259873, 2.1034033127114182, 1.7458804693078676, -2.356518125010308, -1.985021660917306, -0.9017000461844259, -0.6071857877991058, 3.6409441583542503, -0.5686747502988525, -0.045193184212625914, -2.4218115652138943, -3.684384985578461, 4.4894812238973945, 2.477823531949681, -0.27348144005000496, -3.362473479709421, -2.3124962827430116, 0.836722293658383, 2.107119633048072, 0.8073422651813722, -2.38625699405556, -1.202558987559378, -0.038880646980182565, -1.5062729746852233, -0.15669254872068733, -0.3662381674823622, 0.3592031583733409, -0.2678167030751245, 2.3593477158263756, 2.4979753420863036, 0.6737917948380108, -1.1898050476503812, -1.2762298113527764, -0.8774879953308041, 1.8819759404211536, 2.371040792699012, 0.4258303185184855, -2.3928721780457383, -0.9722246725506714, 4.672362369716797, 0.5775301103305406, 0.8438524992323565, -0.8953968832891099, -0.6013930425376859, 1.9555705038421096, 0.7445224319636312, -0.3467460396880648, -2.7844245409829673, -2.6658333817262667, 3.6669607999882428, 3.3441702569606724, 0.6085412456380103, -0.7150972230283109, -0.7925463664225612, -1.3164874861411013, 2.4653021586824075, 0.3543703035073996, 1.23849206389555, -3.18857779078898, -0.8975369052011888, 0.3381539204944951, 1.234571436064321, 0.2377309901718172, -1.8450346320119848, 0.07033492390834123, -1.0364528642650586, -0.6405134963449904, 1.996668799541677, -2.140228897401417, -0.30427516849575115, -2.513192982367946, -1.2640794682511973, 0.2250048553194468, 1.567204965315557, 1.3044291036357523, -1.2579443890804252, -1.1294232019230204, 2.09871131727051, 0.03209067019960732, -1.4783757058970637, -1.1442799616061659, -0.6908645837759402, 1.481809736695847, -0.08299818439538237, -0.6536185327932276, 1.711035951687653, 1.1604182292342575, -1.77292375566683, -0.5111426352069078, 1.00974087997078, 0.9062426182078938, 1.0275972199593024, 2.327748468818977, -0.8908001878768852, 0.644928854744385]}, "Latent AR LinUCB s=4": {"actions": [1.0, 1.0, 1.0, 1.0, 1.0, 1.0, 1.0, 0.0, 0.0, 1.0, 1.0, 1.0, 0.0, 0.0, 1.0, 1.0, 1.0, 0.0, 0.0, 1.0, 1.0, 1.0, 0.0, 0.0, 0.0, 1.0, 1.0, 1.0, 0.0, 0.0, 0.0, 1.0, 1.0, 1.0, 1.0, 0.0, 1.0, 1.0, 0.0, 0.0, 0.0, 1.0, 1.0, 1.0, 1.0, 0.0, 0.0, 0.0, 0.0, 1.0, 1.0, 0.0, 0.0, 1.0, 1.0, 0.0, 0.0, 0.0, 1.0, 1.0, 1.0, 0.0, 0.0, 0.0, 1.0, 1.0, 0.0, 0.0, 0.0, 1.0, 1.0, 0.0, 0.0, 0.0, 1.0, 1.0, 0.0, 0.0, 1.0, 1.0, 1.0, 1.0, 0.0, 0.0, 1.0, 1.0, 1.0, 0.0, 0.0, 0.0, 1.0, 1.0, 0.0, 0.0, 0.0, 1.0, 1.0, 0.0, 0.0, 0.0, 0.0, 1.0, 1.0, 0.0, 0.0, 1.0, 1.0, 1.0, 1.0, 0.0, 0.0, 1.0, 1.0, 1.0, 1.0, 0.0, 0.0, 0.0, 1.0, 1.0, 1.0, 0.0, 0.0, 1.0, 1.0, 1.0, 1.0, 1.0, 0.0, 0.0, 1.0, 1.0, 1.0, 1.0, 0.0, 0.0, 1.0, 1.0, 0.0, 0.0, 1.0, 1.0, 1.0, 1.0, 1.0, 1.0, 0.0, 0.0, 1.0, 0.0, 0.0, 0.0, 0.0, 1.0, 1.0, 1.0, 1.0, 0.0, 0.0, 0.0, 1.0, 1.0, 1.0, 0.0, 0.0, 1.0, 1.0, 0.0, 0.0, 1.0, 1.0, 1.0, 0.0, 0.0, 0.0, 1.0, 1.0, 1.0, 0.0, 0.0, 0.0, 1.0, 1.0, 0.0, 0.0, 0.0, 0.0, 1.0, 1.0, 1.0, 1.0, 0.0, 0.0, 1.0, 1.0, 0.0, 0.0, 0.0, 1.0, 1.0],