{"Stationary": {"actions": [1.0, 1.0, 1.0, 0.0, 0.0, 1.0, 1.0, 1.0, 1.0, 1.0, 1.0, 1.0, 1.0, 1.0, 1.0, 1.0, 1.0, 1.0, 1.0, 1.0, 1.0, 1.0, 1.0, 1.0, 1.0, 1.0, 1.0, 1.0, 1.0, 1.0, 1.0, 1.0, 1.0, 1.0, 1.0, 1.0, 1.0, 1.0, 1.0, 1.0, 1.0, 1.0, 1.0, 1.0, 1.0, 1.0, 1.0, 1.0, 1.0, 1.0, 1.0, 1.0, 1.0, 1.0, 1.0, 1.0, 1.0, 1.0, 1.0, 1.0, 1.0, 1.0, 1.0, 1.0, 1.0, 1.0, 1.0, 1.0, 1.0, 1.0, 1.0, 1.0, 1.0, 1.0, 1.0, 1.0, 1.0, 1.0, 1.0, 1.0, 1.0, 1.0, 1.0, 1.0, 1.0, 1.0, 1.0, 1.0, 1.0, 1.0, 1.0, 1.0, 1.0, 1.0, 1.0, 1.0, 1.0, 1.0, 1.0, 1.0, 1.0, 1.0, 1.0, 1.0, 1.0, 1.0, 1.0, 1.0, 1.0, 1.0, 1.0, 1.0, 1.0, 1.0, 1.0, 1.0, 1.0, 1.0, 1.0, 1.0, 1.0, 1.0, 1.0, 1.0, 1.0, 1.0, 1.0, 1.0, 1.0, 1.0, 1.0, 1.0, 1.0, 1.0, 1.0, 1.0, 1.0, 1.0, 1.0, 1.0, 1.0, 1.0, 1.0, 1.0, 1.0, 1.0, 1.0, 1.0, 1.0, 1.0, 1.0, 1.0, 1.0, 1.0, 1.0, 1.0, 1.0, 1.0, 1.0, 1.0, 1.0, 1.0, 1.0, 1.0, 1.0, 1.0, 1.0, 1.0, 1.0, 1.0, 1.0, 1.0, 1.0, 1.0, 1.0, 1.0, 1.0, 1.0, 1.0, 1.0, 1.0, 1.0, 1.0, 1.0, 1.0, 1.0, 1.0, 1.0, 1.0, 1.0, 1.0, 1.0, 1.0, 1.0, 1.0, 1.0, 1.0, 1.0, 1.0, 1.0], "rewards": [13.5835280003301, -0.36288229111717385, 25.57279620125213, -7.978748577183334, -3.8177492169796134, -4.200840787594034, 0.03260104938389308, 5.10130841150544, 5.105155515614973, 0.8375559746172512, -4.833334085918617, -2.803862734540465, -0.36494986210708114, 4.089773416409132, 0.5067269896425375, -2.6801587085815024, 0.657842373457838, -0.19840270610579036, 1.2416500575153495, 0.8102195951638616, -3.9314086627663407, -5.104879606897368, -1.634480774899142, 2.238996859076443, 2.982856493203659, -2.2262767233728757, -1.8915205497023027, -4.679705074711577, 1.424136231892384, 2.7255216497085923, -0.9553693535153069, -0.37140236334421617, -0.648888396424971, 2.328212218459202, 2.168989692979352, -0.40482941591911853, -1.0213945167148384, -0.6654701291166356, 0.8328884831944294, 2.8172877859411463, -1.3541181157287998, -2.6879903822165363, -1.6230799535669924, 0.33503843960795443, 3.15200140889129, -0.24768346632501043, -1.0890230124593847, -0.04277119492878034, -1.6365553434886353, 1.5061362749820701, 1.628469626623765, -0.4988706221330028, 0.029548849262989507, -0.5108861209490037, -0.5864787908906761, 0.15632828384525344, -1.50679036259565, -0.7065420779900499, 0.3611052820072034, -0.060409262868624136, 1.8368771719180832, 0.5277478781042237, -1.7600297574872141, 0.6341912969456454, 1.7466335383287221, 0.6603302844308023, -0.018928634926611787, -1.5034070763553125, -0.7855571185182002, -0.3863742486568492, 1.4413333159855983, -1.4712789122594545, 0.9351567676424786, -1.5052275450714205, -2.18851983230915, -1.0961450260654548, -1.0105009231974944, -0.46132990123149153, -0.6057981345049128, 0.0634816703160489, 0.21245223525224466, -0.4123729259625974, 1.648206946887778, 2.3931508975867044, 0.8766929140658449, -2.280520483242613, -0.41550774278950153, 2.367552323150062, -2.317201419262806, 0.9571529711642213, -1.2492217783339383, -1.4182694251081138, 0.49416031419042716, 1.0560419469185038, 0.236801183016358, 0.028282477444555837, -2.2396481617482373, -2.0779571402105197, 2.4895893208247166, 1.3284090675138318, 1.8935286613203117, -1.7027533998292652, -0.39934141603913187, 0.0650888035810544, 0.050144004938659836, -0.7890343047918673, 1.2687967108378897, -0.4551311562288622, 1.2204103554997185, 0.9236906107027566, 0.16919114889128983, -0.010741777628540339, -0.40910349143099856, -0.14307652074339372, -1.3213897795131047, -0.7084759023038817, 0.3707239576882563, 1.9093625678510389, 0.6175164972614301, -3.5373513900796745, -0.7731806390390128, -2.5323978448041387, 1.4839584923556077, 1.2302091125344605, -3.708066417952878, -2.7260891747567717, -2.181893154145196, 0.6368153661482272, -0.9404395033643138, 0.8598439562369868, 1.9059870882264227, -0.4343922800433393, -0.05337435024590409, -1.6860933197600274, 0.9204530750085522, 2.001371406069932, 1.286051609251484, 0.715452196502496, -1.7573445699672592, -2.8760861475063173, 1.9467431558607515, -1.2523883920553838, -2.6839559704260263, -1.5762346542583767, 1.6020570266843817, 1.7039914798509441, 2.5229958813006483, -0.6659039420920652, -0.4986826812651599, -0.7727677743409532, 1.2714973020763862, 1.9942371201371318, -0.9212164384962487, -0.010319040794496895, 1.1564361395112377, 0.3028408686089348, -1.0519211727685729, -0.8375546766719052, -1.6106034969559158, -0.6985301427434506, 1.6419878715994103, -0.35944338531745235, 1.4417661872094674, -3.84048564259862, -0.11781270094790863, 0.42286589826917165, -1.1224957709126053, 1.4360725729033377, -0.8895050368387838, 0.6157548499612653, -0.206867683533707, 3.40017241680782, 0.9456804208271452, 1.131912312562877, -0.3779507749743791, -1.6447932412243427, 0.02498282139922163, 0.19853985702539645, 3.7557450009623006, -1.111730016459699, -2.439564390990146, -0.841841761505328, 2.6115208323198917, 1.3622452079087513, 0.5828318650324517, -0.08541280716564484, -2.978823883395055, 1.6608710488538971, 1.3710713158731707, 0.347422450680413, -0.6756906289777257, -2.974785213563674, -1.4906573754109638, 1.2776828696245677, 3.5491526557108637, 0.6402780321298916, 0.693300638196076, -0.7250789727150151, 1.3921061122851843, 0.6488781316658924]}, "Latent AR LinUCB s=4": {"actions": [1.0, 1.0, 1.0, 0.0, 0.0, 0.0, 0.0, 1.0, 1.0, 0.0, 0.0, 0.0, 1.0, 1.0, 1.0, 0.0, 0.0, 1.0, 1.0, 1.0, 0.0, 0.0, 0.0, 1.0, 1.0, 0.0, 0.0, 0.0, 1.0, 1.0, 0.0, 0.0, 1.0, 1.0, 0.0, 0.0, 0.0, 1.0, 1.0, 0.0, 1.0, 1.0, 0.0, 0.0, 1.0, 1.0, 0.0, 1.0, 1.0, 1.0, 0.0, 0.0, 1.0, 1.0, 0.0, 0.0, 0.0, 1.0, 1.0, 1.0, 0.0, 0.0, 1.0, 1.0, 1.0, 0.0, 1.0, 1.0, 0.0, 0.0, 1.0, 1.0, 0.0, 1.0, 1.0, 0.0, 0.0, 0.0, 1.0, 1.0, 1.0, 0.0, 0.0, 0.0, 1.0, 0.0, 1.0, 1.0, 1.0, 1.0, 0.0, 0.0, 0.0, 1.0, 1.0, 1.0, 0.0, 0.0, 0.0, 1.0, 0.0, 0.0, 1.0, 1.0, 0.0, 0.0, 1.0, 1.0, 1.0, 1.0, 0.0, 0.0, 1.0, 1.0, 1.0, 0.0, 0.0, 0.0, 0.0, 1.0, 1.0, 1.0, 0.0, 0.0, 0.0, 1.0, 0.0, 0.0, 0.0, 0.0, 1.0, 1.0, 0.0, 0.0, 1.0, 1.0, 0.0, 0.0, 0.0, 1.0, 1.0, 1.0, 0.0, 0.0, 1.0, 1.0, 1.0, 0.0, 0.0, 1.0, 1.0, 0.0, 0.0, 1.0, 1.0, 1.0, 1.0, 0.0, 0.0, 1.0, 1.0, 0.0, 0.0, 1.0, 1.0, 0.0, 0.0, 0.0, 1.0, 1.0, 0.0, 0.0, 0.0, 1.0, 1.0, 0.0, 0.0, 1.0, 1.0, 0.0, 0.0, 1.0, 1.0, 1.0, 1.0, 0.0, 0.0, 0.0, 0.0, 1.0, 1.0, 0.0, 0.0, 1.0, 1.0, 0.0, 0.0, 0.0, 1.0, 1.0],