{"Stationary": {"actions": [0.0, 1.0, 1.0, 0.0, 0.0, 0.0, 0.0, 0.0, 0.0, 0.0, 0.0, 0.0, 0.0, 0.0, 0.0, 0.0, 0.0, 0.0, 0.0, 0.0, 0.0, 0.0, 0.0, 0.0, 0.0, 0.0, 0.0, 0.0, 0.0, 0.0, 0.0, 0.0, 0.0, 0.0, 0.0, 0.0, 0.0, 0.0, 0.0, 0.0, 0.0, 0.0, 0.0, 0.0, 0.0, 0.0, 0.0, 0.0, 0.0, 0.0, 0.0, 0.0, 0.0, 0.0, 0.0, 0.0, 0.0, 0.0, 0.0, 0.0, 0.0, 0.0, 0.0, 0.0, 0.0, 0.0, 0.0, 0.0, 0.0, 0.0, 0.0, 0.0, 0.0, 0.0, 0.0, 0.0, 0.0, 0.0, 0.0, 0.0, 0.0, 0.0, 0.0, 0.0, 0.0, 0.0, 0.0, 0.0, 0.0, 0.0, 0.0, 0.0, 0.0, 0.0, 0.0, 0.0, 0.0, 0.0, 0.0, 0.0, 0.0, 0.0, 0.0, 0.0, 0.0, 0.0, 0.0, 0.0, 0.0, 0.0, 0.0, 0.0, 0.0, 0.0, 0.0, 0.0, 0.0, 0.0, 0.0, 0.0, 0.0, 0.0, 0.0, 0.0, 0.0, 0.0, 0.0, 0.0, 0.0, 0.0, 0.0, 0.0, 0.0, 0.0, 0.0, 0.0, 0.0, 0.0, 0.0, 0.0, 0.0, 0.0, 0.0, 0.0, 0.0, 0.0, 0.0, 0.0, 0.0, 0.0, 0.0, 0.0, 0.0, 0.0, 0.0, 0.0, 0.0, 0.0, 0.0, 0.0, 0.0, 0.0, 0.0, 0.0, 0.0, 0.0, 0.0, 0.0, 0.0, 0.0, 0.0, 0.0, 0.0, 0.0, 0.0, 0.0, 0.0, 0.0, 0.0, 0.0, 0.0, 0.0, 0.0, 0.0, 0.0, 0.0, 0.0, 0.0, 0.0, 0.0, 0.0, 0.0, 0.0, 0.0, 0.0, 0.0, 0.0, 0.0, 0.0, 0.0], "rewards": [638.4317389576314, -1294.7254438437997, 178.88118834420982, 1267.2479192456435, -1014.9986434763375, 234.61532628566513, -561.9561238195988, -113.6691081271541, -391.8369474641865, 153.53905472610205, -22.68975996095492, 52.39233109008846, 263.09846340554196, -54.75393648924662, 153.69654176854942, -184.9655418342191, 8.997572382563531, -146.501244486045, -14.498545719172817, -126.82295991018295, -19.334179457943808, -134.5057950693782, -16.001975796577774, 84.1651204952739, 29.514503749429103, -6.3393242922342115, 14.541273027657025, -14.9357371490615, 30.876830761294077, 15.8460241255481, -65.28816095669643, -30.129884285270954, -8.226446982757325, 153.30174065499264, -132.5002212470388, 94.0121094070661, -224.20497186840672, -17.159756090677824, -70.96346671604968, -95.53444733195431, -17.92923683153249, -14.54306938093387, 34.34300734986706, -23.883170675017055, -68.8703284955178, -53.486041007690645, 70.1779846934423, 127.60538020410043, 145.14869059956342, 6.445325311213242, -4.601234702176811, -9.255033436108539, -58.687446736818835, 56.14048067791777, -78.70489010089565, -65.43747693564082, -125.14448835410043, 99.32984476457523, 136.97907445912216, -141.67179543631767, 222.32883819994296, 98.88972704157614, 98.1472158850404, 131.01462305212195, -36.11680807746521, 23.434907981374774, -159.10159898752175, 26.694038751113197, -234.771156625204, -81.26069346713109, -26.290046686729557, -74.16063682872803, -10.519469022766067, -45.35887827029007, 72.20406249363988, -69.56224267659513, -5.15189756637242, -83.55122164560149, 53.75894397809933, -52.138443114845394, 145.75425977088184, -184.83106264018596, 78.17518682735762, -86.11765846808612, 68.95064694860828, 47.20120390848683, 229.04605463077678, -110.99206445683485, 111.70987251699016, -77.30673144093349, 92.80687855445335, -194.44089310957082, 92.637991787557, -188.30508361039634, 95.91722663430967, 24.627830138030593, -27.443737054134694, -44.70567537041539, 136.1696139783509, 78.13640791367611, 60.61612000684023, 71.37064393378866, -122.93832598031786, -76.12870910779206, -1.4183665879446652, -103.36162434944768, -79.32301262113936, 56.804163745003926, 64.25503161605961, 18.632778038426544, -144.6465010692602, 130.83598393162688, -302.1308617412397, -50.15397624655463, -142.28226504171772, 8.517576090829781, -40.02733371000695, -71.93216302855372, -107.659195906104, 12.734217841142648, 58.53270781956392, 5.420620716113985, 132.05261942082393, -89.97997897068618, 53.75563715501988, -111.14240134104799, 21.50670781015327, -30.991931323497504, -54.287293666597684, 52.975265825505176, -145.07287265891105, 115.42116757939579, -40.993935497244244, -76.69690137005549, 73.59142630300623, 131.02352996816987, -31.65606843020544, -101.55602718134398, -13.08104139675315, -138.68520735464705, -53.37845854736895, -60.47561014565681, -7.483519841276413, -102.21452160602286, 37.36787820819305, 14.598657514835232, -63.54987330600466, -85.20793369182972, 32.88522939981649, -217.29005358429524, 36.52164936852658, -146.42054660781656, 132.1065627357278, -155.05180654539174, 40.71085674888049, -115.49354856922238, 89.40983623966706, -203.51948037720237, -2.82945163846207, 0.14340609292045836, -20.533977796403352, -4.91397605815476, 69.43712264845516, -25.28525983602421, 190.65932879992653, -64.35845188053402, 62.56537106494312, -122.77751724813622, 82.80907370684908, 32.893089896812036, 17.977063345916417, -62.65887632783355, 202.27779986122553, -166.87846741405176, 131.545602160203, -168.73927875891178, 98.97482966265542, -41.64378324318892, -20.733524818268375, -187.47337283475142, -148.83637058040156, -35.41083840785306, -62.168496202909424, -101.64948474289332, 108.23239795913804, -74.54071218748311, 120.76585973536699, -33.29143934904001, -240.92606136340308, 30.080415529271892, -216.0313281592985, -165.5432972058673, 9.986069126292701, -170.71911928912857, 116.01887424588736, 14.06505148391007, 73.30745427346235, 177.37883883619642, -187.94980435874146, 304.945371573997]}, "Latent AR LinUCB s=2": {"actions": [0.0, 1.0, 0.0, 0.0, 1.0, 0.0, 1.0, 0.0, 1.0, 0.0, 1.0, 0.0, 1.0, 0.0, 1.0, 0.0, 0.0, 1.0, 0.0, 1.0, 0.0, 0.0, 1.0, 1.0, 0.0, 1.0, 0.0, 0.0, 0.0, 1.0, 0.0, 1.0, 1.0, 0.0, 1.0, 0.0, 1.0, 1.0, 0.0, 1.0, 0.0, 1.0, 0.0, 1.0, 1.0, 0.0, 1.0, 0.0, 1.0, 0.0, 0.0, 1.0, 1.0, 0.0, 0.0, 1.0, 0.0, 1.0, 0.0, 1.0, 0.0, 1.0, 0.0, 1.0, 1.0, 0.0, 1.0, 1.0, 1.0, 0.0, 1.0, 0.0, 1.0, 1.0, 0.0, 1.0, 0.0, 0.0, 1.0, 1.0, 0.0, 1.0, 0.0, 1.0, 0.0, 0.0, 1.0, 1.0, 0.0, 1.0, 0.0, 1.0, 0.0, 1.0, 1.0, 1.0, 1.0, 0.0, 0.0, 0.0, 0.0, 1.0, 0.0, 1.0, 0.0, 1.0, 1.0, 0.0, 0.0, 1.0, 1.0, 0.0, 1.0, 0.0, 0.0, 0.0, 0.0, 1.0, 1.0, 1.0, 0.0, 1.0, 0.0, 1.0, 1.0, 0.0, 1.0, 0.0, 1.0, 1.0, 0.0, 0.0, 0.0, 0.0, 1.0, 0.0, 1.0, 0.0, 1.0, 0.0, 0.0, 1.0, 1.0, 1.0, 0.0, 1.0, 0.0, 1.0, 1.0, 1.0, 0.0, 1.0, 0.0, 1.0, 1.0, 0.0, 0.0, 1.0, 1.0, 0.0, 1.0, 1.0, 0.0, 1.0, 1.0, 0.0, 1.0, 0.0, 1.0, 0.0, 0.0, 0.0, 1.0, 0.0, 1.0, 1.0, 0.0, 1.0, 0.0, 1.0, 0.0, 0.0, 1.0, 0.0, 0.0, 1.0, 0.0, 1.0, 0.0, 1.0, 0.0, 1.0, 0.0, 1.0, 0.0, 1.0, 0.0, 1.0, 0.0, 1.0],