{"k": 1, "sigma_z": 0.001, "mean reward 1": [-2499.1118064229718, -2249.2309811184055, -2024.2682831516504, -1821.8468887782085, -1639.6379167031334, -1475.5524196669767, -1327.95950340588, -1195.2643214306534, -1075.7909349387523, -968.2409657795588, -871.4679039084341, -784.2752406391453, -705.8894820283064, -635.4218712990439, -572.1418532252197, -515.0172100179038, -463.34357560479543, -417.028556047401, -375.2800677823634, -337.5993856892084, -303.8179445701849, -273.5509063144729, -246.19013349226185, -221.48995198313492, -199.2788667194783, -179.24967453441812, -161.2460378101678, -145.09193119852918, -130.54449785763634, -117.24149796614176, -105.53364572676809, -95.0431037346076, -85.54421320947826, -77.02550168422293, -69.3409463496315, -62.534341654055424, -56.43342713700178, -50.73220153068628, -45.5303809489869, -40.88352321826372, -36.73603562622384, -32.99091494838558, -29.65993598560829, -26.71015260384405, -24.248089310266558, -21.796173763467113, -19.560280670655246, -17.508088205566235, -15.725263421019086, -14.20834759322094, -12.910883050009305, -11.559473053471711, -10.252718449623615, -9.175468593795234, -8.26659994520257, -7.417159705636872, -6.892050507337409, -6.174277000340113, -5.549053718584895, -4.927253174291428, -4.354553889302943, -3.8364135461161677, -3.302662280071019, -2.7822014156782164, -2.4435457625785197, -2.228355298982412, -1.9777148080000924, -1.767995983930595, -1.3913863746722557, -1.1916577480045187, -1.1025151449427444, -0.9427910143481208, -0.7915810539120413, -0.7156444688746684, -0.652381373495396, -0.5967084382615094, -0.38281854659085335, -0.457424028599014, -0.31228731429739337, -0.3929543628352894, -0.6100504873043104, -0.5594829293777457, -0.6207985163761994, -0.4977888015251494, -0.41642903987111196, -0.2443133994061721, -0.1823987032592484, -0.1471446987734024, -0.3120560751612351, -0.3263057775135526, -0.33321029089317333, -0.37613891909744435, -0.3536949113729147, -0.36689054223898765, -0.2882614018990323, -0.3437456750198654, -0.361915283403946, -0.378018386190315, -0.20585804626197116, -0.06451336537488428, -0.11809894569309591, -0.22887739873423807, -0.1466395156127071, -0.07811927059515876, -0.20886200725842752, -0.15832043371387938, -0.13039077479471947, -0.10228975883077784, -0.11713944752533773, -0.11804789776607046, 0.0003726083142268797, 0.057270564613981015, -0.1339508561441856, -0.058787532809991105, -0.09993134860126848, -0.06595101405378545, 0.01129356125981985, -0.09991804699208855, -0.08369830494439112, -0.10352841223709654, 0.11021360657297696, 0.10785029667459167, -0.04080276351317031, -0.005959012850340143, 0.004741707915191591, 0.04136203674305915, 0.07097713191808117, 0.08165382763970909, 0.04956301725046146, -0.01699358089852184, -0.1380851194293377, -0.04698197440776828, -0.22195271473287007, -0.09740041123587323, -0.22166649548925138, -0.3232786904334399, -0.3141826560569371, -0.37522984393786885, -0.4713130516656149, -0.5097597395641587, -0.2626433422502992, -0.22168648025115592, -0.25724048953324735, -0.07453184408831473, 0.06145556491895139, -0.07574395449406153, -0.12298750941239528, -0.032650296423481016, 0.035682560422145126, -0.002687661549590571, -0.10943911162029105, -0.08019763218241963, -0.22929908768006754, -0.172917545134376, -0.3187517012355898, -0.30400522256986945, -0.14980108864036773, -0.21131079574795092, -0.2799504350940762, -0.24086818830227594, -0.11879845858591895, -0.22690439891362757, -0.07628043617634025, -0.02369436550108606, 0.18245175154389248, 0.1459080539206397, 0.07394491360088187, 0.045473433637276905, 0.204104682716431, 0.0808230321919857, -0.012596911732323194, -0.035015257746109425, -0.09273012904618093, -0.1210949563749888, -0.13823017898991663, -0.23043033633365628, -0.05120938211416741, -0.10401057840968303, -0.1617440848535767, 0.0022569956380980114, 0.17352326761499387, 0.10620462122509161, -0.04575710791388997, -0.14070062558171975, -0.19541688877875524, -0.16394806387784225, -0.2332705355520436, -0.21830142076650697, -0.1567565279203517, -0.10880819569388134, -0.1878866058039076, -0.2202319666525981, -0.10795814521873276, -0.2563940578068873, -0.39151698935331064, -0.341433555432823, -0.23932641489210743, -0.2236272992026001, -0.2729953883231448, -0.19797498028228405],