{"k": 1, "sigma_z": 0.001, "mean reward 1": [1765.4207872981387, 1588.8183543710522, 1429.8763789203272, 1286.928513640206, 1158.3412921870552, 1042.5761021097974, 938.2662736820482, 844.5577046253969, 760.0894944882731, 683.8858327045922, 615.5237154654975, 553.8543474865786, 498.3576972743492, 448.4025403729602, 403.35242504287186, 363.0474011098802, 326.9018373082565, 294.14645898740577, 264.50350933131926, 238.02574634995432, 214.2041484020332, 192.645640016416, 173.37065897010322, 156.1109691066843, 140.3583353073386, 126.36209499890907, 113.47900985964989, 102.009267766327, 91.9145748286399, 82.90859048782735, 74.43835608236596, 67.00752810417804, 60.23665428374437, 54.04275578419199, 48.711992398616005, 43.82569656161006, 39.42733925089567, 35.44239424926256, 32.04547278039595, 28.723508888710057, 25.767517144010565, 23.35025286792844, 21.205062606835238, 19.22893913335984, 17.263389546216455, 15.572916831079134, 14.109101225824544, 12.788178929039628, 11.600363904143952, 10.455435415035224, 9.381112163731519, 8.496369361590931, 7.583814252407412, 6.795828938746963, 6.100047417051948, 5.438746337872998, 4.669660263035122, 4.302535428106478, 3.966641068086254, 3.593840646192131, 3.24594055330065, 2.7953889046734672, 2.4862438334796613, 2.2166943180382934, 2.1051443449900304, 1.9409041237218883, 1.699715114633569, 1.7131458696756892, 1.645646098956012, 1.3564592322638693, 1.1304698769093113, 1.0479544170420245, 0.8520406552528398, 0.8424249940104872, 0.6953287149266504, 0.5255830010112669, 0.5336612765453337, 0.5865079509281392, 0.6003230842440881, 0.4806505518977624, 0.3329328042201787, 0.4088411381647908, 0.42515243742340025, 0.39724730513340295, 0.31144572899038203, 0.3905774195056547, 0.3272546863275276, 0.3378390232390599, 0.3864026172914737, 0.38096577801080533, 0.4139704333434203, 0.41058960439118414, 0.4265884592219442, 0.31333311727065716, 0.1447554696158132, -0.08225671180192987, -0.24551616778321783, -0.17664551870946094, -0.12818936805931844, -0.12056000219266244, 0.10336811182049517, 0.10770585313828679, -0.033464032070904925, -0.09980542020068925, -0.006731920902998422, -0.026380587842869518, -0.006287129134077211, -0.05136439827420709, -0.053167837956013535, 0.020195677905073622, -0.040595182210091674, 0.04962431568154887, 0.1483529170383017, 0.2156890130199944, 0.1346305399417676, 0.1450629181604709, 0.22588381391961845, 0.19041386439181204, 0.15651832509839267, 0.25778309910622405, 0.15318454167264298, 0.3055961074482677, 0.4241374335867121, 0.44569646605297975, 0.3648887772654984, 0.39827910094235325, 0.49276508613110526, 0.4184496980436763, 0.3300933777369135, 0.3186388855733219, 0.23967707233949298, 0.07664638600577758, 0.2691283134496159, 0.1453263697650803, 0.24100874694162766, 0.06692013556204156, 0.23561531030411434, 0.21812045107048672, 0.16182157492107704, 0.05566308124800159, 0.0535671155636224, 0.14478072229562391, 0.08878949305569692, 0.17586457429373145, 0.20304090364661698, 0.05587167308145208, 0.13720491532684684, -0.01816427620343886, 0.12931534890486138, 0.14460986082685473, -0.01787749326100014, 0.07266735868235465, -0.011534393933829818, 0.05207961493919718, -0.2375172481738838, -0.17091544835542125, -0.33434548292358457, -0.4241482470966472, -0.3477199538059504, -0.37699446833633354, -0.3968959805328974, -0.37095541688168343, -0.41888942980641525, -0.3339743030576826, -0.38397892508425957, -0.5389444156025406, -0.4374406802281237, -0.6200387323693544, -0.52201432710283, -0.34276111989584007, -0.5047217117148274, -0.511582647465112, -0.5803254512823963, -0.7573334981947248, -0.6292508957535925, -0.3610212606219292, -0.32744042041400967, -0.35943814685960296, -0.3573376976732443, -0.3215881508696471, -0.18808935797315457, -0.21392636141266122, -0.11940505790626306, -0.04263535466599032, -0.132254846446986, -0.23760513966340396, -0.2278977671153982, -0.31371548186441145, -0.4164753862717223, -0.42844760859339653, -0.25939170682993673, -0.25134960613515456, -0.40726192213441537, -0.3330399711005978, -0.23597127314822097, -0.14402219336867955, -0.08464228010540513, -0.1658708307733336, -0.16579237828978685, -0.16103665140810058],