{"k": 1, "sigma_z": 0.001, "mean reward 1": [848.3505668983572, 763.5591611935727, 687.016895803879, 618.2797303255642, 556.3890572253255, 500.702429699757, 450.7206489678312, 405.81954137741343, 365.19711949821203, 328.52275981683255, 295.5603770721381, 265.9837743749821, 239.40906856420656, 215.39686238777472, 193.84112481267854, 174.4340092591829, 157.18821941157722, 141.40675577930065, 127.0241718840527, 114.21936711956317, 102.78423898432678, 92.57048263112112, 83.13912026431366, 74.76634879991346, 67.29268530145822, 60.53664058482781, 54.56825631044045, 49.22336974492829, 44.18920270199542, 39.584193478901675, 35.43432692667092, 32.024268015948074, 28.99930571749387, 26.114436832280987, 23.396573621659233, 21.25081410553336, 19.215666539564104, 17.47106261593707, 15.79157799432967, 14.237328865569285, 12.952762269786838, 11.681342362048746, 10.429416898573642, 9.503263437346442, 8.464071351826503, 7.520480166386593, 6.716790412969085, 6.082840895083497, 5.463611372187087, 4.83170651810239, 4.564350800497842, 3.97856205725588, 3.637154403359752, 3.2883376024918762, 2.8864511778733557, 2.6291120974884308, 2.3472937210960163, 2.1850301148103597, 2.015168550856185, 1.8622766283813978, 1.8105482112054816, 1.6721368975289408, 1.3305121827119373, 1.2261644809102261, 1.1311548825434878, 0.9442929105432633, 1.0407913004155935, 0.884712994964278, 0.7484052294235292, 0.7594931073076439, 0.51598033315842, 0.4732238204627785, 0.5500630902323546, 0.5682033547911297, 0.4964816420904666, 0.49604536817279954, 0.553609224333799, 0.5042098452094521, 0.49625243277449255, 0.44313285094183424, 0.498528402557016, 0.45595011521645784, 0.2805504399278638, 0.24537349321902135, 0.3616988397820152, 0.3626159530068397, 0.2615111554285499, 0.18133301350663958, 0.0009535951090138039, -0.013220408620349946, 0.051276049984593744, 0.11555367219307677, 0.09171396441246515, -0.013534943050174742, 0.014877893751909212, -0.042647237511697904, -0.1930380960416359, -0.14891748372279, -0.21229663969525742, -0.0715611421286041, -0.11712380584913969, -0.09029838809892655, -0.03291567054820321, 0.10700018086250895, 0.0852772472360657, 0.03803680439466286, 0.22531580909083315, 0.40185800941397437, 0.38695471759473193, 0.3506514480161502, 0.2914478232335996, 0.24572533859709583, 0.3842911001332456, 0.518128909904591, 0.4681580983855971, 0.39196016476327633, 0.41673338380726016, 0.41856097124370856, 0.4019043867876604, 0.3177148169860978, 0.15701721590631493, 0.3870742569447685, 0.41250889680969655, 0.5594335062394754, 0.7105780081931364, 0.6561721583756495, 0.35463346873680673, 0.3457488265379266, 0.29556810360118396, 0.2005697720824989, 0.24326018378158687, 0.3504508878309162, 0.40393976656490377, 0.5262031504042849, 0.5501549425662355, 0.379401110743188, 0.2542234335359262, 0.28011039102258434, 0.26014509074504893, 0.04756546442206023, -0.02001616270055584, -0.02273023709581543, -0.10422035806244784, 0.13778753746884212, 0.12251146514019554, 0.2366688936639422, 0.09242172521669648, -0.023036059647756176, -0.18466207841467885, -0.28209951707533165, -0.16305769373375154, -0.24977278613103215, -0.08479895791574249, -0.2256740289030721, -0.16576763161262878, 0.012752212212704582, 0.056780769668921614, 0.04712970884252055, -0.1848076735038172, -0.3458076096856677, -0.45862113139892485, -0.38013279096416674, -0.25021869876322556, -0.45337606038295675, -0.31832347962602436, -0.20794790695571286, -0.3363928263622046, -0.10610608093445045, -0.2984026854148139, -0.3150292889882226, -0.3727669935557428, -0.5572320553038337, -0.34282219546682213, -0.4600615417629196, -0.712452408074824, -0.6476431844562637, -0.5484994141608074, -0.3996991873251844, -0.3362265673062237, -0.41857620567461207, -0.3470341320301335, -0.16224168313701703, -0.1699807221698624, -0.17613239091554678, -0.2155754342244793, -0.22597690489532057, -0.20640955112589993, -0.32558019709707936, -0.3362798150023592, -0.18337131694663608, -0.29723715872467, -0.2420746854219917, -0.20820784344214935, -0.3017592417316471, -0.23352355910045225, -0.2593755925046498, -0.2607115868677975, -0.277650488888719, -0.140107491245784, -0.05939795716203582],