{"k": 1, "sigma_z": 0.001, "mean reward 1": [439.6485808626292, 395.63712903931224, 356.11416776368065, 320.5029575446032, 288.2771893595083, 259.50952027514944, 233.54141342151493, 210.16113643784428, 188.99969865281076, 170.1121168780584, 152.9482527370656, 137.66886101690466, 124.10488213729032, 111.54932605364662, 100.16556193808479, 90.10735831242431, 81.20386949433943, 73.1370254805381, 65.7571069985176, 59.32759386138719, 53.361893100057166, 48.00770514992622, 43.13165091529145, 38.63817595791434, 34.999117867403676, 31.44674561872322, 28.325801241514615, 25.518478890918683, 22.935683367767925, 20.692277443309237, 18.742358291212717, 16.6774854742384, 15.179690656489228, 13.57273590473823, 12.11046063315687, 10.781416360495363, 9.67501120083829, 8.851334032827836, 7.944927332843296, 7.2239372579967025, 6.3237422469011815, 5.780803252693117, 5.110368461752484, 4.540254633690922, 4.215917689594497, 3.861267739976013, 3.5428038649340006, 3.180957132291894, 2.8572746740576975, 2.65845113957731, 2.345413360406227, 2.1483090593393617, 1.7891659877053316, 1.5533021618829488, 1.4136563440650725, 1.226478030369964, 1.1338110625599578, 1.0770182051667025, 0.987606454811509, 0.845938949974759, 0.9361027789121475, 0.757900237308152, 0.6951725113035622, 0.7037854412782552, 0.6696258972455389, 0.6310269499044641, 0.5316960320720454, 0.4994986345625009, 0.26630617443339316, 0.10602350199448443, 0.13275423017670482, 0.16909134938294193, 0.03998597562408974, -0.015505344208690326, -0.09630081818944064, -0.24028096599174406, -0.3956177435726076, -0.28632655823738923, -0.08625587772674115, -0.0017577698986184754, 0.09647370557504002, 0.12800601812913392, -0.03452194791943898, 0.08015929543841314, 0.13044039622316736, 0.03617549845767675, 0.051788718493800984, 0.14202136741662738, 0.11469166566571479, 0.15930021632263786, 0.20989056318614524, 0.22744016065699563, 0.32662803298815896, 0.10858464253857243, 0.17084161682745427, 0.26755536115411516, 0.16589325144415107, 0.06856415814681992, 0.26808729743842274, 0.3049198535925124, 0.28913445454342035, 0.36172250263516736, 0.19118739588260397, 0.2509191137060433, 0.3069040309141908, 0.25899529916717573, 0.20140922392819058, 0.15128549613785958, 0.0788295213691217, 0.07486343420496785, 0.12661561504461685, 0.2879886830794376, 0.23646454979586376, 0.21509589155819603, 0.11955673826174024, 0.1794567404535499, 0.10959733629337232, 0.10833955921966153, 0.21464494831874725, 0.15846003523947028, 0.17104492504873636, -0.036045699384372056, -0.03050499669600919, -0.14474615345442526, -0.1890978187152134, -0.31033050381642974, -0.30227784670386393, -0.22819958775789567, -0.10780136647259796, -0.19662282069677456, -0.11412373499671874, -0.02131921794065303, 0.01851853965943386, 0.022924322328158497, 0.051547975364638565, 0.11030449441858008, 0.23857405797637238, 0.14232818351916876, 0.221696535190363, 0.15694744142181366, 0.23159329617617586, -0.0038009806447108618, -0.025715898224789906, -0.03205077028331332, -0.1389956559274891, -0.03652400966809309, -0.03592249369542457, -0.12744929013465517, -0.012067228039913041, -0.010017945239268466, -0.06926721220967251, -0.07972284929038659, -0.04595328085706215, -0.05618465516547726, 0.08872654204400249, -0.06990494400312552, -0.1825767282098926, -0.13335014363545145, -0.18146304561993198, -0.22432574566727662, -0.17146245410766137, -0.13214802483944801, -0.23485192936189273, -0.21678575502795802, -0.07800708019175492, -0.09430179378314295, -0.06172563556557828, -0.19038431802501313, -0.3152545433438374, -0.4278498358945475, -0.3986293061606114, -0.46520470650294216, -0.48330196642992945, -0.49394801639516295, -0.3673554718554116, -0.40428734182784715, -0.16564007459660754, -0.37821806504642735, -0.33314549017828166, -0.2924477554029593, -0.3417741083076323, -0.20706185946414565, -0.1634076974631333, -0.225727480035681, -0.15081257612514978, -0.35709829467747667, -0.48104424653654276, -0.2550371987604449, -0.34850847935025764, -0.196611478880815, -0.12297648179852903, -0.11557906300253419, -0.1987559264206176, -0.33068038317469967, -0.315138546486925, -0.29629337565902936, -0.18788415892905305, -0.197811532951544, -0.08074110085707584, -0.023684777058175552],