{"Stationary": {"actions": [0.0, 1.0, 1.0, 1.0, 1.0, 1.0, 1.0, 1.0, 1.0, 1.0, 1.0, 1.0, 1.0, 1.0, 1.0, 1.0, 1.0, 1.0, 1.0, 1.0, 1.0, 1.0, 1.0, 1.0, 1.0, 1.0, 1.0, 1.0, 1.0, 1.0, 1.0, 1.0, 1.0, 1.0, 1.0, 1.0, 1.0, 1.0, 1.0, 1.0, 1.0, 1.0, 1.0, 1.0, 1.0, 1.0, 1.0, 1.0, 1.0, 1.0, 1.0, 1.0, 1.0, 1.0, 1.0, 1.0, 1.0, 1.0, 1.0, 1.0, 1.0, 1.0, 1.0, 1.0, 1.0, 1.0, 1.0, 1.0, 1.0, 1.0, 1.0, 1.0, 1.0, 1.0, 1.0, 1.0, 1.0, 1.0, 1.0, 1.0, 1.0, 1.0, 1.0, 1.0, 1.0, 1.0, 1.0, 1.0, 1.0, 1.0, 1.0, 1.0, 1.0, 1.0, 1.0, 1.0, 1.0, 1.0, 1.0, 1.0, 1.0, 1.0, 1.0, 1.0, 1.0, 1.0, 1.0, 1.0, 1.0, 1.0, 1.0, 1.0, 1.0, 1.0, 1.0, 1.0, 1.0, 1.0, 1.0, 1.0, 1.0, 1.0, 1.0, 1.0, 1.0, 1.0, 1.0, 1.0, 1.0, 1.0, 1.0, 1.0, 1.0, 1.0, 1.0, 1.0, 1.0, 1.0, 1.0, 1.0, 1.0, 1.0, 1.0, 1.0, 1.0, 1.0, 1.0, 1.0, 1.0, 1.0, 1.0, 1.0, 1.0, 1.0, 1.0, 1.0, 1.0, 1.0, 1.0, 1.0, 1.0, 1.0, 1.0, 1.0, 1.0, 1.0, 1.0, 1.0, 1.0, 1.0, 1.0, 1.0, 1.0, 1.0, 1.0, 1.0, 1.0, 1.0, 1.0, 1.0, 1.0, 1.0, 1.0, 1.0, 1.0, 1.0, 1.0, 1.0, 1.0, 1.0, 1.0, 1.0, 1.0, 1.0, 1.0, 1.0, 1.0, 1.0, 1.0, 1.0], "rewards": [-710.2962671459891, 638.8965437115902, 573.8585586275647, 516.4890818223735, 466.2227897786199, 420.00370906432414, 378.5721579355668, 340.7298763744117, 305.6209059266824, 276.34969052595795, 247.63503834687936, 224.72124232560824, 198.77083232448885, 179.51667698421167, 160.88806315893277, 145.70919203206776, 131.48702525710888, 117.75220762373579, 105.60231330580238, 94.83283745641872, 85.75109477563771, 77.73412581448316, 71.28121267337717, 61.96881831290456, 57.27348896397558, 51.615550604614455, 45.33936646361996, 41.13197583887109, 37.190266163270465, 34.73667617981916, 30.129558678302487, 27.772187257617585, 24.725296003507445, 23.66347093035913, 20.987475123340108, 18.663438281804577, 15.584779793241697, 14.882508143501209, 12.940749529533976, 11.62480914166631, 11.815775967493236, 9.603360023824795, 6.877391391623718, 7.631891827271402, 7.604342457670749, 6.512812527407031, 5.863412143423115, 5.4975921036584285, 4.996071921213488, 4.882998093940164, 2.599465743404081, 3.698561592071517, 3.549014867754366, 3.678594914241972, 1.8169689875842119, 1.3524474078128081, 0.9133510589936793, 1.6728055153671866, 2.5251189802535956, 1.2400818175907724, 0.30934065014148215, 1.0697799410213824, -1.031041529027255, 1.0010280389922748, 0.6858245666656989, 1.961940558358021, 0.2088873388617234, -1.3888140986976016, 1.1068122834636682, 1.199672475497651, -0.30432193557217274, -0.6195481410216768, 0.9373443984357634, 0.8212257220192846, -0.4956095018808692, 1.062551638403748, -1.1352788372553368, 1.1541041975518267, -0.047488325405293436, 0.2985871046448946, 0.4897877269499288, 0.2354415889928646, -0.6635285892851938, -1.2406366002989435, 0.9043213140389681, 1.342900322879847, -0.11882741022668059, 0.831462770139455, -0.10690337304520557, -0.5484294680117189, -0.8294618970259682, 1.2495537951122089, 0.18750978352594683, -0.31972203602502636, -1.7917245982401617, 0.2905397911627773, 2.103033927405843, 0.5932723921978721, -1.2810807198672434, -0.2944528786868418, -0.8470492799950933, -0.563816322125952, 0.728717444214047, 0.30304218335282307, 0.8972071970064329, 1.66874692438008, 0.9955043041433635, 0.3694127798451561, -0.14164005682948055, -0.4054631502529651, 1.858959436828432, 1.0338887592732966, -2.4188517844842967, 1.0039325507455097, -0.7741762687163748, -0.3689574773162289, -1.2563427208703368, 0.5781653706482361, 1.461980499487481, -0.8198089887559701, -0.39250589327658325, -0.14148670232197216, -1.6592775996235067, 0.10366592995575222, -0.11610671337482856, 0.6745986088293952, -0.16804540004554344, 0.003075300518737452, -0.052217020683088616, -0.43982039268561707, -0.5143454183968449, -0.39380300097173415, 0.20913978551860735, -1.665232610653027, -1.370147139293685, -1.5501204464425185, 2.2258863316606026, -0.1110026906700188, 0.21641225105055464, -0.9531876036974565, 0.16253725097495003, 0.16707996632790512, -0.2000847041452457, 0.7046602250658962, 2.9487635130582994, 0.8469008606089963, -0.0578563146017128, -0.8680614452683508, 0.45327819090402943, -1.3985581399192166, -0.398155971716393, 0.9264035174804437, -0.38429897261794, 0.5890206894374326, 1.5256654455017244, 1.5951014675735022, -0.5367815535241505, -0.3197352588228342, 0.032621191155288005, -0.511462224150978, 1.156386523583885, -0.7291221446958102, -0.28435586894233855, 0.7369596557500938, -0.7390022535361842, 0.43008692124693865, -0.34420942277140143, 0.918569633354027, -0.08256285517634443, -0.2900554167398595, -1.80688541456629, -0.017953962576679472, -0.3308819692630911, 1.1490953433409223, 1.1548225790997622, 0.986783499200451, -0.8904481980960373, -0.7283177758148147, -0.3630910524974077, 0.29443941647255323, 0.6496417376541992, -0.18067006993402054, 1.129577502206882, -0.7317991433222011, 0.4538501945185429, 0.9910562523020392, 0.9734658998365495, -0.46667201129979746, -1.5527438827491407, -0.30482710597516216, -1.5910065320948412, -0.3071085931460609, -1.660101392649747, -0.87756801152855, 0.2741750956564425, 0.10936281428610042, 0.8572013507434313, 0.36899247100960203, 1.2836900240409688, -1.0439787404619572]}, "Latent AR LinUCB s=2": {"actions": [0.0, 0.0, 0.0, 0.0, 0.0, 0.0, 0.0, 0.0, 0.0, 0.0, 0.0, 0.0, 0.0, 0.0, 0.0, 0.0, 0.0, 0.0, 0.0, 0.0, 0.0, 0.0, 0.0, 0.0, 0.0, 0.0, 0.0, 0.0, 0.0, 0.0, 0.0, 0.0, 0.0, 0.0, 0.0, 0.0, 0.0, 0.0, 0.0, 0.0, 0.0, 0.0, 0.0, 0.0, 0.0, 0.0, 0.0, 0.0, 0.0, 0.0, 0.0, 0.0, 0.0, 0.0, 0.0, 0.0, 0.0, 0.0, 0.0, 0.0, 0.0, 0.0, 0.0, 0.0, 0.0, 0.0, 0.0, 0.0, 0.0, 0.0, 0.0, 0.0, 0.0, 0.0, 0.0, 0.0, 0.0, 0.0, 0.0, 0.0, 0.0, 0.0, 0.0, 0.0, 0.0, 0.0, 0.0, 0.0, 0.0, 0.0, 0.0, 0.0, 0.0, 0.0, 0.0, 0.0, 0.0, 0.0, 0.0, 0.0, 0.0, 0.0, 0.0, 0.0, 0.0, 0.0, 0.0, 0.0, 0.0, 0.0, 0.0, 0.0, 0.0, 0.0, 0.0, 0.0, 0.0, 0.0, 0.0, 0.0, 0.0, 0.0, 0.0, 0.0, 0.0, 0.0, 0.0, 0.0, 0.0, 0.0, 0.0, 0.0, 0.0, 0.0, 0.0, 0.0, 0.0, 0.0, 0.0, 0.0, 0.0, 0.0, 0.0, 0.0, 0.0, 0.0, 0.0, 0.0, 0.0, 0.0, 0.0, 0.0, 0.0, 0.0, 0.0, 0.0, 0.0, 0.0, 0.0, 0.0, 0.0, 0.0, 0.0, 0.0, 0.0, 0.0, 0.0, 0.0, 0.0, 0.0, 0.0, 0.0, 0.0, 0.0, 0.0, 0.0, 0.0, 0.0, 0.0, 0.0, 0.0, 0.0, 0.0, 0.0, 0.0, 0.0, 0.0, 0.0, 0.0, 0.0, 0.0, 0.0, 0.0, 0.0, 0.0, 0.0, 0.0, 0.0, 0.0, 0.0],