{"Stationary": {"actions": [1.0, 1.0, 1.0, 1.0, 1.0, 1.0, 1.0, 1.0, 1.0, 1.0, 1.0, 1.0, 1.0, 1.0, 1.0, 1.0, 1.0, 1.0, 1.0, 1.0, 1.0, 1.0, 1.0, 1.0, 1.0, 1.0, 1.0, 1.0, 1.0, 1.0, 1.0, 1.0, 1.0, 1.0, 1.0, 1.0, 1.0, 1.0, 1.0, 1.0, 1.0, 1.0, 1.0, 1.0, 1.0, 1.0, 1.0, 1.0, 1.0, 1.0, 1.0, 1.0, 1.0, 1.0, 1.0, 1.0, 1.0, 1.0, 1.0, 1.0, 1.0, 1.0, 1.0, 1.0, 1.0, 1.0, 1.0, 1.0, 1.0, 1.0, 1.0, 1.0, 1.0, 1.0, 1.0, 1.0, 1.0, 1.0, 1.0, 1.0, 1.0, 1.0, 1.0, 1.0, 1.0, 1.0, 1.0, 1.0, 1.0, 1.0, 1.0, 1.0, 1.0, 1.0, 1.0, 1.0, 1.0, 1.0, 1.0, 1.0, 1.0, 1.0, 1.0, 1.0, 1.0, 1.0, 1.0, 1.0, 1.0, 1.0, 1.0, 1.0, 1.0, 1.0, 1.0, 1.0, 1.0, 1.0, 1.0, 1.0, 1.0, 1.0, 1.0, 1.0, 1.0, 1.0, 1.0, 1.0, 1.0, 1.0, 1.0, 1.0, 1.0, 1.0, 1.0, 1.0, 1.0, 1.0, 1.0, 1.0, 1.0, 1.0, 1.0, 1.0, 1.0, 1.0, 1.0, 1.0, 1.0, 1.0, 1.0, 1.0, 1.0, 1.0, 1.0, 1.0, 1.0, 1.0, 1.0, 1.0, 1.0, 1.0, 1.0, 1.0, 1.0, 1.0, 1.0, 1.0, 1.0, 1.0, 1.0, 1.0, 1.0, 1.0, 1.0, 1.0, 1.0, 1.0, 1.0, 1.0, 1.0, 1.0, 1.0, 1.0, 1.0, 1.0, 1.0, 1.0, 1.0, 1.0, 1.0, 1.0, 1.0, 1.0, 1.0, 1.0, 1.0, 1.0, 1.0, 1.0], "rewards": [52.293268483228495, 47.977433518601, 43.14850717203914, 38.727823984545765, 35.53987931093747, 30.91236938179055, 27.735464021406205, 26.53661311763886, 23.188630232080087, 22.303203061385446, 19.849404941804654, 17.246638838979088, 13.776999735960304, 14.137167006632412, 11.517790787574064, 10.799416792699406, 8.583936675518288, 10.0211663797867, 6.476405742371793, 6.132455543865494, 6.658012641697332, 6.495784128811649, 4.158488568615496, 3.6922588155956655, 2.3367100344418827, 5.30745113455206, 3.1157984023683944, 1.9526259690455825, 3.7044115999944878, 2.447207935828906, 1.419047577594575, 2.5067169504864526, 1.664876866928481, 2.1755722892809923, 0.2756401776214368, 1.8884204608660835, 2.178450358037322, 1.5294237929729524, 1.5770850597029873, 0.8201487279607957, -0.2375177806378057, 0.07949712465290093, -1.6516507130340936, 1.4636083739866033, 1.2837532943387735, -2.0383096690690246, 0.3934045087766408, -0.0758117971483247, 0.9291914825079883, -1.049498833759523, -0.11896310447916048, -0.38423930833628916, -1.05388942877468, 0.9130869851496088, 0.9208799914287629, 1.2015339331246149, -1.3501198350544545, 0.10234231475481376, -0.7053462593859721, -2.0802245461598106, 0.2873219373859224, -1.06736244516805, -0.3104032978514692, -0.3984007555617935, -0.3301027999052137, 0.7779603934226459, 1.1925111869353067, 0.14281877927918635, -0.33302903394410444, 0.840764880559202, 0.642411753551623, -0.3719636877481207, 0.2944385682386389, -1.1914945453499615, 0.5681425021396022, 0.7007920611058172, -2.014218175724244, 0.3021125801605383, -0.8104880179831768, 0.256689113618052, 0.11614403125414537, -0.794222677371112, -1.8831123126442477, 1.572732113460228, -0.2516530776505129, -1.0020122956046613, -1.4240151341887612, -1.4603191240521345, -2.1729364498976054, -0.3635339736769952, -1.5012414451381486, -0.659022421219374, 0.7167869333023646, -1.561166634781925, 0.4043968044912106, -0.3157571959066613, -1.3950131670127779, -1.7894351270414566, -0.42329028912951794, -0.36311508782702356, 1.666004535280204, -1.753406100890886, -1.7844201299553264, 1.1144005518029518, 1.1728522990426373, -0.7734576422789663, -0.1177977812479811, 0.7121734223284322, -0.9746764264082531, 0.2027560076813076, -0.5563736547707288, -0.7345140930265762, -0.39918160301485883, 1.0839773692614703, 0.7498740652733091, -1.868429563126079, -0.046907466468989995, -0.06859700322762319, -0.18273648353532795, -0.727932551120384, 0.7066558290566316, -0.17152148866095251, 0.4028893240523302, -0.005229431539990448, 0.15315553085287353, -0.21201794936832483, -0.46986411439453724, 1.0370266001506416, 0.2414485234529628, 0.6486297961570823, -0.5315284485308103, -0.53939823523156, -1.0215420617072137, 0.20628747047585178, 0.8804219679105059, 1.815813103153205, -0.03691114292400388, 0.00644738652345575, -0.6222285359897026, 0.20321329842675281, 0.4423137877213055, -1.4536620553510908, 1.2155817259058934, 1.4378964536328804, 0.22733434035247815, -0.04043783503768089, -1.450778046674371, -1.3234124403557044, 1.7640973193075533, -0.6263464545127816, 0.3661993881401045, -0.056005882640454085, 1.4658756580199024, -0.9078442487667256, -1.0797178502793376, -1.4411180806197352, 0.37445699624043854, -1.1437862210119847, 2.2915043056410784, -1.0078038820947886, -1.548418633593105, 0.05853422807076279, -1.6141271062548301, 0.3684937975070008, -0.9122631606586042, 0.8092246816341924, 0.1025989685066073, 0.8660405997445018, 1.286203295394547, 0.19736522612280438, 0.18643316452335404, -1.2845992744422419, -1.0910171855407185, -0.09711540567099336, 1.1122513120088011, -1.1298067622724681, -0.946140044145609, 0.5148586488649141, 0.21016019435278108, -0.20464047703830016, 0.12534680215507243, 0.6159119024526614, 1.52626255525258, -1.086236412845465, 0.7570688405047625, 0.3322570905338915, 1.0074880518459104, -1.2827637993422947, -1.5538055830583613, 1.3607822665635354, -0.1522734260825477, -0.32197050913166025, -0.2242978295741913, 0.8050572736438913, -1.1450022968095048, 0.8606363911361329, 1.1516821605833445, 0.832633381095387, -0.6315225255362737, 1.5294124287725008]}, "Latent AR LinUCB s=2": {"actions": [1.0, 0.0, 0.0, 0.0, 0.0, 0.0, 0.0, 0.0, 0.0, 0.0, 0.0, 0.0, 0.0, 0.0, 0.0, 0.0, 0.0, 0.0, 0.0, 0.0, 0.0, 0.0, 0.0, 0.0, 0.0, 0.0, 0.0, 0.0, 0.0, 0.0, 0.0, 0.0, 0.0, 0.0, 0.0, 0.0, 0.0, 0.0, 0.0, 0.0, 0.0, 0.0, 0.0, 0.0, 0.0, 0.0, 0.0, 0.0, 0.0, 0.0, 0.0, 0.0, 0.0, 0.0, 0.0, 0.0, 0.0, 0.0, 0.0, 0.0, 0.0, 0.0, 0.0, 0.0, 0.0, 0.0, 0.0, 0.0, 0.0, 0.0, 0.0, 0.0, 0.0, 0.0, 0.0, 0.0, 0.0, 0.0, 0.0, 0.0, 0.0, 0.0, 0.0, 0.0, 0.0, 0.0, 0.0, 0.0, 0.0, 0.0, 0.0, 0.0, 0.0, 0.0, 0.0, 0.0, 0.0, 0.0, 0.0, 0.0, 0.0, 0.0, 0.0, 0.0, 0.0, 0.0, 0.0, 0.0, 0.0, 0.0, 0.0, 0.0, 0.0, 0.0, 0.0, 0.0, 0.0, 0.0, 0.0, 0.0, 0.0, 0.0, 0.0, 0.0, 0.0, 0.0, 0.0, 0.0, 0.0, 0.0, 0.0, 0.0, 0.0, 0.0, 0.0, 0.0, 0.0, 0.0, 0.0, 0.0, 0.0, 0.0, 0.0, 0.0, 0.0, 0.0, 0.0, 0.0, 0.0, 0.0, 0.0, 0.0, 0.0, 0.0, 0.0, 0.0, 0.0, 0.0, 0.0, 0.0, 0.0, 0.0, 0.0, 0.0, 0.0, 0.0, 0.0, 0.0, 0.0, 0.0, 0.0, 0.0, 0.0, 0.0, 0.0, 0.0, 0.0, 0.0, 0.0, 0.0, 0.0, 0.0, 0.0, 0.0, 0.0, 0.0, 0.0, 0.0, 0.0, 0.0, 0.0, 0.0, 0.0, 0.0, 0.0, 0.0, 0.0, 0.0, 0.0, 0.0],