{"Stationary": {"actions": [0.0, 1.0, 1.0, 1.0, 1.0, 1.0, 1.0, 1.0, 1.0, 1.0, 1.0, 1.0, 1.0, 1.0, 1.0, 1.0, 1.0, 1.0, 1.0, 1.0, 1.0, 1.0, 1.0, 1.0, 1.0, 1.0, 1.0, 1.0, 1.0, 1.0, 1.0, 1.0, 1.0, 1.0, 1.0, 1.0, 1.0, 1.0, 1.0, 1.0, 1.0, 1.0, 1.0, 1.0, 1.0, 1.0, 1.0, 1.0, 1.0, 1.0, 1.0, 1.0, 1.0, 1.0, 1.0, 1.0, 1.0, 1.0, 1.0, 1.0, 1.0, 1.0, 1.0, 1.0, 1.0, 1.0, 1.0, 1.0, 1.0, 1.0, 1.0, 1.0, 1.0, 1.0, 1.0, 1.0, 1.0, 1.0, 1.0, 1.0, 1.0, 1.0, 1.0, 1.0, 1.0, 1.0, 1.0, 1.0, 1.0, 1.0, 1.0, 1.0, 1.0, 1.0, 1.0, 1.0, 1.0, 1.0, 1.0, 1.0, 1.0, 1.0, 1.0, 1.0, 1.0, 1.0, 1.0, 1.0, 1.0, 1.0, 1.0, 1.0, 1.0, 1.0, 1.0, 1.0, 1.0, 1.0, 1.0, 1.0, 1.0, 1.0, 1.0, 1.0, 1.0, 1.0, 1.0, 1.0, 1.0, 1.0, 1.0, 1.0, 1.0, 1.0, 1.0, 1.0, 1.0, 1.0, 1.0, 1.0, 1.0, 1.0, 1.0, 1.0, 1.0, 1.0, 1.0, 1.0, 1.0, 1.0, 1.0, 1.0, 1.0, 1.0, 1.0, 1.0, 1.0, 1.0, 1.0, 1.0, 1.0, 1.0, 1.0, 1.0, 1.0, 1.0, 1.0, 1.0, 1.0, 1.0, 1.0, 1.0, 1.0, 1.0, 1.0, 1.0, 1.0, 1.0, 1.0, 1.0, 1.0, 1.0, 1.0, 1.0, 1.0, 1.0, 1.0, 1.0, 1.0, 1.0, 1.0, 1.0, 1.0, 1.0, 1.0, 1.0, 1.0, 1.0, 1.0, 1.0], "rewards": [-848.1664386949773, 763.0729343540514, 687.3473917304447, 618.1524514414366, 555.7478262525067, 501.4762574280229, 451.7087206025487, 406.0281780888663, 364.22693231312144, 328.64151389766045, 295.6870396451096, 265.23655669888115, 238.5973034706455, 213.40007033961342, 194.23716889510615, 175.87151972745104, 155.62692702037918, 142.55773356410026, 127.48109742752119, 113.88703081118406, 103.56469666674398, 90.80252677989809, 80.59466826424061, 74.66128697675974, 67.78639178699092, 62.45045430188911, 53.91006770700232, 50.506797753465015, 44.08804054787627, 40.936759167340455, 35.274420369706114, 31.93126806428981, 29.46048491892842, 25.08169447751736, 20.90112984928196, 21.487496718938665, 19.424295011700647, 18.52315108062458, 15.695496865036036, 14.618750647098208, 13.828496165205884, 10.611243556737033, 9.98974661239266, 7.674750089571184, 7.024794576801097, 7.187276095358161, 4.690947932061281, 5.058413274544375, 4.5074533373070205, 3.8458041996798844, 4.904500418722269, 2.50108658909798, 2.865070472657719, 4.804888707632257, 3.914501809117062, 3.000527474973312, 2.67487601684166, 2.662514077536862, -0.03637616331254301, 1.266068914038787, 2.306193154599205, 1.6226192671797908, 0.4647413210632816, 1.9611816519823808, 1.5449080520672533, 1.7553608639138019, 1.1900510063108938, 0.25875821249342484, 1.5740978792908074, -0.11497190169722749, -0.41615397256119185, 1.541783500840027, -0.7070061583677619, 1.4922656573721624, -1.0315406245738112, -2.3786718979357806, 0.7508463707313393, -0.37742250957339485, -0.37336154730647214, -0.8699209584837376, -1.0382523461844326, -0.06453215021255984, 0.2029710314570295, -0.41842873809327746, 1.1240295140327692, 1.1287302698817556, 0.13024696088130566, -0.39683942441846654, 1.5619133883984058, -1.2694485469316383, -0.78549293294617, 0.7666959845715706, 1.4454806672681892, 1.5994157685556516, 0.842481463713457, 1.0578528254019959, 0.016863111822179623, 0.4077017488988465, 0.10665435285493281, 0.268848813739962, -0.28368629333150924, 0.48250675182401387, 0.4742086583806097, 0.5273025701830175, -0.885182198717775, -0.3118977233409727, 0.6685039549479148, 0.2583824225998964, 0.8694486971988109, -0.6933793700892387, 0.4355459867017274, -0.4640503737193783, 0.2672255918292974, 0.3824078575199984, 0.32399407918441125, 0.6851201540471463, 1.1517435904953137, 0.42418213903698326, 1.3520187501913434, -0.6536073581051915, 2.0131147099177427, 0.7566708232518001, -2.106843546355981, 0.7686468969138995, -1.0632218472255688, -1.2761645975385552, 0.47446436600088776, 0.28211227289019103, 0.7825799313862299, 0.004253851734663014, -0.5308804788572326, -2.909429623952066, 1.5665769537639957, 0.5066610220486825, -1.035243178431219, 2.805954759463109, 2.3142667351218114, 2.2161462602650595, 0.22323210764514573, -0.19014537361197809, 0.048712169211875295, 0.27529285363767564, 0.6973950873894836, 0.07286434408580328, 0.9391249577900258, -1.6359226111092129, 1.6275661695905859, -0.2662825787503868, -1.7660113982132088, -2.154528984583375, 0.8592770154051572, -0.06217026592816306, -0.8373379869662227, 0.8970272034848529, -0.0184199113564468, 0.3149332020205651, -0.4340059414995837, -0.4535156779361606, 0.7214569105945481, 1.9014547472224164, -0.6080213455450102, 0.3117017246992754, 0.5120277540770743, 1.9279342483733473, 1.1057279655606533, -0.19336120432967432, -1.1501422473643625, 0.08257293741362232, -2.168586821944083, 0.29148150187583194, -0.05081833572133762, 0.670302504691056, -1.5947242605306757, -0.062452052709357, 0.17318675240798925, -0.19357368475119213, -1.0459089790419882, -0.11665139457244442, 1.6940502325137043, -0.4129639306501251, -0.06857754358645723, 0.6748547032542687, 0.470021140023283, 1.7905696587403088, -0.28107998800632267, 0.5748639984686723, 2.823598702756132, 0.9537214154506568, -0.38024174604959665, 0.015920018331994135, -1.1172990880476916, 1.4746494958240293, 0.21627395789417234, 0.2878222840390544, -0.5096976371916127, -0.8539005119746516, 0.18685821219091314, 0.6556777463331687, 0.8264111179489237, -0.18127398051255317]}, "Latent AR LinUCB s=2": {"actions": [0.0, 1.0, 1.0, 1.0, 1.0, 1.0, 1.0, 1.0, 1.0, 1.0, 1.0, 1.0, 1.0, 1.0, 1.0, 1.0, 1.0, 1.0, 1.0, 1.0, 1.0, 1.0, 1.0, 1.0, 1.0, 1.0, 1.0, 1.0, 1.0, 1.0, 1.0, 1.0, 1.0, 1.0, 1.0, 1.0, 1.0, 1.0, 1.0, 1.0, 1.0, 1.0, 1.0, 1.0, 1.0, 1.0, 1.0, 1.0, 1.0, 1.0, 1.0, 1.0, 1.0, 1.0, 1.0, 1.0, 1.0, 1.0, 1.0, 1.0, 1.0, 1.0, 1.0, 1.0, 1.0, 1.0, 1.0, 1.0, 1.0, 1.0, 1.0, 1.0, 1.0, 1.0, 1.0, 1.0, 1.0, 1.0, 1.0, 1.0, 1.0, 1.0, 1.0, 1.0, 1.0, 1.0, 1.0, 1.0, 1.0, 1.0, 1.0, 1.0, 1.0, 1.0, 1.0, 1.0, 1.0, 1.0, 1.0, 1.0, 1.0, 1.0, 1.0, 1.0, 1.0, 1.0, 1.0, 1.0, 1.0, 1.0, 1.0, 1.0, 1.0, 1.0, 1.0, 1.0, 1.0, 1.0, 1.0, 1.0, 1.0, 1.0, 1.0, 1.0, 1.0, 1.0, 1.0, 1.0, 1.0, 1.0, 1.0, 1.0, 1.0, 1.0, 1.0, 1.0, 1.0, 1.0, 1.0, 1.0, 1.0, 1.0, 1.0, 1.0, 1.0, 1.0, 1.0, 1.0, 1.0, 1.0, 1.0, 1.0, 1.0, 1.0, 1.0, 1.0, 1.0, 1.0, 1.0, 1.0, 1.0, 1.0, 1.0, 1.0, 1.0, 1.0, 1.0, 1.0, 1.0, 1.0, 1.0, 1.0, 1.0, 1.0, 1.0, 1.0, 1.0, 1.0, 1.0, 1.0, 1.0, 1.0, 1.0, 1.0, 1.0, 1.0, 1.0, 1.0, 1.0, 1.0, 1.0, 1.0, 1.0, 1.0, 1.0, 1.0, 1.0, 1.0, 1.0, 1.0],