{"Stationary": {"actions": [1.0, 1.0, 1.0, 1.0, 1.0, 1.0, 1.0, 1.0, 1.0, 1.0, 1.0, 1.0, 1.0, 1.0, 1.0, 1.0, 1.0, 1.0, 1.0, 1.0, 1.0, 1.0, 1.0, 1.0, 1.0, 1.0, 1.0, 1.0, 1.0, 1.0, 1.0, 1.0, 1.0, 1.0, 1.0, 1.0, 1.0, 1.0, 1.0, 1.0, 1.0, 1.0, 1.0, 1.0, 1.0, 1.0, 1.0, 1.0, 1.0, 1.0, 1.0, 1.0, 1.0, 1.0, 1.0, 1.0, 1.0, 1.0, 1.0, 1.0, 1.0, 1.0, 1.0, 1.0, 1.0, 1.0, 1.0, 1.0, 1.0, 1.0, 1.0, 1.0, 1.0, 1.0, 1.0, 1.0, 1.0, 1.0, 1.0, 1.0, 1.0, 1.0, 1.0, 1.0, 1.0, 1.0, 1.0, 1.0, 1.0, 1.0, 1.0, 1.0, 1.0, 1.0, 1.0, 1.0, 1.0, 1.0, 1.0, 1.0, 1.0, 1.0, 1.0, 1.0, 1.0, 1.0, 1.0, 1.0, 1.0, 1.0, 1.0, 1.0, 1.0, 1.0, 1.0, 1.0, 1.0, 1.0, 1.0, 1.0, 1.0, 1.0, 1.0, 1.0, 1.0, 1.0, 1.0, 1.0, 1.0, 1.0, 1.0, 1.0, 1.0, 1.0, 1.0, 1.0, 1.0, 1.0, 1.0, 1.0, 1.0, 1.0, 1.0, 1.0, 1.0, 1.0, 1.0, 1.0, 1.0, 1.0, 1.0, 1.0, 1.0, 1.0, 1.0, 1.0, 1.0, 1.0, 1.0, 1.0, 1.0, 1.0, 1.0, 1.0, 1.0, 1.0, 1.0, 1.0, 1.0, 1.0, 1.0, 1.0, 1.0, 1.0, 1.0, 1.0, 1.0, 1.0, 1.0, 1.0, 1.0, 1.0, 1.0, 1.0, 1.0, 1.0, 1.0, 1.0, 1.0, 1.0, 1.0, 1.0, 1.0, 1.0, 1.0, 1.0, 1.0, 1.0, 1.0, 1.0], "rewards": [477.6233591570116, 429.3954492358044, 386.5421502152434, 347.6994604105489, 314.0870947236224, 281.54093932283354, 255.38683694203877, 227.28246480787874, 205.5167332940351, 185.54764375639127, 166.93494251509082, 149.16598310825322, 134.36455152012525, 122.63619306515912, 110.3114311688838, 99.01396854996327, 86.27825619922588, 79.61934902299491, 70.90659921799451, 64.25218734023952, 58.139342464959164, 53.20950620332517, 46.210210786526574, 41.02297642150788, 36.46005998880701, 32.75812202786744, 30.006015332036284, 28.98216671492632, 23.8746363603117, 22.84868387390146, 18.83254998606227, 15.634748710059116, 16.028234212974972, 14.435715166298868, 13.308592953844176, 11.690801916069333, 11.068074561661064, 10.351234653725228, 6.884777186048041, 8.185926735514444, 5.787742869306669, 6.254616652204978, 7.4249133511438625, 3.676089783465183, 5.389155105912455, 3.0985569914724755, 2.2125140586318492, 2.2123645376606125, 1.5995542134147374, 1.6091402855855925, 2.5477487428927015, 1.8535682831254718, 1.2810500086720769, 1.9192785380634674, 1.8695295856568148, 0.18269930327512263, 1.184367048617687, 0.15470834720082322, -0.8762223991557335, 0.6382351820183851, 0.27593553663793413, 0.23960386149431634, 0.4688312114085459, 0.9509075146992236, -0.37382278056609464, 1.0525062649683135, 2.767570557393282, 1.575644553247605, 1.6301057067975966, 0.20708241368916025, -0.1295905015548377, 0.1140471060297544, 2.228712126477381, 0.6232627240046997, 2.114694907752856, 1.2161285755871467, -0.21955633616713444, 0.6063438897197305, 0.18199362378798123, 1.7838087331840893, 0.6398370361913663, 1.7692394295584002, 0.5018441277768946, 0.4531300363778539, -0.08763664842361554, -0.9885567985076914, -0.16718638612966724, 0.48290389076240947, -0.5130298987823335, -2.004057984972996, 0.2801246869903239, -2.336032200486343, 0.7419275568270343, -0.3260368032396309, 1.0362108063897832, -0.17247671830185582, -1.168672127197373, 0.21181081285956505, -2.137587654773051, 1.0347820588604495, -0.04940723535065125, 0.6232420511320445, -0.4795938899653247, 0.8127718504101745, -1.5697950615882699, 0.9616140809830838, -0.6816869971291958, 0.808861838617813, 0.5875400777194534, 1.4358402182525403, -0.06025928054793409, 1.0079369293308629, 0.8066448618604243, -0.9477291013091089, -0.7428313101920088, -1.81836018311764, -0.5274679155896436, 1.4002321156863458, -0.01572109962571816, -1.1715617769695568, -0.8916479712332026, -0.3350319102136511, -0.06419776053898976, 1.1656344327774044, 0.46118240581102654, 0.1725684937548096, -1.3063543361779086, 0.4129898499050981, 1.25259043219859, -0.5923550188637142, 0.615888733008211, 1.6588394721615813, 0.2713215660081305, -0.8448569613203749, 0.7451580165307539, -0.08374443871428516, 0.9217400473269748, -1.9302689980788652, 1.6317279664610318, -0.12146719507419931, 0.35308265807846, -0.07025353505470311, 0.481014901383354, -0.4129599000159302, 1.0886173563667398, -0.9646625340451562, -1.5695532767004639, 0.7588169438818642, -0.3328853604430332, -0.7518302583489989, -1.1625955015196061, 0.7292940492559826, -0.6994178824236256, -1.1612675910560177, -2.1857570057103333, -0.5248046078868257, -3.0971285628223226, 0.04332549051450656, 0.2676993473248712, -0.06952546430810277, 0.23074454843680106, -1.2305858863371268, -2.0866779698825235, -0.21682124664959715, -1.8764332354456925, -0.7607820586352096, -1.2623505273635454, 0.338348263626541, -1.052515003455574, -0.08866157574979847, 0.553672431200152, -0.4560842266125221, -0.3245074731427109, 0.2651073010679586, 1.6259615679695454, 0.9689381690424627, -0.13104087147002105, 1.0493457169063083, -1.1091525063389647, -0.24175700094704347, 0.27267311685029094, -0.6473844058173243, -2.200725370269767, -0.4693649135617488, -0.15057711241457092, -0.1741965714159221, -0.41070714824763604, -0.8124486316389481, 1.0706313831696985, 0.5882742958446155, -0.15343311897987397, -1.7549558045068536, -0.3338334023412577, 0.4613919820746095, 0.280526699890408, 1.924294327557583, 0.7829983019144526, -0.07892879865624605, 1.1511469556048464, 0.9937995888875427]}, "Latent AR LinUCB s=2": {"actions": [1.0, 0.0, 0.0, 0.0, 0.0, 0.0, 0.0, 0.0, 0.0, 0.0, 0.0, 0.0, 0.0, 0.0, 0.0, 0.0, 0.0, 0.0, 0.0, 0.0, 0.0, 0.0, 0.0, 0.0, 0.0, 0.0, 0.0, 0.0, 0.0, 0.0, 0.0, 0.0, 0.0, 0.0, 0.0, 0.0, 0.0, 0.0, 0.0, 0.0, 0.0, 0.0, 0.0, 0.0, 0.0, 0.0, 0.0, 0.0, 0.0, 0.0, 0.0, 0.0, 0.0, 0.0, 0.0, 0.0, 0.0, 0.0, 0.0, 0.0, 0.0, 0.0, 0.0, 0.0, 0.0, 0.0, 0.0, 0.0, 0.0, 0.0, 0.0, 0.0, 0.0, 0.0, 0.0, 0.0, 0.0, 0.0, 0.0, 0.0, 0.0, 0.0, 0.0, 0.0, 0.0, 0.0, 0.0, 0.0, 0.0, 0.0, 0.0, 0.0, 0.0, 0.0, 0.0, 0.0, 0.0, 0.0, 0.0, 0.0, 0.0, 0.0, 0.0, 0.0, 0.0, 0.0, 0.0, 0.0, 0.0, 0.0, 0.0, 0.0, 0.0, 0.0, 0.0, 0.0, 0.0, 0.0, 0.0, 0.0, 0.0, 0.0, 0.0, 0.0, 0.0, 0.0, 0.0, 0.0, 0.0, 0.0, 0.0, 0.0, 0.0, 0.0, 0.0, 0.0, 0.0, 0.0, 0.0, 0.0, 0.0, 0.0, 0.0, 0.0, 0.0, 0.0, 0.0, 0.0, 0.0, 0.0, 0.0, 0.0, 0.0, 0.0, 0.0, 0.0, 0.0, 0.0, 0.0, 0.0, 0.0, 0.0, 0.0, 0.0, 0.0, 0.0, 0.0, 0.0, 0.0, 0.0, 0.0, 0.0, 0.0, 0.0, 0.0, 0.0, 0.0, 0.0, 0.0, 0.0, 0.0, 0.0, 0.0, 0.0, 0.0, 0.0, 0.0, 0.0, 0.0, 0.0, 0.0, 0.0, 0.0, 0.0, 0.0, 0.0, 0.0, 0.0, 0.0, 0.0],