{"Stationary": {"actions": [0.0, 1.0, 1.0, 1.0, 1.0, 1.0, 1.0, 1.0, 1.0, 1.0, 1.0, 1.0, 1.0, 1.0, 1.0, 1.0, 1.0, 1.0, 1.0, 1.0, 1.0, 1.0, 1.0, 1.0, 1.0, 1.0, 1.0, 1.0, 1.0, 1.0, 1.0, 1.0, 1.0, 1.0, 1.0, 1.0, 1.0, 1.0, 1.0, 1.0, 1.0, 1.0, 1.0, 1.0, 1.0, 1.0, 1.0, 1.0, 1.0, 1.0, 1.0, 1.0, 1.0, 1.0, 1.0, 1.0, 1.0, 1.0, 1.0, 1.0, 1.0, 1.0, 1.0, 1.0, 1.0, 1.0, 1.0, 1.0, 1.0, 1.0, 1.0, 1.0, 1.0, 1.0, 1.0, 1.0, 1.0, 1.0, 1.0, 1.0, 1.0, 1.0, 1.0, 1.0, 1.0, 1.0, 1.0, 1.0, 1.0, 1.0, 1.0, 1.0, 1.0, 1.0, 1.0, 1.0, 1.0, 1.0, 1.0, 1.0, 1.0, 1.0, 1.0, 1.0, 1.0, 1.0, 1.0, 1.0, 1.0, 1.0, 1.0, 1.0, 1.0, 1.0, 1.0, 1.0, 1.0, 1.0, 1.0, 1.0, 1.0, 1.0, 1.0, 1.0, 1.0, 1.0, 1.0, 1.0, 1.0, 1.0, 1.0, 1.0, 1.0, 1.0, 1.0, 1.0, 1.0, 1.0, 1.0, 1.0, 1.0, 1.0, 1.0, 1.0, 1.0, 1.0, 1.0, 1.0, 1.0, 1.0, 1.0, 1.0, 1.0, 1.0, 1.0, 1.0, 1.0, 1.0, 1.0, 1.0, 1.0, 1.0, 1.0, 1.0, 1.0, 1.0, 1.0, 1.0, 1.0, 1.0, 1.0, 1.0, 1.0, 1.0, 1.0, 1.0, 1.0, 1.0, 1.0, 1.0, 1.0, 1.0, 1.0, 1.0, 1.0, 1.0, 1.0, 1.0, 1.0, 1.0, 1.0, 1.0, 1.0, 1.0, 1.0, 1.0, 1.0, 1.0, 1.0, 1.0], "rewards": [515.3709616218349, -464.1044226334712, -416.5259867082154, -373.20956864075976, -339.7654471543484, -303.05666919526436, -273.25852208034377, -245.5031803629128, -220.93551862502025, -200.10473491396257, -178.81312170616715, -160.52537791167384, -145.46721314515486, -131.8387783373293, -116.92987373720257, -104.40023636178385, -95.25486490275594, -85.4251167396074, -77.30071089985248, -69.53203129537577, -63.689457413509274, -56.07161393196312, -49.514861213993036, -46.63051466952564, -40.60202443684394, -35.62165056136099, -32.01483752240588, -29.116658396962464, -24.865280099385625, -23.49793276927176, -20.682926797961354, -17.71709891829596, -17.128815916316885, -15.307772897804295, -14.689297285197625, -10.799681536687885, -10.52341917539658, -11.526296123322336, -8.59008366070848, -9.590296511530154, -10.327129347487125, -5.144497011321427, -5.506286326538092, -8.498135024818666, -4.566637800016106, -5.10471771462989, -4.334250264740277, -3.773107584519158, -3.0854244604140617, -5.565573686968963, -3.2555182497302346, -1.2624856489607086, -2.0276936530650533, -1.9453686779249175, -0.6743614092490342, -1.4582100922162564, 0.6666632650096538, -1.8984875588770167, -1.147553647080335, -2.343504582492927, -1.2859686005833937, -0.012125691108604841, -0.9561879682357641, -0.49910829115976263, 0.6351453449217861, 2.1620046544995883, 0.8113298192896397, -0.8456038783244085, -0.7047715579403087, -1.2802183407110113, -0.2710345386197994, -0.025664464501444245, 0.05304208318069964, 0.40838217558509254, -1.6387010417051522, -1.1923965925192703, -0.40150323161397383, -1.0214383163033847, 2.0546131296324934, 0.9654793890736839, 0.9103479235971998, -0.4989004712931714, -1.54935860097059, 0.2333584354878882, 1.13791387950694, -0.8392425679364245, 2.8783849465840494, -1.591948667107746, 0.2008171730419494, 0.26918981030513933, -2.2539830175558917, -1.0618059307609045, 1.9421933429391587, 1.8719786483274388, 0.10074838699125128, 0.9704891237983109, 1.8002156096048645, 0.05466897813520162, 0.1742499096818226, -1.2983782711256815, 0.7844859674662134, -0.4530554351736357, 1.5089046089072995, 0.002656879110160007, 0.7455718284991799, -0.4426407008737129, 0.9575397260110288, 1.0152739255667085, -0.7430094105212182, 0.9009476261329487, 0.24495155150958092, 0.4122136661070488, 0.5268896705990938, -0.1320302322398939, 1.2830554525181832, -2.318656185143764, 0.2052815815472161, 1.5486926159514691, 0.346901031611035, -0.10147693374855837, 2.5674053210632826, -0.7449241195308813, -0.6937229458360099, -0.1517079338671373, -0.12943641193626962, 1.74181215616922, -0.7116765530301388, 0.3398783921370638, -0.33480357456666593, 0.7670503884171483, -0.15034290604114592, -1.589761209321752, -0.23988721495946444, 0.14413976586010008, -2.449299988405622, -0.8818618942448587, 0.39478195231658575, -0.6489401813577574, 0.729321563623674, 0.17962076457679207, 0.6343650283553262, -2.1522205809724233, -1.691877882226724, -1.6068761953992545, 0.4439695673249, -0.7608192348792404, -3.323551874621975, -0.3371103277374263, -1.7546805139212935, 0.3845974556290953, 0.35531282344022674, 0.523902159427455, 0.7113058715469064, 0.008562400698453515, 0.9114988330693594, 0.06936855133277411, 0.32887248641683187, -1.0535609786988411, 0.08716012730942266, 0.09450709179261464, -0.28338039772403073, -0.16604528482783976, 0.7123986658805932, 2.3075162742167756, -1.5361477360438964, 1.9620510801241786, -1.48191844784479, 0.5823916519702614, -0.5171313944107637, 1.7446558196930657, 0.7365202998231799, 0.6886465890284079, -0.48418610422914404, 0.6095794320883142, -1.1025795159284923, -0.3621737562645923, 0.9446373545644371, 2.3778333162044336, -0.2026376036774304, 1.4452298232713008, -0.6509046642459149, -1.0102756859363207, 0.25677031485348767, -1.1636971389246347, 0.3571748470999878, 1.4394945506307941, -0.939080239356226, -0.11325468636346078, 0.8031185617239752, 0.7425174660877305, 0.7090499228149014, 0.5282129930789841, 0.250476614806144, -1.1248307395466404, 0.1884718625811514, 1.9433875331923443, -0.9814578207614036, 0.22527151278308616, -0.2484115616215141, 0.08485135933445828]}, "Latent AR LinUCB s=2": {"actions": [0.0, 1.0, 0.0, 0.0, 0.0, 0.0, 0.0, 0.0, 0.0, 0.0, 0.0, 0.0, 0.0, 0.0, 0.0, 0.0, 0.0, 0.0, 0.0, 0.0, 0.0, 0.0, 0.0, 0.0, 0.0, 0.0, 0.0, 0.0, 0.0, 0.0, 0.0, 0.0, 0.0, 0.0, 0.0, 0.0, 0.0, 0.0, 0.0, 0.0, 0.0, 0.0, 0.0, 0.0, 0.0, 0.0, 0.0, 0.0, 0.0, 0.0, 0.0, 0.0, 0.0, 0.0, 0.0, 0.0, 0.0, 0.0, 0.0, 0.0, 0.0, 0.0, 0.0, 0.0, 0.0, 0.0, 0.0, 0.0, 0.0, 0.0, 0.0, 0.0, 0.0, 0.0, 0.0, 0.0, 0.0, 0.0, 0.0, 0.0, 0.0, 0.0, 0.0, 0.0, 0.0, 0.0, 0.0, 0.0, 0.0, 0.0, 0.0, 0.0, 0.0, 0.0, 0.0, 0.0, 0.0, 0.0, 0.0, 0.0, 0.0, 0.0, 0.0, 0.0, 0.0, 0.0, 0.0, 0.0, 0.0, 0.0, 0.0, 0.0, 0.0, 0.0, 0.0, 0.0, 0.0, 0.0, 0.0, 0.0, 0.0, 0.0, 0.0, 0.0, 0.0, 0.0, 0.0, 0.0, 0.0, 0.0, 0.0, 0.0, 0.0, 0.0, 0.0, 0.0, 0.0, 0.0, 0.0, 0.0, 0.0, 0.0, 0.0, 0.0, 0.0, 0.0, 0.0, 0.0, 0.0, 0.0, 0.0, 0.0, 0.0, 0.0, 0.0, 0.0, 0.0, 0.0, 0.0, 0.0, 0.0, 0.0, 0.0, 0.0, 0.0, 0.0, 0.0, 0.0, 0.0, 0.0, 0.0, 0.0, 0.0, 0.0, 0.0, 0.0, 0.0, 0.0, 0.0, 0.0, 0.0, 0.0, 0.0, 0.0, 0.0, 0.0, 0.0, 0.0, 0.0, 0.0, 0.0, 0.0, 0.0, 0.0, 0.0, 0.0, 0.0, 0.0, 0.0, 0.0],