{"Stationary": {"actions": [0.0, 1.0, 1.0, 1.0, 1.0, 1.0, 1.0, 1.0, 1.0, 1.0, 1.0, 1.0, 1.0, 1.0, 1.0, 1.0, 1.0, 1.0, 1.0, 1.0, 1.0, 1.0, 1.0, 1.0, 1.0, 1.0, 1.0, 1.0, 1.0, 1.0, 1.0, 1.0, 1.0, 1.0, 1.0, 1.0, 1.0, 1.0, 1.0, 1.0, 1.0, 1.0, 1.0, 1.0, 1.0, 1.0, 1.0, 1.0, 1.0, 1.0, 1.0, 1.0, 1.0, 1.0, 1.0, 1.0, 1.0, 1.0, 1.0, 1.0, 1.0, 1.0, 1.0, 1.0, 1.0, 1.0, 1.0, 1.0, 1.0, 1.0, 1.0, 1.0, 1.0, 1.0, 1.0, 1.0, 1.0, 1.0, 1.0, 1.0, 1.0, 1.0, 1.0, 1.0, 1.0, 1.0, 1.0, 1.0, 1.0, 1.0, 1.0, 1.0, 1.0, 1.0, 1.0, 1.0, 1.0, 1.0, 1.0, 1.0, 1.0, 1.0, 1.0, 1.0, 1.0, 1.0, 1.0, 1.0, 1.0, 1.0, 1.0, 1.0, 1.0, 1.0, 1.0, 1.0, 1.0, 1.0, 1.0, 1.0, 1.0, 1.0, 1.0, 1.0, 1.0, 1.0, 1.0, 1.0, 1.0, 1.0, 1.0, 1.0, 1.0, 1.0, 1.0, 1.0, 1.0, 1.0, 1.0, 1.0, 1.0, 1.0, 1.0, 1.0, 1.0, 1.0, 1.0, 1.0, 1.0, 1.0, 1.0, 1.0, 1.0, 1.0, 1.0, 1.0, 1.0, 1.0, 1.0, 1.0, 1.0, 1.0, 1.0, 1.0, 1.0, 1.0, 1.0, 1.0, 1.0, 1.0, 1.0, 1.0, 1.0, 1.0, 1.0, 1.0, 1.0, 1.0, 1.0, 1.0, 1.0, 1.0, 1.0, 1.0, 1.0, 1.0, 1.0, 1.0, 1.0, 1.0, 1.0, 1.0, 1.0, 1.0, 1.0, 1.0, 1.0, 1.0, 1.0, 1.0], "rewards": [-1250.0964115825166, 1125.5599939821325, 1012.528005914552, 910.9204711437707, 820.7314246917598, 738.511970995137, 667.1223062014169, 598.0113595894331, 537.46660029295, 483.3560176333038, 435.68460520844866, 391.07349869514536, 351.85463078903445, 317.30909435519175, 285.51696606476025, 256.7776151696016, 231.34700739677078, 208.2126668102567, 185.26929308535153, 168.39013549162186, 151.62095671965648, 134.71262699949048, 122.30290351737078, 110.51934698786702, 99.819541296636, 89.36294656811464, 79.2970397342434, 73.22651206912458, 63.54156305947979, 57.96827050952697, 53.69107914267698, 48.41645569559435, 42.49800880373633, 37.661673409166326, 34.32382131783741, 31.99037305381542, 28.737244440996317, 24.772148640479035, 24.23740885197408, 21.05486707943073, 18.34223593483437, 15.606163276864688, 13.076858440300391, 13.171545984616296, 14.263361410961444, 10.082288650207213, 8.7106087191696, 6.81870140510078, 9.750499178225414, 9.115028716183991, 6.636626297660977, 7.5764956474102325, 3.9472338649039864, 6.664685745047816, 5.075184369687696, 3.0651891709649255, 3.93331917030394, 1.3323952715098377, 2.0908444179637766, 2.6842754777308033, 3.453324290959781, 2.785481448275049, 1.8050501364751457, 0.5015318660810992, 1.5439575667601317, 1.5466834198467505, 2.5857027662321332, 0.289009318359536, 2.0843110264658957, 0.8725972209686496, 2.6911404942005555, 1.556935658065974, 1.9135106548638217, 0.31636271457813947, -0.1658812135747022, 1.0117581391018602, 1.0494943680259718, 0.4705443469696898, -1.3314781057844116, -0.6262721101749775, 0.6837795049353393, 0.5352661662764993, 1.6482414882081637, 1.2090832224172021, -0.44006625326232474, 0.5786838116944706, 2.2232904912230156, 1.2104605489284834, -0.3040154380376935, 0.27761184595134103, 1.3190759387888387, 1.1117941136035743, 0.77167968354184, -0.010441346768515103, 1.957151237623264, -0.27224502081129126, 0.9348474261333422, 2.0586549672729535, 0.07070362490868709, 0.47727675759315646, 0.9559579755523426, 0.9670668644897475, 1.7258119601250448, 1.6198209950656661, 0.3121788884542167, 1.5931978966776545, 0.05966159228686413, -0.5604098364377652, 0.643285686046771, 1.0632649591780146, 0.08553380274290462, 0.2889265705714289, -0.5933162632714681, 0.7709025857830016, -0.3827578903044899, 2.0730180339742645, 2.112311082829679, 1.2678152134161533, 1.8619983367653614, -0.8725676467191805, 0.04829895504918544, 1.2296580052292172, 1.5537229824005434, 0.4194117336673863, 0.7351683460694505, 0.6038990841143512, -1.278569134254709, 1.7494164046597165, 0.5022839744248544, 1.0301577583165875, -0.5329317734914425, -0.8384881529259386, 1.034575184657329, -0.6271795882185707, 1.0483004799172078, -0.24228861623815717, 1.1261545725547277, 0.4805453328296426, -1.0522013651271218, 1.6772188440650935, 1.9720016195654062, 1.109162304045732, 1.5276027942018708, -0.057046911773407746, -0.49595715532973833, 2.1945987892466983, 1.1916886992994769, -0.5745861906197656, 1.1438265223966608, 1.2546530876856699, -0.8381716752790542, -1.2158250657140306, 0.41750355516378224, -0.7657470610302983, -0.11424897804200748, 0.13525311233464038, -0.05478248498067945, -0.12198122021997101, -0.5607549798732996, -0.9260924173076863, -0.4188704033473468, -0.14271881433881645, -0.49588860323490924, 0.5907753309254253, -1.6207854678429832, 0.0860634125955328, 0.40159947811413044, 0.2550246131579955, -0.9844756201281631, 0.45583621980514566, -0.3916649958186685, -0.6263825062480233, -0.035435263206314835, 0.05727554870721202, 0.1692778383806408, 1.074307241752743, 0.7422915961013116, 1.9764917171357077, -0.2058006291016085, 1.0595795941750963, -0.7173687783645827, 0.47805570832769456, 0.08498483699180497, 0.7004437673743569, -0.49642837003902535, 0.7641863018839832, 1.9342237939661195, 0.8831392203130914, 1.749578220272377, -0.47009935067402625, -0.8873427086665961, 2.041210493712309, -0.48856721361472233, 0.43074693246772233, 1.5607207969326775, 0.7237281242324217, 0.48164709132371375, 0.44408009278876115, 1.1806921818370746, -0.22541341903005782]}, "Latent AR LinUCB s=2": {"actions": [0.0, 1.0, 0.0, 0.0, 0.0, 0.0, 0.0, 0.0, 0.0, 0.0, 0.0, 0.0, 0.0, 0.0, 0.0, 0.0, 0.0, 0.0, 0.0, 0.0, 0.0, 0.0, 0.0, 0.0, 0.0, 0.0, 0.0, 0.0, 0.0, 0.0, 0.0, 0.0, 0.0, 0.0, 0.0, 0.0, 0.0, 0.0, 0.0, 0.0, 0.0, 0.0, 0.0, 0.0, 0.0, 0.0, 0.0, 0.0, 0.0, 0.0, 0.0, 0.0, 0.0, 0.0, 0.0, 0.0, 0.0, 0.0, 0.0, 0.0, 0.0, 0.0, 0.0, 0.0, 0.0, 0.0, 0.0, 0.0, 0.0, 0.0, 0.0, 0.0, 0.0, 0.0, 0.0, 0.0, 0.0, 0.0, 0.0, 0.0, 0.0, 0.0, 0.0, 0.0, 0.0, 0.0, 0.0, 0.0, 0.0, 0.0, 0.0, 0.0, 0.0, 0.0, 0.0, 0.0, 0.0, 0.0, 0.0, 0.0, 0.0, 0.0, 0.0, 0.0, 0.0, 0.0, 0.0, 0.0, 0.0, 0.0, 0.0, 0.0, 0.0, 0.0, 0.0, 0.0, 0.0, 0.0, 0.0, 0.0, 0.0, 0.0, 0.0, 0.0, 0.0, 0.0, 0.0, 0.0, 0.0, 0.0, 0.0, 0.0, 0.0, 0.0, 0.0, 0.0, 0.0, 0.0, 0.0, 0.0, 0.0, 0.0, 0.0, 0.0, 0.0, 0.0, 0.0, 0.0, 0.0, 0.0, 0.0, 0.0, 0.0, 0.0, 0.0, 0.0, 0.0, 0.0, 0.0, 0.0, 0.0, 0.0, 0.0, 0.0, 0.0, 0.0, 0.0, 0.0, 0.0, 0.0, 0.0, 0.0, 0.0, 0.0, 0.0, 0.0, 0.0, 0.0, 0.0, 0.0, 0.0, 0.0, 0.0, 0.0, 0.0, 0.0, 0.0, 0.0, 0.0, 0.0, 0.0, 0.0, 0.0, 0.0, 0.0, 0.0, 0.0, 0.0, 0.0, 0.0],