{"Stationary": {"actions": [0.0, 1.0, 1.0, 1.0, 1.0, 1.0, 1.0, 1.0, 1.0, 1.0, 1.0, 1.0, 1.0, 1.0, 1.0, 1.0, 1.0, 1.0, 1.0, 1.0, 1.0, 1.0, 1.0, 1.0, 1.0, 1.0, 1.0, 1.0, 1.0, 1.0, 1.0, 1.0, 1.0, 1.0, 1.0, 1.0, 1.0, 1.0, 1.0, 1.0, 1.0, 1.0, 1.0, 1.0, 1.0, 1.0, 1.0, 1.0, 1.0, 1.0, 1.0, 1.0, 1.0, 1.0, 1.0, 1.0, 1.0, 1.0, 1.0, 1.0, 1.0, 1.0, 1.0, 1.0, 1.0, 1.0, 1.0, 1.0, 1.0, 1.0, 1.0, 1.0, 1.0, 1.0, 1.0, 1.0, 1.0, 1.0, 1.0, 1.0, 1.0, 1.0, 1.0, 1.0, 1.0, 1.0, 1.0, 1.0, 1.0, 1.0, 1.0, 1.0, 1.0, 1.0, 1.0, 1.0, 1.0, 1.0, 1.0, 1.0, 1.0, 1.0, 1.0, 1.0, 1.0, 1.0, 1.0, 1.0, 1.0, 1.0, 1.0, 1.0, 1.0, 1.0, 1.0, 1.0, 1.0, 1.0, 1.0, 1.0, 1.0, 1.0, 1.0, 1.0, 1.0, 1.0, 1.0, 1.0, 1.0, 1.0, 1.0, 1.0, 1.0, 1.0, 1.0, 1.0, 1.0, 1.0, 1.0, 1.0, 1.0, 1.0, 1.0, 1.0, 1.0, 1.0, 1.0, 1.0, 1.0, 1.0, 1.0, 1.0, 1.0, 1.0, 1.0, 1.0, 1.0, 1.0, 1.0, 1.0, 1.0, 1.0, 1.0, 1.0, 1.0, 1.0, 1.0, 1.0, 1.0, 1.0, 1.0, 1.0, 1.0, 1.0, 1.0, 1.0, 1.0, 1.0, 1.0, 1.0, 1.0, 1.0, 1.0, 1.0, 1.0, 1.0, 1.0, 1.0, 1.0, 1.0, 1.0, 1.0, 1.0, 1.0, 1.0, 1.0, 1.0, 1.0, 1.0, 1.0], "rewards": [512.0606030108287, -460.82434960900343, -415.94837122996523, -375.5517675553041, -335.84342479109745, -302.6254907418272, -272.42852012219237, -245.78026445550248, -220.51327098936824, -198.5961479496473, -177.7338772497508, -161.5169922696885, -146.72812496529681, -129.34012981893886, -116.08727178984643, -105.84491104446074, -94.46235848191805, -86.97400882668933, -77.53323995395505, -69.53421674627768, -61.603649757390045, -56.99619329251962, -49.575711343993696, -44.796032072285335, -39.92857288951395, -37.85181520574986, -33.47894180830335, -29.466839039462872, -28.07156889890159, -23.006630592326168, -20.77727649360925, -18.648500357552646, -17.52379925589491, -15.74930557389283, -12.817996533052696, -14.077957594156992, -13.23404980398907, -10.897478856244597, -9.503799354451209, -9.347459015753868, -7.2579656851477985, -4.587935359687095, -5.388275179744764, -6.638741105502112, -4.543342650264896, -3.445396554234428, -5.166215626430845, -3.3453171539767506, -3.4263532968552513, -3.194384425676711, -2.8178200906479134, -2.585520020594092, -3.3978961115429573, -1.8185505636439618, 0.06916471949260905, -2.6106766766512535, -2.098178600385312, -3.6021328339977217, -1.2485891348145517, -0.29465934766444646, -1.8650671413578361, -1.0147025046846874, -0.9008891103433647, 0.6706558766337112, -3.078753420374369, 1.7847665286182277, -0.4277124408549701, 0.46686453128054317, 0.05938116975709251, 0.9487615557535751, -0.7241081411386323, 1.7184872457925127, -0.6021765825789636, 0.6367304078586923, -0.7045653600132429, 0.38610099278811716, 0.1972885891149554, -1.001157250800227, 1.7928194507455286, -0.65752860114416, -0.06793332350681282, 0.027731057984464187, -0.12836994395960197, 0.9995907837671508, 0.03353086563592915, 0.8635802398235365, 0.5789982371942434, -1.806179257087926, -0.829257360711959, -2.8483389416068676, -0.05716855447333738, -0.5479396396684192, 0.6791082620234989, 0.34465079231926576, 2.0185713967662293, 0.32501028150326006, -0.3544120392792869, -0.4082348783335882, 1.1469586424522713, 0.5777203507272721, -0.21042220778400292, 1.137613985046392, -2.051584945175356, 0.061409445616316005, -0.3161798107887165, 1.9833277779682554, -0.91686796046727, -0.14150775672611485, -1.5435838225875869, -1.4918517270966287, -1.0259988149096175, 0.6264490181890041, 0.1429592524746764, -2.1228180889710266, -1.79349934430886, -1.0018593171978698, -0.7784276144586522, -1.7735650002992889, -1.1918040638953706, 0.2774666672126802, 0.4833799777125687, 0.894425096460777, 1.0945339714474667, -0.4939233511599476, -1.0020925899834872, -1.4786078252615023, -1.2102330136517514, 1.547875899497024, -1.8266439063719762, -0.10049109589394725, 1.9365190122441363, 1.4998364953900554, -0.09978934467378925, -0.9070122506406875, -0.5113025846980184, -0.8172334377355548, 1.9816093050682153, -0.4925886765390326, 3.0881203320615502, 0.8920275135893063, 0.4259707972942652, 0.7741741939263265, -0.7814489889705267, 0.7293040533919019, 1.4070008283737439, -0.8572744368277372, -0.5650403718674373, -0.202212228099194, -1.3602002925499406, -0.8786539669415565, -0.7187649267958367, 0.46533871036567165, -0.7702196870289837, 0.8267633768003906, -1.8843309903761432, 2.3085675893731032, -0.052114190130771565, 1.0372389037265877, 0.5183353257270396, 1.175640925942205, -0.6036850812851136, 0.944948872577517, -2.401122222049831, -0.5473822314711131, -0.40307715028173763, 0.20936253523892787, -1.220334219376761, 0.8969129754650947, -0.33223427502303704, 0.3587689044235987, 1.0873391484881147, 0.2836979490564197, -1.228125091583614, 1.0380560680550044, 0.15764893130073274, 0.4298626899039761, 0.12962735569388636, -1.9062376531055558, -0.20357463356329847, 1.6285914871440825, -0.744361327590798, -1.6610385179130753, 1.334412082652595, 0.5620521162738825, 0.370623623492407, -1.1965667057307972, -0.5562114228766086, -0.19476430565346836, 1.0474463320229987, -0.2632600828697539, -0.5064638107847393, 0.6180330554261203, -1.0114324609703986, 1.061386450490938, -0.5512846562706166, -0.7354396791979285, 0.004445813662613152, -1.8689862202186416, -1.3189593537525892, -0.9258090035329902]}, "Latent AR LinUCB s=2": {"actions": [0.0, 1.0, 0.0, 0.0, 0.0, 0.0, 0.0, 0.0, 0.0, 0.0, 0.0, 0.0, 0.0, 0.0, 0.0, 0.0, 0.0, 0.0, 0.0, 0.0, 0.0, 0.0, 0.0, 0.0, 0.0, 0.0, 0.0, 0.0, 0.0, 0.0, 0.0, 0.0, 0.0, 0.0, 0.0, 0.0, 0.0, 0.0, 0.0, 0.0, 0.0, 0.0, 0.0, 0.0, 0.0, 0.0, 0.0, 0.0, 0.0, 0.0, 0.0, 0.0, 0.0, 0.0, 0.0, 0.0, 0.0, 0.0, 0.0, 0.0, 0.0, 0.0, 0.0, 0.0, 0.0, 0.0, 0.0, 0.0, 0.0, 0.0, 0.0, 0.0, 0.0, 0.0, 0.0, 0.0, 0.0, 0.0, 0.0, 0.0, 0.0, 0.0, 0.0, 0.0, 0.0, 0.0, 0.0, 0.0, 0.0, 0.0, 0.0, 0.0, 0.0, 0.0, 0.0, 0.0, 0.0, 0.0, 0.0, 0.0, 0.0, 0.0, 0.0, 0.0, 0.0, 0.0, 0.0, 0.0, 0.0, 0.0, 0.0, 0.0, 0.0, 0.0, 0.0, 0.0, 0.0, 0.0, 0.0, 0.0, 0.0, 0.0, 0.0, 0.0, 0.0, 0.0, 0.0, 0.0, 0.0, 0.0, 0.0, 0.0, 0.0, 0.0, 0.0, 0.0, 0.0, 0.0, 0.0, 0.0, 0.0, 0.0, 0.0, 0.0, 0.0, 0.0, 0.0, 0.0, 0.0, 0.0, 0.0, 0.0, 0.0, 0.0, 0.0, 0.0, 0.0, 0.0, 0.0, 0.0, 0.0, 0.0, 0.0, 0.0, 0.0, 0.0, 0.0, 0.0, 0.0, 0.0, 0.0, 0.0, 0.0, 0.0, 0.0, 0.0, 0.0, 0.0, 0.0, 0.0, 0.0, 0.0, 0.0, 0.0, 0.0, 0.0, 0.0, 0.0, 0.0, 0.0, 0.0, 0.0, 0.0, 0.0, 0.0, 0.0, 0.0, 0.0, 0.0, 0.0],