{"k": 10, "sigma_z": 1, "mean reward 1": [7.135911904111497, -8.993050411050586, 5.377759932917135, -6.808075657449201, 0.8642424352089855, 4.039129166698554, -10.179221759636118, 5.703278556072849, 5.269946831942494, 5.775004708104844, -2.706283469101346, -2.5941928309740616, 1.0208180224513559, -1.3840623449837617, 0.08882369267876389, 1.8758152858702077, 2.212522893027458, -0.22262523275420382, -2.3253894923908103, -1.9417029666256371, 0.7314152160947571, 0.12079977032404421, -1.2967366151425823, 2.060378747071035, 0.7197885896128295, -0.9476895931485101, -1.2386838620116591, 2.1975483612819264, 0.6401732349443302, 0.6493723390545101, 0.5384399587750341, -0.4623200414742855, 0.900417162177075, 1.0107281056700543, -0.09796577031283793, -0.5197725033531975, 1.248136980220571, 0.9505941237944113, 1.5947758388612017, 0.21939942398197945, -1.2952721608280808, 0.3050946211323715, -0.22682683036743462, -0.8278443899739077, -1.9424618814062051, -0.06066264052728948, -0.2047409875229521, 1.091269738702184, -0.32430975569398324, -0.24159048636214728, -0.48468663372037113, 0.6724642761750071, 0.8645786597506799, -1.9202144981393259, 0.8746251032830714, 0.2733638332058458, 0.721778777176965, 0.49161053562836216, 0.34209931508102354, 1.9633137426511487, -0.2779483103281833, -0.6860537653397522, -1.7947785454482683, -0.9260014732178842, 1.825498435351701, 0.2498886390127581, 0.6935147688690053, -1.54231193170116, -1.134378474524076, -0.08831138943528566, 0.19124699371726925, 1.27203968125556, -0.4369193355013248, -0.677993611085902, -0.2415890310696791, -1.3543910054960762, 1.1235403373353023, 0.8396246691018023, 0.6591748636032984, -1.1087449694582543, -2.442439546329647, 0.9823338119337808, 0.6108725499771073, 1.869926395213556, 1.7860042696901786, -1.2253482104206654, -1.1007033199096552, -1.8410745904517283, 0.8723626040756443, 2.8800871568240614, -0.43494335351914426, 1.4897498963963625, -2.5726195687838302, 0.3091398985668957, -1.6221762987502906, 0.31520192223824917, 2.802665663242353, 1.0803961686046157, -0.545099463621787, -1.4784890914544573, 1.0138505993207008, 0.2720563551591849, 0.24887689068722044, 1.4717692076161455, -0.7926374151882991, -0.8873774411409863, -0.8128664952237137, -1.2548777469833652, 1.8436874759868012, -0.07952896565684392, 1.753801165746578, 0.07669886926106262, -1.824817318375682, 1.0176295499164483, -0.01331431801005066, 0.18927154884380248, -0.8592838121389216, 1.8070100283276624, 0.9605748276718112, 0.06728435201828953, -2.027205137648276, -0.8860024697831075, -0.10412538389934511, 0.6279399742485304, 0.48351613593152915, 0.8461671616154736, 0.26852363170053273, -0.6717666122632169, -1.6996333016930407, 0.6657492409126474, 1.0358378504869505, 1.1737565216306365, -0.36833171323461, -1.7752589185429315, -0.9585298755495274, 0.6843505200965886, 1.0599254560416875, -0.18277707126071807, 0.8199251710102791, -0.22365799920256968, 0.8328278735349326, 0.7793157510309403, 1.0328272642285705, 0.24047409123716043, 0.15983910881142144, -1.348064187785576, -1.3237945183469293, 1.6255516755265917, 0.5290720259603232, 0.9118901562119655, -0.3402326100873566, 0.3212147680106274, 1.0050574824736107, -1.2009304157466336, -0.5145942380455312, 0.2201253112941703, -0.14140717885568077, -0.1869037860431989, 0.5244664093185849, 0.9260553827115569, 1.3562574588217347, -0.16096197222765363, -0.6446584065089398, -0.5544901904462647, 0.3783064255163506, 1.7377186700351908, -0.6781470961158829, -0.283109522329206, 1.836560602456639, 0.0975313020917011, -1.106737759305608, -2.2401954982550443, 1.4320673596929419, 1.380883435700452, -1.8032517953712237, 0.21206549957656795, -0.9433737454484387, -0.40963444936965987, 0.7746566141163852, 0.08384021969220187, -0.10586160764880059, -1.6271521094241754, -0.577970137770426, -0.5800454048560254, 1.272479671599279, 2.8509615174543237, -0.1607910217662009, -0.12104132887646507, -1.4348476331938158, -0.1755944293545182, -0.7886619826511891, -0.19164676136955905, 1.7275591918325652, 1.0207124479697929, -0.6794966377558148, -1.0436667087107687, 0.5871728731327654, -0.4951320429981966, -0.9005229120962905, 0.009923556318837096],