{"k": 10, "sigma_z": 1, "mean reward 1": [-11.77978711944525, 24.99835082852096, -4.3100135942017275, -15.720442499961209, -13.89376834465815, 19.946814046814204, -10.590373687656928, -6.012462332477254, -17.050755485751157, 6.232336461753181, 1.8763852929850096, -4.444268964301763, 3.022470086956019, 1.3377909135867414, 1.4631294453876493, -4.390397396149578, 2.7452545065225102, 1.6316519394075837, 1.265176609519088, -1.2858205902093092, -0.30167978873430934, 2.8251681230206005, -0.35510243918777096, 0.004607048298607835, 0.2294609519211931, 0.9613363357473869, 0.08445841455348554, -0.37731011322926283, 0.18056423310632627, 0.4332058607577658, 1.1488768624456844, -0.8494286050170508, 1.1053663031392529, -0.40165756218015936, -0.350125692235204, 0.5735477189675335, -1.4853147442144001, -0.8099736992540735, 0.2565446456345729, 1.0182866719577004, -0.1613801114512099, 0.3004373637988946, 0.09148517444474254, 0.30192317413879083, -0.343641743161458, -0.22930908873918482, 0.8589160607533926, -1.125425494479978, 0.6823914831123598, 1.0246908433738626, -1.620248624965862, -1.7517460634682929, -1.5046468834059024, -0.19331708361759536, 0.5747271121979672, -1.5551792942104437, 0.46646884840532826, 0.9116525480678546, -0.224394757283915, 0.7327746232651826, -0.5156924260053966, 1.0368579475222304, -0.7097081074615117, -0.8659362249156098, 0.36879245958577206, 1.616000446462833, 0.9820511089958286, 1.3141593797279403, -0.3883810129545977, -0.7240363513518562, -0.3235308530552893, -0.6823776176086784, -1.3416283658442711, -0.40934308700328964, 1.4991419591345019, 2.297951612045103, 0.10090627338625491, -0.7281021630427807, -0.718813709433364, -0.44897009949864997, 0.25419530799551926, 0.04364164260136538, -0.38404196055586504, 1.0092128680989534, -2.3930688378230975, -1.5495077654028258, -0.16857882219801695, 0.7167500378510294, -1.4008089114034532, -1.5530065363518557, 0.5371338644356106, 0.6458191401436206, 1.8043948466395843, -1.0526436307179448, 0.8250123146830243, -0.8589460352839797, 1.2314345379154303, -1.7273685604835278, -0.4155984459363601, 0.23017810297670216, 1.4460565868309316, -0.9407096185084758, -0.09139397091291512, 1.4387569655819474, 0.873421117294633, 1.1533360814328115, -1.5143587896873705, 0.19746549515562617, 0.09532066418319414, 1.0432914749143196, 0.4554933189511289, -2.4993989702607715, -0.09658835305620339, -0.5540496631111524, -0.43349578203507794, -0.14891590666215443, 0.5102700893779235, -1.1196697412236434, -1.0606014300461999, -0.4904418777957916, 0.7783933615149574, 0.15254668373326852, 0.7634626905061717, -0.5136137164290526, -0.7527987944547156, -2.4571681817291995, -1.2144212931607699, 0.6065707284804011, -0.33365940500200897, 0.8538247907655279, 1.3721133016287974, 0.43192794242246824, -0.13076819080800517, -0.9414370162233952, -0.08932167879222086, 0.7793163148509492, 1.029802424270963, 0.3870083046543447, 0.5567687424148348, -1.3580236493821565, -2.9509293360985915, -0.8245652509693601, 1.4299947999344513, -0.20675516651016324, -0.5032435970981398, 1.601630201178716, 0.17643652790781517, -0.6851501890647663, -0.7439884384938581, 1.8690808983930087, -0.20231270059452855, 1.7005753186730166, 0.27436368807219014, -0.17460793056329912, 0.004762551913818025, 0.799728541886819, -0.219132958217106, -0.017026183713558858, 0.5611440241361759, -1.6428636782691164, 1.2068355713538945, -0.06599755130566612, 0.9434546261625703, 0.5353381318408079, -0.24279741143002298, 0.07113188538517921, 0.27864916887265356, 0.06302928689641427, 0.259708398520513, 0.4383322730035881, -0.4944559680004788, 1.0984593301432146, -0.6254026587136295, -0.35760205501012615, -1.264683094247243, 0.7722435175518728, -0.6072930214297252, 0.9393824038025259, 0.5086366516124153, -0.71161129501671, 1.1951465382775008, -0.40923628038989457, -0.339358607211522, 0.49880853521479973, -0.0538705625585596, -1.3893182409268698, 3.3458795170627726, 1.5052831284685824, 0.8362475715151887, -3.385910012075472, -1.3637433419778304, 1.6012611779061376, 1.3387684969975118, 1.728985174489339, -0.7161518207613422, -0.1830178657467203, -0.9292641000558983, -0.6433233583764543, 0.9848554657413058, 1.6461096938270994],