{"k": 10, "sigma_z": 1, "mean reward 1": [-4.773218047416219, -9.92941996166599, -0.16363138076748424, -4.7323009692396125, -1.8245721548345097, -8.37968588719987, -20.255661142156033, 1.0641685276947408, -5.258666836324203, -4.564204792278663, -1.4719098869356162, 1.511323055234235, -0.32554719874248716, -7.444965887156341, -3.073515744267124, 0.43982839618769864, 1.8632516698958992, 0.4551791406892449, -0.3927036240152947, -1.090111567525563, -1.1486124540285356, -0.10791287750406187, 0.5866172707699483, 0.4258263569151014, 0.7028488106610078, -0.43843087536858727, -2.0065990363141553, -1.6389632954177573, -0.20057941117470723, 0.8011962279052829, 2.485672436011308, -0.16226048689069875, -0.13431652070466293, -0.22153814042954734, 0.1653457130577225, 0.13362786682063194, -0.00843631301352929, 0.21168913188455718, 0.07559618735455594, 0.17226951575381735, -0.2241288077412196, 0.03444461091541761, -0.0505380125623098, -0.1498167759354601, -0.4897396144157209, 1.5941385239612311, 1.2304406985310368, -0.8675981145824013, -0.7138269754946868, -0.22514886489873204, 0.6988669522024245, 1.3527622511996775, 0.5793461114576846, 2.299857243215749, -0.26996775027724773, -0.39416915815631, -2.1350764916073195, 1.4226435169778109, 1.4883547814493325, 2.8476990901599906, 0.5450739928144425, -1.5758724481933002, 1.2838426209032074, -0.8678192806203, 0.7185062687799884, 0.42065708062953827, 2.7045216966111534, 0.5091503056012079, -1.94701364808376, -1.489577416578185, -0.2062340887710093, 1.2622045595656601, 0.9194356013630449, -1.0364753032613245, -1.0196990988037296, 0.5028637419563315, -1.4239720078378826, -0.03222254396129283, 0.8874457091403536, 0.8078098522171385, -0.2315408547678776, -1.837795617577168, -0.12777063632524122, -2.6030592198142775, 0.8071655946829597, 1.863350207058654, -0.7194498238906428, -0.19872893305288308, -0.06973536564925276, 0.19514459225109895, 1.5469702870872413, -0.46691490675036085, 1.0954418931324628, 0.005705455060386243, -1.3484587125746113, -1.655896438265359, 1.5832812747408442, 0.6478737099981331, -0.1403326843610196, -0.2510257354558114, -1.071525578907225, -0.6844719454034429, -1.3358346082090122, -0.059048411231444775, 2.44630868879895, 0.5436702596977263, -0.2438806819011693, -0.4198329153085665, 2.0985126171952015, -0.7350539237851184, 1.2254580100765775, 1.0138713733901659, 0.4387153446906285, 0.06599472574470075, 0.15094609320297092, 0.3774433769309013, 0.456238536157434, -1.3426384121182593, -0.66147154355102, 0.7354787028315867, 0.8158440659297593, -0.3278109755829236, 0.689639573082067, -1.139345465431377, 1.097055952078379, -0.8207845863861306, 0.506583324507665, -0.7001414757689013, -0.3187074989241636, -0.15124871495676642, 0.6367106475410452, -0.8195801946521046, -1.7246674592710074, 0.019685272148063405, 1.112946451700375, 0.7524865384791972, -1.3636595186042502, -1.7595404112248496, -1.0596394966378981, 1.1182586384784248, -0.2279362232551423, 2.199905143396585, 2.206725006937298, -0.6557382621796758, 0.7089523161161231, -1.2997397826607313, 0.1635934015748064, 0.3982498878326973, -0.6340023038293594, 0.0671173154933341, -0.6769079706969867, -0.8048404642606058, -0.8442224651931323, -2.5376733861647334, 1.3760040604740682, -0.2307755309974947, 0.9575395651419205, 0.02486056075904075, 0.7851344784957691, -0.07529597526932186, -1.5297952740989456, -0.5886108069557177, 0.9169316307689646, 1.2758982939877817, -0.20810336467867818, 1.0349864646452953, 0.2402724469432911, 0.055783993263654685, -0.977372022162651, 0.1938925552772678, 0.4436702783892501, 1.560282053486858, -0.8819652243833276, 0.5563712130468415, -0.35598749079374914, -0.40294015618212564, 1.1087022671733908, 2.3422305397449854, 1.115979766474946, -1.1598660279365642, 0.04697646596212379, 0.30609051273680443, 0.3924808518092951, -1.5549884556264524, 2.046780005157053, 0.4200732025892495, -0.4197023991589822, 0.887635738461324, 0.9100889874630003, -0.19390124072972714, -0.9828012570687217, -0.45262536505415063, 1.7569367061286227, 1.6589882707040045, 1.1582163705227133, 1.5395337624114507, 0.4394369951987565, -0.7982917340279139, -1.3213901293191945, -0.718957206081633],