{"k": 10, "sigma_z": 1, "mean reward 1": [-3.9537663892845254, 0.4585796237977699, 7.112664675773029, 11.954756294704058, 15.598239243617284, -4.899103249715513, -13.532570566980443, -7.120905983734248, -0.2505426299400894, 10.220390624783118, 4.546150398972352, 1.693323843971331, -2.810712470528343, -6.582419913758132, -3.847606026735989, 1.0378137644134726, 5.2455393276004285, 3.7683816202586486, -1.462490793553033, -2.9425425694621574, -3.2488395162818566, 0.3112977747827824, -0.15847944039120954, 1.5214731853989658, 1.484410699890825, -1.000554654053036, -1.3844339072112835, -0.5251309426158512, -0.33640936768012863, 0.5988185699302956, 0.558322575110747, 1.4048631351395409, 0.9807163260761671, -0.2924165414929899, -0.42529179278245627, 0.5332021064820631, -0.9778329442916407, 0.46605164803604193, 1.0344374226969206, 0.7015505308102687, 1.274785177688115, -2.0617641261447694, -0.10322696513754809, 1.492934444265428, 0.13212356137883607, 0.893532047442716, -0.4841601094785901, 1.0319091629081718, -3.2332420953456933, -1.2631643181812922, 0.6483453574758844, 0.3885170951996496, 1.608311869918628, -0.6839899625226995, -0.12320255803333437, -0.7105010640081824, 0.9464891343431191, 1.0234149573328926, 1.0057693995025283, 0.2637022483478787, 0.12616003299634387, -1.4602846369598133, -1.4862275070155515, -0.7155680293191551, 1.2039350969533857, 1.6612772887419085, 0.34101824078556037, -0.6526152848488793, 0.0646348636944798, -0.533346187379991, -0.08119488971563354, -1.216907769643782, 0.16312481053209893, 1.376730192652993, 1.4853624022112708, 0.02602041446501402, -0.6681469004389923, 1.5411378548452146, -0.020651655497281006, -0.27434390024502386, -0.26552079020778907, 0.8200150632238654, -0.45413677332528796, 1.641542220406643, -0.599964562385048, -1.0015760814198849, -0.12007235834385357, -1.3865412514768516, -0.9116898360582576, -0.991516069192651, 4.578844562310956, 0.09551059851334387, -1.1206612904832625, -0.2205608180560935, -1.3604199312076926, -0.05597595342831563, -0.6551424947098322, -0.9946225385349656, -0.812897538247072, 2.2144141491637512, -1.0286919066893592, -1.1048759781590465, -0.08150727455051704, -1.3206506645193477, 0.37171888811395715, 1.03876516300003, 0.4937737515277852, -0.24075717539209723, -1.4248842145230651, -1.8803245448851469, 0.7784160106135438, 0.8211516982933188, 0.4935383736672321, -0.7145115985363206, 0.6896633627380745, 0.971802630838093, -0.7349167822945145, 0.660620813555388, -0.7501467059660083, 0.08215328301757546, -0.4946788685428627, 3.009493082211634, 0.7576382001763807, -0.8450591460365928, -2.266069669456765, -0.0036945952002193083, 0.1798692800426871, -0.8397313838780492, 0.5194126541137081, 0.017300453414002492, 1.1602909516465438, -2.195889011226285, -0.4059734736408186, 0.991849782316998, -0.277554963738002, 1.829936067143481, 1.1264238722557582, -1.3083594471224345, -0.8996494149528952, -2.152481565702622, 0.18548587089847257, -0.1399002092116889, 0.26319123747125356, 0.1316357604029001, -0.7372445498456719, 1.0795273178241926, 0.35571459715504405, 0.760390515940529, 0.23413351622110762, 2.240722838192996, -0.6082141331035991, -2.8702576416278758, -1.2019666547664856, 0.8459166444219255, 2.3454109368591434, 0.6178836248377095, -1.297114524142329, -0.5988086145576876, 0.5451456933617935, 1.1148736257449128, -1.0508490737409952, 1.4278809140006976, 0.5228033841210252, -1.1111774995884391, -0.9505017676252708, -0.017198673461972735, 1.1033476101123623, -0.28804670920919556, 0.44543365656221434, -0.4124501126207924, -0.17506040218007807, -0.37678425844087016, 0.9986577334284901, 0.8582168538361203, 0.2801464745298236, -0.06355327706164277, -1.5345287682428772, 0.8825546949793514, -1.2345880686812323, -0.0826205394886963, -1.006498220677161, 1.7875378235889523, 1.7291575178045788, 0.4122399865160772, -0.672079290075402, -1.2306921783138844, -0.08924876490664771, 0.07163331065808484, 2.0810497720654544, -0.48087573891574464, -1.7702346200781363, -0.6986938802238553, -0.8736773493365904, 0.06255430134101769, 0.6224868736248913, 0.9516970514550489, 0.8170949795653314, -1.2482787362081926, -2.1238559993296366, -0.8359002043719966],