{"k": 10, "sigma_z": 1, "mean reward 1": [-5.830672899226902, 10.283948447395554, -2.818210156502956, 0.07471962830292557, 19.064593376855004, -18.603077401266553, -10.796563946599019, 8.242656221525754, -12.440448958153937, 17.654207872981388, -1.5905167761365215, 2.7332659954949587, -5.237841300664021, -7.405523357639883, 0.511240783738697, 1.2056582514977565, 6.285660618627275, -1.7056163153348571, -0.4783343307009361, -2.7877858882931212, -2.8610671511595287, 0.6136511437514249, 0.2177885314258281, 2.0203664571327584, 1.1514760152300976, -1.0373121524101512, -1.7052319681932142, -0.864485605234917, -0.9782043535652191, 1.6716868334453647, 2.3853564517387174, 0.6065433088662527, -1.540162368032472, -2.070390019503967, 1.3005664190549655, 0.00748438707276422, 2.2924524084476205, 0.7055217532878622, -2.1114587186140206, -1.6272254636808303, -1.0707771596983462, 2.3956752840617264, 1.6363730577379973, 1.2796482044644266, 0.27859429716445466, 0.4767025605655273, -0.2812246065200955, 1.2802330551324461, 1.5964010147172265, -0.7877877425919216, 0.13853447524803372, -0.48053237746988037, 2.300569371528057, 0.20779696028520736, -1.6532295566326216, -0.3824283178654367, 0.30012268504029016, 0.32188491828859045, 0.6633857582087876, 2.0200035148906155, -0.9587569827675366, -1.7176454409568602, 1.1211442217396146, 0.09296310619131476, -1.794043561851051, -2.359300896849872, 0.7871872259731633, 2.1789546190709017, -1.920542565462428, -0.000807048088012019, 0.3638738952001645, 2.5215767460150267, -0.5984131654799562, -0.7897669054518172, 0.4792532830707347, 0.8374172027750484, -1.1285117994845117, 0.4478615712090259, -0.2815173391535355, 0.5012153648269152, -0.2952618230857643, -0.634194350043283, 0.43246062802482826, -0.13365553676277742, 1.4798515668501584, 2.8778342920271895, 1.4859709910553807, -1.6878534281429496, -1.4134770018400369, -0.4718864469932034, -0.8624148750440428, 1.684560343180276, 0.03418656585581925, -0.14963776932830258, -2.002027064293611, -3.0526081824936466, -0.540904248442403, -1.9294887785109054, 1.0414084339776348, 2.124550275881761, -0.17382146084807276, -1.5805211669796464, -1.4549734643811556, 0.06682752927991761, 0.7831381224822603, 1.0250832553150562, 0.36605463453058573, -0.771100979418766, 0.287106100629568, 0.3867506948638689, 1.2206815436693295, 0.8061935737859324, 0.592359598857849, 0.2708194744368809, -1.9890199052042439, -0.08967987223504434, 0.5012724090855043, 0.6678266272880368, -0.7837540703047803, 0.4391694504585344, -1.79725771033188, -3.19347204181728, -3.0357783145923465, 0.5338378389915804, 0.6291964018164963, -1.6134652647341075, -2.358876802991215, 0.33621161115317855, 1.0706129988853907, -2.6723633169159764, -0.23925121103209762, 0.13088621596155492, 2.5472865335078536, 0.547101416716001, -0.6872529137805163, -0.7621480743423014, -1.6559456889950888, 1.0143157874873805, 0.9191696874196166, 1.9212053823526365, -1.486481164156938, -1.7515479313342568, 1.560410913082365, -1.9503184784972438, 0.8954515342502982, 0.07515543821497447, -0.5683561575341539, -0.8969220156360123, -1.1258721600309942, 2.2163904977634195, 1.2997670993702124, -0.7483832988727831, -0.3397532813289545, 0.13994444677950607, -1.1445855888156062, 0.12652568700741446, -0.06860136007180329, -0.10383592633652083, -0.3020665296012884, -0.8209745328953741, -0.558683105436077, 2.5845088397930405, 1.0867487203172996, -2.3411868727475174, -0.3741900309907555, 1.1789139940365394, -1.092873821537189, -1.307635560812578, -0.6526133945581967, 1.263616593045609, 0.1414459681536555, -0.8452382306209149, 0.7250019138360055, 0.8732241339845512, 0.8566308158577467, -0.2621844448106034, 0.4332294068098786, -1.126616871220284, -1.2660111382645913, 1.8918690449201434, 1.3761861521456202, 0.746069926107594, -0.05329813783255022, -1.0448602542427503, -2.497599221011658, -1.6874041177164945, 2.126293497874968, -0.41004528635559834, -0.9114376873580685, -1.455404925615783, -1.6296513154544392, -1.1263043266483423, 0.3432608077799983, 2.141962525588269, 0.3471534599307652, -1.0925967239647438, -1.023553677538456, -0.777980610418547, -1.700264936747856, 0.5465347850216301],