{"k": 10, "sigma_z": 1, "mean reward 1": [-2.776049964933052, 9.289000538010983, 3.3146362594280587, 0.47778511371782434, -15.960703088689849, -1.0958134688242285, 6.513215103242014, 8.975053432065023, -5.432351068131575, -1.5772102601971847, 0.38840656117825223, -2.1505784632814415, -2.354264689740673, 0.4663149705033595, 4.777678236056303, 0.42685656516695236, -2.582468792044541, -0.7062328662610069, 2.0255080928803313, -0.8422916635329601, -0.5203238071084123, 0.03849000020141902, -0.3513678046575298, -1.9202092106822337, -1.0414100381234366, 1.7887947732979557, 0.9389879679998517, 0.3147940257800357, -0.7447482062293572, -0.4062892861098101, -1.3720212674173484, -0.31308705949421095, 0.09759899982813625, 2.1640328017870103, 2.6117074104168885, -0.004112516696406221, 0.36301474080669427, 0.9426347150202495, 0.7773130744628609, -1.0557234854485322, -1.6972497309056715, 1.2579256911542833, -1.1324231289710323, 0.6325032968817913, 0.7068007589159881, 0.23270231777122585, -1.0564253685626852, -0.32554473851432775, -0.1453925618011151, -1.2746809111938242, 1.4736161828452596, -0.1559643979917334, -2.659734744516977, -2.458661824899928, 0.7390308770360322, 1.0897232337990677, 0.3429090216022279, -0.0958735459664645, 0.6366265216141758, -0.41252378889422336, -1.1358837668040438, -1.6629908048767466, 1.1251184837888453, 0.014270451330519074, -1.6390163071909398, -0.9338488881340274, -0.736960067990232, 1.2875183701638069, 0.3431889938006163, -0.7439704885615761, 3.3615217415497085, 0.25545654824906094, -0.8073754602623332, 0.6930584441483242, 0.5814379168973555, 1.0532647619021591, -1.3419520240359393, 1.0318040292895534, 1.1363997992977737, -1.9818511973902748, -1.0472844813355717, -0.7302947820033591, -0.5519820091931404, -0.9057836961667375, -0.8243382522339434, 0.16709441383750023, 0.18271231632533363, 0.5182441449624082, 1.5213875778863255, -0.4333165756411004, 0.5315803573288407, -0.5946207372604754, 0.13075622875180598, 0.718233668679521, -1.0971742339890358, -1.4603894185535602, 0.34305303137676735, 0.17527874694383538, 0.9391290551215499, -0.5533353070855325, 1.6435788219014578, -2.0994248732269196, -1.8363439437614804, 0.8289629396268468, 0.8094348929021278, 1.8178215365215835, -0.21416869988593956, 0.3352632406982176, 0.737882127108392, -0.7424580035550552, 0.5277114728859781, 0.40859044529211963, 2.3162144920361474, -0.44405496030854236, -2.3273695753586643, -1.4167423488546527, -0.3317279532870159, 2.7380475064694663, -0.5570391571356803, -0.5853171512236583, -0.9264976481160261, -1.9807102059990749, -3.2580267639468903, 0.4577090297563284, -1.1698188336683129, 1.7633403727003976, -0.7738978074317174, -0.3523746334802387, -0.4917156410142151, -3.354179708578909, 0.5327239376891751, 0.19123957858754698, -0.5044716529925761, 0.10621136039103443, 0.10895301562741672, -0.3941665240014339, -1.0001504891344097, -0.7732357655342863, -1.0684883392685283, 1.2473641648698088, 1.1129921900562167, 0.41209809658704016, 0.6079865079661533, -2.255638285603037, -1.9397933492535828, -0.17225271655133928, 1.5913860322509448, 2.4293455953755965, -0.0416212967449513, -0.21537281218370768, -0.7928193699844783, 1.0435851125356326, -0.032405717774841664, 1.319151240062709, 1.7272907528471397, 0.04993641693251329, -0.4061299382544609, -0.6020156310610344, 2.2296661679884977, 0.7826689997229841, -0.4548336268178377, -0.0837056034024324, 0.7706334606460463, -0.9576866285424297, -0.2346366190639716, -0.3065016896970728, 0.8322545004403021, -0.7280297621820939, -0.5575956922403885, -0.575594967219715, 1.5693076030940447, 0.4695192471362483, 0.8236525013537129, 0.5573136886530254, -0.40366197601631715, -0.4280037408586323, -0.8509741736962475, 1.1352129060116218, 0.7469969873423377, 0.6875067379158938, 0.38338752480616245, -0.6827879862208824, 0.018232490034315152, -1.1339147426862044, 1.6317626180592737, -0.2021088701516528, 1.276452312829835, -0.012566739226439846, -0.2574146931500156, -1.1428077813909592, 0.6802802713215236, 1.5072593421978255, -1.1400951985021575, 0.6553058963957221, -1.8124866198394924, 0.9896663308129111, 0.26945825882609153, 1.8838000159508355, -0.04760338791080443, -2.1183302016695165],