{"k": 10, "sigma_z": 1, "mean reward 1": [12.902027068702859, -0.6316826411227681, -1.360401377056051, -0.9432232683847263, 2.4387517917018267, 1.387015940461933, 14.428369485120278, -0.09161129829176244, -0.35055989861505593, -4.747656867357108, -1.6590470787803198, 3.087185101710403, -0.041774894742227175, 4.104910311989999, 1.7312817903585394, 0.8916004258095843, -3.4878019206210595, -0.6083552565682733, 1.8597163037576654, 0.33856982118085166, 3.3379551332350097, -0.24947515397047323, -1.0502141517431238, -1.479357072011383, -0.6781227003377119, 1.672659746748788, -0.32809094565820085, 0.007770361255831415, -2.211460561810963, -1.5519303682416319, 0.4270155745695911, -0.45437736140846946, 1.1049040201245108, -0.8806342454668186, -1.7091923475203932, -0.7121177465907881, -1.300104457247028, -1.5578495833445394, -0.13926249900380006, 1.0255183653738111, 1.031313621052564, -1.9720721269949482, -0.37459026164144704, 1.0889673953566286, -0.8864184625197782, 0.08193050694146886, 1.0874131064299455, -0.4552463110179542, 0.05601957467133284, 0.22277166064484655, 0.999948162381961, -0.3034380845622052, -0.7266185747586971, -0.16545096541727092, 0.8990643784177134, 1.736042599890694, 0.535378134021802, -0.5387640952379298, -0.08333974288594015, 2.0302227573091507, 0.2169796583081, 0.44036064580714285, -1.416104341750845, 0.1008754545749868, -0.7105516514437402, 1.7157490425854163, 1.1354730146306835, 1.2560723532559048, -1.009813161942592, -0.881662567464005, -2.1822178698680124, -0.8847656018163359, 0.6288352016315293, 0.23906742528905234, -0.40637697676614604, 0.6664487681527606, 0.2243258694969117, 0.8435504112158931, 1.2251813223561427, 0.4830406585993974, -0.0038250989801661417, 0.3686047846138776, 0.174531653304349, 1.4780343529584696, -0.048292567352986815, 1.652516149131987, -0.12117042579216114, -0.905850218030825, -0.20310293464061208, 0.41642563954022865, 0.7478687459008528, -0.2688717180277673, 0.8838245786569103, 0.4496269337263908, -0.1270329388154466, 0.46861005192271277, -1.0416534836306461, -0.692376426684763, 0.5901632704141048, 2.4887403424996495, 1.0097657304329684, 0.04767511181282158, 0.17823922644664458, 0.1819289415725711, 0.28322132907642056, -0.33023050852510294, -1.5229827473825246, -0.8864626594096012, -1.3719553479934283, 1.0165756558709063, -0.48254058146128487, -1.5196277524903459, 0.4096864077969371, -0.35365221907954414, 1.0596968282746364, 1.071040202147976, 0.38559750780097685, -0.3959041490910039, 2.1951065450463334, 0.30761093305338794, 0.5591106833127119, 0.7548645322812843, -0.680204062331007, 2.613241567700918, 0.8106973479870943, -0.36449527110603097, 0.12152303531666586, -1.5412320691365513, -1.1378825291950805, -0.3183433897662654, 1.3129777739422877, -0.4744740396438537, -1.7213759354197866, 0.6502861388699184, -1.628541847475653, -0.13680957286603526, 0.5271155604638272, 3.3182795950026893, -0.019405670382047047, -3.420784826389129, 0.3647821797592733, -0.8714269323593573, 0.039508861893207015, -1.0653073438275467, 2.2665985039486305, 1.03841983172076, -0.9400944449267816, -1.8421405448021848, -0.03563740111521313, 0.1761629381954557, -0.008328805347804724, 2.0491687990145158, 0.32717292756438693, 1.194311466625209, -3.659597995927307, -0.7944506219218712, 2.1124883354779165, 0.7309925791580554, -0.15611711974361858, -2.2810107872415886, -0.01441166415296534, -0.5659391733830487, -0.4512529493958755, 0.722295546716238, 1.1422493706436265, -1.4909144099388496, -2.6264812313091634, -0.7196512053734231, 0.10742739366354448, 1.2971617277317704, 0.5755385877244542, 1.087476473750068, -2.5838456948127453, 0.4481780203886063, 0.08611424540546805, 2.130415319644136, 0.49569011548026437, -1.950714285180895, 0.678305329207149, -0.9442881934984042, -0.4324389327394596, 0.8932805378945674, 1.3069811219192093, -0.2484470641358108, 0.05932482324137034, -1.5610100804298535, 0.31721798153539277, 0.1118116633112512, 0.036363542503798696, 2.1124371332302374, -0.644709747341911, -0.8280309839471571, -1.107801639034328, 1.2163559266245363, 2.2060806656201266, 0.4102642908038526, -0.28366298607643803, -0.042477624219996124, -0.16791988673460714, 0.5536558221504302],