{"k": 10, "sigma_z": 1, "mean reward 1": [1.3014245947793581, -4.9561945881435525, -15.533732636987503, -2.426011263088811, -1.1080798620757015, -26.724263634401947, 5.462237158542705, 6.864883469556544, -1.4693605260864273, -0.4531551447390742, -4.534367344920651, 3.728840119666268, -4.261265104850368, 0.24776207037990727, 3.2607569351685903, 1.4673539380091272, 0.7382232455496349, -2.8898069821937153, 0.3975766769886466, 0.43335630771726585, 0.003977580167424333, 2.1552063272941657, 2.157230649580054, 0.1325066097857829, -2.198172919088891, 0.39080369482508326, -1.2612972610773456, 1.57874894256982, 0.5493967154854253, -1.159005644060227, 1.5533023096179268, -0.017665538723410368, -0.37535802362694226, -0.4534865261910528, -0.21202854686787242, -0.1095715474633342, 0.6659153550333626, 0.6237828977445578, -2.5094820350789173, -1.6095722818972895, 0.8361439357025638, 0.31823039290547595, 0.05130966083264776, 0.4057195986965842, -0.6438789062441554, -2.1284161326468953, -1.0019991163308644, -0.8818672153525913, 0.748844014520901, -0.2878603152670989, -0.7015498573219704, -1.228051321858701, 1.428258232092746, 1.128281272738913, -2.0031452246623136, -0.43354805419265113, 1.192570929563765, 0.7953094288566899, 0.3902520639785227, 0.21456574021412017, -0.7171312142007351, 1.03799354634074, -2.022830468954061, 0.6914917996004325, 0.6273676377260002, -0.27826743664654374, -0.06947760761922454, -1.471047225279605, -0.8632758446880184, -1.6740918298577296, 0.7733462398385371, 1.3795951765680634, 1.9871745743577378, 0.4675401898375709, -2.800685272565557, 0.3841464588079849, -0.5270781793814687, -0.0370076037837459, 0.252198785587719, 0.8237264572809004, 2.2945558309627496, -1.6687963705733266, -0.2327722283798518, -1.2124865860070082, -0.5325699157601351, -0.5440481386495164, -0.25675847068242075, -0.02038811461395562, -0.16552289492203554, -0.29047235637811036, -0.6266834612410931, 0.1805866289820199, 1.4789879973694238, 1.43571433048162, -0.06918711515496465, -1.1588792917200135, 1.605078031174504, 0.34129731930837354, -2.808771269646808, 0.010805708070374287, 0.16447665523293575, 1.8515736433457848, 0.2817936325835583, -0.274687952165205, -1.0768651266233937, -1.485195706485259, -0.25365909620863464, 0.07472942577636038, -0.3596549795210231, -0.5405841933288075, 0.11836734065450569, -0.45811655157909764, -0.520908316471631, -1.3609454447710347, -0.3774836456172242, 0.09004629915068796, -0.3558482542288788, 1.6386641614616821, -1.2778228176854334, -1.4352571220877903, -0.5323325814561729, -0.12519987877797548, 1.2382167251839657, -0.9887023568196892, -0.6945362915799326, 0.2490071494819902, -0.33326851049427664, -1.1004325334747005, -0.5275693784404589, 0.5207869779796203, 0.6016211056911965, -0.8084026178838277, 1.0565550181539867, 0.25961609132264146, 0.35991160489774443, 0.5361113323968582, 0.557653246794068, 2.2430768432294323, -0.4833539367273896, -0.3327441445312597, -0.756956517830057, -0.8104305438040706, 0.5151165755045384, 1.5817893869424688, 0.1406589942980162, 1.2772489377883436, 0.917929426018621, -1.3057459079304041, -1.1199901491822273, -0.883089843098623, 1.4189796210058023, 0.774487911407714, -0.6829940482442465, 0.9698894591749692, -0.8781684615940782, -0.16815356367808293, 0.49141668732880694, 0.23719060363604394, 1.2473785496720742, -0.042226214175151516, -1.4959106464909038, -0.6539222435718098, -1.0161288725478959, 0.14405802656208666, 0.2634899327719435, -0.7372401904156558, 1.6271634952332679, -0.40511590327813607, -1.9143092510663973, -0.8866516222182781, 0.7571525830001994, -0.6400886868066269, 0.9982241723523486, 0.8524287303436872, -1.540903834154213, -0.203921118781891, 1.2948498524897527, 0.6604905856109323, -2.248174856069635, -1.109617366338147, 0.47696209709465337, 0.32716801629793446, -1.1548332381777424, 0.4654040515486254, 1.855766756541715, -1.7873430474628855, 0.1060163655547035, 0.7096362373506614, -0.19199988671702517, 0.935339152419172, -2.0523377919633288, 1.038567054978128, 0.8147332439061951, -0.6792548193400348, 1.3613087625038958, 0.14045537674870512, 1.3581101971881364, -0.9748737599645565, 1.2246863353940105, -0.042473846219447886],