{"k": 10, "sigma_z": 1, "mean reward 1": [10.230795828469512, -12.267693035679553, -2.8448758190491352, 20.163493294432516, -1.495867426307607, -6.9740653142746485, 15.006956902492721, -12.65477356349278, -12.12062203311195, 17.462276400926008, 8.34778750752751, 6.31505015140328, -8.774496846339558, -0.39668126468804665, 1.0308410042460423, -1.9742112621318908, 2.5989641538364694, 3.913132603650802, 2.901127217191201, -2.9177314634600684, -4.337233801004367, 3.2996989870180586, 1.6238242543773072, 0.8990566508013413, 1.4223183912893407, 1.5075074994700914, -0.6487218191183209, -4.052655336161841, -1.8383453992168244, 1.705801085967613, 1.8057820520262815, 0.2598775247652392, -1.9210289061465313, 0.9086738202641566, -1.2277084291676899, -3.0597926438888914, -1.594023359333471, 1.734510154029482, 2.834022956364804, 0.4322415346685816, -1.9041546808509753, -1.9480481035368893, -0.9095999679338486, 1.499171073642903, 2.647731820828877, 0.6106133557843891, -0.00044984311900186924, 0.6083454320911157, -1.5165127772475326, -0.694267714029603, 0.9167834806953339, 1.7685444667573842, -0.8221307500940047, 0.43642059766327257, -1.4312810625172967, -1.7372076536816032, -1.2495347188088515, -0.4314402336558215, 2.879807438648433, 0.03059260577262901, 1.5043434408755934, -0.21980095744092465, -0.9668286953190759, -1.737354034777795, -0.7562134412601857, 1.3409143437593984, 2.059888073159851, 0.716434295616502, -1.1088703362881276, 0.5681996051166776, -1.83592577633299, 1.257037757740516, 1.8557696306819356, 0.3980106309836595, 0.37695125397127466, -1.5370706647153194, -0.4469312615683023, 0.3844008407764975, -0.29238183227992964, 1.7750674384351626, 1.342821474130846, 0.7209406234650632, -1.7364758541564058, 0.4101656058151404, 0.9128535153422861, -0.01446702313803444, 2.9338983018640183, 0.9201492098795072, 0.15606911391902817, -0.9036599588609509, -0.08958570336301891, -0.2659636181135565, -0.10647485250086136, -0.9196406119485988, 0.4363777130672295, 1.3324164865311405, 0.33923073408977106, -0.3177348408251346, 2.134567913136196, 0.6365103637918341, -0.05852409026443131, -0.14775988027275472, -0.5527392095235418, 0.7072860192323291, 1.0584653134133875, 1.0873499845266332, -1.0156627297172296, 2.092538136027304, -1.7089710085804548, -2.1526097755115505, -0.02014390854722578, 1.7597002243123658, 1.4383801403597953, -1.5799645672714635, -0.6938880264684761, 1.5175594624214441, -1.192121095631978, -0.6035574225932117, 1.881897060300329, 1.6060598092867402, -0.6217856519706386, 0.07584524695499706, 1.53976731467147, 1.7768180796083923, 1.0493752488923414, 0.10550681125380001, 0.23096063655394003, 1.0338749147401876, -1.2946366194042394, 0.3375000910032738, -1.4713920491057686, -0.5028810282318339, -1.072350317840299, -0.2729520001718862, -0.4291550904750796, 0.5666207753119643, -0.8317506177674805, -0.6481188170309192, 0.6846282972272804, -0.061832849482974996, -0.5498324273951879, 0.48847774268177613, 0.19045906874336457, -0.08491014779486575, 1.1013458863950982, -0.8786462617468715, -0.0675645222729015, -1.604632088072236, 0.18600308449273298, 1.2163968381282657, -1.0647705671137315, -0.21058708292043718, -0.15956800515882866, 1.2930317411368883, 1.0431102041006288, -1.6763937673099938, -0.2143985954145513, -2.363318448135996, 0.022640325288105778, -0.47269218438175464, 2.5751964418851854, 0.1463511268966199, -0.7533114471831588, 0.6149069602680309, 1.4649147249008305, -0.2881325761504101, -0.46690222191948016, -0.10128879159402876, 1.5122547448726502, -2.0426889053263655, -0.392165755154597, -0.1125704749265104, 2.173163758034862, -0.9260174348685694, 0.08277352906912427, -0.5698316600922135, -0.0375627177941196, 0.4812553690043906, -1.9763017507717429, 0.9899606424469082, 0.7081522692184666, -0.7161934877113222, -1.1593504829699461, -2.1576225147718198, 0.4570069627633328, -1.6916658110572642, 0.6605506796329627, 0.13205339683317963, 0.3856880230188521, -1.0033149199199285, -0.7207367140771477, 0.3777634862754756, 0.5195775424595034, 0.5995271763706028, -1.9596039314968943, -0.4665084605713741, -0.09580028690478938, 0.6302422520834788, -1.280413703730466, 0.5042289915994544],