{"k": 5, "sigma_z": 0.001, "mean reward 1": [-365.1635802235052, -223.03064569303572, 1217.5609381744682, -983.9057029109136, 477.9953278879841, -262.4666216581621, 49.9033665012389, -208.40385806824474, 181.19351001702566, -180.49243552895527, 133.81324141065085, -65.28130500839356, 70.42086534047898, -42.674418340497255, 51.813536880343804, -39.93279200500973, 29.168164501340755, -25.9177357618903, 15.2735615771284, -16.446590523472292, 11.309063433226529, -10.084875566598276, 8.494122155107272, -5.641401759655244, 5.485449780453517, -3.7584972911947485, 3.4090316791974016, -2.710021934187927, 2.001354434641237, -1.73134058220059, 1.329939481971517, -1.1890184086036708, 0.8606452629344983, -0.7022077849713941, 0.668359956588376, -0.335806989876078, 0.3413034631585978, -0.17316401136625675, 0.24383460629166318, -0.14317262460823998, 0.2928436424929672, -0.05580112749041748, 0.163700261879744, -0.1038182644121956, 0.07901952070881321, 0.021521006687071652, 0.005262244079380146, -0.09640079446266424, 0.022717945089720606, -0.09513601422840477, 0.07296481647823379, -0.09497234871768805, -0.1143139035413444, 0.03134635905729017, -0.2730234934399076, -0.023582600164899818, -0.0671786864314149, -0.003209065034227215, 0.0130908571719382, 0.0960642156833213, -0.0670895211699132, 0.00779851914738159, 0.13338998206146493, -0.15205368532814617, 0.06687563627255895, -0.03792772785151529, -0.021480730993190644, -0.16900141074935945, 0.03895587502440923, -0.1237434988917962, 0.14061172949595827, 0.07172301238985229, -0.17803119416274632, -0.014808026847154435, 0.04960802495723908, 0.07011201037706792, 0.1874568682141765, 0.15837179666422385, 0.07679513693828423, -0.17746804692402388, 0.16103055418143622, -0.05874495922318251, -0.029818371064850992, -0.05474054793386387, -0.038791491815853174, -0.14754358111044377, -0.029246216470424455, -0.054775562881742026, -0.1180731447397334, 0.1230476572011712, -0.07170666087660951, 0.04874409297020675, 0.02379596941166064, 0.10059340172125272, 0.08275210724189462, 0.22038325771648717, 0.049687985565752844, -0.022931466975388212, -0.22114432200666645, -0.06528604557528878, -0.2710334543337968, -0.06444012585447761, -0.06247696023732902, -0.08863830445262687, 0.02768573153059172, 0.26254605650336943, -0.068040134549581, 0.21199369094401485, -0.09305955028946794, -0.07834150311875812, -0.1295219128554883, 0.10057252331305035, -0.008395702787521034, 0.24924826084811055, -0.04058318920217834, 0.10015719954446875, 0.02038602570049902, 0.03523221050537276, 0.03193627798905301, -0.06553012599522698, -0.10291041966757383, 0.09323161122372661, 0.010618051582590098, -0.12286928478272591, 0.18415645069004488, 0.07069365066985703, 0.09422976763467823, -0.07074521780213129, 0.07934773909684327, 0.014633912896367795, -0.12503446993380457, -0.010936100016884493, 0.057099952575536066, 0.004502943480323121, 0.16425859130021217, 0.1269320642346498, 0.07441204659417223, 0.08331126425524728, -0.019474522952591996, -0.0969303728150299, 0.007429298844561751, 0.012123078844980973, -0.07441876227915546, -0.022237383282560582, 0.08060604499182475, 0.011076401012984434, 0.09398733829550843, -0.0958515846202812, 0.10453639911695689, -0.05221854925621322, 0.03190848372166317, -0.1092885358788217, -0.07403857018516055, -0.036087822237781474, -0.02256720732285317, -0.11707883474356788, -0.11827478665878348, 0.04677624757793618, -0.06135725268129404, 0.088570284401193, 0.00789918963392856, 0.19039255233963107, 0.0864797239135992, 0.34536779597514167, 0.07108548500908256, 0.13113304823742877, 0.0972277115463493, -0.19801650312417135, -0.1138031459587495, -0.09307222090929086, -0.02174878416380399, 0.08119273825489168, 0.14624015546207728, -0.038825971018777425, 0.03341473533248117, 0.0897621498908824, 0.025630602379431888, -0.09189571968385947, 0.06391505069808381, 0.15770885124105397, -0.12344939630489293, 0.045646744005639076, -0.1521627411816504, -0.1415363139866765, -0.15419981334715502, 0.1395541206021165, -0.017946890805559883, 0.09716327930131514, 0.025037564819403106, 0.09915225251622953, 0.10314836153456994, -0.002725076467172621, 0.12886551644783378, -0.07062295452784721, 0.043832851108329234, 0.0483292269777903, 0.09280971537031242, -0.2088987733707492, 0.2286158264436516, -0.2873249491069893],