{"k": 5, "sigma_z": 0.001, "mean reward 1": [-1599.5724985971485, 63.033999259842155, -791.8116815438157, 1656.3643039166689, 1389.2256212359262, 674.0273249049221, 680.0864244980212, 259.22363465064285, -212.08341827515454, -160.01684480687953, -251.7029447400859, -212.29150805296965, -109.0964768746697, -28.026089352299195, 2.8450044284465505, 54.552113517794645, 45.57090439514755, 40.20075911212212, 21.895131948327982, 9.72718199683361, -5.684423086603594, -7.032913061040722, -11.029012455718313, -7.043745081683407, -5.197695952309638, -0.8273674175567233, 0.09311955183881268, 2.1587835809549767, 1.6289830931055755, 1.8880846419495056, 0.6587855444239727, 0.5435611980854048, -0.38632994672867604, -0.23901523941739655, -0.5860249260052044, -0.271382111274432, -0.0971447036426105, 0.013906103633337837, -0.010401088863227213, 0.23114911444822975, 0.001703734578886127, 0.3381806297175141, -0.16089701582466395, 0.0722867094169184, 0.10053953061084576, 0.03317965556719307, 0.028765248740341705, 0.050338853372946815, -0.1477085417920293, -0.10281299398962947, 0.15604341656818874, -0.0811990241070047, 0.17205177056169277, -0.06740575171575801, -0.035222275948732354, -0.01000816951090626, 0.047699629372622475, -0.20264724227452421, 0.1345410870955737, -0.13204489358398275, 0.06049856574556812, 0.044649326346345275, 0.11012010283458398, -0.2418504843285769, 0.05319550603567869, -0.1398466037830727, -0.014231341034558198, -0.188569863542706, 0.0784237882830748, -0.15203393583074218, 0.032843561446767575, -0.15547860624243712, 0.05131459187886302, -0.039779214567115334, -0.0016678937013277196, -0.04480196226445356, -0.10097486753325816, 0.002898315542718217, 0.030202104751518712, 0.16372550462376786, -0.10734331916947679, 0.16238958188851219, -0.0962727056437113, -0.0003322118623629738, -0.21362297486498716, 0.009229347019899253, -0.05239693569570647, 0.2236202063448992, -0.15079855153414468, 0.2835367971696426, 0.20214801928981657, 0.00029457162767768975, 0.1259626201617438, 0.08742408378935923, 0.010319204567940334, -0.06596839701878841, 0.051689406497472695, -0.14176200311190454, -0.025002991120443983, 0.050434770770717785, 0.09228270276620971, -0.03319187938556061, 0.008455157867957126, -0.1065639086819259, -0.00020561143685324045, -0.06227950338906331, 0.03736531463849775, -0.035564527630394686, 0.17693411646773444, -0.14064665050439434, 0.23862617898073418, -0.18705124367180415, 0.24167899505102253, -0.13531335436324213, 0.017839031064596896, -0.1002808353699279, -0.0016226266779209688, 0.0033750304182133834, -0.048125643306222876, 0.07234268208830602, -0.05312245405763995, -0.22305721292131558, 0.3559802106069267, -0.3204982461360218, 0.15832703704632042, -0.11451510665572687, -0.018380072710586913, -0.021492485868413028, 0.08246436308840803, -0.149267478171431, 0.0008237749123168577, -0.012068929137891758, 0.17811375269515287, 0.06868529297093358, 0.07699778267504778, 0.2044983075228812, 0.1840287583121042, 0.15743308487057828, -0.17340741059719006, 0.21067713320385667, -0.0435709928924844, -0.01808808832692348, 0.07416983344838918, -0.21253092503036872, -0.022331813286017195, -0.07356606699047477, -0.10696330681311372, 0.13459391711673224, -0.07727409983669775, -0.041164962880068705, -0.14691280146101338, -0.09068237185201876, -0.09979846296943692, -0.09332225541071383, 0.09464579341310211, 0.13134526262791016, 0.1131674515900921, 0.15832535216704433, -0.02062336190186153, 0.022349597894359197, -0.10131357723112068, 0.014138098580660839, 0.09443730900739712, -0.050706002502191656, 0.12987731364678162, -0.05155940042509773, 0.07030958291136184, 0.09445710613980948, 0.024004024013072892, -0.11800215978148851, 0.15900235627424367, -0.13896542946982776, 0.11078108881727967, -0.061957959066493644, -0.08195214753081849, 0.14464154274777874, -0.01836374987437505, 0.09964772582045137, 0.1398931178374453, 0.1903246875462074, 0.13013703113197994, -0.07435409593481368, 0.035265059235338965, 0.040947995968096784, 0.12601803248206783, -0.1696430258334236, 0.00549590952095407, -0.21615749172770263, -0.10667597371218143, -0.02843023915536221, -0.11059723786111292, 0.06946827238472744, -0.2010205331965639, 0.11785416680116906, 0.01707634255209401, 0.2426288519171735, 0.08722609699446437, 0.24333996132204763, -0.1721600707821512, 0.1293254738230888],