{"k": 5, "sigma_z": 0.001, "mean reward 1": [-1265.7180053757086, 941.5152306754787, -1641.927121384391, 3091.616767890278, 1072.282130096513, 1056.3363517968446, 538.6010777794298, 418.420240863545, -522.1901808941159, -32.911272659183325, -447.21369200375534, -145.35149042176468, -184.771640162166, 43.21614301610549, -37.57255708949565, 116.11555115339958, 20.156385290272407, 73.11042446282218, 1.8130232652296643, 25.407098062191043, -23.275181436113176, 1.8288297510435363, -22.89809001535879, -0.7724139932096941, -11.415412285142429, 4.139305776234595, -3.19367030616358, 5.795645995672391, -0.5626031819135678, 4.011701630422781, -0.955240374157824, 1.850127619976983, -1.5670858835694994, 0.8692025072874268, -1.1030842608959548, 0.3290069510241382, -0.7419236064305209, 0.4932362862608195, -0.38239503345158643, 0.36529240609789154, -0.15654309890803772, 0.08711890355918746, -0.24229261910235386, 0.12227581378497546, -0.1698057682863284, -0.0600197219497591, -0.24570056469056661, 0.263366381083682, -0.30103070005653726, 0.13892167227735933, -0.026858489630506695, -0.11371382001392803, 0.16577305629637684, -0.13062840542228207, 0.035098063417080876, 0.050746630160742254, -0.10583973046972778, 0.13134273924067147, -0.06051227181600008, -0.19529789072633863, -0.1448100478216841, -0.06784952140135236, -0.20000009910665825, -0.01980873811368157, 0.05919553112847299, -0.2329294209418284, 0.04604415422976386, -0.13970600375626946, 0.0062488232275561065, -0.07699858264912222, 0.008656813344871532, -0.16064044019813858, -0.03800495691276287, 0.1660683787746935, 0.03900196233549676, 0.09974637020971402, 0.01342857230292993, -0.054016002741245885, 0.13888054733307467, -0.06515007679449553, 0.2644837660785813, -0.09904169540834828, 0.06596001452090433, 0.0696553951004444, -0.04624722097524616, 0.05788929707742424, 0.16333761485086748, 0.13507863276621077, 0.12275739996654511, 0.11163223413307602, 0.16921571358073992, -0.04770553371145222, 0.10673204795412096, -0.07373244344969637, -0.06462241144743965, -0.19363422025635058, -0.07391552334800483, -0.07660366780884247, -0.11260373548979813, 0.07223465226127203, 0.10719166581407516, -0.12639876708734604, -0.01751319828952869, 0.058353643143732724, -0.15529230286129486, -0.237031561827556, 0.12564530671054175, -0.04324685708274352, -0.024033254579451116, -0.007947238170188962, -0.0835097607121683, -0.1700041157149602, -0.08268427604620926, -0.05486861584315996, -0.05887978650469653, -0.11775348785190717, 0.1489664614597955, 0.05095358284399162, 0.05467018248125578, -0.005815591401574487, -0.09991337897320039, -0.053932390782230166, -0.06962356906182846, 0.047702069989443374, -0.1608903370743439, -0.03329794543515021, -0.265475396301688, -0.06963829788535573, -0.17638846901950653, 0.012108791751078913, -0.10841929439949752, 0.15815437509739985, 0.19630479645832566, 0.2110870147123952, -0.005650726258383783, 0.1160012255399129, 0.11024024533572221, -0.22076537656270484, 0.16348195103672614, -0.10903107903751097, -0.004249280997093238, 0.051554494190930986, -0.1801013658654205, 0.1138616804180305, -0.2355035475337921, 0.07833838936878351, -0.010467196279023152, 0.20329092705592502, -0.08949924845748425, 0.23054820955354105, 0.07564919526735489, -0.05377436879292393, -0.14831704392878658, -0.05330311443040505, -0.04092807479394784, 0.09087028481457217, -0.024166810057150833, 0.047537125416476256, -0.11595572600555092, 0.24368485176505186, 0.07583252346114092, 0.15480540795903608, -0.10088758810077707, 0.04759599060787278, -0.2706349820558447, 0.06191065832659743, -0.31673539008271434, -0.0064715441955343865, -0.23708607419091077, 0.040373668217887924, -0.007647007891640285, 0.26033476002193445, 0.12956332936375922, 0.020723727927571246, 0.06376785486731534, 0.11465406672492805, -0.23368791960953153, 0.33484746155087286, -0.13238646764729795, 0.12781738651303873, -0.02527969201640892, 0.1258319312850135, -0.11578980665886851, 0.17536839786550024, 0.12815416299517257, 0.11552064617980423, 0.036588789325954635, 0.11539154291580486, 0.08985630340094797, -0.029550494193251977, -0.05955118440898294, -0.01605060506705991, -0.11157286422031937, -0.04341372526149821, -0.17061269969365725, 0.16224927292247845, -0.08807606060783306, 0.25061126059395283, -0.007478319869122502, 0.026631808088414963],