{"Stationary": {"actions": [0.0, 0.0, 1.0, 0.0, 0.0, 1.0, 1.0, 1.0, 1.0, 1.0, 1.0, 1.0, 1.0, 1.0, 1.0, 1.0, 1.0, 1.0, 1.0, 1.0, 1.0, 1.0, 1.0, 1.0, 1.0, 1.0, 1.0, 1.0, 1.0, 1.0, 1.0, 1.0, 1.0, 1.0, 1.0, 1.0, 1.0, 1.0, 1.0, 1.0, 1.0, 1.0, 1.0, 1.0, 1.0, 1.0, 1.0, 1.0, 1.0, 1.0, 1.0, 1.0, 1.0, 1.0, 1.0, 1.0, 1.0, 1.0, 1.0, 1.0, 1.0, 1.0, 1.0, 1.0, 1.0, 1.0, 1.0, 1.0, 1.0, 1.0, 1.0, 1.0, 1.0, 1.0, 1.0, 1.0, 1.0, 1.0, 1.0, 1.0, 1.0, 1.0, 1.0, 1.0, 1.0, 1.0, 1.0, 1.0, 1.0, 1.0, 1.0, 1.0, 1.0, 1.0, 1.0, 1.0, 1.0, 1.0, 1.0, 1.0, 1.0, 1.0, 1.0, 1.0, 1.0, 1.0, 1.0, 1.0, 1.0, 1.0, 1.0, 1.0, 1.0, 1.0, 1.0, 1.0, 1.0, 1.0, 1.0, 1.0, 1.0, 1.0, 1.0, 1.0, 1.0, 1.0, 1.0, 1.0, 1.0, 1.0, 1.0, 1.0, 1.0, 1.0, 1.0, 1.0, 1.0, 1.0, 1.0, 1.0, 1.0, 1.0, 1.0, 1.0, 1.0, 1.0, 1.0, 1.0, 1.0, 1.0, 1.0, 1.0, 1.0, 1.0, 1.0, 1.0, 1.0, 1.0, 1.0, 1.0, 1.0, 1.0, 1.0, 1.0, 1.0, 1.0, 1.0, 1.0, 1.0, 1.0, 1.0, 1.0, 1.0, 1.0, 1.0, 1.0, 1.0, 1.0, 1.0, 1.0, 1.0, 1.0, 1.0, 1.0, 1.0, 1.0, 1.0, 1.0, 1.0, 1.0, 1.0, 1.0, 1.0, 1.0, 1.0, 1.0, 1.0, 1.0, 1.0, 1.0], "rewards": [-1075.8322295812343, 812.2005569521842, -770.4575758034607, 43.768282203436755, -258.3330146230295, -267.85822796366324, 405.592227671557, 10.616646737082258, 116.85743109357756, 1.9751142849040737, 55.72009661529776, -83.38332952769704, 22.60855811315476, -54.783410440221516, 4.081494673552035, -23.56192961019571, 16.01137907429742, -11.089905845313286, 17.82400065672406, -5.283319251370494, 8.83669527899075, -3.26113363077103, 6.3794907956974765, -5.082670546708673, 0.2334836318554685, -4.501012837306821, 1.7267784148925878, -2.030341419864972, 1.0594557558599123, -0.3799284808494962, 1.888217048357634, -0.04668770888427848, 1.8042671607909155, -0.3167146533905228, -0.6423401056086757, 0.0465314761984752, -0.5431420106139094, -0.28431388970255633, 0.4409278462101064, -1.546985360471547, -0.44409441630391877, 1.279489715315842, -1.7287464528597667, -0.7307250076377261, 0.19101797043676774, -0.02253937318849447, 0.7511527567455276, -1.1132873734647246, 0.5650704535791927, 1.0686841510350595, -1.3173629184899516, -0.37966564422964943, 0.6003013038222293, 1.5459751274741143, -0.8039764460400799, -0.18315344294690397, 0.8177576225855147, 0.467502865413843, -1.0027806927717344, -0.1437750895808224, 0.23747392695702169, 2.7930446077547377, 1.6312850127223357, 0.09710010023864812, 0.06869992440544595, 0.6455927123170858, -1.7642532743426351, 1.1631875259110287, -0.33106839327368043, 0.10094780466246778, -1.2571737718734408, -0.25654795486893106, 0.5989424598781556, -0.9320156259848069, 0.26385289421524216, 2.5498138669287522, -0.8016300677447323, -1.1779078111225771, 0.8729286848497503, -0.03737839944858766, -0.6701714478146625, 0.1877886836433835, -1.341737522744303, 1.2874190177296794, -1.7138297337591946, -0.33081636040916873, 0.8708322132607829, -1.0364354354114873, -1.1125748929573327, -0.6394358407542772, 0.3664915097797947, 0.6502009222354752, 1.768228365713271, -0.4480565286395715, 0.42227765901856595, -0.22190559313791838, -1.3813523062233108, -1.0329758109581295, -0.015438034201015118, 0.5731284790370881, -0.881929256586325, -2.231233648809872, 0.2560403241272433, -1.4403291352992578, -0.053123032100397316, 0.7227221266781337, 2.6805955716339946, 0.382159038796379, 0.8529954201617853, 0.685708533267481, 0.416487098756752, 2.1111257091628617, -0.4286515021939773, 1.3363794114263645, -1.1410546964530996, 0.6672378055485464, -0.817232573670839, -1.3931785717404694, -1.845098032569135, 1.3438236304474005, 1.657729000310727, -1.3346221258847828, 0.25465003595278946, 1.147900753707493, -1.0115398054970002, -1.1072328678850811, 0.4973590545496231, -0.021338409513503284, 0.22870950105104712, -0.3909604660428241, -0.13561785741106808, 1.1620354191734463, 3.041111431689693, -0.12746358457902043, -2.522816695867673, 0.45224343733167727, 0.27733235694261454, 1.4687548129517431, 0.2605876205079291, 0.09721685976641138, 1.1775696096733084, 0.1545209540757541, 1.2171173763853593, 0.41347143998000224, 2.0549916636569727, 1.2511391702465409, -0.5278161089210482, 0.9941553012636521, 0.31797057800901624, 0.5476914040533047, 1.4739175756109362, 2.385213873925932, 0.29342737839448074, -0.8729718960581988, 1.2151903781620232, -1.133502200351824, -0.4421970706692391, 1.0656934367585165, -0.18726475112405008, -0.8544735159357144, 1.9299050401496762, -0.7456051650140457, 0.9880204651494456, -0.3759264553509606, -0.16065742947157205, 1.5971173481631398, 0.2623319944589966, -0.696233489317852, -0.9595503351991218, 1.6874363283076323, 0.5003141433012808, -1.27820764763855, 1.07782733307102, -0.4355324546652095, 0.7589557994497644, -0.1516607616743151, 1.3265577903138661, -0.1854733525900426, 0.7660407116533836, 1.0970088948984649, -1.1229155663804793, 1.7094493690549142, -1.5405915288301895, 0.41973847863008035, -1.0937598665981914, -0.47661622655768776, -1.2138374916058166, 0.033857257297129996, -0.14073799404541437, 1.4586314580259299, 0.9917946129980917, 0.4734999648366369, -0.7158135031926608, -0.07353329096939612, -0.38369726001058124, 0.2023099045353249, 0.2973605039353222, 0.4610834509724892, 0.8118130562622137, 0.19745895758607543]}, "Latent AR LinUCB s=2": {"actions": [0.0, 0.0, 1.0, 0.0, 0.0, 0.0, 1.0, 0.0, 1.0, 0.0, 1.0, 0.0, 1.0, 0.0, 1.0, 0.0, 1.0, 0.0, 1.0, 0.0, 1.0, 0.0, 1.0, 0.0, 1.0, 0.0, 1.0, 0.0, 1.0, 0.0, 1.0, 0.0, 1.0, 0.0, 1.0, 0.0, 1.0, 0.0, 0.0, 1.0, 0.0, 0.0, 1.0, 0.0, 0.0, 1.0, 0.0, 0.0, 1.0, 0.0, 0.0, 1.0, 0.0, 1.0, 0.0, 1.0, 0.0, 0.0, 1.0, 0.0, 0.0, 1.0, 0.0, 0.0, 1.0, 0.0, 1.0, 0.0, 0.0, 1.0, 0.0, 1.0, 0.0, 1.0, 0.0, 1.0, 0.0, 1.0, 0.0, 0.0, 1.0, 0.0, 1.0, 0.0, 1.0, 0.0, 0.0, 1.0, 0.0, 0.0, 1.0, 0.0, 1.0, 0.0, 0.0, 1.0, 0.0, 1.0, 0.0, 0.0, 1.0, 0.0, 0.0, 1.0, 0.0, 1.0, 0.0, 0.0, 1.0, 0.0, 1.0, 0.0, 0.0, 1.0, 0.0, 1.0, 0.0, 0.0, 1.0, 0.0, 0.0, 1.0, 0.0, 0.0, 1.0, 0.0, 1.0, 0.0, 0.0, 1.0, 0.0, 1.0, 0.0, 1.0, 0.0, 1.0, 0.0, 0.0, 1.0, 0.0, 0.0, 1.0, 0.0, 0.0, 1.0, 0.0, 1.0, 0.0, 0.0, 1.0, 0.0, 1.0, 0.0, 0.0, 1.0, 0.0, 0.0, 1.0, 0.0, 0.0, 1.0, 0.0, 1.0, 0.0, 0.0, 1.0, 0.0, 0.0, 1.0, 0.0, 1.0, 0.0, 0.0, 1.0, 0.0, 0.0, 1.0, 0.0, 0.0, 1.0, 0.0, 1.0, 0.0, 0.0, 1.0, 0.0, 1.0, 0.0, 1.0, 0.0, 0.0, 1.0, 0.0, 0.0, 1.0, 0.0, 0.0, 1.0, 0.0, 0.0],