{"k": 2, "sigma_z": 1, "mean reward 1": [-1898.692903580305, -184.92120255491892, 703.3640634224728, 422.4698028691086, -155.39212398387053, -298.6093792574811, -94.15478397690504, 100.5986672707138, -11.1113072395972, -150.97688777788366, -169.95360686228372, 145.1146667402154, -47.051199590336125, -160.2288006538264, -179.62624059867466, 72.43842052761438, -14.847021006078398, 129.7871844429652, -1.0017548766773188, -143.13209156773866, -185.62928769815713, -21.189169980162934, 67.33749747811899, -74.31678393257813, -154.59163530784082, -108.37239682051829, -86.36143770078155, 8.62127522302927, -0.802955260858873, 56.41306820557001, 207.90039831502583, 181.15496981338595, 30.37154057202042, -140.74772674809685, 7.71253877730641, -37.841597152329754, 140.30256773061575, 95.30367318384882, 15.46147260155551, -11.019112940699344, -42.52240702204662, 77.59565418191146, 219.10198318141715, 281.24160920056596, 179.52195408142967, 9.583375935039061, -146.98359575936288, -168.28748893785624, 12.373825465915647, 143.91453661581428, 347.8982884304142, 117.0641129615468, -114.72854689320195, -174.63393524729068, 0.8746616038750654, 10.838649511503206, 42.120073806625335, -76.60701763372786, -18.74867937665206, -136.6357730021049, -318.3374656939291, 61.05229733604567, -37.21384114754702, -144.68328265262818, -22.218974065978873, 129.1313575774518, -36.215040780267095, -136.77807363862442, 82.10357836581903, -83.97704316150076, -177.15265772006106, -113.67076165903403, -92.1796924894828, -71.10583309773986, 50.25114189092608, 25.435756853353503, -151.01261931645573, 80.16233666155956, 17.69373925702139, 3.3892371345496386, -142.73403461116317, -15.226323007249643, 47.64946304448004, 160.51258267833632, 61.866301791995426, -295.7929331024166, -303.45849601260335, 55.59812673252853, 306.78950592141354, 130.84415551685933, -27.3120100856477, -78.99257924538745, -52.0378994818057, 115.26552686955517, 161.84038358606057, -10.8650833745275, -185.7469043761606, -151.20905007484805, -84.51240760379235, 54.928111934268806, 113.6348621005932, 73.12811456467512, -123.78059120549274, -51.073361374464234, 17.322258806903005, 53.870099752007796, -4.211533595166364, 31.762216110347307, 23.66747670665997, 83.67666586851637, 143.1408015352962, 205.14621015320662, 28.30757204417579, -46.14318440230043, -20.797681782076292, 23.343496149450687, -59.79502564660668, -101.88124141961157, -46.68879580920166, 29.775106753078052, 46.90358050674224, 20.73043113071225, -172.27967452029088, -220.54658606589572, 123.32744453294228, 295.80651087855614, 57.866739550301084, 254.6555342129619, 147.97742385265343, -17.272224217258497, 49.720554080506716, 211.24704102772506, -41.16506206601927, -100.92929708301325, 3.0892780647226505, -1.8073099281615268, -104.08859369058112, -87.18254528613818, 172.84556833317933, 104.64438293457744, -25.078524194888107, -32.607920450311944, 33.65621227099903, 190.14380865265545, 168.59498764971312, -127.14758553079668, -222.04462881576913, -285.8653977940028, 39.7527677225298, 22.00622288245726, -163.18267116727102, -132.6935677469126, -34.52112732569532, 60.6563330610352, 57.00359394831197, -8.061524521812489, -99.99715212511678, -12.413047352476648, 178.92331761117535, 13.173168671332892, 16.00007876349071, 23.261005328875765, 25.8301938629243, -50.98033882680883, -29.051775245566436, 204.53878183132065, 200.1770700834774, -54.23866815176927, -167.14053142807944, -161.97287458464749, 139.1446727500163, 272.6641804684939, 92.01350604647898, -47.16186047900941, -56.28881879027463, 10.387323145482535, -51.9182913189335, 75.52374635121326, 77.74570973725571, -66.39833343127042, -283.43008343548206, -66.32473764963588, 146.8655773217818, -53.23130214320615, -123.06033259569642, -206.65592687457402, 6.2732865339994, 117.96862129669692, 230.20186444874966, 17.524369449764336, -109.14831527575966, -24.23348675452523, 98.13981992256652, 142.51744396967743, 9.01852087400225, -32.864803284365614, 204.79199482286523, 250.28485287778483, -38.041946827953, -41.95843308266865],