{"k": 2, "sigma_z": 1, "mean reward 1": [-1.145398452526179, 12.378163119734618, 6.383277680071575, -2.139369373759896, -3.763134942428452, 0.45097876018337635, 1.7606189583172636, -1.0138426079466885, -0.8943199350082344, 1.9948976238695693, 0.3977697932238444, -0.784523378125734, 1.639213063157149, 1.2663127840060133, -0.29443070091850176, -0.3854651065120807, -1.4533953731933666, -0.6722487779816531, 0.003915162092458457, -1.7089871610554668, -1.5354582827761545, 1.3079804023931247, 2.249849324934341, -0.12402120886282075, -1.8428294130824474, -2.158565446360667, -0.4463081994057832, -0.2214722740789219, -1.3736246191969559, 0.2757146918840532, 0.1981856064135208, -0.03355885779971314, 0.32898992697069473, -1.6770685069549067, -0.8921527368253461, 0.12328231912579951, 0.18661208087298348, 2.1207244520775563, 0.9430821153326356, -0.6813873573390526, 0.020657425763487836, 0.5138405492493707, 1.433059994359587, 1.9760513401885935, 2.053466573910269, -1.047691675997919, -2.7142815447023505, -1.2959387898926422, -0.26816733343343324, 0.6108174961098001, 2.031094573144561, 0.913813930532422, -0.18045086513560538, -1.2371042013690436, -3.554066541039319, -3.242520641348459, 0.005539455774099117, 1.187075909585415, -0.6420349994253143, -0.3181662717538243, 0.07113929606139195, -0.14031667718807647, -2.125190171303394, -1.576651875129853, 2.047450378112846, 3.301425705230513, 0.6568839815129759, -1.141035919667156, -0.2721211836880243, 0.4701997035066353, -0.49212224573105756, -1.6046242698301545, -1.0634814672635655, 1.5285153701554604, 1.2811310022522884, -0.14513695359553003, 1.791730707378538, -0.059838823200409785, -2.06805935878222, 1.1112611677255904, 1.3395148399126797, 0.6954675655019615, 1.4523655873819574, 0.3266487791720971, -0.4546014640452573, 2.2268175070275302, 2.3536119726090607, 1.2959018434293867, -0.1969716811501846, -0.13966307057126615, -1.5041195683116226, -0.5475918092452632, 0.5361533412963667, 1.5958256790683527, -1.579357249150774, -1.4577568385320878, -0.1261848445002968, 2.681284411976894, 1.3362168519628264, -0.46724058517507916, -0.4342988402289733, 2.0553702374107083, 0.544306983734973, -0.8534763425756937, -1.1225623515112761, 0.10047479810073773, 2.0037811240949317, 3.6651334186908016, 0.4237799569920299, -2.9350482779115343, -1.0304817888186704, 0.7279044303313497, 0.7128255296155137, -2.0252253512283542, -3.396269300907152, -0.7302202985323045, 0.6845256049585159, 1.425465431983827, 0.19153430846568728, 0.2687325257415203, 1.438774234191027, 0.6417222026178576, -0.6603069093248484, -0.48455537044115893, 0.6115799464575086, -0.10997139664565936, 0.040222060414469685, 1.0239259910682375, 0.4499849356193969, -1.5011083644471117, -1.5009913521839433, -1.128830219695753, -1.70570808014112, 0.06675629346613071, 1.368485066919892, 0.23837171699666843, -1.7371532214516088, -0.5091835168570618, 0.042569088820036405, 0.8124898047168185, 0.27047879241961204, 0.4681525450888568, -1.6440808219778096, -0.6671071956127861, -1.0488708333037382, -0.5414629591474427, -0.22159362446416003, 0.7154077473261781, 1.007378326645721, -1.3577026401923198, -0.27326524542443165, 1.4085373682318234, -0.28602009602512113, -0.5579621064128794, 0.19421072050829102, 0.17093323642426578, -0.1450214377493392, -1.0040734087926886, -0.8995845589820478, 1.1217030675483992, 2.066038576073532, 0.7625485116218398, -2.012438943624622, -3.0523127961147667, 0.8277454220637026, 1.6219992951505688, -1.5629633652282622, 0.2575537555525811, 0.3992814386162148, 0.12535365873831827, -1.497746671642957, -0.790463207310329, 3.263175012135214, 3.32251736946193, 1.2967077110197858, -1.56123544361943, -0.8355522086471326, 0.578421667030208, -0.6941884670950713, -1.666347485641738, 0.7257699379814205, 1.5445113300813262, 0.8886254061266567, -2.2740996220437233, -1.836571340197505, 0.6906676030010931, 0.5086972604907133, -0.13596152784026244, -0.21287463829286157, -0.14147676595596922, -1.8554823257013429, -0.8740237373743187, 0.02457078663452622, -0.15679216049883127, -1.6003661471872717, 0.1835939662262962, -1.2666745922696268, -0.6175732050487481, -0.18562622680012686, 0.5074212517405386],