{"k": 2, "sigma_z": 1, "mean reward 1": [-2357.919534097992, 466.2556536985888, 1204.8236160408549, 468.9966260929383, -422.0368622414409, -660.5519235736191, -159.4471295888335, 238.21151696363728, 289.9443757936046, 199.2756761010499, 135.26807102573972, 207.8041293292986, 13.504242139779224, 12.7371327896591, -22.757575652128303, -222.08214443578134, -55.694342410518296, 137.62915437900236, 14.98409949904459, 20.87825967308312, 66.46609945349357, -50.545454315091796, -58.927227371317855, -91.07097176056371, 57.3217501547505, 118.85003112914305, 15.926743521270028, -174.33344233223855, -157.44486725860273, -32.121647275873386, 200.5492509856533, 204.65443939441977, 42.48250446453845, -0.8398256239334323, 11.5783010592855, 23.30516573368756, 190.0349408532017, 151.19080645595972, 10.921465968964606, -51.93851590110822, -10.519934362994443, 85.24581030822402, 100.20874417435624, 1.5946846488481417, -2.07058161287062, -98.74978731585654, 13.537733891436165, 106.39966633157911, -173.87202903793556, -98.31961569219565, -72.42382055443993, 15.210168120474036, 225.2903183355052, 64.06895798419993, -24.905441890528913, -122.86909705578199, 78.46551049163931, -107.7316095904577, 121.29941539992637, 176.68496916324358, 72.76148231034078, 101.9205875779595, 236.6590611456123, 135.98275911909246, -222.6696418465794, -423.08397660143237, -199.32247146806898, 126.53882966361127, 139.0167925937339, 88.80271260936478, -186.50199495715952, 40.088669742106255, 84.81439200381173, 62.331581951943306, 14.872473295482902, -92.11041732534378, 40.49870178818369, -20.6887182328914, -153.17500385286402, 30.14914394877941, -54.76389766106401, 7.047511214494567, -19.84156184344039, 20.100508457553754, 69.12966099091085, 178.01096977066578, 213.95949217915637, 168.75044249545888, -0.32283392999623295, 92.56800967012495, 39.83729775147323, 22.211982831456368, 44.33045137757716, -63.31841297545613, 0.9262856121860619, 49.599768794511704, 119.49742779129284, -83.51823793085846, -90.81544042009205, 39.73207056753238, -119.36717918923816, -161.3128438019317, 22.335603275999656, 125.20188655878417, 98.15776660694131, -55.77178785283434, 139.29546619252292, 198.11708849141786, 26.519342556282993, -221.56947571995465, -147.41823835675856, -95.16513630260377, 65.75011936983923, 234.11020485912957, 69.12196022989947, -152.4070420959386, -153.85123265271497, -23.98037535307521, -49.49174710833395, -18.90628155719602, -111.9470187332829, -135.949426809107, 31.66414805931521, 255.0949641208806, 29.286603096806687, -176.57252682857342, -42.85148112615599, 184.5436294767433, 64.63585969128201, 27.077668836754054, -121.8259075005382, -71.98262756939442, -5.3226273170272895, -13.381335632107804, -222.00265214613813, -186.1135750747922, -133.18912882979848, 27.243957600973985, -79.12171353254568, -32.07136541313512, -29.699602282775107, 162.33865027231784, 184.62095347772677, 260.49136971532675, 186.5954358316573, -14.30140215962047, -15.287807370960238, -114.42385474880305, -77.40460080671727, 118.20930751261001, 203.67277009231736, 14.631764369039619, -79.63423237040284, -167.6284476271882, -128.39055604353462, 64.1442540632711, 122.30278305713713, -15.660915808350023, -107.33983579976889, -166.99775497873142, 212.41641209571145, 158.36251355232184, 20.705221649618817, 66.18089059078565, -61.91984022945653, -136.94162168504516, -204.83611935841114, -34.69499705455704, 400.6473579115295, 354.60863606755703, -136.20616935886306, -449.57006437104513, -326.24323376256837, -6.312801141723745, 114.0373633486962, 146.71846101719527, 82.43959542743879, 88.89172396737146, -49.13851490953846, -220.5040900637667, -134.72425809544572, 106.60270598913422, 127.76040336201598, -77.91206798761795, 1.008882929538979, -4.739879882058901, 83.36153305905034, 34.724352836336195, 56.59914747862835, 101.6572700687729, 167.4325242872595, 89.93754228884873, -81.58408311067049, -176.33718669117792, -90.53222914875985, -122.58957739508918, -191.84741100683422, 52.462209749960806, 117.0192803635593, 213.20949040607343],