{"k": 2, "sigma_z": 1, "mean reward 1": [-5.024007712623347, -6.418479995665028, -0.35058911556240735, 4.552457318926073, 2.7292041143805674, 0.05033964125121804, -0.8047751712306365, 0.0920349271818926, 0.4136116918673054, 1.6088135140151336, 1.0006332159849656, -0.6077831987814029, -1.071555079363961, -0.9420171763354872, 1.2862552099986169, 0.7182857146822803, -0.29365287026291476, -0.061805067222420906, -0.11013874249600147, -0.8172448745049151, -0.2930773765354535, 0.328651076599183, 0.009752043684965572, 1.5183613051694818, 1.7147988124688893, 1.3553303127637437, -1.5292580642494422, -1.3402310167653182, -1.6434390104800005, -0.4528863787518638, 0.5160834007583565, -0.34980735667479523, -0.0074008815420636975, -0.46170384170205236, -0.4384909212052671, -1.0483279580960905, -0.17486308272954737, -0.5091960423393379, 0.767770375889868, -1.1006981759648853, 1.2940693932036975, 2.014061544007865, -0.41076252712703476, -0.6319343107683646, 0.36931497621371406, 0.3926802241975436, 2.017504284016015, -0.011132906496667427, -1.4529762528201335, -1.1551428699846142, 1.2807967481259546, 2.0701110094450748, 0.10541756937902269, -1.5499562931254052, -1.3403568752552535, 0.27139275325057544, 2.4702020620612712, 2.4270248493824456, -0.07126178050602688, -2.016014771545064, 0.8256672330742859, 2.6242732052608027, 2.2200128523833826, -0.2994567279291632, -2.4018521568531472, 0.33896320926143386, 1.3858836985166314, 1.4756783036137293, 0.18102975059876916, -2.1185153539879704, -0.008160790333973544, -0.21163508859945201, -1.158079051608121, -0.932676762041901, 0.5184530090531299, -0.9355469461073245, -2.217112465893231, 0.9846567706881464, 1.560800836207365, 0.03172796406344475, -0.8794166137648617, -2.007053563176451, -0.8984270406868213, 1.1469085380475867, 1.6517946451315093, -0.8343977520189472, -1.3282197970440428, 0.4483395804461374, -1.4044323837173835, -2.0813729599755555, 0.4060688339069739, 0.6038779464071489, -0.46713406101796157, -0.8613701881090943, -0.2012869539315333, 1.1758895581497435, 1.457363577813684, 0.44373538273443136, -1.6141439460385865, -0.14690979187313646, 0.5605670007058559, -1.4392737717207609, -1.2141501798406489, 0.620305867028842, -1.0505219512311053, 0.12136872084828298, -0.00998344411189378, 0.6929749945876281, 0.4080608645555023, 0.5239148076653912, -0.5483367718932275, -1.3842564194888505, 0.41923182804960557, -0.3465231520998826, -0.2990894447349366, -0.28135400465044835, 0.05318779362363974, -0.46206461077151595, -0.28675820962427134, 0.8484175580355697, 0.7670580454792918, 0.33883199965087907, 0.11105198852546116, 0.6351402235312407, -0.5810692127194872, -0.7959500124804856, 0.7185438963691175, 1.6233930168374595, -0.48845828192986007, 0.14837244860862686, 0.42997715893725613, -0.09241346891650759, -0.0011323202131857113, -0.5447848975758469, 0.1478043579538783, -1.0097537722380812, -0.45472064960100805, -0.004451686229589136, -0.32237546896155755, -0.3675848601637257, -0.490536650718308, 2.7582861549951567, 0.8932312536579117, 0.8106632399981042, 0.5252204782121396, -0.9764558870568383, -1.6185371806064883, -0.9477335686276656, -0.17900975370703776, 0.0736080064970599, -0.16119037011766446, 0.5324757397304689, -1.8840606376924134, -2.378823399001353, -0.8981919760280822, 0.6794034173641403, 0.5715904665165954, 0.8242197319736201, -0.056546552759320745, -1.7086993872450906, -1.103716258806728, 2.566636777216007, 2.5279335388200836, -0.28210104796518926, -1.2796200380100895, 2.1082122019548235, 1.7588996390641487, -0.12647779791148536, -1.7431927269323633, -1.980581749761155, 0.1446121321246966, 0.12185332766727641, 1.8802466885842486, 1.846400680056386, 2.2780934533575787, -0.7885947974058858, -0.2964235203011856, 0.40271642245649064, 1.3678279265727087, -0.26564490529490475, 0.05066374863772294, 1.5172223833535634, 1.6737497875564604, -0.5767107978211735, -0.17984580419721763, 0.04397134236164213, 1.2424657837992104, -0.024489331161371974, -0.6943875872146321, 0.93000656373155, 2.269267996353709, 2.339033775578456, 0.18597157652549767, -0.4857086307433415, -0.06632835355215805, 0.910739848419052, -0.23546029894119325, 0.7895721101437192, 0.6094344817140156, 1.0453636808497606],