{"k": 2, "sigma_z": 1, "mean reward 1": [9.145495186648581, 6.509331670962269, -0.4961814938419692, -3.0907033520330525, -1.370432898731891, 0.7666699838605762, 0.20632815508564928, 1.2849401749394618, 0.14700527849651696, -0.4925921560189077, 1.3039584019361707, 0.7631430255464039, -1.8653827158671255, -1.3469857186000425, 0.13460042925033963, 1.7361442806854854, 0.7625114815949907, -0.9290922344130721, -0.7942872800062207, -1.3657782927553517, 0.16855068033752407, -1.9270400897516753, -1.0524303438060358, 0.2820447027356251, 1.8548310559254304, 0.6711570873833357, 0.13675068265271972, -1.6853968303972675, -2.667139989719567, -1.1823155325878778, 1.787423799782402, 1.3382546779253564, 0.733126382972549, -1.1615885837539395, -1.1302151816252177, -0.555233611901449, -0.1401631987503003, 0.47748900804996786, 0.4328994492186343, -1.3071811301698018, -0.6553051795720133, 0.18541229145169474, 0.2699335956940916, 0.027661062149134816, 1.286131401287546, -0.1091188042284369, -1.9327353058880237, -0.7795490703654185, 1.7605782784957962, 0.9647482861419073, -0.21671955734962917, -0.7984477469838877, 0.0030595732864984737, 1.4777137598714931, 0.13651399404099018, -0.8768817016148955, -0.33879603141959735, 2.3387445740726798, 1.6215483748225072, -0.4088332669934634, 0.9632951294979577, 1.516626299352307, 2.3139507620427477, 0.8036862423214687, 0.350674105193302, -0.5710306679774024, 0.20977380131168732, -1.435163909113171, -0.7276597285624455, 1.6767413048931075, 0.7008176425554458, 0.29683526997502596, -0.15735616715477352, 0.53730503205235, -0.419882665071679, -1.2435101386432255, 0.964837699230302, 1.695372910309866, 1.414580814284235, 1.0503200838838116, -0.7280081950665829, -1.9423689364666616, 1.0896104935621755, 1.9114999571231386, 2.220050250416563, -0.8708843274328935, -2.277999859135463, -1.424134505695461, 1.0982560434319124, 1.375084528461772, 2.627420043329192, 2.151620103264864, -0.6084864707314326, 0.16045213268452607, -0.826536156361117, -0.2975680765752674, 0.8964534838836401, 0.6288847975754828, -0.34119786747692493, -0.5148820176373128, 0.9152512991195441, 0.08714696773002162, -1.374848089604669, 0.20382063806098338, -0.7650894366637515, 0.0235975604336231, 0.07822574057187787, -0.7440447254286935, -0.17783700233667007, -0.07113850033739888, 0.38458701674995643, -0.07344176344988157, -0.8178752290873443, -0.8736770427784921, -1.5343855637550927, -0.12058458049776774, 0.07670902018152359, -0.7537647867579051, -1.2521765051993634, 0.23139811063126497, 0.25254123812563406, 1.4186371158692257, 1.1850349386692343, -0.29560497810354885, -1.5503433320772069, -0.6544358324380489, -1.0416366895200078, -1.3642799878396303, 1.0395407795673393, 1.8226786327357343, -0.9646423943171287, -2.5463781873839526, -1.0476928578084732, 0.30835400363711546, 0.8633310867696584, 1.735325120419588, -0.12151987277972764, -2.8809711914017857, -1.2402944743729098, 1.9493805728959348, 1.4887943370387673, -0.20624441925386355, 1.1073261130265721, 1.05540563047748, 0.1381830697281844, -0.4542474237199108, -0.7954054908623605, 0.09400542377287319, -0.7518896280623821, 0.050487909369051065, 1.0813125569733821, 0.19295950470662038, 0.5212724913467482, -1.0318962679309363, 3.4253400404660757, 3.195793800389242, -0.23700883433031172, -1.822463321180209, -2.0148277180909213, 0.01383728780357285, 0.8483621100691041, 0.17717883866879344, 1.2152498655886859, -0.0006086159948137659, 1.6841429762643443, 0.6257007742460469, -0.764333585478475, 0.23460037499165298, 0.14769059655054606, 1.2233949252221605, 1.2821888485161144, -0.12032253024367626, -1.9692704948294775, 0.22905404513717997, 1.8795697375385347, 1.2643056742611622, 0.7018379514188586, -0.33272845423702446, -0.6959135644292811, -0.5741284916620308, 2.0234544938150667, 1.858291640361557, -0.31456008918620193, -0.0889584119128094, 1.0309582749300774, -0.6622369588338437, -2.0651669524064187, -0.20369666132232916, 0.30423938410038476, -0.6817502182054507, -1.2504251130508957, -0.7069029159951266, 1.3709123587207608, 0.7425522777274498, 1.0671521255332108, -0.2274942309347645, -0.5849837683823033, 1.8182723333588702, 2.6192785356287898, -2.2612445352006034],