{"k": 2, "sigma_z": 1, "mean reward 1": [465.1313076981053, -1341.8141347083729, -918.0054518562987, 272.50703881660917, 403.59539127379503, 130.1735979838182, -152.38221488317873, -277.0388985137745, 43.0041241911113, 62.936084141313266, 131.88408010551285, -76.35317320152238, -240.2949757011334, -25.969807369008336, 313.51521546189326, 269.8431940236307, -114.24432563103954, -113.36575783094153, 26.39153892746762, -27.69961646100636, 13.63271636756539, 80.95015970830377, -55.1788802178572, -137.84104894925565, 53.707818299870034, 55.899545486025325, -114.95747165822061, -260.8169623771259, -81.27889322841901, 200.0772520815537, 192.61862481096148, -62.75779596207196, 142.0093544246667, 201.56726211626338, 65.56269129331096, -79.51109191518853, 80.03421815445655, 82.91868520951094, 222.22192925564252, 95.61094789542676, -192.18590008926108, -273.803858088323, -167.2033074259861, 64.8768701294304, 73.91451976770026, -7.326116336770369, 91.16740998242206, -48.889862826921245, 19.186268356257095, -81.23048730662283, -20.221850914108906, -224.69206472717377, -79.86016066423116, 36.84050281934664, -31.949781381770535, -178.223785713761, -157.2576291925148, -73.01557043236376, 145.49304195350354, 60.633720359079256, -6.286998787330705, 74.65370523538103, -24.236186715838247, -100.52079160624989, -91.09292766975541, -3.0544797448663648, -113.53802639023117, -21.608300854737582, -153.44948523463637, -19.28563568478682, 338.5462403836245, 165.39710495731526, -133.2525767935828, -66.14265329700277, 113.04551031436303, 167.86580440516462, -127.28312068605385, -42.705074285659016, 52.983043857430424, -27.553176148612224, -200.37439168242705, 44.95726594414131, 21.69273996912786, 42.36577607667844, -105.32514047171959, 167.48308738966017, -49.82511920491994, -173.24518698274235, -178.92568924495083, 130.32663109367428, 239.90446138789724, 45.76867667963416, -128.2992441647704, 4.4815334650726175, 117.73523479659849, 64.71955821520304, -48.380966010005864, -48.01899037579809, 51.5118220534678, -80.24055628887794, -60.014965262605266, 241.18148926482706, 116.45022932400218, -131.71690812889938, -128.54125326594726, -92.95925471316673, 54.27619080115827, 64.54457370729126, -15.175805910256443, 85.92866041010059, 177.40437499695244, 143.81394747508656, -4.270747428109001, -7.9193884825787375, -132.30224505970233, 3.8212876766268056, 142.83679017853493, -121.42947734621714, -217.78894383495197, -54.122575717813845, 0.4809667776995763, -61.06744419258187, -26.689507347466773, 85.80182161080423, 36.54593593638313, -105.60385732296902, -187.49051619850417, -26.36694996121085, 91.18686812429799, 77.06034365391066, -54.0535135967517, -213.98528776733423, -20.09380095003118, 62.039201185341454, -5.011656308575763, -52.02795861666034, -81.94014484845914, 182.86752921885974, 216.18899366166556, 82.75181070469581, 48.65764236320403, 113.25815594718365, -42.173010631443056, -302.1196861691323, -87.9640994223619, 235.36823566372948, 398.17125461418414, 2.610481942929388, -213.66921320703432, -84.63243661958823, 137.9811707058358, 31.362547428335187, -123.61253891762667, 26.737869837034943, -60.1858951542656, 22.18328940745996, 187.83226202003277, 264.39027514688405, -9.638675053933449, -313.20901941410204, -292.20175483568437, 38.01526562118213, 174.44637301268742, 105.48171329008281, 87.46728119617633, 171.55135048286348, 92.04143188145937, -43.32645461004685, -52.57273672752054, -40.225132193965706, 51.48945628218852, -0.6375943111990079, -143.86132418747997, 88.1996128605961, 33.61591585027672, -53.23377467601229, -0.127233607978805, 50.61365281386037, 238.4407790098534, -102.31356804085037, -359.659255172288, -217.1291043819159, 72.68510982329954, 54.466945872858, -59.7979297471994, -240.3978516860539, -223.74451987339262, -107.15904848164246, -99.24538079349777, 83.73889044963431, 119.5509392165825, -75.28486924681322, -64.9403088160154, -30.004808310427585, 103.62345349190876, 129.02038869260318, 117.34621134909138, -159.8066404269294, -199.14729306213, 64.9223341877269],