{"k": 2, "sigma_z": 1, "mean reward 1": [-0.3536792487871091, 21.106050536007096, 8.593668796728648, -8.049626454834087, -7.818766208623324, -0.9425220957569576, 3.989576100979608, 2.507588491366686, -0.20193548422567198, -1.3738924843173304, -1.3338494493396915, -0.8580863757515226, 0.4944519887953801, 0.337447216244255, -0.7161573987598637, -1.9480195348061862, -0.8849880282391747, -1.9032518232375384, -0.13868736083594763, 1.3841394379821086, 0.7614231608806242, -0.624866335544151, -2.561235402776151, 0.49949347695741286, 2.1417052194404995, -0.008029417773235403, -0.07450143205617232, -0.4089054302204621, 0.26629433099442595, -0.29707942457191827, -0.06557087151949012, -0.3035622056264748, -0.15856590674709803, -1.9678248992890268, -1.5823050735990059, 0.7170563428553591, 0.49643044043514684, -0.4918294329751923, -1.5928688837012261, -3.209969181746505, -0.113430543975648, 1.3588000541730478, 1.5608183045113295, -0.30288314416879863, 0.4353846995870604, -0.09287142627545097, 0.11773817119544128, 0.3095127776495581, -1.6420722011575095, -0.5953205191885333, 1.6969073394794414, 2.30763542007476, -0.8277692333793232, -1.8717887655283572, 1.3133229567903077, 0.8733020197326552, -0.5450600969106123, -1.6114271263921356, -0.8093630069914994, -0.2975578902360706, 2.8063407942573746, 0.5305346117246561, -1.4614831613428831, -0.19682889149875427, 1.384291984136945, 1.8997037191794977, 0.14328457049115567, -1.9390086106746032, -1.2244031643624607, -1.1251627546665997, 0.5475603532147513, -0.5824489972078588, -2.1116792864757215, 2.515130256477468, 4.105997623874879, 1.4916316633101363, -0.7056671666151716, -1.3268969731566882, 0.2995291831358991, 1.9310998115971354, 2.557597502702852, -0.942178372793, -2.218234197306158, -0.5132042658707344, 1.093954594559404, 4.91227205402027, 3.440919046047389, -0.3706229875455997, -2.2702501084091526, -0.5532934017450678, 0.2647227704494354, 1.7445742544379734, 0.2856978872781588, 0.10002024703348655, -1.5462031697791248, -0.46397837661250113, 1.50189434142654, -0.15138212401109774, -2.048067397814587, -0.7679328299901984, 1.6730963498398157, 0.06951164577385871, -0.9499395432102803, 0.3598726030528754, 1.3191274865272078, -0.581738302193672, -2.800836868151916, -1.4252424932818957, -0.010373810147882634, 0.1544849020037844, 0.6350930516800326, -0.07196659482051965, -0.2324242416719475, -0.01976637442280184, 1.239075009557921, 1.715227096012458, 0.6283724930380306, -0.35185365487943565, -1.5136280587567634, -3.0863453340130587, -2.5004260487241807, -1.0246076271095985, 0.6556638357741608, 0.6804116013204932, -0.6060016023145127, -0.12995515750816988, -0.04549629396013938, 0.09948037829512583, -2.301914347938621, -0.8241514520828324, 1.074789843037254, 1.0348350809826934, -0.8699728837423463, -1.4323890938951709, -0.288809243489708, 0.39679308146797143, -1.309399128762741, -1.9201632288986792, -0.9174768002357794, 1.5468212019699554, 1.957502260459926, 1.7022923187674712, -2.150968909854081, -1.928837059720438, 0.14363139437931294, -0.12046494346826608, 0.8961367302323542, 2.4414578031993877, 0.20127892860027408, -2.3150893322244404, -1.4312552956378322, 1.3127577829015133, 0.2727092301412486, -0.3399575914449193, -1.0940829511123846, 0.4428224367006508, 1.557512342488831, -1.0531543056168728, -2.13984853143833, -0.8067351899612167, 0.9936237087572934, 0.528660325003447, -0.12253067905616495, 0.27422492742841614, 1.5821588381116927, 0.000425511307091897, -0.07880543597644729, 0.7079834681374981, 1.5040397323710977, 1.1841742019400876, 0.42627133250526106, -0.7933600322467089, 0.02198324140838137, 2.022847905339183, 1.635796089702862, -0.12739949098365766, -1.4847385825012513, 0.9632450917131501, 2.6751617368887173, -0.5448871322237776, -2.9796631071825157, 0.03106231054060804, 1.3381939345111817, 1.0695875610530494, 0.7975841711632458, -0.3573226376761939, -0.014784326290361971, 1.3161245316935248, 1.4952434748770518, -0.09948457987398873, -0.08383957967440014, 0.8454382940658154, 1.172231802911047, -1.1174984235200547, 0.403425580747127, -0.3654417785638151, 1.4465129773291572, 1.924694424839594, 1.860183701428324, -0.24095899081814964],