{"Stationary": {"actions": [0.0, 1.0, 1.0, 1.0, 1.0, 1.0, 1.0, 1.0, 1.0, 1.0, 1.0, 1.0, 1.0, 1.0, 1.0, 1.0, 1.0, 1.0, 1.0, 1.0, 1.0, 1.0, 1.0, 1.0, 1.0, 1.0, 1.0, 1.0, 1.0, 1.0, 1.0, 1.0, 1.0, 1.0, 1.0, 1.0, 1.0, 1.0, 1.0, 1.0, 1.0, 1.0, 1.0, 1.0, 1.0, 1.0, 1.0, 1.0, 1.0, 1.0, 1.0, 1.0, 1.0, 1.0, 1.0, 1.0, 1.0, 1.0, 1.0, 1.0, 1.0, 1.0, 1.0, 1.0, 1.0, 1.0, 1.0, 1.0, 1.0, 1.0, 1.0, 1.0, 1.0, 1.0, 1.0, 1.0, 1.0, 1.0, 1.0, 1.0, 1.0, 1.0, 1.0, 1.0, 1.0, 1.0, 1.0, 1.0, 1.0, 1.0, 1.0, 1.0, 1.0, 1.0, 1.0, 1.0, 1.0, 1.0, 1.0, 1.0, 1.0, 1.0, 1.0, 1.0, 1.0, 1.0, 1.0, 1.0, 1.0, 1.0, 1.0, 1.0, 1.0, 1.0, 1.0, 1.0, 1.0, 1.0, 1.0, 1.0, 1.0, 1.0, 1.0, 1.0, 1.0, 1.0, 1.0, 1.0, 1.0, 1.0, 1.0, 1.0, 1.0, 1.0, 1.0, 1.0, 1.0, 1.0, 1.0, 1.0, 1.0, 1.0, 1.0, 1.0, 1.0, 1.0, 1.0, 1.0, 1.0, 1.0, 1.0, 1.0, 1.0, 1.0, 1.0, 1.0, 1.0, 1.0, 1.0, 1.0, 1.0, 1.0, 1.0, 1.0, 1.0, 1.0, 1.0, 1.0, 1.0, 1.0, 1.0, 1.0, 1.0, 1.0, 1.0, 1.0, 1.0, 1.0, 1.0, 1.0, 1.0, 1.0, 1.0, 1.0, 1.0, 1.0, 1.0, 1.0, 1.0, 1.0, 1.0, 1.0, 1.0, 1.0, 1.0, 1.0, 1.0, 1.0, 1.0, 1.0], "rewards": [7.140998568334932, -3.382422009918595, 0.9621633990710161, 0.3305556344027144, 0.5212509036379942, 1.506048481940031, -1.8822475429302834, -0.8136279707426529, -1.933331814863063, -2.5249187456161186, -0.5712486332544866, 2.1252392189308535, 1.2359438385192714, -1.9286740513388476, -3.2833189948766304, -0.2911231649256899, 1.0344413047214678, 0.6523745385780371, -1.454401976010904, -2.4241236593543123, -0.5907351524865371, 1.7538789972550928, 0.5466180888566334, 2.4841098278506966, 0.6327399116485952, 2.254898280444163, 2.3943765609873306, 0.39263385999580713, 0.7938834117285309, -1.8505033218892752, -0.31733605844838797, -1.0417500143195575, -1.714179520176045, -0.3465269919348105, -0.014997951549150734, 1.0392190794157539, -1.8230757267179152, -0.8159640833528864, 1.0460434924920707, 1.340842191720034, -0.8913778384893672, -1.2968664761821203, -1.1529162937052675, 0.6835141366593019, 0.2729887527030508, -1.7473238969390237, 0.20612506732557223, -2.2455202859884364, -2.784435463154428, 3.0645178860051305, 1.3174751983216408, -1.190366596621602, -2.3456063240126563, -1.8027232600257286, 2.4914396225506286, -0.7348975148192782, -0.7746475476607354, -1.1595213770217572, 0.8689306816016227, -2.0893387969248742, -1.3358736113916103, 2.0180001940001633, 0.217323912842746, -0.5586320615969915, -1.554571226838613, -0.20733170832324405, 1.7365843791101845, -0.6662693362423511, -1.497014833773627, -0.22657878406515009, -1.07559024578683, -3.4290449925493025, -1.5493669192293607, 0.24168941775365216, -0.2483305138073002, 1.1299764741809009, -1.5853422770371126, -2.0373029780796674, -0.01618081405091465, -1.1338642609681013, -3.472523089142006, -1.1828557788735958, 1.8517494765777798, -1.3350729003959703, -1.4536723081365364, 2.289928706076682, 1.0711741877234422, -1.2474162621548628, -1.790852956822376, -1.8174301161536954, 0.6617358664016766, 0.5414599034229068, 1.9728958861736163, 1.3555683666510978, 0.18074495396826146, -2.35708133588196, -1.067546061679265, 0.9231587888422682, 2.0103953493717954, 1.19306476210723, 1.3239525123743832, -1.263613127546777, 1.4403177576688142, 2.1207724877063576, -0.13553428463345954, 0.16962798630255294, -0.3179010443429261, -0.9724798323203078, -1.222397517479802, 2.1576565321404355, 0.5918127705878564, -3.481617364044512, -1.7983757441008077, -0.46816205218836693, 2.8581595835192406, 1.8583777085567224, -2.161476638021037, -0.14644363831586923, -0.16830642620880498, -0.6301078824543382, -0.8910541062563877, 1.9111471558662054, 2.9445079330475976, 3.0092828787683246, 0.2972660236723598, 0.678123342783039, -0.8201783382787495, -1.0795347644395497, 1.1873124833160638, -2.2352879000575996, -2.6350715672576976, -0.8668244552325479, 2.072207781291154, 1.8283557964402473, 0.1022244715906856, -2.1625738190677026, -0.1583187384613168, 1.8587569032831481, 3.822720007890882, -1.3058365350395476, -2.537818162613704, -2.2565483341388823, 0.18614849062784036, 1.691325416204919, 1.3909543222146583, -0.7158341984959786, -1.3601181865004826, -0.876635602547144, 3.6215851798593266, 1.2839868322845445, 0.9781493469686096, -1.717647629039782, 1.3447450577476965, 2.383327703094838, 0.06007471812098786, -1.3987814006121368, 1.2058847495629688, 1.4759042557926108, -0.41001775662435036, 0.26728910795318694, 1.0517993347369674, 2.9004471050374145, 0.3106148191141842, -2.389958401982224, 0.5853211594789355, 2.6876748036373783, 0.09960398270798188, 0.337169088200277, 0.382233026404212, 1.2523505144139768, 1.2836725478255266, 0.28857073454187954, -1.7557927586634827, 2.010572865233603, -0.5148961270084149, 0.6172086463866289, -1.9741959399974118, -3.239618864501116, -0.625604329723764, 1.6923904944621448, 0.6396305805049629, -0.8549013075351061, -1.283187985975792, 0.5678683424002828, 2.9216616339116435, 0.8385914669732952, -0.01474975086710965, -0.3455733037674802, -0.9374168412262998, 0.4444473182797086, 2.361021965938874, 0.2520064252435089, -3.9652201147843718, -1.2415789034480602, 0.3265371219480556, -0.2171313667701097, -1.156793757796946, 0.8140750446096148, 4.431308244222844, -0.5662139371643042]}, "Latent AR LinUCB s=4": {"actions": [0.0, 1.0, 0.0, 1.0, 1.0, 1.0, 0.0, 0.0, 1.0, 1.0, 1.0, 0.0, 0.0, 0.0, 1.0, 0.0, 1.0, 0.0, 0.0, 1.0, 0.0, 0.0, 1.0, 1.0, 1.0, 0.0, 0.0, 1.0, 1.0, 0.0, 0.0, 0.0, 1.0, 1.0, 0.0, 0.0, 0.0, 1.0, 1.0, 1.0, 0.0, 0.0, 1.0, 1.0, 1.0, 1.0, 0.0, 0.0, 1.0, 1.0, 1.0, 0.0, 0.0, 1.0, 0.0, 0.0, 1.0, 0.0, 0.0, 0.0, 1.0, 0.0, 0.0, 1.0, 0.0, 0.0, 0.0, 0.0, 1.0, 1.0, 0.0, 0.0, 1.0, 1.0, 0.0, 1.0, 1.0, 0.0, 0.0, 1.0, 1.0, 0.0, 0.0, 1.0, 0.0, 1.0, 0.0, 0.0, 1.0, 1.0, 1.0, 1.0, 1.0, 0.0, 0.0, 1.0, 1.0, 1.0, 0.0, 0.0, 0.0, 1.0, 1.0, 1.0, 0.0, 1.0, 0.0, 0.0, 0.0, 0.0, 1.0, 1.0, 1.0, 0.0, 1.0, 1.0, 1.0, 1.0, 0.0, 0.0, 0.0, 0.0, 1.0, 1.0, 0.0, 1.0, 0.0, 0.0, 0.0, 1.0, 1.0, 0.0, 1.0, 0.0, 1.0, 0.0, 0.0, 1.0, 1.0, 0.0, 1.0, 1.0, 0.0, 1.0, 1.0, 0.0, 0.0, 0.0, 1.0, 1.0, 0.0, 0.0, 0.0, 1.0, 1.0, 1.0, 0.0, 0.0, 0.0, 0.0, 1.0, 1.0, 1.0, 0.0, 0.0, 1.0, 1.0, 1.0, 0.0, 0.0, 1.0, 0.0, 0.0, 1.0, 1.0, 0.0, 0.0, 0.0, 1.0, 1.0, 0.0, 0.0, 0.0, 1.0, 1.0, 1.0, 0.0, 0.0, 1.0, 1.0, 0.0, 0.0, 1.0, 0.0, 1.0, 1.0, 0.0, 1.0, 0.0, 0.0],