{"Stationary": {"actions": [0.0, 0.0, 1.0, 1.0, 1.0, 1.0, 1.0, 1.0, 1.0, 1.0, 1.0, 1.0, 1.0, 1.0, 1.0, 1.0, 1.0, 1.0, 1.0, 1.0, 1.0, 1.0, 1.0, 1.0, 1.0, 1.0, 1.0, 1.0, 1.0, 1.0, 1.0, 1.0, 1.0, 1.0, 1.0, 1.0, 1.0, 1.0, 1.0, 1.0, 1.0, 1.0, 1.0, 1.0, 1.0, 1.0, 1.0, 1.0, 1.0, 1.0, 1.0, 1.0, 1.0, 1.0, 1.0, 1.0, 1.0, 1.0, 1.0, 1.0, 1.0, 1.0, 1.0, 1.0, 1.0, 1.0, 1.0, 1.0, 1.0, 1.0, 1.0, 1.0, 1.0, 1.0, 1.0, 1.0, 1.0, 1.0, 1.0, 1.0, 1.0, 1.0, 1.0, 1.0, 1.0, 1.0, 1.0, 1.0, 1.0, 1.0, 1.0, 1.0, 1.0, 1.0, 1.0, 1.0, 1.0, 1.0, 1.0, 1.0, 1.0, 1.0, 1.0, 1.0, 1.0, 1.0, 1.0, 1.0, 1.0, 1.0, 1.0, 1.0, 1.0, 1.0, 1.0, 1.0, 1.0, 1.0, 1.0, 1.0, 1.0, 1.0, 1.0, 1.0, 1.0, 1.0, 1.0, 1.0, 1.0, 1.0, 1.0, 1.0, 1.0, 1.0, 1.0, 1.0, 1.0, 1.0, 1.0, 1.0, 1.0, 1.0, 1.0, 1.0, 1.0, 1.0, 1.0, 1.0, 1.0, 1.0, 1.0, 1.0, 1.0, 1.0, 1.0, 1.0, 1.0, 1.0, 1.0, 1.0, 1.0, 1.0, 1.0, 1.0, 1.0, 1.0, 1.0, 1.0, 1.0, 1.0, 1.0, 1.0, 1.0, 1.0, 1.0, 1.0, 1.0, 1.0, 1.0, 1.0, 1.0, 1.0, 1.0, 1.0, 1.0, 1.0, 1.0, 1.0, 1.0, 1.0, 1.0, 1.0, 1.0, 1.0, 1.0, 1.0, 1.0, 1.0, 1.0, 1.0], "rewards": [-8.082019809557226, -11.905849569069321, 4.888760892285804, -7.106525243686856, -3.337778316649727, 2.2835267435327666, 5.815417033846865, 2.888999007088126, 0.6646020234566096, 0.37098677309503514, -1.2768809573727165, 0.024924532410047495, 0.24172279736044677, 3.4525274560819734, 0.7223029938934571, -2.6415514013749237, -0.3349304977233305, 1.9733597958475775, 0.30645412541686756, 0.39932282534663843, -0.3305551028001346, 1.0675145998177733, -1.5264040317594652, -3.036334083265526, -1.0728655871910528, 0.9726682901675436, 2.7126438134845, -0.22179185611487906, -3.8397416530273323, -0.8045083208108056, 0.533727184498779, 0.5647944121154829, -1.2274055631524403, -1.0946894128769857, -0.8388545978243326, -0.7348157114686978, 0.817644680227154, 2.4586661977228856, -1.0973393379993783, -1.60330101389895, -1.0345383967346664, 1.015591108367385, 5.098546004489776, 1.4110906291384748, -1.5617246268650882, -2.720961249749755, -1.080488615787221, 2.6013753139823734, 0.9667273407245204, 0.7688860395371171, 1.0112823177251844, -0.7844207873944111, 3.2440007466981458, 3.380439433004476, -1.0528991967600616, -2.4979642401536126, -2.2975624844926967, -1.4110903460608724, 1.2056320611210438, 1.165086842339162, -1.3269885228761775, -0.5032628493619697, -0.8471012322395083, -1.5774087691051975, 0.33379822103407153, -0.9231059330670266, -2.5374742945600457, -0.9197007077253336, -1.5287972768171327, -0.7543549381791129, 1.097464041569327, 1.353899368926657, 0.8506971136307513, -1.4381589571422924, -1.160233814364421, 1.2134110706329668, -0.36206588773598425, 2.884469743853418, 3.3376144587238907, 1.1051859564096365, -1.0700176548911247, -1.0277304307332766, 1.1888609325690893, 1.642688384673856, 1.9633175483092558, -1.3949866141474698, -3.259989593630458, -3.098551549446836, 0.050492457347034767, 1.020597950950492, 1.6939146657984723, 1.188606853488069, -2.208261588301155, 1.2746058010921193, 0.7506754296615783, 2.060606950916843, 0.9167826505325067, 0.018813938399117713, -4.0353054650167115, 1.1805430255529648, 2.82843215834888, 0.028652298559978195, 0.4512981186791286, 3.1587010437067127, 0.5788587993789109, 1.2913398276608634, -0.4865586125558208, -0.7696783333556378, 1.343411402763931, 0.7016579422890754, -0.35482959395597735, -1.0080756199163647, -0.5580666615977461, 0.39100321900513546, 0.7547271546742996, -0.3108163337550509, -1.425764144890294, 1.648445145373209, -2.8014825575749653, -0.503776418242598, 0.6525007745487436, 0.6817362286058177, -2.859584333753343, 0.6758469297985416, 1.6945158132261644, 1.329132862037436, -1.3743835786024787, 1.747990625669793, 1.6383221687668097, 0.37370725652658354, -0.6108610152063961, -0.7955232852034178, -0.37164858941894957, 2.1026691241127007, 2.6205639051499254, 1.5387722966012816, 0.4336773601897476, 0.1343508292349888, 0.6635358608224087, -2.1993184110122077, -0.9102541398296038, -1.3406483571036563, -0.5054552808732489, -0.1932955168347077, -1.0746692446733899, 1.1920109135214376, 1.3602201409830748, -1.4241640806117868, -1.411384243372375, 0.825109442302939, 2.1004143354170615, 2.294988828013761, -1.9764633895482242, -1.2792200882296216, -0.24641525530476033, -0.533652329380917, 1.5145894783320175, 1.573054012671284, 0.7283154045311958, -0.09894568728726466, -0.1572118486694065, 0.8138143763027662, -0.39121554992539476, -4.053374269799384, -0.8851086955347055, -0.28505029113164426, 0.37717843418257563, 1.2033856291606446, 1.7524265824439627, 2.011167263996251, -1.0367540669242439, -1.0535980211298304, -1.1073980229707652, -1.2014860261039861, 2.0690494176079035, -0.7077455796223485, -1.2567015950745457, 0.8735643955895944, 3.01554304368588, 2.1842042844465306, -1.0105607706476747, -0.13241893730946808, 1.9647509412251143, 3.0679580222508744, 0.4626040128823794, -1.0777936833240884, -0.2904923690877247, 1.8393231161213008, 1.3205602905796274, 1.9645761153672787, -2.5269470738418773, -0.39201817209556306, -1.0660950434564334, -1.5843027689304279, 0.6465145842723399, 0.22205421404062298, -1.4108689733970565, -0.9436443992121555, 0.5188044315536513, -0.9566395548321027]}, "Latent AR LinUCB s=4": {"actions": [0.0, 0.0, 1.0, 0.0, 0.0, 1.0, 1.0, 0.0, 0.0, 0.0, 1.0, 1.0, 0.0, 1.0, 1.0, 0.0, 0.0, 0.0, 1.0, 0.0, 1.0, 1.0, 1.0, 0.0, 1.0, 0.0, 0.0, 1.0, 1.0, 0.0, 0.0, 1.0, 0.0, 1.0, 0.0, 0.0, 1.0, 1.0, 0.0, 0.0, 0.0, 0.0, 1.0, 1.0, 1.0, 1.0, 0.0, 0.0, 1.0, 1.0, 0.0, 0.0, 1.0, 0.0, 1.0, 0.0, 0.0, 1.0, 0.0, 1.0, 0.0, 0.0, 1.0, 0.0, 1.0, 0.0, 1.0, 1.0, 1.0, 0.0, 1.0, 0.0, 0.0, 1.0, 1.0, 1.0, 0.0, 0.0, 1.0, 1.0, 0.0, 1.0, 0.0, 0.0, 1.0, 0.0, 0.0, 1.0, 0.0, 1.0, 0.0, 0.0, 1.0, 0.0, 1.0, 1.0, 1.0, 1.0, 0.0, 1.0, 1.0, 1.0, 0.0, 0.0, 0.0, 1.0, 1.0, 0.0, 1.0, 1.0, 1.0, 0.0, 0.0, 0.0, 1.0, 1.0, 0.0, 0.0, 0.0, 0.0, 1.0, 1.0, 1.0, 1.0, 0.0, 1.0, 1.0, 1.0, 0.0, 0.0, 1.0, 1.0, 0.0, 0.0, 1.0, 1.0, 1.0, 0.0, 0.0, 0.0, 1.0, 1.0, 1.0, 1.0, 0.0, 0.0, 1.0, 0.0, 0.0, 0.0, 0.0, 1.0, 1.0, 0.0, 0.0, 1.0, 0.0, 0.0, 0.0, 1.0, 1.0, 1.0, 0.0, 0.0, 0.0, 0.0, 1.0, 1.0, 1.0, 0.0, 0.0, 1.0, 0.0, 0.0, 0.0, 1.0, 1.0, 0.0, 1.0, 0.0, 1.0, 0.0, 1.0, 0.0, 0.0, 1.0, 1.0, 0.0, 0.0, 1.0, 1.0, 0.0, 1.0, 0.0, 1.0, 1.0, 0.0, 1.0, 1.0, 1.0],