{"Stationary": {"actions": [0.0, 0.0, 0.0, 0.0, 0.0, 0.0, 0.0, 0.0, 0.0, 0.0, 0.0, 0.0, 0.0, 0.0, 0.0, 0.0, 0.0, 0.0, 0.0, 0.0, 0.0, 0.0, 0.0, 0.0, 0.0, 0.0, 0.0, 0.0, 0.0, 0.0, 0.0, 0.0, 0.0, 0.0, 0.0, 0.0, 0.0, 0.0, 0.0, 0.0, 0.0, 0.0, 0.0, 0.0, 0.0, 0.0, 0.0, 0.0, 0.0, 0.0, 0.0, 0.0, 0.0, 0.0, 0.0, 0.0, 0.0, 0.0, 0.0, 0.0, 0.0, 0.0, 0.0, 0.0, 0.0, 0.0, 0.0, 0.0, 0.0, 0.0, 0.0, 0.0, 0.0, 0.0, 0.0, 0.0, 0.0, 0.0, 0.0, 0.0, 0.0, 0.0, 0.0, 0.0, 0.0, 0.0, 0.0, 0.0, 0.0, 0.0, 0.0, 0.0, 0.0, 0.0, 0.0, 0.0, 0.0, 0.0, 0.0, 0.0, 0.0, 0.0, 0.0, 0.0, 0.0, 0.0, 0.0, 0.0, 0.0, 0.0, 0.0, 0.0, 0.0, 0.0, 0.0, 0.0, 0.0, 0.0, 0.0, 0.0, 0.0, 0.0, 0.0, 0.0, 0.0, 0.0, 0.0, 0.0, 0.0, 0.0, 0.0, 0.0, 0.0, 0.0, 0.0, 0.0, 0.0, 0.0, 0.0, 0.0, 0.0, 0.0, 0.0, 0.0, 0.0, 0.0, 0.0, 0.0, 0.0, 0.0, 0.0, 0.0, 0.0, 0.0, 0.0, 0.0, 0.0, 0.0, 0.0, 0.0, 0.0, 0.0, 0.0, 0.0, 0.0, 0.0, 0.0, 0.0, 0.0, 0.0, 0.0, 0.0, 0.0, 0.0, 0.0, 0.0, 0.0, 0.0, 0.0, 0.0, 0.0, 0.0, 0.0, 0.0, 0.0, 0.0, 0.0, 0.0, 0.0, 0.0, 0.0, 0.0, 0.0, 0.0, 0.0, 0.0, 0.0, 0.0, 0.0, 0.0], "rewards": [-790.7696965776637, -1132.1046835675845, -244.07036548952618, 621.1884546468956, 538.8050060939632, -54.115393297003216, -480.2183665545501, -311.9803028438522, -2.353162398257285, 65.51866330792001, 139.30906585730781, 48.52984636924257, -117.24024348820701, -176.8607422875449, -58.441438514623684, 186.7008249611057, -25.70107070715146, -39.05754799268813, -4.92423534466614, -128.0028950164086, -43.32561257981078, -30.62886292575151, 91.68189033074002, 267.431972001646, 168.09692119071858, -143.10999832689836, -244.28360389044164, -95.2396698611998, 321.75445677141374, 135.4249873945846, -11.280195987655341, -42.03163127959582, 93.1286689394736, 159.21464850520974, 160.46558741380946, -2.5040086323032735, -208.74752414555462, -134.90211557415233, 131.77054147360454, 226.71044991981788, 102.29792188266596, -143.02752069958333, -292.34964893693257, -185.49831513591434, 117.85048761489512, 317.0556035867818, 162.0623413019329, -126.62092192758449, -152.70869491241493, -58.75033916669731, -21.5715182684676, 78.05274535289664, -162.3526869792353, -65.99202863490076, 137.538522432544, 192.99045261899963, 172.58012762731605, 157.5299414677202, -1.1656970189986784, -108.86268829535189, 67.8252827033768, 83.12154968660937, 148.92751561670252, 64.97665483186307, -104.2325598193639, 1.0172275000754059, 124.41251020329614, 192.60240829365756, 80.27520094899167, 107.33925285949454, 13.450611535637062, -138.87939895016441, -59.58873333183638, 56.125018903977306, 83.18786181996114, 44.61473305319256, 3.3590123908831053, -154.02340183662875, -154.6403142735294, -58.39266057205005, 156.78090522524164, 203.16061453390842, -0.05917298856063247, -170.12175572422865, -216.78820902091746, 105.51352711938036, 254.72837432618465, 270.6057803249514, 2.581046780527718, -58.72702589866289, -135.6154497610125, -60.0889693844649, 124.76571170378473, -43.56480545297268, -194.2960577117484, -203.48910884332656, -64.6982786758044, 59.84809116762171, 169.99887674235023, -142.82799984345894, -226.76642212644919, -161.1522028275883, -117.43921867921718, -179.2298778587667, -190.47452798025435, -39.861116333640126, 187.19169434398898, 43.783741094928104, -99.4907697158614, -207.6386264377462, 88.94400587992989, 40.58752532273481, 46.653795938792705, -90.77287001209478, 21.654468917663056, 147.71327340648955, -5.212044522547009, -97.36367849199362, 142.62930230934467, 40.94478050320511, -101.53364244316928, -21.940730768153824, 105.71058663783462, 29.878542141627925, -36.78510917807459, 94.7052229119517, -5.3454861378214105, -153.02122120046363, -87.15278592775573, 121.7419262213615, 70.10673973236074, 115.6475234030642, -15.163064658926404, -198.63687091496905, -153.32357751410922, -48.02419351586699, -70.05366899490248, -11.571225558437613, -72.43513227470197, 42.67833814528048, 118.30491154808156, -3.1946745472266684, 25.357579520473077, 137.66385530436625, 74.04983757582, -113.33512037016011, -64.69674587593535, 86.84846939076961, 123.65282270415449, -30.351892191712878, -230.89736455503913, -66.26845915699167, 153.34798689960013, 147.72448572546315, 42.313244598717475, -47.366557683091024, -123.19115269932189, -163.5726446894363, -55.46851752356883, 47.40444567967601, 40.35365285119938, -88.70331684941306, 85.0353121627053, 216.51088393645347, 52.21198723006497, -18.113800594079883, -87.88641749632735, -22.619681455900743, -15.72352652568671, -218.9427528733759, 48.991279138142275, 139.92808598384548, 117.4537555785489, 139.62933221095074, -122.19000225141099, 75.79824481075222, 165.63047040416345, 87.50329264600009, -270.99833120332374, -135.58521375022158, 136.59857148896006, -35.79542617851926, -98.96423407389548, -83.53153833340386, -89.65720520996499, 157.62116584357543, 73.7694773439907, -234.94200471694091, -180.74157986749844, -13.672516375246818, 187.0277571090117, 47.99149158791389, -4.569218749083972, 64.45770688040228, -32.388937692659795, 129.34812855271306, -73.38336653016188, 7.145906739101346, 38.02645577170493, -4.90897550022604]}, "Latent AR LinUCB s=2": {"actions": [0.0, 0.0, 1.0, 0.0, 0.0, 1.0, 1.0, 1.0, 0.0, 0.0, 0.0, 0.0, 1.0, 1.0, 1.0, 0.0, 0.0, 1.0, 1.0, 0.0, 1.0, 0.0, 0.0, 0.0, 0.0, 1.0, 1.0, 1.0, 0.0, 0.0, 1.0, 1.0, 1.0, 0.0, 0.0, 0.0, 1.0, 1.0, 0.0, 0.0, 0.0, 1.0, 1.0, 1.0, 0.0, 0.0, 0.0, 1.0, 1.0, 1.0, 0.0, 0.0, 0.0, 1.0, 0.0, 0.0, 0.0, 1.0, 1.0, 1.0, 1.0, 0.0, 0.0, 0.0, 1.0, 1.0, 0.0, 0.0, 0.0, 1.0, 0.0, 1.0, 1.0, 0.0, 0.0, 0.0, 1.0, 1.0, 1.0, 1.0, 0.0, 0.0, 0.0, 1.0, 1.0, 1.0, 0.0, 0.0, 0.0, 1.0, 1.0, 1.0, 0.0, 0.0, 1.0, 1.0, 1.0, 0.0, 0.0, 0.0, 1.0, 1.0, 0.0, 0.0, 1.0, 1.0, 0.0, 0.0, 1.0, 1.0, 1.0, 0.0, 1.0, 1.0, 1.0, 0.0, 0.0, 1.0, 1.0, 0.0, 1.0, 1.0, 0.0, 0.0, 1.0, 1.0, 0.0, 1.0, 1.0, 0.0, 0.0, 1.0, 0.0, 1.0, 1.0, 0.0, 0.0, 1.0, 0.0, 1.0, 0.0, 0.0, 1.0, 0.0, 0.0, 1.0, 1.0, 0.0, 0.0, 0.0, 1.0, 1.0, 0.0, 0.0, 0.0, 1.0, 1.0, 1.0, 1.0, 0.0, 0.0, 1.0, 1.0, 0.0, 0.0, 1.0, 1.0, 1.0, 0.0, 0.0, 1.0, 0.0, 0.0, 1.0, 0.0, 1.0, 0.0, 0.0, 1.0, 1.0, 0.0, 0.0, 1.0, 1.0, 0.0, 1.0, 0.0, 1.0, 1.0, 0.0, 0.0, 0.0, 1.0, 1.0, 0.0, 1.0, 0.0, 1.0, 0.0, 0.0],