{"Stationary": {"actions": [0.0, 1.0, 1.0, 1.0, 1.0, 1.0, 1.0, 1.0, 1.0, 1.0, 1.0, 1.0, 1.0, 1.0, 1.0, 1.0, 1.0, 1.0, 1.0, 1.0, 1.0, 1.0, 1.0, 1.0, 1.0, 1.0, 1.0, 1.0, 1.0, 1.0, 1.0, 1.0, 1.0, 1.0, 1.0, 1.0, 1.0, 1.0, 1.0, 1.0, 1.0, 1.0, 1.0, 1.0, 1.0, 1.0, 1.0, 1.0, 1.0, 1.0, 1.0, 1.0, 1.0, 1.0, 1.0, 1.0, 1.0, 1.0, 1.0, 1.0, 1.0, 1.0, 1.0, 1.0, 1.0, 1.0, 1.0, 1.0, 1.0, 1.0, 1.0, 1.0, 1.0, 1.0, 1.0, 1.0, 1.0, 1.0, 1.0, 1.0, 1.0, 1.0, 1.0, 1.0, 1.0, 1.0, 1.0, 1.0, 1.0, 1.0, 1.0, 1.0, 1.0, 1.0, 1.0, 1.0, 1.0, 1.0, 1.0, 1.0, 1.0, 1.0, 1.0, 1.0, 1.0, 1.0, 1.0, 1.0, 1.0, 1.0, 1.0, 1.0, 1.0, 1.0, 1.0, 1.0, 1.0, 1.0, 1.0, 1.0, 1.0, 1.0, 1.0, 1.0, 1.0, 1.0, 1.0, 1.0, 1.0, 1.0, 1.0, 1.0, 1.0, 1.0, 1.0, 1.0, 1.0, 1.0, 1.0, 1.0, 1.0, 1.0, 1.0, 1.0, 1.0, 1.0, 1.0, 1.0, 1.0, 1.0, 1.0, 1.0, 1.0, 1.0, 1.0, 1.0, 1.0, 1.0, 1.0, 1.0, 1.0, 1.0, 1.0, 1.0, 1.0, 1.0, 1.0, 1.0, 1.0, 1.0, 1.0, 1.0, 1.0, 1.0, 1.0, 1.0, 1.0, 1.0, 1.0, 1.0, 1.0, 1.0, 1.0, 1.0, 1.0, 1.0, 1.0, 1.0, 1.0, 1.0, 1.0, 1.0, 1.0, 1.0, 1.0, 1.0, 1.0, 1.0, 1.0, 1.0], "rewards": [-15.833973283063182, -6.061850296771119, -10.568680538181068, 1.0794705446625754, 4.940656969180846, 1.1216458860853478, -3.262724933797573, -1.712406055454375, 1.8633900113698993, 1.4157232782196516, 1.319114355042571, -0.34266936902245776, -0.17915261223629397, -1.4111778406678748, 0.371048631780578, 2.756178115424059, -1.3193364482982417, -0.9805158718648925, -1.276272996698131, 1.3015702439474162, 1.6195968054061676, 0.019500985189483844, -3.35940592634387, -2.466697926182002, 2.6246600138088088, -0.021311359862360213, -1.5944989329748724, 0.20179650152509043, -0.26296409139166016, 1.4136661451987433, 0.47659449613518373, -0.3389239102018622, 1.5824669707512058, -0.9756116713181684, -1.2540666663460187, -0.8668680042410926, -1.717120049971144, -0.1661928828945894, 0.7450239899288991, -0.536700812894072, 0.6625651209719279, 1.1856016687202184, -2.078998342998508, -1.5369077241397457, 1.1844205281640818, 0.01320973020582139, 0.9618096720697332, -2.413022325188261, -0.09941086067923854, -3.1347120175264944, -0.24440369967919096, -0.3413876621124263, 1.6861390900314495, -2.964260442043474, -2.8667513345677316, 0.703028567814882, -0.576933957579094, -0.7563567426791934, -3.0894502342745724, 1.590452571443988, 3.7175552045244715, 1.667101549933324, 1.1047141709909951, 0.5791037498461142, 0.7771683918716362, 0.8674526613264151, 2.9130914840610003, 2.3258194799157015, -1.696462365210322, -0.40045995297802617, -0.06756998931103464, 1.339848235407554, 0.4101293861234774, -0.5744619621225184, -1.62774874802367, -0.5093015297224975, 1.261689953119983, 1.6766517136336447, 2.088233649146399, -0.37112158500816494, 2.7608014778150247, -1.3920944686838324, -1.0957308735301479, -1.4879224429653441, -1.115855674686776, 0.9491433141925006, 1.345014818784001, 0.4520102688476017, -0.9069022988021748, -0.2338615112555008, 3.5918086802613303, 0.07216443159548219, -1.562118113382276, -0.28834787444611687, -3.586643359448424, -0.07289173355749284, 2.9272664390942476, -0.9759129522216773, -1.6826969869412098, -1.8508384498328556, -0.02875729135611409, 1.049547881306012, 2.755641744610356, -3.479149140333999, 0.41528422243413443, 0.6857868332757321, -0.7722728854256367, -0.6717659528633712, 2.6242329948124046, 0.9419242965169343, -1.4850788774794959, 1.0125807662896467, 4.00590438573449, 0.2131182324582338, 0.2162992845114624, -0.801295975435679, 0.49589176283426606, 1.888355611731205, -1.7825403569276383, 0.6807876739965163, -1.8809427233706675, 0.5910634312310463, 0.8580439473961164, 0.34332040740785186, -0.19224822464351565, -0.8726150390765882, 2.8126529165016283, 0.696812822393815, -1.5033058889482591, -0.08682945708020062, 0.1530404382914194, -1.3947401725173831, 1.2994526827961397, 0.7833474394300248, -4.486805130330728, -4.659559535234532, -1.8392111065320096, 1.5921410064250667, 0.8721112395144124, -0.9645758193334911, -0.07921595776863802, 0.5394411692834321, -1.6554314187367183, 2.2187329204860657, 2.210772726374555, 1.7819488994176567, -0.39503756764265685, 0.34568691315407607, -0.5620276217620643, 0.624418556326251, 1.140661224881446, 0.3873891639649046, -1.5372993975165579, 0.40111720553412616, 1.2386176380131133, -0.39708836845450035, -1.7975873548747359, -1.7588666086816862, 1.7143669267750106, 1.097551220256429, 2.154943812053788, 0.5175946514957139, 2.4176762937582827, -0.016612641439977316, -1.0793380338171925, 1.2073223640815094, 0.1352255536286573, 0.4772386279607213, -1.2586044423721483, -0.29418853869038164, -0.40834835090807053, -1.5333314546901273, 0.26953182896198524, -0.4870102167551462, -2.221358915866932, -1.3612241485885646, -2.11398331567365, -0.7144173603052334, 2.5856216368343814, -1.2613911513831617, -2.046231530570435, -3.325827732546987, -0.7951494415871146, 0.26422959837002724, 0.3668186034544718, 0.7612542101542922, 0.75398493498287, 0.28257774696948035, 2.037965746805554, -0.5060324110498764, -1.4325595995246907, -1.719214965122147, 1.6199797068282007, 0.36397811552445236, 0.6409333874703502, -0.9015952674060308, -0.49983263256760746, 0.667778280705762, -0.04652459672136405, -1.939087228119004]}, "Latent AR LinUCB s=4": {"actions": [0.0, 1.0, 1.0, 0.0, 1.0, 1.0, 0.0, 0.0, 0.0, 1.0, 1.0, 0.0, 0.0, 0.0, 1.0, 0.0, 0.0, 1.0, 1.0, 1.0, 0.0, 1.0, 1.0, 1.0, 0.0, 1.0, 0.0, 1.0, 0.0, 0.0, 1.0, 1.0, 0.0, 0.0, 1.0, 1.0, 1.0, 0.0, 0.0, 1.0, 1.0, 1.0, 0.0, 0.0, 0.0, 1.0, 0.0, 0.0, 1.0, 1.0, 0.0, 0.0, 0.0, 1.0, 1.0, 0.0, 0.0, 1.0, 1.0, 0.0, 0.0, 0.0, 1.0, 1.0, 0.0, 0.0, 1.0, 1.0, 1.0, 0.0, 0.0, 1.0, 1.0, 0.0, 0.0, 1.0, 1.0, 1.0, 0.0, 0.0, 1.0, 1.0, 1.0, 0.0, 0.0, 1.0, 1.0, 0.0, 0.0, 1.0, 0.0, 1.0, 1.0, 1.0, 0.0, 1.0, 0.0, 0.0, 1.0, 1.0, 1.0, 0.0, 0.0, 1.0, 0.0, 0.0, 1.0, 0.0, 1.0, 0.0, 1.0, 0.0, 0.0, 1.0, 1.0, 0.0, 0.0, 1.0, 1.0, 0.0, 0.0, 1.0, 0.0, 0.0, 1.0, 1.0, 1.0, 0.0, 0.0, 0.0, 0.0, 1.0, 1.0, 1.0, 0.0, 0.0, 1.0, 0.0, 1.0, 1.0, 1.0, 0.0, 1.0, 1.0, 1.0, 0.0, 0.0, 1.0, 1.0, 1.0, 1.0, 0.0, 0.0, 1.0, 1.0, 1.0, 0.0, 0.0, 0.0, 0.0, 1.0, 1.0, 0.0, 0.0, 0.0, 0.0, 1.0, 0.0, 1.0, 0.0, 0.0, 0.0, 1.0, 0.0, 1.0, 0.0, 1.0, 1.0, 0.0, 0.0, 1.0, 0.0, 1.0, 1.0, 0.0, 0.0, 1.0, 0.0, 0.0, 1.0, 0.0, 0.0, 1.0, 0.0, 0.0, 1.0, 1.0, 1.0, 1.0, 1.0],