{"Stationary": {"actions": [1.0, 0.0, 1.0, 1.0, 1.0, 1.0, 1.0, 1.0, 1.0, 1.0, 1.0, 1.0, 1.0, 1.0, 1.0, 1.0, 1.0, 1.0, 1.0, 1.0, 1.0, 1.0, 1.0, 1.0, 1.0, 1.0, 1.0, 1.0, 1.0, 1.0, 1.0, 1.0, 1.0, 1.0, 1.0, 1.0, 1.0, 1.0, 1.0, 1.0, 1.0, 1.0, 1.0, 1.0, 1.0, 1.0, 1.0, 1.0, 1.0, 1.0, 1.0, 1.0, 1.0, 1.0, 1.0, 1.0, 1.0, 1.0, 1.0, 1.0, 1.0, 1.0, 1.0, 1.0, 1.0, 1.0, 1.0, 1.0, 1.0, 1.0, 1.0, 1.0, 1.0, 1.0, 1.0, 1.0, 1.0, 1.0, 1.0, 1.0, 1.0, 1.0, 1.0, 1.0, 1.0, 1.0, 1.0, 1.0, 1.0, 1.0, 1.0, 1.0, 1.0, 1.0, 1.0, 1.0, 1.0, 1.0, 1.0, 1.0, 1.0, 1.0, 1.0, 1.0, 1.0, 1.0, 1.0, 1.0, 1.0, 1.0, 1.0, 1.0, 1.0, 1.0, 1.0, 1.0, 1.0, 1.0, 1.0, 1.0, 1.0, 1.0, 1.0, 1.0, 1.0, 1.0, 1.0, 1.0, 1.0, 1.0, 1.0, 1.0, 1.0, 1.0, 1.0, 1.0, 1.0, 1.0, 1.0, 1.0, 1.0, 1.0, 1.0, 1.0, 1.0, 1.0, 1.0, 1.0, 1.0, 1.0, 1.0, 1.0, 1.0, 1.0, 1.0, 1.0, 1.0, 1.0, 1.0, 1.0, 1.0, 1.0, 1.0, 1.0, 1.0, 1.0, 1.0, 1.0, 1.0, 1.0, 1.0, 1.0, 1.0, 1.0, 1.0, 1.0, 1.0, 1.0, 1.0, 1.0, 1.0, 1.0, 1.0, 1.0, 1.0, 1.0, 1.0, 1.0, 1.0, 1.0, 1.0, 1.0, 1.0, 1.0, 1.0, 1.0, 1.0, 1.0, 1.0, 1.0], "rewards": [4.050102078916009, -6.263906202904672, -1.6039175478156142, -5.71301012042913, -1.305940844950003, 1.2817143158024005, -0.5505736747595074, -0.2359796792538107, 1.153521006990507, 0.6744080543412604, 2.565174354264013, 1.133102240120559, 1.168600592452536, -0.6969516167161263, -2.1598736526852984, -0.6619553064467623, -2.293565902487016, 2.7465730850189836, 1.6935611692521766, 2.0381448194078473, -1.3689529053598541, -3.679464735887925, 0.82270431708766, 2.6685605732382225, 3.8775782450664114, 2.8009094083538475, -3.0261008928379405, 0.4732927270254965, -2.4262117406857677, -0.1891992550019958, -0.13762109137256884, 1.444166804442525, -0.3506822056276758, -1.8732676643406565, -1.4308904597385368, -1.2947594858077527, 2.304684594405416, -0.8294781687588316, -2.2498901056137335, -0.1897190670023292, -0.6066624206429427, -0.1976178885484914, 0.6319407406944353, 1.351037122875407, -2.2477095979080213, -2.717194700712281, -0.02958370930450721, 0.07169661138846839, -0.05604170973405298, -0.8026392059629874, 0.7938387061769427, 1.7971327777675588, -0.4638166754495583, 0.17087990835492362, -1.1307922267997073, 0.14113262446035058, 1.6134869783246395, -0.31572541827877054, 1.5274626768061117, -2.013103075891594, -0.2739093864535336, -0.04154137923173429, 0.6730816141848561, 0.4784834169507731, 0.30380756555301325, 3.606952590482114, 0.6983719498804419, -0.38013323956668443, -0.06274444844520621, 0.029250774243773342, -0.7767910604647217, -0.210182719985044, 0.11423081949293318, -0.07467524900405642, -3.315761058504978, -2.3647628052655656, -1.9243458228565888, 0.39617594545048185, 1.8842709825708246, -1.806507809858353, 0.7233519287224573, 0.9199135460655701, 1.4235052408085518, -1.2037205074753232, -0.6196513144314014, 0.7611955878871564, 2.3911611013494145, -0.6207139483557096, -0.44456228155609434, -1.5901562324498197, -0.7082847535117097, 0.6212555212256579, 1.9485964573295655, 0.8877452164190485, -1.5605422657562653, -2.1747228387984996, 2.8256022453513987, 6.208642354305235, 1.112410362828938, -0.9097446261421163, -2.316283304489793, 0.8031917255528999, 0.3689759446472316, -2.1685530378831492, 0.8419706051892986, -1.209347577897115, 3.0563591461756556, 2.0778356101827495, -1.1496170582734921, -2.667045310875684, 0.0367054024523914, 1.5576866821571802, 0.9545689519136862, 2.8649752247003626, -4.181717697066689, -1.9769387287244276, 0.8450586191464795, -0.07759412656637288, 0.2594257100179491, -1.218702770209538, -1.8486098086330334, 1.6553082088502995, -1.2870509728614326, -1.1176081494563634, 0.2772751687049102, 0.7385476327954312, -0.9442277437629583, 0.551449783878502, -1.1969107476132121, -0.4727113364204566, -0.8370340558068066, 1.807770489009512, -0.7448158496356856, 0.14786766322226388, -1.5254030108369305, 1.9912829619888115, 1.1629273727876366, 0.9082965420742493, -0.49805229780341115, 0.12027268681587955, 0.6129762282531045, 2.9002455480125056, -1.834872221426151, 0.36149896709347473, 1.545762665747814, -0.12919587147114242, -2.972247506828607, 0.3674856725246383, 2.1216305395906434, 3.913140116833485, 1.3549226470616011, -1.2270455967851701, -1.81962952448009, 2.50263881171019, 2.823635715749319, -0.7411502632407418, -3.2448691972555137, 2.5939468499280447, 2.364251784560346, -0.25238912375510725, -4.36748159621601, -2.3112965572345585, 3.2769454462645857, 1.4423333429338319, 1.3310106941288546, 0.02910214130652755, -1.2451363533577657, 0.44059175980909504, 0.27119855160388584, 0.017909648417281487, -0.46134811673893616, -0.3773579222202517, 2.2822836572493745, -0.15332937588524076, -2.7462334658884444, -2.1989207090344216, -0.21285439089074046, 0.5956715255230984, 0.8361308205733271, 1.0320818042233488, 2.334722315634818, 0.10562763067142789, -1.0927560463607273, -1.1637975047200153, 1.2947429649413376, 0.22606152183394057, -1.4560731993234797, -0.07833622184033606, 2.1868984156806217, -2.9040067731774135, -2.3193165693199296, -1.9279286608208173, 0.977909752067112, 1.916665439180282, -1.254872099647143, 2.132590464685399, 1.775575868274205, 0.7204619513912718, -1.466953931205372, 0.32183991490699254]}, "Latent AR LinUCB s=4": {"actions": [1.0, 0.0, 1.0, 0.0, 0.0, 1.0, 1.0, 1.0, 0.0, 0.0, 0.0, 0.0, 1.0, 1.0, 0.0, 0.0, 0.0, 1.0, 1.0, 1.0, 0.0, 1.0, 0.0, 0.0, 0.0, 0.0, 1.0, 1.0, 1.0, 1.0, 0.0, 0.0, 1.0, 0.0, 0.0, 1.0, 1.0, 0.0, 0.0, 1.0, 1.0, 1.0, 0.0, 0.0, 1.0, 1.0, 0.0, 0.0, 1.0, 1.0, 0.0, 0.0, 0.0, 1.0, 1.0, 0.0, 0.0, 0.0, 0.0, 1.0, 0.0, 1.0, 0.0, 0.0, 1.0, 0.0, 1.0, 1.0, 0.0, 0.0, 1.0, 0.0, 0.0, 0.0, 1.0, 0.0, 0.0, 1.0, 0.0, 0.0, 1.0, 0.0, 0.0, 1.0, 0.0, 1.0, 0.0, 1.0, 0.0, 1.0, 1.0, 0.0, 0.0, 0.0, 0.0, 1.0, 1.0, 1.0, 0.0, 0.0, 0.0, 1.0, 1.0, 1.0, 0.0, 0.0, 1.0, 1.0, 0.0, 0.0, 1.0, 0.0, 1.0, 0.0, 0.0, 1.0, 1.0, 1.0, 0.0, 0.0, 1.0, 1.0, 0.0, 0.0, 1.0, 0.0, 0.0, 0.0, 1.0, 1.0, 0.0, 0.0, 0.0, 1.0, 1.0, 1.0, 0.0, 0.0, 1.0, 1.0, 0.0, 0.0, 1.0, 1.0, 1.0, 0.0, 0.0, 0.0, 1.0, 0.0, 0.0, 1.0, 1.0, 1.0, 0.0, 0.0, 0.0, 1.0, 1.0, 1.0, 0.0, 1.0, 0.0, 0.0, 1.0, 1.0, 1.0, 0.0, 0.0, 0.0, 1.0, 0.0, 0.0, 1.0, 0.0, 1.0, 1.0, 0.0, 0.0, 1.0, 0.0, 1.0, 0.0, 0.0, 1.0, 1.0, 1.0, 0.0, 1.0, 0.0, 0.0, 1.0, 1.0, 0.0, 0.0, 1.0, 1.0, 1.0, 0.0, 0.0],