{"Stationary": {"actions": [1.0, 1.0, 1.0, 1.0, 1.0, 1.0, 1.0, 1.0, 1.0, 1.0, 1.0, 1.0, 1.0, 1.0, 1.0, 1.0, 1.0, 1.0, 1.0, 1.0, 1.0, 1.0, 1.0, 1.0, 1.0, 1.0, 1.0, 1.0, 1.0, 1.0, 1.0, 1.0, 1.0, 1.0, 1.0, 1.0, 1.0, 1.0, 1.0, 1.0, 1.0, 1.0, 1.0, 1.0, 1.0, 1.0, 1.0, 1.0, 1.0, 1.0, 1.0, 1.0, 1.0, 1.0, 1.0, 1.0, 1.0, 1.0, 1.0, 1.0, 1.0, 1.0, 1.0, 1.0, 1.0, 1.0, 1.0, 1.0, 1.0, 1.0, 1.0, 1.0, 1.0, 1.0, 1.0, 1.0, 1.0, 1.0, 1.0, 1.0, 1.0, 1.0, 1.0, 1.0, 1.0, 1.0, 1.0, 1.0, 1.0, 1.0, 1.0, 1.0, 1.0, 1.0, 1.0, 1.0, 1.0, 1.0, 1.0, 1.0, 1.0, 1.0, 1.0, 1.0, 1.0, 1.0, 1.0, 1.0, 1.0, 1.0, 1.0, 1.0, 1.0, 1.0, 1.0, 1.0, 1.0, 1.0, 1.0, 1.0, 1.0, 1.0, 1.0, 1.0, 1.0, 1.0, 1.0, 1.0, 1.0, 1.0, 1.0, 1.0, 1.0, 1.0, 1.0, 1.0, 1.0, 1.0, 1.0, 1.0, 1.0, 1.0, 1.0, 1.0, 1.0, 1.0, 1.0, 1.0, 1.0, 1.0, 1.0, 1.0, 1.0, 1.0, 1.0, 1.0, 1.0, 1.0, 1.0, 1.0, 1.0, 1.0, 1.0, 1.0, 1.0, 1.0, 1.0, 1.0, 1.0, 1.0, 1.0, 1.0, 1.0, 1.0, 1.0, 1.0, 1.0, 1.0, 1.0, 1.0, 1.0, 1.0, 1.0, 1.0, 1.0, 1.0, 1.0, 1.0, 1.0, 1.0, 1.0, 1.0, 1.0, 1.0, 1.0, 1.0, 1.0, 1.0, 1.0, 1.0], "rewards": [-17.41582214541625, -2.2790534764720176, 9.525921726781808, 4.492106718033023, -3.399114625740579, -2.0013569817102557, 0.14506519203115165, 1.378312817870528, 0.5599695140235654, -1.5639057121340743, -4.939531830277908, -1.2738165975773614, 0.4640652908242224, 2.131023906892295, -1.3824866051936417, -3.068670363444232, -2.520963810525522, -0.7864188286223874, 3.252342172932946, 1.3094165650245657, 0.645049993165622, -0.8274615302574749, 1.6751425309563808, 2.3179647861363075, 1.0076124860392284, 0.13736997910813742, 0.8457302258444331, 0.951139614703457, 0.8332647165748077, 0.16141669305951, 0.6808468340639471, -3.363716095993418, -2.512569926207506, -1.2244767964269623, 2.967770711108864, 1.8642076180398082, 0.35385519579985136, -3.3310103144480356, -1.9434249841347677, 1.3546723764636734, 0.3978771771802587, -1.9104159191115242, -0.30396142500138723, 0.773060452268316, -0.40239148571017114, -0.25148618579310883, 0.34257401633687506, 0.5793109892101781, -0.1918455814311968, -0.8490584404226305, 0.4517762170569575, 0.18704308570640293, -1.4230125189399172, -0.9698856246676495, -1.3066403899461179, 1.3420599427890538, 0.6914499907489439, -2.9501522807333838, -0.20647724544834817, 0.7297214779339426, 0.15531786311710216, 1.2974101148588086, 0.8433413915613134, 0.3216529255105729, 4.161568140912948, 1.1134835090080801, -1.701932299848995, -2.049221909085015, 2.1294537998794483, -0.43288777852073035, -0.7414861687942561, -0.856427837991956, 2.510598258276624, -0.1951972992977096, 2.128544796490978, -1.5672872478342188, -1.1247420079727322, -1.9852247616837055, -2.328466724699995, 3.0528134432053697, -0.11455152971387998, -2.4694232860352603, -0.5928631388741092, 0.1731707783094537, 1.5130988545252746, 2.2580700330585444, 0.3269066911180514, 0.09255867885929459, -0.7448264592424584, 0.8403734839048527, -2.3963967844310137, -1.7131806426450944, 0.2711445388749284, -2.925002769259417, -0.6555561673915073, -0.8809727962905416, -1.7736603629745291, -0.5485464897092067, -0.31021149857450037, 0.8372862114986521, -1.112718919264554, -0.05225015406730238, -1.4281454291621087, -2.126559709197167, -2.016728114495038, -0.42949076368686756, 0.9014247995367837, -1.2622411083586325, 1.5464641657054643, -1.1438631595619029, 1.0359399440691646, -0.4695056906275711, 0.5415110348665971, -1.824573047274885, -0.19839369673580354, 0.717349629790832, -0.6913466182710148, 1.1843603702670522, -2.3793498404326936, 0.32638383759447454, 0.9577988730949554, -1.270797178162427, -2.4186103493956894, -0.40296849413372426, -0.15241235226730004, 0.0922929706263691, -0.1984357250543528, -1.5126703360707134, 0.39577141526004234, 1.6492517546120071, -0.7949644575198758, 2.121916975597723, -0.2816071658628577, 0.4232492007110989, -1.9800185918002073, 1.4860479636288058, -0.3372243704088616, -3.7661877573807505, -1.3034777448804806, -0.6613582019272466, -0.9308646243661497, -1.1130185772200867, -0.7860992698468598, -0.3624450780470592, 0.18386787690792294, 0.22673378639823893, -1.2624969164539595, -0.2963413717999591, 1.1804499958162422, -0.5728556366425117, 2.4151205935767024, 1.2640432951245528, -1.5482279534873864, -1.114968163098592, -0.0073878631807683115, -0.02809362395317412, 0.9273726743810291, -2.828507398456522, -1.451260705058062, 0.18565059063668543, 1.8172163615403618, 0.7971708375845488, -2.380282700826598, -4.434680149575304, 3.6347233580842877, 1.5247619567392439, 1.0516137290334235, -2.1000327774533423, -0.8096493414581347, -2.240127070241545, 0.9278207395317645, 2.8627667626192537, 1.0321554375443263, 1.0780606304716531, 0.4280016959193028, 1.2925889870585, -1.88827215441456, 0.38228334052326063, 1.474794218973352, 2.1998821118474, -1.0233709368684694, 0.14824952089298146, -4.7497346435803225, -1.8404815269605592, 0.4809362771237926, 2.0018662100165594, 0.4719777008921078, -1.3863750120075855, -1.7284125233954757, -1.9658887899770203, 0.699291528822738, -0.4250505005315879, -0.7741939722002337, -1.9835300195114647, -0.11067459955527648, -2.2859381195651185, 0.02906175367055426, 1.461568374692258, -1.17384214668938, -0.25807046631495717]}, "Latent AR LinUCB s=4": {"actions": [1.0, 1.0, 0.0, 0.0, 0.0, 0.0, 0.0, 1.0, 1.0, 1.0, 1.0, 0.0, 0.0, 1.0, 1.0, 0.0, 1.0, 0.0, 1.0, 1.0, 1.0, 0.0, 0.0, 0.0, 0.0, 1.0, 1.0, 1.0, 0.0, 0.0, 1.0, 1.0, 1.0, 0.0, 1.0, 1.0, 1.0, 0.0, 0.0, 1.0, 0.0, 1.0, 0.0, 0.0, 1.0, 0.0, 0.0, 0.0, 0.0, 1.0, 1.0, 1.0, 0.0, 0.0, 0.0, 0.0, 1.0, 1.0, 1.0, 1.0, 0.0, 0.0, 1.0, 1.0, 1.0, 1.0, 0.0, 0.0, 0.0, 1.0, 1.0, 1.0, 0.0, 0.0, 1.0, 0.0, 0.0, 0.0, 0.0, 0.0, 0.0, 1.0, 1.0, 1.0, 1.0, 0.0, 0.0, 1.0, 1.0, 0.0, 0.0, 0.0, 1.0, 1.0, 1.0, 0.0, 0.0, 1.0, 1.0, 0.0, 0.0, 1.0, 1.0, 1.0, 0.0, 0.0, 1.0, 1.0, 1.0, 1.0, 0.0, 1.0, 1.0, 0.0, 0.0, 1.0, 1.0, 0.0, 1.0, 0.0, 0.0, 1.0, 1.0, 0.0, 0.0, 1.0, 1.0, 0.0, 0.0, 0.0, 1.0, 1.0, 1.0, 0.0, 0.0, 0.0, 0.0, 1.0, 0.0, 0.0, 0.0, 1.0, 1.0, 0.0, 0.0, 0.0, 1.0, 1.0, 1.0, 0.0, 0.0, 0.0, 1.0, 0.0, 0.0, 1.0, 0.0, 1.0, 0.0, 0.0, 1.0, 0.0, 1.0, 0.0, 0.0, 1.0, 1.0, 0.0, 0.0, 0.0, 1.0, 1.0, 1.0, 0.0, 0.0, 1.0, 1.0, 0.0, 1.0, 1.0, 0.0, 1.0, 1.0, 0.0, 0.0, 1.0, 1.0, 1.0, 0.0, 1.0, 0.0, 0.0, 0.0, 0.0, 1.0, 1.0, 0.0, 1.0, 1.0, 1.0],