{"Stationary": {"actions": [0.0, 1.0, 0.0, 0.0, 0.0, 0.0, 0.0, 0.0, 0.0, 0.0, 0.0, 0.0, 0.0, 0.0, 0.0, 0.0, 0.0, 0.0, 0.0, 0.0, 0.0, 0.0, 0.0, 0.0, 0.0, 0.0, 0.0, 0.0, 0.0, 0.0, 0.0, 0.0, 0.0, 0.0, 0.0, 0.0, 0.0, 0.0, 0.0, 0.0, 0.0, 0.0, 0.0, 0.0, 0.0, 0.0, 0.0, 0.0, 0.0, 0.0, 0.0, 0.0, 0.0, 0.0, 0.0, 0.0, 0.0, 0.0, 0.0, 0.0, 0.0, 0.0, 0.0, 0.0, 0.0, 0.0, 0.0, 0.0, 0.0, 0.0, 0.0, 0.0, 0.0, 0.0, 0.0, 0.0, 0.0, 0.0, 0.0, 0.0, 0.0, 0.0, 0.0, 0.0, 0.0, 0.0, 0.0, 0.0, 0.0, 0.0, 0.0, 0.0, 0.0, 0.0, 0.0, 0.0, 0.0, 0.0, 0.0, 0.0, 0.0, 0.0, 0.0, 0.0, 0.0, 0.0, 0.0, 0.0, 0.0, 0.0, 0.0, 0.0, 0.0, 0.0, 0.0, 0.0, 0.0, 0.0, 0.0, 0.0, 0.0, 0.0, 0.0, 0.0, 0.0, 0.0, 0.0, 0.0, 0.0, 0.0, 0.0, 0.0, 0.0, 0.0, 0.0, 0.0, 0.0, 0.0, 0.0, 0.0, 0.0, 0.0, 0.0, 0.0, 0.0, 0.0, 0.0, 0.0, 0.0, 0.0, 0.0, 0.0, 0.0, 0.0, 0.0, 0.0, 0.0, 0.0, 0.0, 0.0, 0.0, 0.0, 0.0, 0.0, 0.0, 0.0, 0.0, 0.0, 0.0, 0.0, 0.0, 0.0, 0.0, 0.0, 0.0, 0.0, 0.0, 0.0, 0.0, 0.0, 0.0, 0.0, 0.0, 0.0, 0.0, 0.0, 0.0, 0.0, 0.0, 0.0, 0.0, 0.0, 0.0, 0.0, 0.0, 0.0, 0.0, 0.0, 0.0, 0.0], "rewards": [-918.6054563504994, 523.3723388582813, 298.7969359860687, 327.3779133811753, -54.797707347062335, -106.38554536458813, 29.671073944427555, 65.17429826663451, -184.4799316134664, 18.489899572734622, 187.09346814034902, 15.418822995699113, -27.557400244997357, 4.048956081651252, -46.61072282460331, 23.027122003278382, 24.303323923348724, 45.67183938286978, -50.963506630215036, -189.40231834807867, -145.0750465959849, -53.68578505744996, 217.0118265016494, 27.38333557054188, -155.65875961305474, -171.19466104170178, -209.89893820442722, 53.657015195508045, 257.70450159883467, 3.2959588598869773, -44.65765434628018, -100.18781374581826, 115.20564417710753, 51.876306316353215, -153.79632485217866, 97.9154515286511, 54.01466462979514, -203.0823091631578, -31.06758050050109, 52.3780873499505, -100.71884303579913, -212.06207326921378, -17.366386463878946, -37.210049984858074, -39.86210585894928, 15.30653417736886, -59.01759371704463, 116.48242730126869, -25.579997536088158, 62.45188636788532, -23.51229033258801, 2.3305181255635152, -42.89781245715072, 159.70996007469387, 106.6307221714644, 115.63101111378977, -52.571461268870806, -154.24818983692504, -102.8368836660935, -30.033446592434903, 19.197987768386252, 10.611939426861145, -20.641826915770633, -62.730913054484844, 79.81280741414132, 52.74555378910835, -10.835853196739624, -35.73220481169333, 191.2660247656237, 125.03750512366915, -50.340089322031616, 72.94896573842887, 36.46427516570832, -103.78314695351945, -40.74228628301435, 258.1174605742393, 219.16845276620668, 10.319660728450234, -91.02806574133633, 45.556118670096716, 28.775978747739444, 38.69266873301157, -27.922060337024806, -202.01026211480533, -202.70699852597375, 32.80092209121452, 163.63538508743824, -57.2895770911408, -195.62920038244624, -86.60076976529477, 101.1711820584148, 176.7727121341908, -78.90499640051459, -286.2129447854999, -378.16965254446353, -138.75757856696418, 60.88987147706981, 48.214541255953286, -66.0573196029874, -144.2482516807368, -183.0762083681906, -52.408046330202154, -49.732768967662714, 22.67851700621355, 38.493330876758264, 22.475453689049523, -7.468814997565788, 57.86605378197097, -16.57980314797732, -243.9375411487828, -87.29223745764803, 55.57925566903626, 279.8633043156642, 69.30342577837752, -147.1596335930573, -133.11742531504717, -86.60462551417345, 26.864031790673316, 153.65715395894617, 155.42566619395433, -146.96107201661206, -99.9957366893924, -29.842856422549616, -47.22441479176434, -197.12628524457435, -28.62328324207292, 295.527369886074, 184.5038292556413, -30.885402897439526, -256.9373093333097, -29.150740478784385, 182.7521626075634, 177.52806418578905, -64.49047677889786, -31.018640434736366, 138.38306162210986, 21.497895417438855, -90.6162043726019, -192.09026474022687, -78.71615429925588, -99.6823073577729, -44.726823818946286, -141.69274128564936, 27.216700614249056, 42.491528500659655, 53.656724105872065, 63.53258976539301, -183.23911269798637, -86.93504880255787, 39.86297967475856, 83.04971357990846, -45.955813329721614, -155.98531044011665, -206.81030816269552, -6.422749717444929, 153.30644310681566, -52.497479210370706, 41.49936157436557, 86.07462808200145, 74.29886678760474, -57.416308723527656, -132.84628708947537, 191.5345741694262, 86.8516830063395, -3.5358223985528108, -9.534421243486214, -73.64135147443528, -150.75955990133903, 143.7990944551841, 166.8392357174651, 22.291922906444867, -145.02346522391008, -127.23460280646565, -38.561229874983134, 238.29730533186918, 99.40792073155693, -251.1948911192444, -97.99250395870449, -23.89870908649966, 185.3806122763826, 167.16362572125396, -35.80891068366812, -153.65560959024185, -194.140806365595, -0.47927539252672996, 157.7126613803577, 239.25482019995158, -3.782472930594065, -84.97094082025318, -61.276832390061124, 109.57430210549617, 133.55649034803642, 111.74625900284948, 108.50901859643322, -77.32243565504804, -101.43283378594747, 111.53044897135928, 164.7719514745386, 74.5813573300322, 154.26464962797007]}, "Latent AR LinUCB s=2": {"actions": [0.0, 1.0, 0.0, 0.0, 0.0, 1.0, 1.0, 0.0, 0.0, 1.0, 0.0, 0.0, 1.0, 1.0, 0.0, 1.0, 0.0, 0.0, 0.0, 1.0, 1.0, 0.0, 0.0, 0.0, 1.0, 1.0, 1.0, 1.0, 0.0, 0.0, 1.0, 1.0, 1.0, 0.0, 1.0, 1.0, 0.0, 1.0, 1.0, 0.0, 0.0, 1.0, 1.0, 0.0, 1.0, 0.0, 0.0, 1.0, 0.0, 1.0, 0.0, 1.0, 0.0, 1.0, 0.0, 1.0, 0.0, 1.0, 1.0, 0.0, 0.0, 0.0, 1.0, 1.0, 1.0, 0.0, 1.0, 1.0, 1.0, 0.0, 1.0, 1.0, 0.0, 1.0, 1.0, 0.0, 0.0, 1.0, 1.0, 1.0, 0.0, 1.0, 0.0, 1.0, 1.0, 0.0, 0.0, 0.0, 1.0, 1.0, 0.0, 0.0, 0.0, 1.0, 1.0, 1.0, 0.0, 0.0, 1.0, 1.0, 1.0, 1.0, 0.0, 0.0, 0.0, 0.0, 1.0, 1.0, 0.0, 1.0, 1.0, 0.0, 0.0, 0.0, 1.0, 1.0, 0.0, 0.0, 0.0, 0.0, 0.0, 1.0, 0.0, 0.0, 1.0, 1.0, 0.0, 0.0, 1.0, 1.0, 1.0, 0.0, 0.0, 1.0, 1.0, 0.0, 0.0, 1.0, 1.0, 1.0, 0.0, 1.0, 0.0, 1.0, 0.0, 0.0, 0.0, 0.0, 1.0, 0.0, 0.0, 0.0, 1.0, 1.0, 1.0, 0.0, 0.0, 1.0, 0.0, 0.0, 1.0, 1.0, 1.0, 0.0, 1.0, 1.0, 1.0, 1.0, 1.0, 0.0, 0.0, 1.0, 1.0, 0.0, 0.0, 0.0, 1.0, 1.0, 0.0, 0.0, 0.0, 1.0, 1.0, 1.0, 1.0, 0.0, 0.0, 0.0, 1.0, 1.0, 0.0, 0.0, 0.0, 1.0, 0.0, 1.0, 1.0, 0.0, 0.0, 1.0],