{"Stationary": {"actions": [1.0, 1.0, 1.0, 1.0, 1.0, 1.0, 1.0, 1.0, 1.0, 1.0, 1.0, 1.0, 1.0, 1.0, 1.0, 1.0, 1.0, 1.0, 1.0, 1.0, 1.0, 1.0, 1.0, 1.0, 1.0, 1.0, 1.0, 1.0, 1.0, 1.0, 1.0, 1.0, 1.0, 1.0, 1.0, 1.0, 1.0, 1.0, 1.0, 1.0, 1.0, 1.0, 1.0, 1.0, 1.0, 1.0, 1.0, 1.0, 1.0, 1.0, 1.0, 1.0, 1.0, 1.0, 1.0, 1.0, 1.0, 1.0, 1.0, 1.0, 1.0, 1.0, 1.0, 1.0, 1.0, 1.0, 1.0, 1.0, 1.0, 1.0, 1.0, 1.0, 1.0, 1.0, 1.0, 1.0, 1.0, 1.0, 1.0, 1.0, 1.0, 1.0, 1.0, 1.0, 1.0, 1.0, 1.0, 1.0, 1.0, 1.0, 1.0, 1.0, 1.0, 1.0, 1.0, 1.0, 1.0, 1.0, 1.0, 1.0, 1.0, 1.0, 1.0, 1.0, 1.0, 1.0, 1.0, 1.0, 1.0, 1.0, 1.0, 1.0, 1.0, 1.0, 1.0, 1.0, 1.0, 1.0, 1.0, 1.0, 1.0, 1.0, 1.0, 1.0, 1.0, 1.0, 1.0, 1.0, 1.0, 1.0, 1.0, 1.0, 1.0, 1.0, 1.0, 1.0, 1.0, 1.0, 1.0, 1.0, 1.0, 1.0, 1.0, 1.0, 1.0, 1.0, 1.0, 1.0, 1.0, 1.0, 1.0, 1.0, 1.0, 1.0, 1.0, 1.0, 1.0, 1.0, 1.0, 1.0, 1.0, 1.0, 1.0, 1.0, 1.0, 1.0, 1.0, 1.0, 1.0, 1.0, 1.0, 1.0, 1.0, 1.0, 1.0, 1.0, 1.0, 1.0, 1.0, 1.0, 1.0, 1.0, 1.0, 1.0, 1.0, 1.0, 1.0, 1.0, 1.0, 1.0, 1.0, 1.0, 1.0, 1.0, 1.0, 1.0, 1.0, 1.0, 1.0, 1.0], "rewards": [4.328569311464853, -7.917459984838691, -3.534399279732659, -0.8672743398554121, 2.333320915054836, 0.7208934532726765, 1.1632265608365626, 2.1500569693114313, 0.377594401942737, 1.7462923568107838, -1.6644336064191858, 0.9458203439775792, 0.7387723230117134, 3.7759880522390943, 2.543384235587273, 0.21141455333599263, -1.8578062456118811, -1.8869725500541028, 2.9720059952464246, 1.2165999098958604, 0.47803096225364144, -0.37247277012805613, -0.05656626397158293, -1.1992627633235229, -1.033578920700729, 1.1551108480767773, -0.24343250485153, 0.9495151799845526, -0.9964554130980411, -1.4365320299301698, -2.3569045226792706, -2.4410018024858315, -0.47076126987447386, 0.8128017087066557, 1.499995171975058, 4.08421444007296, -1.5350600229728357, -3.3168827005623767, 0.9847237568030509, -0.4420858373912069, 1.106684590052309, -1.7768623814470421, 2.1425608512257908, 2.6280210600612017, 2.9223597849786214, -1.1734627047531914, -2.297047135511475, 1.1958406124474215, 0.8941848182137346, -1.7560299336722789, -1.3401784350956998, 1.2337021269438537, -0.18368158019472014, -0.6166577142633155, -0.8036012518781953, -0.2579655145451757, 1.372656258416505, 0.025709258354403065, 0.11524080719371643, 1.5786670207158549, 1.4204117606298718, -0.18362363243966168, 0.5765600382629963, -0.1420998916265107, -1.461829926619278, 1.1694120004072093, -0.9203914520903038, -2.865064002399814, 0.8207499308983125, 0.6783950287759126, -0.7422868834956464, 1.7964403955807053, 2.2742333822796974, 1.7759852870268522, -1.8203206068859346, -0.9916340863503272, -1.3468316850934217, 2.146293097037971, -0.08433062994412013, -1.1422890315977312, -0.6952093668194566, -1.0442591240522516, 0.2976575930948957, 1.2060740072609162, 0.07065728544555294, 0.0063097715153526135, 0.3246987367233599, 2.7032538529574364, -0.5318111362091592, -0.6510994383351589, 0.15446418707194345, 1.0611005145979324, -0.11249464668415743, -0.422376079912569, -0.009936705790892675, 0.24466054411040994, 0.6814511190852346, 4.564628285417628, 0.174468232095369, -3.294782613438678, -0.5045829432617148, 0.5419466746695056, -0.5325535789920008, 0.8323608768585753, -0.8573935456514878, 1.0829634889890554, 2.135445687919304, -1.9158045412277482, -0.5479914438182947, 0.009181218841547989, -1.2529901673678192, 1.1791450672319645, 1.2960116652741736, 0.12850505560691472, -0.41205115592863006, -0.4284115936496124, 0.45211983818561, 0.6329372127169793, -0.2637141510797649, 0.06598723246504368, 0.5526818527730339, 1.8304913885867082, -0.059996228745343994, -0.6140513438701027, 0.3458549719391385, 1.913096136471038, 1.5227721531686338, 0.3897234555933409, -0.05546735770792244, 0.25423115311564676, -0.4621530670350167, -0.6834773306901231, -0.3692643722259408, -1.7172973883229452, 1.3405626803938597, 0.393217193741226, 1.389207402882692, 0.8078654333121111, -0.7601685908829601, 1.4475287994290225, 2.445294389806118, 0.4811481784266608, -1.8292915349866101, -1.4491365547277608, 1.6360655849216015, 0.9015306173604161, -1.1394409429459018, -1.2356957744421495, -0.4236449899314269, 0.5160806269034643, 0.7409187016998944, -0.4298486222996656, -0.26391953114992794, 0.7935566273104118, -0.41835250743315733, 1.8578401888878124, 3.328467717100926, -0.36932675161512507, 0.7981606546153064, -0.8700023490559976, -0.8272303796692121, -1.047061329259702, 0.8795595544929014, -1.6225385520011697, 1.5721953341205226, 1.8716827188069558, -1.1769051389498444, 0.8964236700385855, 1.6571505766315393, -0.5537953815795038, 1.0160780282003055, 0.8272812815873711, 1.384423410150688, 1.439639748002393, 1.7628533632560794, -0.745086659479423, 2.1489802580204587, 0.5030443175760093, 0.9738835432110268, 1.6825586113144348, -1.4430756924805, -0.9478489009507949, 1.3595297068975456, 4.119368322127074, -0.4980519024954506, -2.844099203372263, -3.1400930349142118, -0.045190324237673996, 1.1702132827417289, -2.1115280236353358, 0.07374034933657314, 3.0704647820089526, -0.8377826992710508, 0.11032042751842996, 0.13596571066418373, 0.27362136805788917, -0.4003809978230195, -0.9856231368565516, 0.7434960017297908, -2.233913347408531]}, "Latent AR LinUCB s=4": {"actions": [1.0, 1.0, 0.0, 0.0, 1.0, 1.0, 0.0, 0.0, 0.0, 1.0, 1.0, 1.0, 0.0, 0.0, 1.0, 1.0, 0.0, 0.0, 1.0, 1.0, 0.0, 0.0, 0.0, 0.0, 0.0, 1.0, 1.0, 1.0, 0.0, 0.0, 1.0, 0.0, 0.0, 1.0, 1.0, 0.0, 1.0, 1.0, 1.0, 1.0, 0.0, 0.0, 1.0, 1.0, 0.0, 1.0, 0.0, 1.0, 0.0, 0.0, 1.0, 0.0, 1.0, 0.0, 0.0, 1.0, 1.0, 1.0, 1.0, 0.0, 0.0, 1.0, 0.0, 0.0, 1.0, 1.0, 0.0, 0.0, 0.0, 1.0, 1.0, 1.0, 0.0, 0.0, 0.0, 1.0, 1.0, 1.0, 1.0, 0.0, 0.0, 1.0, 1.0, 0.0, 0.0, 0.0, 1.0, 1.0, 1.0, 0.0, 0.0, 1.0, 0.0, 0.0, 1.0, 1.0, 0.0, 0.0, 0.0, 0.0, 1.0, 1.0, 0.0, 0.0, 1.0, 1.0, 0.0, 0.0, 1.0, 1.0, 0.0, 0.0, 1.0, 1.0, 1.0, 0.0, 1.0, 1.0, 1.0, 1.0, 0.0, 0.0, 0.0, 1.0, 1.0, 1.0, 1.0, 0.0, 0.0, 1.0, 1.0, 1.0, 1.0, 0.0, 0.0, 0.0, 1.0, 1.0, 0.0, 0.0, 1.0, 1.0, 0.0, 0.0, 1.0, 1.0, 0.0, 1.0, 1.0, 1.0, 0.0, 0.0, 0.0, 1.0, 0.0, 1.0, 0.0, 1.0, 0.0, 0.0, 1.0, 0.0, 1.0, 1.0, 0.0, 0.0, 1.0, 0.0, 1.0, 1.0, 0.0, 1.0, 0.0, 0.0, 1.0, 1.0, 1.0, 0.0, 0.0, 0.0, 1.0, 1.0, 0.0, 0.0, 0.0, 1.0, 1.0, 0.0, 1.0, 0.0, 0.0, 0.0, 1.0, 1.0, 1.0, 0.0, 0.0, 0.0, 1.0, 1.0],