{"Stationary": {"actions": [1.0, 1.0, 0.0, 0.0, 0.0, 0.0, 0.0, 0.0, 0.0, 0.0, 0.0, 0.0, 0.0, 0.0, 0.0, 0.0, 0.0, 0.0, 0.0, 0.0, 0.0, 0.0, 0.0, 0.0, 0.0, 0.0, 0.0, 0.0, 0.0, 0.0, 0.0, 0.0, 0.0, 0.0, 0.0, 0.0, 0.0, 0.0, 0.0, 0.0, 0.0, 0.0, 0.0, 0.0, 0.0, 0.0, 0.0, 0.0, 0.0, 0.0, 0.0, 0.0, 0.0, 0.0, 0.0, 0.0, 0.0, 0.0, 0.0, 0.0, 0.0, 0.0, 0.0, 0.0, 0.0, 0.0, 0.0, 0.0, 0.0, 0.0, 0.0, 0.0, 0.0, 0.0, 0.0, 0.0, 0.0, 0.0, 0.0, 0.0, 0.0, 0.0, 0.0, 0.0, 0.0, 0.0, 0.0, 0.0, 0.0, 0.0, 0.0, 0.0, 0.0, 0.0, 0.0, 0.0, 0.0, 0.0, 0.0, 0.0, 0.0, 0.0, 0.0, 0.0, 0.0, 0.0, 0.0, 0.0, 0.0, 0.0, 0.0, 0.0, 0.0, 0.0, 0.0, 0.0, 0.0, 0.0, 0.0, 0.0, 0.0, 0.0, 0.0, 0.0, 0.0, 0.0, 0.0, 0.0, 0.0, 0.0, 0.0, 0.0, 0.0, 0.0, 0.0, 0.0, 0.0, 0.0, 0.0, 0.0, 0.0, 0.0, 0.0, 0.0, 0.0, 0.0, 0.0, 0.0, 0.0, 0.0, 0.0, 0.0, 0.0, 0.0, 0.0, 0.0, 0.0, 0.0, 0.0, 0.0, 0.0, 0.0, 0.0, 0.0, 0.0, 0.0, 0.0, 0.0, 0.0, 0.0, 0.0, 0.0, 0.0, 0.0, 0.0, 0.0, 0.0, 0.0, 0.0, 0.0, 0.0, 0.0, 0.0, 0.0, 0.0, 0.0, 0.0, 0.0, 0.0, 0.0, 0.0, 0.0, 0.0, 0.0, 0.0, 0.0, 0.0, 0.0, 0.0, 0.0], "rewards": [1149.795945186371, 260.7367356768008, 456.35181972738457, 433.66881528718085, 10.951802415315775, -299.87717344070325, -278.156674910033, 66.21996598172832, 223.90571587576233, 35.67449122733105, -353.68447953200786, -253.49615588900383, 67.73060257147573, 216.80057685947452, -23.756368935200484, -253.70517876887044, 95.53495761026785, 220.92910564026278, -35.6563265381997, -195.91357671399828, 3.482196778560795, 91.96322826885023, 88.04734626492152, -10.257256250193535, -13.836898862842338, -108.71741567271118, -27.726859025843616, -17.47466676776161, -13.006324296559205, 35.528367263029054, -14.236686963821969, -49.13167274653921, -19.33768874671101, -35.0654852088649, 101.61387776409615, -14.27898457264514, -39.117426549058905, -38.475080779024545, -0.43027851577545145, -48.906613648248126, -127.38799906476285, -97.18162886952672, -103.79224864999699, -197.7574694571646, -2.8522147915573286, 241.1917012186003, 143.50516054550653, 39.23139661409468, -99.04041758020617, -151.19180904538305, -225.346998541935, -142.63063295111567, 86.10797739233, -96.49851778748632, -102.63925267950502, -11.126679687566062, 23.966114554237684, 39.287858524913304, -125.79831677344076, -34.34009846757244, 53.792430191364204, 118.08610305634393, -127.82903094337568, -178.75820390936414, 5.521581850127043, -53.291054901348595, 53.467493843468105, -22.941669541256065, -111.83168061248374, -77.34942459562285, 59.834116540529735, 88.59317992221064, -91.39784632748983, -192.37866075611174, 85.31445558271292, 161.02091159119288, 26.334358826505845, -132.1688850743389, -158.89415078982324, 3.093139924922731, 50.571060946387924, 13.89323277682834, -23.942643407014224, -55.79559926740323, -221.5736617583291, -99.87772829159996, -18.357056409841135, 51.09086918586097, 65.69264082853496, -178.60843330354348, -10.349754293691412, 120.08711847034196, 126.50312711140141, 61.16213997360438, -182.35525950121163, -82.82002778252122, 138.85918317158223, 2.483221655661043, -201.51606014059834, -219.07345956211006, -93.34251018518556, 105.53535709612973, 148.3121524798405, -26.49801330783752, -153.1899404820969, 15.751152871836446, 176.56081337349573, 45.93733844315743, -59.206969164510994, -16.22356130283744, 26.23992341010883, -117.19703161155797, -93.94699474806946, 12.893764895967289, 60.83716842900351, 207.9657051910652, -52.34905232949819, -170.4116633887728, 68.31218429298475, 110.52706427212102, 30.33548341505228, 154.86758527493785, 287.73326063937753, 166.61774677844136, 12.386977622866677, -80.44580065667431, -77.16985219700668, 216.0621944002472, 274.22453088547275, 54.89235892367333, -1.1668260394149255, -47.88377820636784, -129.11957457653986, 70.81449315837148, -210.55684837694506, -271.8043136705347, 4.756528899508681, 64.080445295557, 159.61622949011306, -66.5756847206254, -34.20357923439382, 107.2195121969593, 77.03799977129796, 68.49018085375789, 23.61455922002607, -14.136793413816891, -12.502480281383844, 44.77664454354068, -4.581221711832356, 50.054149945941454, 158.60926292073506, 89.8876173985753, -256.2154813760961, -90.7787444357386, -64.94641982899428, 26.71040385674858, 152.92147735791107, 106.6298044959794, -39.35132012094387, -57.52011094033201, -63.52277400682101, -80.3889798215064, -145.63395793137943, 14.170320932430071, 239.27490540486392, 72.77928935588162, -269.0975892955681, -290.5303186775061, -169.4526198083164, 92.0405136816999, 170.10866454158295, 213.7094874576687, 130.32939949889496, 77.61756904181205, 9.365519275100105, 20.63442286192424, 63.37692966603179, -103.02092400251723, 2.8632295685973617, 167.50612457051233, -46.705561466404994, -26.936703563716666, 20.312154866676206, 37.72187386038288, 71.58770417751535, 36.60233404626912, -119.98612641541621, 4.478335109837797, 49.860844114189575, 71.90520879958777, -79.08091143895612, -251.4179449244832, -159.7943523041764, 59.00851802002862, 162.72810040597594, 153.93600373081986, 157.055258802366, -42.32088637063756, -8.731231151133235, 137.23259355010268]}, "Latent AR LinUCB s=2": {"actions": [1.0, 1.0, 0.0, 0.0, 1.0, 1.0, 1.0, 0.0, 0.0, 0.0, 1.0, 1.0, 0.0, 0.0, 0.0, 1.0, 1.0, 0.0, 0.0, 1.0, 1.0, 0.0, 0.0, 0.0, 1.0, 1.0, 1.0, 0.0, 0.0, 0.0, 0.0, 1.0, 1.0, 0.0, 1.0, 0.0, 1.0, 1.0, 0.0, 0.0, 1.0, 1.0, 0.0, 1.0, 1.0, 0.0, 0.0, 1.0, 1.0, 1.0, 1.0, 1.0, 0.0, 0.0, 1.0, 1.0, 0.0, 0.0, 0.0, 1.0, 0.0, 0.0, 0.0, 1.0, 1.0, 0.0, 1.0, 0.0, 1.0, 1.0, 0.0, 0.0, 0.0, 1.0, 1.0, 0.0, 0.0, 1.0, 1.0, 1.0, 0.0, 0.0, 1.0, 1.0, 1.0, 1.0, 0.0, 0.0, 0.0, 0.0, 1.0, 0.0, 0.0, 0.0, 1.0, 1.0, 0.0, 0.0, 1.0, 1.0, 1.0, 0.0, 0.0, 0.0, 1.0, 1.0, 0.0, 0.0, 1.0, 1.0, 0.0, 0.0, 1.0, 0.0, 0.0, 0.0, 0.0, 1.0, 1.0, 0.0, 0.0, 1.0, 0.0, 0.0, 1.0, 1.0, 1.0, 0.0, 0.0, 0.0, 1.0, 1.0, 1.0, 1.0, 0.0, 1.0, 1.0, 0.0, 0.0, 0.0, 1.0, 0.0, 0.0, 1.0, 1.0, 1.0, 1.0, 0.0, 0.0, 1.0, 0.0, 0.0, 1.0, 1.0, 0.0, 0.0, 0.0, 0.0, 1.0, 1.0, 1.0, 1.0, 1.0, 1.0, 0.0, 0.0, 1.0, 1.0, 1.0, 0.0, 0.0, 0.0, 0.0, 1.0, 1.0, 1.0, 0.0, 0.0, 1.0, 0.0, 0.0, 1.0, 0.0, 0.0, 0.0, 0.0, 1.0, 1.0, 0.0, 0.0, 0.0, 1.0, 1.0, 0.0, 0.0, 0.0, 0.0, 0.0, 1.0, 0.0],