{"k": 5, "noise_std": 1, "mean reward 1": [248.54117731913888, 77.47236353804975, 99.02104677601821, -71.66230161641076, -189.15915003932477, 63.200188515658276, -163.4589698859128, -53.53244631117673, 66.84474490765034, -67.42785874051468, 76.94042095712462, -12.47106493282434, 137.6512555664257, -154.08857297358912, -37.17422425647244, -4.913951333152477, -178.89226772717814, 45.93772459093505, -51.98000425193761, -43.74294164253036, -86.66442828119374, -242.2569391701444, -29.2697785645342, -180.9251999621539, 82.22502450912499, -80.82269962220114, 91.84480318534608, 82.58177476656641, -36.71410279846904, 71.55094294077338, 53.57895916658233, -33.81822524804866, -19.84331388740967, -105.21255744148166, -61.45029987634976, -96.95511225108363, -89.56924792274151, 202.10252352778463, -78.35902182359278, 217.05556319602923, -48.688537328152044, 125.26370541730722, -33.15065990743482, 64.42836493733893, -68.1839580592716, 89.00742465767311, -94.38333175899392, -113.02125489539014, 81.60563056285454, 12.104255622419323, 197.71088359226172, -73.93739067452742, 53.69052274271188, 65.93152128671275, -133.2281055900652, -43.782825081112485, -20.414006925046532, -127.81777346266878, -14.381755621141053, 29.770448379265208, 33.51804188416931, 102.07016259227335, 122.8315865333683, 244.30443316897575, 42.00566397873897, -45.700234387204915, 10.25765441211938, -109.61099404296095, -30.47374684443292, -92.58657834967259, -32.81087585440765, 143.91337760470734, -42.356150391830674, -144.47454580765637, 41.37317009249412, -108.44079235336042, -134.31382948499527, 73.6366331811854, -120.89499286411302, -6.795564764073775, 283.5939759194772, -67.2049657785166, 279.58799268457983, 15.19871969614719, -25.30526671898812, 34.09522169868464, -31.027489805951596, -90.82973142955981, -12.048048039248842, -167.7553549950647, -121.86804325651876, 44.99073770270701, -20.942025036748458, -158.47237449971038, 205.57979396246694, 33.93437361282135, 9.364211106263316, -71.60038229611622, 27.456761206445297, -118.32319300240752, -66.5798443402347, -103.09505624961781, -74.69077418962632, 113.55958189051493, 22.353781191354344, 44.266546581654445, 51.2856799772218, -166.19288560185876, -76.9958992091446, -153.8029482671257, -10.747826648751014, -133.50646410648713, -97.24052614326943, -156.743827049375, -69.11863336658318, 29.46865156978443, -131.3627063328817, -39.9457200831181, -67.12265608752406, -82.72319133164191, -76.70102178106963, 148.95093232015614, -41.3602766481838, 30.6303184006384, -45.32887352482451, 172.91688531102722, -39.46588500799251, 81.64639074572598, 8.269328122735933, -46.404385155316035, 7.987930482783179, -86.08883893307605, -95.03458884738721, 122.9784403571293, -109.94554379150938, 73.21596312244175, -31.898166749886393, 90.90727540406382, 24.77651637542265, 81.07873318114626, 77.85392554359862, -46.45405759841733, -119.02062320261973, 164.08519626769606, -250.7184350123918, 58.807420914936735, -80.44588594255885, -39.79750081190389, 19.419943344611283, 23.479401207427504, -50.58510356037951, 86.770047809819, -215.68404742590684, 149.87108476265212, 92.24045913677091, 63.701207258286466, 87.40086799180926, -73.02345177937691, -29.438530563642928, -144.68249427517384, -4.176614576040275, -183.90397804742696, 35.59434152286853, 12.23310499775626, -96.54466965989612, 9.151463807483928, -52.01983587301516, -55.88677237252519, -26.32344668770469, -337.1049425801317, 8.539405975115272, -264.27058164836944, 33.8694535036466, -0.5242724431049006, 261.54567034979203, -97.41079651752929, 275.96128191280616, -156.88676581757272, 54.08408298096718, -145.10903055614207, -72.33791816265331, -137.36289462957143, 2.578422932155405, 97.24954950149845, 14.998851586996956, -41.871102371510126, -78.06310959548661, -69.28218288396674, 46.5331084023147, -263.4210805497824, 99.92432711850901, 4.28706969192808, 125.72510624337157, -319.09470749567845, 197.06834416895617, -224.89923528204966, 128.36334114438694, -145.5896328469012, 193.14216435115154, 27.18901262249196], "mean reward 0": [-248.54117731913888, -77.47236353804975, -99.02104677601821, 71.66230161641076, 189.15915003932477, -63.200188515658276, 163.4589698859128, 53.53244631117673, -66.84474490765034, 67.42785874051468, -76.94042095712462, 12.47106493282434, -137.6512555664257, 154.08857297358912, 37.17422425647244, 4.913951333152477, 178.89226772717814, -45.93772459093505, 51.98000425193761, 43.74294164253036, 86.66442828119374, 242.2569391701444, 29.2697785645342, 180.9251999621539, -82.22502450912499, 80.82269962220114, -91.84480318534608, -82.58177476656641, 36.71410279846904, -71.55094294077338, -53.57895916658233, 33.81822524804866, 19.84331388740967, 105.21255744148166, 61.45029987634976, 96.95511225108363, 89.56924792274151, -202.10252352778463, 78.35902182359278, -217.05556319602923, 48.688537328152044, -125.26370541730722, 33.15065990743482, -64.42836493733893, 68.1839580592716, -89.00742465767311, 94.38333175899392, 113.02125489539014, -81.60563056285454, -12.104255622419323, -197.71088359226172, 73.93739067452742, -53.69052274271188, -65.93152128671275, 133.2281055900652, 43.782825081112485, 20.414006925046532, 127.81777346266878, 14.381755621141053, -29.770448379265208, -33.51804188416931, -102.07016259227335, -122.8315865333683, -244.30443316897575, -42.00566397873897, 45.700234387204915, -10.25765441211938, 109.61099404296095, 30.47374684443292, 92.58657834967259, 32.81087585440765, -143.91337760470734, 42.356150391830674, 144.47454580765637, -41.37317009249412, 108.44079235336042, 134.31382948499527, -73.6366331811854, 120.89499286411302, 6.795564764073775, -283.5939759194772, 67.2049657785166, -279.58799268457983, -15.19871969614719, 25.30526671898812, -34.09522169868464, 31.027489805951596, 90.82973142955981, 12.048048039248842, 167.7553549950647, 121.86804325651876, -44.99073770270701, 20.942025036748458, 158.47237449971038, -205.57979396246694, -33.93437361282135, -9.364211106263316, 71.60038229611622, -27.456761206445297, 118.32319300240752, 66.5798443402347, 103.09505624961781, 74.69077418962632, -113.55958189051493, -22.353781191354344, -44.266546581654445, -51.2856799772218, 166.19288560185876, 76.9958992091446, 153.8029482671257, 10.747826648751014, 133.50646410648713, 97.24052614326943, 156.743827049375, 69.11863336658318, -29.46865156978443, 131.3627063328817, 39.9457200831181, 67.12265608752406, 82.72319133164191, 76.70102178106963, -148.95093232015614, 41.3602766481838, -30.6303184006384, 45.32887352482451, -172.91688531102722, 39.46588500799251, -81.64639074572598, -8.269328122735933, 46.404385155316035, -7.987930482783179, 86.08883893307605, 95.03458884738721, -122.9784403571293, 109.94554379150938, -73.21596312244175, 31.898166749886393, -90.90727540406382, -24.77651637542265, -81.07873318114626, -77.85392554359862, 46.45405759841733, 119.02062320261973, -164.08519626769606, 250.7184350123918, -58.807420914936735, 80.44588594255885, 39.79750081190389, -19.419943344611283, -23.479401207427504, 50.58510356037951, -86.770047809819, 215.68404742590684, -149.87108476265212, -92.24045913677091, -63.701207258286466, -87.40086799180926, 73.02345177937691, 29.438530563642928, 144.68249427517384, 4.176614576040275, 183.90397804742696, -35.59434152286853, -12.23310499775626, 96.54466965989612, -9.151463807483928, 52.01983587301516, 55.88677237252519, 26.32344668770469, 337.1049425801317, -8.539405975115272, 264.27058164836944, -33.8694535036466, 0.5242724431049006, -261.54567034979203, 97.41079651752929, -275.96128191280616, 156.88676581757272, -54.08408298096718, 145.10903055614207, 72.33791816265331, 137.36289462957143, -2.578422932155405, -97.24954950149845, -14.998851586996956, 41.871102371510126, 78.06310959548661, 69.28218288396674, -46.5331084023147, 263.4210805497824, -99.92432711850901, -4.28706969192808, -125.72510624337157, 319.09470749567845, -197.06834416895617, 224.89923528204966, -128.36334114438694, 145.5896328469012, -193.14216435115154, -27.18901262249196],