{"k": 5, "noise_std": 1, "mean reward 1": [100.71539218899157, 196.67614808930506, 16.523113662295426, -9.84560683913761, 138.90934073674, -17.34869556414361, 101.46555861497416, -118.34121968922875, -80.07024413569701, -75.18762807253772, -6.891816992311034, 170.7730588416269, -8.82760790502496, 214.30696940242206, -117.12219516568491, 111.74532723120754, -108.70008014453056, -131.50550451427924, 148.2135067075491, -123.57763270220727, 109.71751659880144, -168.38200612547507, 82.39132347050216, 25.3440703650746, -11.371392368837341, 8.65752554156336, 21.592761064530357, 49.611918120541496, -36.40406878667245, -23.150544871500234, 191.36077765822756, -0.30014074595899887, 17.79919800486285, -22.729579654348548, -81.93485498697865, 59.38031474076405, -85.31506625589198, 235.41167329693545, -133.4115766866736, 175.3135506771335, -18.00460844973535, 107.85636348143743, -85.93770923756952, -54.12798450784149, 23.694151951400166, -22.258273719092923, 67.97846599539386, -28.372841950165117, 121.91981327603672, 21.383611805405238, -26.246931097765025, -50.993711560921476, -42.44792634230732, -118.12080547057116, -44.06685151178917, -19.980899976898677, 21.612708198817433, 11.980480668707342, -197.5897577362002, 162.159277372317, -154.95243942382416, 97.07020423741812, 38.06022817655169, 130.47236498052123, -90.52328220108173, 40.594744876515755, -142.5532634600774, -144.17001799156833, -138.20899328135678, -19.787070244187547, -181.81684483979635, -8.970486484323404, -92.10459310918692, 118.16646236480825, -85.31442338749204, 52.45571422543143, -114.44848366691849, 117.46305943604108, -120.38314687949398, 1.7630261693872828, 203.3802550427639, -105.05601214158074, 118.06527586616396, -94.77670557234042, -67.44121104726534, 62.34179149980912, -90.20764809757223, -74.9389782730269, 104.1413466419058, -13.58516069249473, -72.89593216323387, 45.27741424219347, 51.662546102763706, -41.928317666687875, -40.29894020790648, -19.0933586289436, -57.60912237667417, -46.31222912759639, -10.790601547480646, 13.982949116880917, -12.797321542974228, 119.74451952195861, 72.27857768503841, -31.222352325144907, 48.91361521823609, 314.6366900769023, -199.60465497832308, 168.13438835018698, -234.20412612571423, 45.08594372934254, -88.68187399950813, 143.45462733525594, -4.400632842928898, 0.12075682466109461, -179.90547571088916, -3.0576224258796136, -247.61073242497008, 73.28775014189985, -81.60344799916025, -88.39169758774955, -174.26888699107803, 125.24275377453637, 13.75442196229164, -93.69101407669642, 130.18913319568156, -145.55260379760972, 19.044843239258572, -167.34916892587992, 111.48669178279609, -126.44997178700055, 94.28263934753282, 156.77702455289267, 108.10020641422953, 254.01255802305758, -151.76666979923678, 96.89670246305307, -105.00468332685821, 61.35998042121727, -218.53952874788146, 178.12666486093974, 8.72649243470125, 146.38639254342053, 2.5649891937824814, 121.48342637022485, 0.5913066559921742, -11.152797662899317, 20.586269283386134, 11.235282577901847, 64.2886001255048, -38.8267250573981, 101.03953246771154, -117.33469284963573, 162.83794208976968, 81.45381103513067, 77.50091855359487, 104.66078547635136, 19.162242472485, 124.26955962319613, -28.011797368555474, 277.66907301594256, -225.64277906641962, 142.46784046810632, -207.8285876871187, 123.85975577646708, -84.44015853938005, 127.69187143037679, -66.7485974311424, 13.976233769135614, -121.28782088383538, -65.77358078813258, -194.09172603882047, 136.15718086684748, -149.62183613491297, 99.58910899761938, -33.19940976145506, 113.35769849515354, 41.097258874891686, 135.4560753676558, -130.25081101426446, 95.93641183340105, 69.36187054507596, 104.49704254867191, -101.73801261769597, 60.56994339984128, 55.96929406222204, 5.831055333314056, -80.81428257789285, -35.88472648209658, -24.429480777774092, -41.43724412459468, 13.185237621677087, 47.35477370167574, -128.58812647091838, 111.68424582935639, -128.54462711963265, 120.99929427949188, -34.173460230231555, -80.68556749641314, 148.27403102573706, -65.17388441639191],