{"k": 5, "noise_std": 1, "mean reward 1": [-17.29271787870605, 109.8090938389326, -9.511433269822774, -183.18890270001086, -89.96797304814999, -85.61629336733351, -41.63722774436338, 132.78362070131982, -33.40619496416469, 81.00870139481825, 170.02913410546986, 145.1932647308775, 94.15639541773665, 82.39306985144107, 88.20242020907014, -51.16101447063166, 192.78497889524115, -157.652493014289, 59.026712356849885, -23.23470738793248, 4.355923032852827, -93.23189914156205, 224.30747859908803, -187.9444664185931, 222.4355534064065, -51.50953282290097, 69.86516223124696, -96.43427300476071, -2.3749614385644713, -197.13320999522804, -60.9774458386316, -173.1971039597162, -40.57542996877611, -82.05845379462248, 31.724538397786517, -56.844712080154025, 1.904019079385877, 187.27929447920027, -106.55167252506217, 155.8096728419009, -69.88494614855752, 25.045985222234346, 31.96231505253738, -40.19831692305449, 15.863827733289328, -4.74484675003517, -10.517537126103377, -67.48540960301543, -98.41414304244753, 62.15686225561381, -221.93959918009423, 23.252840077981013, 96.39093483407252, -108.19912581984077, 178.12852620370205, -64.84419691031593, -105.75790481021312, -179.142910684004, 28.148553104832054, -158.81316196464934, 279.20975398583056, -27.60266758196438, 16.251548508364788, 97.31741439711035, -15.548052212836726, -1.6578814219067206, 69.77359634350735, -9.59515416985483, -35.335700825086604, -193.8948891977837, -124.83228132221828, -135.11113250044252, 44.49100529146514, -109.30474738191411, 117.34156927444677, 214.62137957690382, -7.094696693645436, 189.6036261141103, 24.64138667122259, -0.2616709579501275, 11.344512128703087, -41.049456108809714, -271.1578174801025, -81.06198578948762, -124.57038035275427, 155.45061286981257, -39.76118317684876, 175.99462675220505, -145.77163945543688, 48.578705189237624, 41.61619286596512, 46.650557373681714, 59.95998912011267, 96.97693164588318, -52.59166159254446, 84.84523997135054, 42.47293254360331, 46.40558339127918, 22.84832413828742, 53.71684252430335, 75.37155328397004, 19.959268229972878, 55.090793474134394, 9.699576621759894, -35.20390871330339, -48.2177992444932, 38.53012257731101, -16.0758108702444, 48.85004985810799, 38.411380814958385, -44.73320443107859, 108.8406594771139, 40.568806928962175, -78.28627912902408, -161.92612843315027, 2.9222901396746486, -11.897663238998145, -79.22154446256273, -84.05911719399822, -120.46241224999218, -8.123130699524749, 48.82316344913807, 52.30047557766595, 240.1922018264957, -141.37214644144743, 17.290805110449824, -7.732936289137498, -434.8957332884746, 189.3947274030589, -131.58611593307228, 70.23823029400317, 53.75112249840467, 70.27031105432027, -122.92436648275293, 230.2997361332536, -116.66347755279583, 78.65528043823922, -53.005268737874786, 15.775285913547146, 134.35220622730174, 99.90834693497568, -3.7455846070604206, 61.1038374121983, -164.55432522786714, -42.19162988523555, -130.2638405403133, -36.08121030137643, 60.4963570546289, 124.34217724498046, -127.61141001675706, 221.22769249862114, -104.44443242171184, 27.67589421887406, -153.1000886819786, 108.14122281404237, 2.7133001126591116, -146.54021340939417, -20.248336221338015, 60.296555686325306, -230.12290442019477, 186.375231091012, -147.85639456902447, -24.773847958498486, -175.9207476059947, 198.17743439824517, -106.5559328705989, 44.955016111382186, -116.85432995272411, -2.8711642293027193, -257.77951475389204, 140.58714002641, -221.3978846448345, 98.18935211859642, 62.336554014382905, -151.7276866333557, 94.58107415131258, -166.18376291488534, 31.113486545028273, -187.26798722096527, -36.196317471646665, -180.10256934491173, 70.63103860866573, 11.50384804599911, -56.288953543910104, 224.5454192582319, -16.18713137553312, 51.02818660674031, 104.99245785821569, -167.68080569092965, 25.78363256983758, -62.13062638366953, 26.12519683580934, -96.97202524642262, -9.52703101365363, 60.91277931443797, 3.8970970188404896, 141.72916588116857, -12.486425765564576, -86.73908353457185, 157.57846854339857],