{"k": 5, "noise_std": 1, "mean reward 1": [-21.76272853294217, -106.24112854188435, 189.47952773978665, 163.82252511040417, 128.17380489869902, -8.179795067037055, 77.17870578719379, -162.67169383753154, 20.447897044834217, -131.27024297742665, -36.24376628672541, 1.641165931750832, 12.30395172998154, 82.36247683468805, 28.662824071387483, -99.62184657715659, -122.81930275169664, 80.86194714351262, -10.622395191141521, 8.893227092211134, 3.420388638381983, -66.2496587273152, 104.64184773963471, -23.395506132839696, 132.7291587496785, -52.005524646327196, -33.269263928419726, -88.89810759217214, -113.14329052047071, 25.62678635109039, -90.60535874761533, -14.918874787478199, -46.970706139774535, -43.54132854160356, 87.25083203630003, -41.27694762003055, 0.7698910119399605, 202.08810508795324, -127.33114764775628, 61.616106126319856, -176.16947818132417, -18.33277660205833, 101.9417531415856, -87.63006463059885, 0.9646470547145736, -14.666407930341673, -114.69747073141605, -116.14781247707894, 3.6292955452705336, -145.92139425120445, -19.43214964904547, -134.14876826961347, -0.7635734891104973, 73.0049886746897, 23.94213654578291, -0.9780163777648843, -13.399633866647132, 84.398979100355, -106.48888418157996, -58.772320784360765, -196.64368860049248, -98.6586189137167, -248.42466320698563, 34.202941249911746, -127.9373629279092, 65.83362697203138, 118.82417432451898, 127.45243140648488, 20.684982754108542, 232.00092317912558, -2.54971073571944, 145.29804565580307, 40.858119094369904, 190.05672829915045, -197.96182475051518, 138.57947498517754, -226.71097804495665, 105.41573532362693, 51.64645107109751, 8.276859823909222, 46.97604561646062, 45.803563168198735, -46.13833116382629, 112.31249836242736, 6.0620687269492715, 232.7046649920213, -24.67077069646127, 367.33001781824737, -150.21095661427765, 248.83027305213358, -137.46279384825553, -91.71436996350852, 8.77397145172365, -28.534454710310932, -30.457645178352006, -52.26913920503134, -5.516238653811653, -14.893012653813592, 6.032740650612221, 163.32105234132698, 15.763688334999081, 36.06443585031151, -4.790193265545434, 110.08950755214191, -329.76176519227283, 154.16102988362516, -300.9573920808558, -10.145487919137919, -241.02785681797226, 131.58613738499216, 58.08309841958692, -11.511960849627478, 155.09348298290843, 76.7316271548895, -104.04139281068167, 210.28951250251274, -92.36251693374369, 110.40767997331564, -43.55831419206698, 190.60607902705152, -71.84547010412537, 207.48659822648725, -108.82161576257161, 85.87688510466973, -175.80606104651068, 150.13584806822263, -14.273456428178545, 110.91345686482094, 40.99815377919568, 64.96277974383162, 38.989090182244865, 89.64586510089293, -1.9065296367237639, -13.602084711600792, 20.18556045751066, -208.00494842056744, -80.77858181188657, -70.61993139719114, 70.08825748500674, -211.32288437462287, 110.76322172264257, -28.01082323574114, 14.277233726853037, -67.03073844828434, 5.2670128490666155, -113.3934093076542, -62.73398043030065, 96.07072766732283, -146.21663722762528, 130.7611347745619, -67.04379243760836, 106.43582758948686, 35.71195512304804, 104.0455446350425, -66.41017063480845, 54.521332940673496, -8.011714118759826, 71.82229212801249, -85.11783187974261, 185.34040807594116, 9.74801501406446, 148.5416928830323, 109.94997072934392, -29.322760312122387, -24.217459983797973, -37.76632718292041, 11.054763867449442, -122.2020305482202, 51.93147142248997, -198.346696647493, 75.24212250783162, -125.76233576027747, 39.93931821674324, -106.9520379739381, 88.0743176350216, -205.77345767452212, 95.78709170006515, -69.39513942673953, 94.18234903243146, -199.171163880813, 286.85137511451956, -149.89473996892667, -104.949684499163, -80.89674823120689, -67.85562053459321, -65.13178550793585, 68.4426410403816, -243.29014940165936, 2.188492142263665, -105.38772419377247, -150.17860291495805, -55.76648491094196, 91.00096149658191, -143.6030928764344, 49.63136089212351, 7.541417310088805, -1.3532670193634884, -44.00848615200951, -71.99632308793795, 19.725884578836506],