{"k": 5, "noise_std": 1, "mean reward 1": [15.229952676063787, 125.87500871200747, -83.64563140688006, 18.40637370323001, 68.1960810939205, -37.26555129030634, 101.91702876341535, -247.92835712296966, 138.0105624966498, -78.87096609188804, -101.774695215645, -51.177256861741036, 55.04364705470005, -33.55944395600846, 32.67106693544806, -33.08946887920102, 15.555507633613768, 72.06469133861486, -1.1085003057008054, 67.00753368175558, 43.11069208621728, -16.609532804586127, 98.03355853715694, -80.22332760577325, -78.99498317845402, 39.15120826228408, -104.06839916887492, -82.05542333860525, -9.692718942321205, 43.69104531404986, -135.45818493370078, 359.2561896389757, -39.45368359903368, 110.7479909567299, 67.45206057376294, 144.43541978391445, 78.68414873152051, -14.757917100719748, -43.50746666119317, 42.41920346428085, 62.218364734365124, 52.92528531624876, 46.31579354024562, -4.55876016448703, 11.778738455020743, -118.70224035068075, -13.743438534243179, 30.177690621516472, 0.541046578024218, -14.098315535279276, 125.3013588882909, -18.962870665043184, 194.78146717793632, 53.75178437636519, 215.18054797389405, 143.15786530950382, 132.32130520129783, 57.91920592380053, 68.62793986322502, -21.654913520400115, -110.66024579726029, 38.55995010787384, -6.776027160958309, -107.32139283198525, 138.81611172486166, 49.88439082399983, 29.785131162255368, 93.33915258216187, -62.7028396300113, 100.96647583418361, -205.39254938513184, 102.73365896912033, -235.2323236408313, 48.61586059835137, -215.39140464962608, -41.479051023407244, 46.907850879510434, -15.183783028173684, 107.98008095176814, -110.31279607826087, -120.21829571362079, 69.4892467654313, -59.776487772012, -31.059592899433337, 261.7565120664958, -139.71974903768813, 177.5249601821349, -69.25409315801922, -33.52821713181237, 43.22228670716128, -55.99143491426578, -83.02005716298598, -34.20378936827437, -57.36417657414581, 84.54202925978076, -16.429243128379895, -57.11795957520979, -61.19161975696282, -7.264802114081953, -226.30244095233064, -53.92443730613174, 65.77721107892978, 2.1139168762130787, -49.34669383422672, 87.77309978416282, -17.046222941026702, -6.461603015040943, 82.37037293915822, -149.68242469035528, -18.19999642440027, -8.795814092784331, -17.286429503340134, 74.41971860378797, -161.6251858404582, 197.7183260075125, 27.924990116834756, 23.688213746682298, -112.00337634655237, 15.171806708457252, -149.81823982150968, -28.418191444489665, -88.33910979387925, 59.20932822015092, 17.336426913573234, -151.0503187349078, 163.22548637636243, -95.257923954014, 91.86490197234303, 58.12100865471381, -99.55327643846613, 73.93446168919976, -19.853788997927, -11.425601049696017, 123.39012348110208, 158.24847830636807, 101.80466455402244, -64.93728976213227, -16.26553627719701, 85.98887556896995, 29.97784115820432, 86.42535409498413, 146.6050866758298, 121.95267089937911, -0.7330152366541387, -44.232002949398094, -205.90912192965587, 35.41153520449711, -60.787857961735845, 107.39046139208648, -145.58512550781398, 220.71385662704213, -215.37123971086328, -76.8930736145589, -217.19870984771313, 5.3466402141127825, -43.13629968497291, -40.41064871992829, 58.05453856833414, -73.1260986087156, -22.236045931360483, -99.73763864502115, 24.656893766311917, -4.284745443615762, 25.47009949864478, -56.0133656788318, 177.63831706575996, 161.0668133139448, 6.0153927718212765, -13.505522560041017, -127.23938589317525, -101.4445689493582, -46.88464746191037, -97.73816816148175, -59.8065701646171, 74.39044979212429, 92.32038654712949, 30.01609797118891, 99.31389655787268, -37.199796539047675, -87.93931269021789, 48.21577605510961, -12.411158579444026, -164.82831134216542, -23.750627974180116, 108.50428310507749, -74.20983848241983, -17.120913645498693, -222.13721833187242, 137.5540659810546, -135.38915814859013, 133.44458448730842, -78.53457766820912, 20.661894899284295, 162.53120683199768, 46.995160135523825, 142.57327144555867, -60.80239754688016, 19.887248365586547, -56.257242840340226, -1.108481353937002],