{"k": 10, "sigma_z": 1, "mean reward 1": [75.45496101597546, 109.10367100989147, 95.71499771204478, 39.90054908618174, -188.13220671612413, -68.11121335622188, 101.00521645851828, 82.23083751006654, -55.65111209239339, -51.26108374999926, -69.66785423657792, -1.5921360114461935, 40.48657864990807, -1.3692512978302074, -38.51319168650565, 6.589810109619332, -0.8718665850499587, 12.184504866372542, 5.074432468080159, -18.187199252281538, -20.88057703669046, 4.007774820208957, 9.7021991341518, 4.443780261975831, -10.103818890807135, 2.9415991651234346, -6.25762810621395, -8.22511896942373, -0.29542753689745016, -2.0977427069766676, -0.41348044089473457, -3.3371786203798943, 11.216668655536349, -10.438809818488846, 7.066310460521272, -5.551168343888932, -12.644721245548176, 8.855013439497457, -2.3054732361212937, 3.067334531997523, 6.611954027988754, -1.7450061225702695, -26.993042988988087, 4.8227162206317455, -5.106029750726996, -2.767083034980391, 20.19103545515307, -11.264294100383655, 8.587413903510372, -1.5619778409163765, 0.7831429212855434, -7.533965722488288, -1.909966511200917, -2.283294643556732, -0.6308970359654069, -11.84577909883817, -2.8781835806098828, -4.545626348551703, 19.481613115869372, 4.076288195752902, -15.36278506524318, 0.7235826149009763, -7.543515390181318, -0.192213482143336, 16.728581319997783, 4.991904876818837, 11.901184538038903, 9.149676756165439, -9.252838971116436, 2.100883300305018, -16.379814115348424, -13.29324114193277, -10.983483683160047, -9.74039448007593, 6.620310605952691, 4.352352232914384, -13.587399012488588, 5.380347541002612, -14.705627598041833, 6.08218701399829, 4.3126798590756685, -7.429922855836246, 1.657159691804122, 18.209027945393256, -14.144439048243528, -2.9307141826704175, 10.612570300567, 1.6545931209858156, 12.689801221452118, 2.903007834152157, -14.091323842905709, -1.4446994056710332, 3.3506598849145353, -1.520790342740175, 0.2573229242177122, 5.61912588362725, -15.301815585425746, 1.7025533531262065, 5.6939731559347315, -10.949365246839676, -1.3069508902656346, 1.4527673496211555, -3.2101412083459495, -4.9576516503070005, 3.7748830400751516, -1.3011807996009832, 11.600875104778456, -11.05468953203578, 5.9536364058999505, 1.8998531309260969, 6.005354825419841, 11.608724916610232, -2.3757103125870427, -9.3119121966262, -4.8142890305724375, 21.066369084504828, 5.541863775547169, 1.2516120075054782, 0.7031085716372198, -13.326459605656979, -6.11529270549771, 4.308970574210357, 18.047629216127802, -21.85631692409664, -0.9552926741593726, -13.139549332197852, 2.472360379788368, -6.862956479007428, -1.208571552741064, 11.042703438968562, -13.594403043096614, 27.069091890092515, -16.166874354409583, 14.357465449050054, 3.415945401759497, -9.956539445435137, -32.27168106867444, -1.0304417974911748, 5.879301427799126, -2.430474254113282, 23.68383940181729, 7.45746197269394, -12.237250801378213, 10.922069073029505, -1.3640535608028403, -2.5477356232848782, 19.805265753146365, 17.036607524026724, -4.597123721191272, 10.688987038691355, -4.878699362998573, -9.417252889414128, 7.963217796573749, 6.431196104656506, 4.156193977963197, -3.93248190623316, 7.751869049487121, -4.108232380009639, 17.03727951877632, 6.701650847976827, -3.0507504419873555, 8.348047939272377, 11.299959766348277, 5.841016801523711, 8.23335336300974, 0.05638887950038737, -12.329142962089641, -8.833413382781645, 11.042053554731037, 2.7773773385878506, 3.5803498795727693, 2.5737147926037647, 6.05996797780644, -7.72053156098933, 10.069886659906102, -10.956091485324631, 0.769046598365323, -5.267711358155976, -15.001192742543727, -7.539712043855996, 3.0433475343223626, 6.279476314793893, 3.065579309025342, 2.9756062865312227, 1.0231875053222477, 5.04247228010044, 1.4682984998609072, 7.533999527653135, -0.07261566800555758, 0.3499362446967688, 0.014290000914298495, 14.089103878821641, 20.83532077520467, 11.084622350465105, 24.541256231367793, -10.343606721213302, -20.01612245220912, -7.636913965331865, -2.8437000394053893, 7.329455677813888],