{"k": 10, "sigma_z": 1, "mean reward 1": [56.72902778526694, -22.26751005151545, -35.3431748757199, -161.64741886510325, -29.18373627478628, -76.14922118116233, 85.79239242923363, 114.11018666575734, 146.65787155741776, 85.2551939461232, 44.70241161478523, -3.473794675165327, 6.955820803390368, -12.761875872152808, -13.668435241771753, -29.97896831505022, -2.644493455480068, 5.748144090546047, 11.500374250724592, 9.622298013845965, -3.4675835603952416, -7.739032300571472, -4.422717555781787, -10.81159258442987, 15.5445617635156, -5.563265469854667, -6.9217784101638244, 1.0904740667881683, -0.3333409074321367, 2.305200897094365, 8.27815038475961, -13.860569877552587, -3.5947260823772886, 7.892167964142393, 1.459449152452395, -4.1424683724468325, 7.324124881128413, -1.4054251519897232, 12.403530536888102, 26.421038610403297, -15.34055543109043, 4.085655453758511, 0.22020149438583603, -7.856551080515785, 6.7481946892717986, -0.9632088884291092, -4.460695454858005, 3.5561309943310127, -4.808503304489118, 0.8496730222502473, 13.487270848193129, -4.567247137134705, 5.6235413037633775, -3.128441045970518, -8.150994497033501, -3.901093101223036, 4.5418818780658885, -14.08647289471169, 9.863251922702037, -4.348424641059839, -14.111970315287136, 11.910791775918776, 1.2561305087159185, -1.1250080669265181, 16.611468142954728, -3.419834773872354, 11.51246540938672, -14.94799650550432, 16.506722509557378, -17.678694964136447, 2.140038207615478, -14.128867790922708, 5.829409591761996, 3.1718032455210032, 12.666314032233233, -1.7627168842662209, 10.238494663498921, 3.7144581339563, 2.392329996132108, 3.9269662167307198, -4.44262446313612, 7.580633627741763, 3.8994431189092085, -0.4031916900731511, 1.1457351451731814, -6.202478191984909, 1.4041600623571542, 5.691165901453332, 10.31487260975794, 22.12961833230075, -5.709165875170349, 27.94172008937071, -2.257304668529288, 15.50684487269421, 7.754992421420647, -14.149162371950004, 2.636843835005168, -2.6780936734403977, 3.2691759189522482, 5.437922386335288, 12.702400324867577, 16.18345119041232, 9.775127624765696, 10.13554055296682, 7.3000658887479375, -5.485019823838523, -4.871552052197624, -15.426376002943627, -19.746213772992974, -12.539455815717844, -4.82002699401556, 10.368484972878232, -9.637177884124377, 10.666902004015075, 12.345406337387988, 17.039406413401217, 21.023028030226687, -10.0452035537918, -8.190590099400833, -10.926854504458273, -0.4792334499362613, 6.532846486840793, 0.04093657421984864, -13.693865901079462, -16.95273818726513, -5.09678466992132, 0.06026741924907923, -5.607288717120015, 7.74088387178767, 13.889108515846, -3.5934263938175794, -20.693571261937237, 4.550903305827107, 11.537942097150742, 5.586678374866678, 8.908516265571425, 4.237464093989779, -4.416683591538722, 8.04265470885375, 4.845882953253086, 5.961913748855617, 7.461782718419281, -9.530199551539733, -15.039702240503843, -2.3215450625636946, -10.707062746479732, 1.9333984204633725, 1.8247357138283173, -1.7406098499396294, -10.40192233073286, 1.5935999820512396, 2.8572281895100096, -0.09964223113968801, 7.0863206965167755, -11.683150597405469, 19.309542439980248, -8.903605499965497, 1.0573525716396581, -0.35363390531515826, 2.9496216104002793, 9.958370873465444, 18.089192311552868, 29.38924749897074, 6.636035571190987, -2.617301602957137, -2.1687631321123897, -2.388788291432281, 5.99524564534982, -5.437358215169004, -4.783606038134751, 0.8586751933369696, -9.875315513156126, 18.545825495241278, -19.890852826489013, -23.069323339288168, -5.774066306089749, -10.33955757668566, 0.47054184529491755, 4.8775214864950005, 0.7766769998421374, 8.357147927596534, 2.998536236897568, -4.796600120428708, 1.5340972328507467, -6.7021743725503, -7.371314762779693, -19.273632347775983, -3.542183546386111, 1.1421534858141396, 7.493692303401281, 3.8752407497652896, 9.766949315493676, 16.70052858513216, 23.469934112877695, -13.963253865085708, 11.381795545813587, -23.17498106530902, 4.26760204452917, -0.8616529075671129, -9.438658859862358],