{"k": 10, "sigma_z": 1, "mean reward 1": [-215.86546489764106, 55.36218084396147, 10.756107419921337, -52.78526906555642, -51.01769204105661, 58.579768935219874, 29.144776261622802, -101.05664433008052, -108.89629982077042, 11.053649083756287, -51.11160734086917, 38.269347069199796, 4.021078352675918, -21.22278114908938, 10.160377109017313, 11.858932172926622, -3.2335723040051443, -0.243640592074455, -13.135062675524443, -17.859484199843354, 5.5632830749627615, 8.157622995983935, 2.6803248360919567, -2.0651449280494587, -4.6860721943747095, -9.748933320236695, 11.210670187354292, 4.5865461453774845, 3.5741353982419124, 20.258646352237143, 8.359813682920748, 2.5990428336313927, 0.021719113499248932, 7.953898056362193, -4.4278720451473195, 19.610048482145046, 3.6684541500626873, 3.5857880959480255, 3.0520905436539083, 12.820189542728928, -4.67559361499335, -4.4833042785107535, -8.746288933842102, -15.71754503896127, -9.68231550708824, 5.294915243640867, 8.805491655638987, -16.838901853227206, 4.360076304641109, -9.86074915195874, -15.611773968654902, -17.04863401832728, -2.9063074332849452, -1.723549181901678, 3.9924816693295364, 19.256498273886713, 6.783972848215073, 10.188672312337982, -0.8740024793079398, -26.612728012731075, -1.5027867427948154, -11.079499093612004, 0.5799821976994973, 7.543578370611237, -1.4406240946566193, 10.54206404729899, -14.738813502837234, 25.623601892110493, -0.8480099680084721, -4.036386171667117, 4.9003568963138155, -4.311382077732634, 1.0738493273835903, 20.060984335387953, -11.55756038852388, 0.678738506175936, -7.493505112234711, -2.5361566152731827, 0.742337462911772, -6.795020662513643, -28.66306483556034, 18.155085904729273, -4.894866499877692, 1.2845755613668153, 8.921482189465397, -0.8525035660218838, -16.533593316135672, -5.72192181045708, -12.02030416307997, 3.0207571026048563, -2.6099906937778474, 23.165479860507304, -1.034547068719297, -3.6233089687766884, 17.208135009105337, 1.4664266661224508, 5.434807013898744, 7.768179039645206, 4.8234363058938605, 9.253926181621816, -14.00222149479272, 18.52642502526324, -16.591355473662183, -6.784164493767056, -7.42875322792976, -6.752272392070703, -17.890460357542295, 13.270329338380202, -0.9823079922334005, -8.106461453690994, 4.4450108030702555, 0.9112004129971396, 5.728407279771069, -3.037701692115732, -11.100955881027833, -0.44009713498849634, 2.9453104585778576, 24.941890561622632, -16.209734064079036, -0.38958416621811376, -7.4793962792991575, -14.631580129506085, 4.39851053418656, -8.027659642694125, 6.798177348009384, 1.8058095978574151, 13.32799283988681, 1.0939290131945543, 4.493142566974193, -3.886362276825954, -5.073113819297037, 0.12397356754104236, -14.37977457028645, 6.7980987694284325, -5.42317860631349, 3.6159633842990586, -13.49212491096617, 5.59606711528887, -13.822421596471738, 0.46357025742498226, 17.031257305425736, -2.9369653946656484, 5.097822389317882, -24.70455382185869, -4.369670151658568, 0.8198576993701223, -10.128529346328211, 10.13636651747835, 3.6632192976829114, 7.659300928503965, -2.7654758761293996, 1.2234856671269605, -8.255825206255707, 25.113792598653085, -4.404112491870395, -8.147035186350145, -2.1231094021417114, 4.0618246154986615, 7.953575354312158, 27.823078731578207, 2.8168044853997234, -6.570818190069481, 4.988193006994257, 2.285030004547738, 12.643509845539104, 3.973419988268466, -1.4519506172678487, 7.204491457563449, -2.919604472487989, 6.588657517740984, 0.08751419070951456, 7.416465208106975, 6.150287277209884, 5.379841758148727, 1.2984511426566734, 11.978924212748739, 9.606918204823092, 12.66580591561858, 5.951938879870355, 8.05673851514971, 4.890669828135182, -1.1396397301180092, -2.002353561598689, -2.6005949492565748, -7.007466718802626, 0.2499059097103225, 27.034667858070506, 17.607729951821764, 10.411250422319181, 5.738234910863959, 3.9081855227008804, -0.9463927866293111, -5.5879588077095015, -6.324623247847167, 11.245280767992982, 7.095634157688673, 4.371843580367948, -10.84722542965383, 9.893651944225967, 1.307312889990938],