{"k": 10, "sigma_z": 1, "mean reward 1": [104.64774374874416, -16.21843225788774, -153.9695517551735, 71.17514569660489, -60.570867174119584, -9.110921775861113, 84.5926605053272, 9.736514210421367, -84.58607165811351, 29.10219307463887, -25.577633118283266, -6.273744596137015, 21.280586758639846, -18.760535337014485, -24.995213221772616, 22.01783074516889, -0.26936025994874024, 11.103724182947705, 24.696656379144166, -21.916991790158118, -1.5214503455364847, -3.4653882001621517, -18.126941100131564, -13.830465196829657, 1.3990981891904675, 1.3789043604638784, 4.314733515043571, 13.265559365005249, -2.2371830168323537, -0.8576728841333034, -8.84892576954041, -1.6977041163535689, -8.34709332539597, 14.998797034754865, 19.32845042097948, 6.355483603519685, 17.875328309854662, 16.377284570176617, 4.785742648964208, -6.2435578337661735, -18.39892406697976, -2.279738660807226, -22.45943517722392, 11.33365529374447, 5.731746981452991, -1.1754058562316678, -3.6726907004002585, 9.147900377690128, -8.728148000790082, -9.282272907037912, 14.55656381090634, -13.298135524506613, -26.25463813423344, -12.765263357781327, -0.2570058300060385, -1.850937484876485, 13.06167817674539, 0.1444084332722921, 4.357031721560486, 2.8963192160221607, 1.4850658730347526, -16.532471647778316, 4.497076172155029, -15.131248662054993, -16.148621074362758, -3.5950573272456703, -10.780757009536224, 9.536905598683187, 9.89586515479371, -6.584865697221478, 36.07192203431393, 0.6774529940404108, 1.9927206739191874, 19.558588570217005, -5.552118097449523, 1.6365907736151581, -4.114634519448445, 2.78462588577012, 1.9182128611046179, -14.315343678790317, -3.7487844085841306, -11.528013558019534, -14.787936942971964, -5.593481759969354, -8.836693572030853, -5.179402451873646, 4.442200419363492, 9.804362205136993, 19.265455138771436, -1.181146738943641, 12.271133779716594, -5.723153336572845, 0.6126266575933171, 4.600668349586689, -14.851199771659422, -18.655934315721538, 4.342404033968926, -8.10251661364399, 12.843175067679052, 0.22335796078172265, 16.13262839258487, -22.454310288827088, -3.835918756340131, 5.542857770759614, -3.647926031999314, 13.962089971350348, 3.832231136674224, 0.19898556981104376, 14.699890182465865, 0.2174985313899197, 6.828880043207544, 0.7459923867980083, 13.363323056046694, -7.858152900282303, -12.96015724210028, -11.994273698005287, -10.17801618448866, 19.259706436725523, -7.469024343353471, -3.1843966744258467, -6.519827406074855, -17.137866789034177, -26.587872295361834, 9.545236847494621, -36.695240184462925, 14.585538172815955, -6.853446232148038, 3.7275800560619956, 3.0869146531727703, -20.504315037632118, 1.0592623330361073, -3.625270576442631, -16.31866176129982, 5.352298095613433, 0.9469805597714265, -7.54688778965559, 4.429901389120266, -5.847635926605874, -18.112756823259495, 12.396701226064195, 5.299756793847656, 2.790351545577799, 15.563698754423749, -19.771553871091715, -16.45185848071977, 1.889172889146201, 1.8125840508211721, 14.865942750926537, 4.362404346956067, 1.6000242572029344, -0.16835428775361733, 19.582486137244317, -2.0988719274334584, 11.711375571978206, 6.610434676150653, -3.949574063051791, 3.83856252753137, 3.726090103579338, 15.590368662727094, 3.1591377201371884, -2.2260214321650933, -1.1503772699759398, 5.280138443743948, -10.346473423247566, 7.067892462405993, -10.569709627288816, 0.3121317899070597, -7.6717567412516185, 1.3233561314616271, -8.256730826010967, 17.650598597961448, 0.34358911577354934, 14.46247336549707, 6.825916544856982, -1.7611260511119184, -1.7654290057266, -4.347165326184216, 3.004993415216969, 0.7748871124812393, 5.630738015566605, 4.897464757569742, -2.932940864876331, 4.968643644771731, -9.033164887158724, 13.643644246252887, -9.53951829849695, 13.291313265760829, -1.2082950933292749, 2.8183390356352156, -9.692996026184062, 12.793487869998138, 3.334190994513418, -10.99261962955885, 10.525137849010473, -21.930935696882297, 9.856315665149346, 5.499091125194651, 17.665671200139844, -5.918263085500685, -10.31809780145318],