{"k": 10, "sigma_z": 1, "mean reward 1": [-142.6555420520532, 176.79599483110266, -47.53728751379821, 47.76101818175572, -102.18859446413093, 79.45282396010823, -187.31609776353014, 92.06151180549561, -3.5367924878710912, 211.06050536007098, 18.00045849020549, 49.63670764418648, -20.78174888069708, -5.216483371351988, -4.727596459839392, -0.40226851403989294, -24.101825008355945, -16.63480820423387, -7.782105912774918, -6.785650919524278, 7.658084686344633, -19.38346064734918, 1.9765723757576144, 2.5292665659352727, 2.0743528343668816, 1.3181398240606272, -17.97788692911614, 9.946857019294793, 3.0434601091120905, -4.400084696944692, 13.366110206797456, -8.293776931837856, 2.878180309600279, -2.678720817655203, 1.9387203302776712, -6.7604421731277515, 1.703346678366437, -22.882966819686533, -6.3206671703716815, 3.6427817804731175, -7.733549962260076, 0.011922447431963468, -9.94239565588205, -30.46983822783503, 9.101098708590666, -3.523293828479007, 9.064401111540722, -0.2598785232221479, 12.738154684347066, -8.891678869404851, 10.950258400347101, 1.778372676603173, -19.913710546106323, 4.523320720100606, 7.544279992721248, 8.57468657018246, -4.400928973770055, -1.0753480937692115, 11.25409374210632, -6.363290748009735, 3.9615022300606597, -11.082596097866364, -7.804258280120005, -7.381118090253719, 27.340299427801003, -12.695494006477567, 3.222431195625908, 6.549539832506028, 2.18784327178398, 15.412702762976757, 4.6210616669945335, -15.39781222649463, -3.081698818879308, -16.615276626868685, 3.9359498908475516, -13.311827161035115, -14.553194571356403, 29.552782951547947, 15.379249924416404, 14.633952171227584, 14.026410596093367, -7.620981486549381, 3.083034702710333, 15.020574345206041, 14.712109241532028, -14.111785853049373, -2.271975135859394, -5.995307896887954, 0.7107373533855205, 47.80097802908044, 14.826783878113508, 5.954895414524525, -0.04559790295194266, -1.0964454754582154, -7.870071888381144, 20.39013961516727, -10.810150966683363, 4.943559721178877, -14.304539837588162, 4.0821643385190685, 9.062042599784082, -6.861603642009646, -11.138170726136032, -0.5155837882338707, 5.544076090880763, -8.170502790691058, 4.620271461673208, 3.826735352095773, 3.119463008439026, -5.363443984811229, -15.865257323064402, -7.511300471005605, -9.804569965264616, -4.169208664979498, 6.301764833296898, -4.735102543241889, 2.3864417452447957, 2.4969414193030266, 11.513092880674836, 11.84744123420138, 6.479427173956394, 1.1509775260329738, -11.958159613791777, -25.801072392708036, -18.040226081467278, -17.255935832157135, -2.887026479390272, -0.8790488760621715, -4.7808811479768245, 6.573944836765525, -1.121261981901728, 3.759932238726129, -21.488421910266233, 3.580637323580733, -3.001421837699289, 1.1445194845528581, -5.514739600687114, -5.369337586482448, -4.335454280960801, 0.4441388166648344, -14.311047912240888, -10.056847304933758, -9.25996310967719, 8.423963854153016, 8.461436833804706, 19.111143957646323, -20.256076598218424, 1.9666648461144918, -3.4997798021496926, -12.073958863855081, 14.019949785212216, 16.397960130398037, -10.636385579546486, -4.558653617036004, -2.2295084281717283, 2.479212349527229, -6.290804345013122, 6.064978401737182, -15.560132355894055, 7.811813831668957, 9.736818950829992, -14.760806498449723, -5.131040062962561, -5.155149760964928, -2.327128758188979, 0.5387722232853082, 4.499678573246212, 1.3965989036577242, 14.24258599517488, -4.046603950594017, 9.48475932893712, 6.059456906831805, 10.052585192146964, 8.458221630565374, 7.235733396008907, -6.451993602873989, 6.679531884928699, 14.577770081455753, 5.850576057115009, 4.080524594235716, -6.28166133562452, 12.428293914436265, 14.0226867822145, -9.663164685523766, -11.132349153760188, 7.142198054177564, -7.884641474048925, 11.163078210976929, 12.278294828320073, -7.443243136481749, 7.490206954429554, 13.625409750834194, 5.913116462466008, 2.4277904843947873, 8.424612137459246, 1.4311667964271868, 8.15970159009084, -9.263740973159743, 14.287948388802128, -15.759135172760377],