{"k": 10, "sigma_z": 1, "mean reward 1": [86.81875293985624, 3.1727315059302477, 84.91661862419086, -84.04638652939903, 125.73237333226635, -28.42340293542046, 15.124430069945074, -47.97208610527028, 33.676215098459835, 82.93942407201351, 26.66251518068451, 15.861060852605348, 2.1934594636624483, -17.21404414546616, 17.93882056345096, -1.536203635970983, -13.885831186202262, -18.478143032590474, 13.936131283399927, 28.5475486159131, 29.899668213627216, -2.3521952619042508, -8.685719203492603, 0.41711094234998414, 4.195087472604648, 13.915289693958483, -3.241873801400331, 6.457305793836134, -5.935832618929629, -2.7359561660813316, -3.910204576821961, -4.792251236856723, 4.393355560635822, 17.397257921240236, -3.0008408892177654, -7.253383538115167, -2.9148589928958692, -4.036705797073125, -8.165108845595153, 9.24374935327305, -4.388755445533896, 2.209545063530804, 10.162280589245952, 0.29842144703449835, 18.84413746015958, 2.2610734399009185, -0.44636454609078224, -2.557380588088441, -4.376006611508345, 14.78070276180285, 14.350841967542703, -5.4663451438716795, 9.46412726892146, -7.530452305620814, 11.049711298357213, 12.459676630360335, -2.850233815362227, 5.167841716251482, -10.357852389673885, 2.112225627018267, -13.553723793575356, -6.629885211341792, -3.071655017218501, -0.4506598200743571, 2.131993940826273, -2.0063652457662204, -11.508908250615049, 5.582560966621806, -6.613711670368701, -10.494846951059335, -0.48337264269575286, 11.434297810080556, 0.01962311905055386, 3.924990493739209, -4.737181465675499, 6.135401824879558, 5.6583815137980835, -4.324605466465897, 4.912542391952745, -1.630866397906856, 15.80106597682457, 12.714757821898175, 3.303567830276024, 5.345300268056955, -10.707889774296614, -5.947133321186602, 2.7029223366907624, 1.3639705707526886, 15.224478381536423, -13.303251013211131, -0.9391638412970906, 11.982481761263873, -4.350203078202037, 4.720171773984167, 6.830371123188359, -7.048916436599298, 4.902008297866218, -7.579921583844721, -13.544903392593032, -11.892958459806312, 3.5950740686761975, -7.850246211087365, 14.62266726625591, 17.130778360228124, -6.112007013172894, 3.5098173472841756, 5.882521023428474, -2.218477374648407, -6.598895533393497, 4.74535605035737, -8.776773314255495, 14.721381943712368, 8.135489182065502, 17.5033988191936, 2.5895078302905796, -0.028312549552663158, -12.220641923393554, 6.366186163784352, 0.38456528096633635, 5.748581269108604, 0.09613965242343009, -14.577789849350316, 1.6504104219386626, 5.61394170347925, -6.009938494343815, 5.450732634179358, -0.9782489375391865, 5.1601781724792914, -7.880669244188317, 23.161008471803548, 0.333398004585167, 3.247775091259312, -5.032748517165596, -5.025314427442504, 1.26039191156518, -0.7910924277990827, -14.263175758775121, 14.476203750459058, 5.413563339818395, 14.409824014069992, 15.603250107338084, -0.7245766334444576, -35.77540568051282, 6.659052498351656, -11.253038248352693, -11.453033245228593, -0.6819540020230008, -11.695443004157067, 11.79504934989385, -8.21562505720994, 10.61281969375571, -2.106588026034607, 2.663002155501433, 21.786099648473733, 12.85717923825112, -6.639562376404637, -8.809931201052711, -4.5262873394056236, -15.270775019634826, -7.457944174665738, -6.406511212396247, 7.906256973296191, 1.582871604916537, 12.756735818255041, 0.9902367786838939, 2.8722320616729426, 5.964087943016764, 22.21564531387409, 9.239909865028382, 6.405023342311777, -7.172498560045524, -13.613010912174987, -9.39002326008675, 5.49617310446103, -0.1943057045691987, 10.5061232316986, 14.55832519305977, -2.166314458147928, 11.617804442181223, 2.921592764307699, -21.561061484621, 1.1249889041304977, 4.750732489595965, 4.707700219360798, -6.982981009482037, 27.136879245749974, -3.782997174941944, 4.55065760844147, 1.683835950715031, -4.771990024393583, -10.39241135023313, -14.463795623043573, 0.8986342750532783, 8.832585734521432, 7.84857014447531, 15.513151372939497, -1.476145799013227, -12.808347462512035, -0.9089297481657105, -2.842876506179288],