{"k": 10, "sigma_z": 1, "mean reward 1": [7.786388336783476, -42.989228879759544, -62.35541414166491, -88.97726972030918, 60.34255472107665, 192.39451656634796, -10.717223464734538, -138.7312926749228, 91.45495186648581, 65.0933167096227, 31.429102773385154, 85.90413020896085, -61.77087117535916, -45.52515457157107, 53.836019578514126, 0.9295684515393163, -20.310667304024847, 10.544198428415338, -31.179938208577447, 6.845191635751986, 29.2772492868122, -5.804989312863038, -5.927570813813677, -10.88760028084547, -2.60236078665147, -25.39205995795654, 9.357063100088565, -11.231290640149926, 8.410794091878403, 3.5998953391470434, 10.077748629060487, -15.280012823855454, -12.561737540327979, -10.494041316461313, 6.321994561235544, -0.8297900107341771, 13.267196394837018, -11.692042915085679, -1.0654279785854426, -4.797508771932036, -3.247967166216062, 2.737208899476866, 0.948305825926311, -15.463854144116883, 3.5372214214224966, -3.1145665234308364, -0.9221649647582096, 3.099661697789732, 13.047053048442873, -10.564423348713522, -6.971403260502421, 0.5937521659432176, 6.692710584169214, -1.0538549495944918, 6.575066287798864, -6.707420665017652, 1.5442043385851354, 13.221666459553067, -5.410532794147099, -0.5386483766240097, 0.714508997673249, 16.48141972202535, 3.8986473916591438, 5.807098965452471, 17.478237135736162, 4.001089810908201, 24.336103856404534, 6.353257684419006, 9.784726960545498, -4.889728856262826, 6.933091204723372, -21.601160635925368, 3.1689490089992542, 9.356277881229204, -7.2694367494743535, 12.868189168571615, 0.9745369325699372, 4.838348656238538, -3.431585730148872, -4.865708341615628, 9.254919322197194, 4.502691527076221, 12.811025291295682, 12.506634372254027, -6.39657441249745, -9.033888891475364, 16.953388689810044, -0.5477936726066424, 22.06184294909847, -8.825827654608497, -9.888621889614114, -9.396766959243033, 7.618888567810834, -0.06275062685459215, 28.887723852200182, 12.352472867728965, -3.0115727579614235, 20.17930051877834, -14.13821144845448, 2.3630962952550063, 7.465154821736006, -5.234497593590596, -3.344426967221696, 2.956386500655978, 5.770654952188579, -4.879636840509029, -3.654768982501583, 6.368354723083252, -19.335370684459292, 10.07765190674371, -4.836905613043082, -9.816949637853828, 4.9104570161281815, -4.501819404432807, 1.3195877548021566, 1.0487725872890963, -6.078982891023693, -7.060086903860498, -13.906325591961073, 1.2959765565517654, -8.500938165923015, -6.454844140040582, -8.188823750094722, 2.8904581758318084, -5.5261591449275915, 18.607684884858248, 5.298084149706535, -0.9413669086929364, -6.18375897185776, -1.7718002118758036, -18.37609313008942, -8.552001287434148, 9.275728588162384, 1.035660580440937, -9.332481820015571, -6.874192357009957, -7.638093744423933, -5.161660790502859, 7.072048414111527, 13.517756501995546, -8.181146685608216, -15.816593825340552, 0.8320423598527826, 6.085415580848847, 1.9753412764118887, 5.643969127886157, 14.77194013446508, -0.20999366041437428, 8.462321786666319, 2.188338738777264, -8.63222909344133, 2.3805976505804827, -13.052667859750727, 2.9062052120364146, 6.219433408350817, -2.851489057142218, 11.437893970716505, -11.49016532283293, 42.365950512616166, 8.151800247440775, 5.542106033731358, 0.5179065054244314, -18.392694594244404, -2.5046750940150138, 1.8785259363270146, -5.174794294111131, 13.98581547263898, -5.630018366386502, 24.38508792628363, -0.1728996866267407, 2.61584818044449, 8.484124516196571, -6.549562705497164, 12.121319340518271, 8.492533653720727, -3.2934726906955722, -11.84332380853451, 11.668905897485102, 2.4771656081265814, 8.79742246985957, 14.263622823442628, -4.804051738040281, -2.020032099528599, -0.8307680240251586, 17.237864270945977, 4.321008402388827, 2.0524778801132477, 8.173527451708196, 5.049879678466688, -9.690074279629652, -7.15956733573655, 0.26450054430006253, -11.34413809485093, -5.410460966808959, -6.853542432762792, -8.098512847757437, 12.19482743078989, -0.699564223809569, 15.799762573525314, -3.488906602239882],