{"k": 10, "sigma_z": 1, "mean reward 1": [-22.283871041773345, 67.96378499743328, 7.904498022046171, -8.233525799703422, 85.25631122774266, -71.73081904080468, 109.25766113632152, 47.720869208546226, -91.79820630427474, 19.992625332328743, -15.99941772993805, -31.578193461081522, 36.12154346866237, -7.6594196440961015, -32.261391744220774, 17.219450956988197, 1.8999454125995971, 1.9026062029109825, 6.583851033463212, -3.490849501361229, -18.877982314634075, 17.659803043908134, -16.86224759639977, -6.710315972073299, 0.9346879769816681, -10.128029619328993, 3.184083967203852, 16.20983151347623, -11.667591989296477, 1.7482774005149746, 0.3096223808426734, 5.944660303423809, 13.89418203244659, 8.754998798199601, -0.8596223109193074, 6.49624926123188, -15.260710577566956, 4.128683468193625, 4.992477850976237, 0.7784273972781119, 15.722481881791683, -14.505683711755532, 2.6853099054475384, 14.88722487574277, -4.8685370069754565, 11.266242635016967, -3.240745476878131, 3.0329262388163256, -27.822191456518993, -0.9074634300927154, -6.420931328912083, -7.23362351184387, 15.804102452117023, -2.3219577569437355, -0.8769763001486155, 5.696713983375168, 13.325397268881536, 4.928899645748615, 11.593778277805269, -2.8529749372097197, 2.6108634146664116, -11.804866752067579, -9.261225191076637, -13.363914655783693, 3.139534783111447, 6.967693725431804, 6.268817921722253, 1.5277886196238, 9.250260655302757, -3.5424633880550918, 3.6065642523077264, -15.760634423874453, -6.22631125492666, 5.060108709919784, 14.3832407523518, 5.018862056143779, 4.321800110467918, 15.516829006719451, -2.649136237266192, 3.40210872372646, -1.9943518579665591, -2.443913957308589, -10.238103390012634, 23.942099527109406, -12.376319533822208, -4.756711255085856, 2.583719779178619, -18.66288602205216, -11.495765523694722, -5.221284019005452, 33.208462538787735, -7.641438169026031, 9.812546291878565, 6.62510409146984, -18.34715226059538, 1.677128807226228, -1.2703170355248783, -30.552198598797922, -11.881514954668862, 22.51154489012265, -17.482918674395854, 7.592388481638283, 5.814403107500975, -25.2580077167687, 8.031022788603863, 16.618784646052074, -10.212224341660344, 4.474952410705767, -6.82640213313387, -24.18078659453052, 13.031249392527878, 2.3683397784398643, -3.745729082787758, -2.407045803482605, 9.605544160454112, 6.544366942105301, 5.246886720230201, 12.14829319255253, -16.85057379771753, -2.695251915541912, -3.319533310798642, 27.58417039722541, 0.673934746423242, 2.6623798639735607, -19.428218618055155, 0.9414569205808293, -6.778390403799046, -4.73305749154325, -1.3315977395182008, -8.273371023079852, 10.430952778939517, -10.03018439930016, 6.264084499574455, 4.762206158549366, -8.899061794040051, 19.729551308344114, 12.34187267256331, -16.912421840563518, 5.651601176379667, -21.987419987171684, -7.714366851763874, -4.516199063415717, -3.708638782513967, -6.054899062292005, 0.23996707128162653, 15.011629996769816, 8.931858449590123, 12.81876940341431, 3.9929658009090025, 19.714818168159972, -9.497744228821773, -18.42004195997113, -11.37021788769697, -5.273300274283321, 10.305373845741848, 10.504585972189185, -10.898846597407193, -0.3480234523123289, 11.194670549878465, 13.4288080359629, -7.64190801978838, 12.551666385459754, -9.361620584074494, -8.164180014212265, 3.6725801834771508, -2.2019184405099894, -1.6545752644054204, -0.06717274169240284, 4.2846049345703765, -5.935261043125065, 4.504485659294458, -0.6902305941595165, 9.39620161995377, 3.3192791314197834, 4.347632906762426, 0.30469217643775665, -11.874179284871232, 10.11793556347608, -16.528860445922543, -1.8824783995140204, -13.981219246171388, 14.282235291496676, 11.6954941414392, 15.907983636719255, -0.9427495646851408, -5.632171104579816, -4.717522926174041, 0.3275824734149059, 14.743923680911406, -12.582622543857005, -15.709261386519913, -2.6015412248206946, -10.552273484983852, 1.0691462855764877, 8.582714191176725, -1.6368860388605992, 7.6069470049365435, -1.380703487100699, -13.127508510648072, -5.270140092131131],