{"Stationary": {"actions": [1.0, 0.0, 1.0, 1.0, 1.0, 1.0, 0.0, 0.0, 1.0, 1.0, 1.0, 1.0, 1.0, 1.0, 1.0, 1.0, 1.0, 1.0, 1.0, 1.0, 1.0, 1.0, 1.0, 1.0, 1.0, 1.0, 1.0, 1.0, 1.0, 1.0, 1.0, 1.0, 1.0, 1.0, 1.0, 1.0, 1.0, 1.0, 1.0, 1.0, 1.0, 1.0, 1.0, 1.0, 1.0, 1.0, 1.0, 1.0, 1.0, 1.0, 1.0, 1.0, 1.0, 1.0, 1.0, 1.0, 1.0, 1.0, 1.0, 1.0, 1.0, 1.0, 1.0, 1.0, 1.0, 1.0, 1.0, 1.0, 1.0, 1.0, 1.0, 1.0, 1.0, 1.0, 1.0, 1.0, 1.0, 1.0, 1.0, 1.0, 1.0, 1.0, 1.0, 1.0, 1.0, 1.0, 1.0, 1.0, 1.0, 1.0, 1.0, 1.0, 1.0, 1.0, 1.0, 1.0, 1.0, 1.0, 1.0, 1.0, 1.0, 1.0, 1.0, 1.0, 1.0, 1.0, 1.0, 1.0, 1.0, 1.0, 1.0, 1.0, 1.0, 1.0, 1.0, 1.0, 1.0, 1.0, 1.0, 1.0, 1.0, 1.0, 1.0, 1.0, 1.0, 1.0, 1.0, 1.0, 1.0, 1.0, 1.0, 1.0, 1.0, 1.0, 1.0, 1.0, 1.0, 1.0, 1.0, 1.0, 1.0, 1.0, 1.0, 1.0, 1.0, 1.0, 1.0, 1.0, 1.0, 1.0, 1.0, 1.0, 1.0, 1.0, 1.0, 1.0, 1.0, 1.0, 1.0, 1.0, 1.0, 1.0, 1.0, 1.0, 1.0, 1.0, 1.0, 1.0, 1.0, 1.0, 1.0, 1.0, 1.0, 1.0, 1.0, 1.0, 1.0, 1.0, 1.0, 1.0, 1.0, 1.0, 1.0, 1.0, 1.0, 1.0, 1.0, 1.0, 1.0, 1.0, 1.0, 1.0, 1.0, 1.0, 1.0, 1.0, 1.0, 1.0, 1.0, 1.0], "rewards": [-224.32356511785102, -140.07713134538724, 51.77618327766625, -58.66512715011298, 135.69287148275643, -69.46242270306277, -0.8108818181295916, 100.24900631228446, 38.34100362523291, -191.8809450787816, 27.512971877457574, -25.027244432456442, -28.52625349117598, 33.911748362856436, 14.383326801605676, -35.05913557694779, 38.507947033527536, 0.9232909363047301, -2.252749828728588, 24.20647945438055, -17.00644959663127, -20.800850905445355, 7.062631039391897, -6.208277960769914, -29.80951660592252, 12.00168114955671, -2.9596577047880217, -16.931975670972097, 10.588099730967544, 1.6769476427366143, -5.169025060888219, -0.782434021477517, -7.149155196956788, -9.849010474503267, 0.06906930637234987, 5.109418540484427, -8.073867259102622, 9.716229394379098, -5.992867832615994, 5.945271062774907, -17.66507273573683, 0.2312563329380351, 1.0751667335871362, 4.133077413804705, 7.005413089326921, 15.24502385283405, -8.441402972300159, 10.767677367086558, -0.8802665662358178, -1.6647762367821999, -3.9867793135585927, -6.739660080655638, 12.4718610510207, -1.2359950590855178, 5.909873110565337, 4.66656180500053, 6.306927896636239, -2.7431375475288435, 9.773964863571724, 4.078629034092566, 4.317181423102131, -3.8322030715940887, -2.3523273704562393, -0.5649566641990791, 10.632938166622385, 14.834749037700256, 7.844856323173618, -0.42088111180377896, 5.877002704739306, 5.547754081273013, 14.81267123198356, -16.424236844588, -11.824988253699507, 18.47576666627706, -10.469944704084519, 1.4200126617519264, 7.049848328917121, -11.00980994737558, 0.8232825200238403, 1.0708987038786357, 3.249269143671766, -16.95711543640895, 10.217374130597795, -15.289705252223136, 32.92566956512906, -0.9491129639091247, 5.947926690422915, -14.196911609663232, -0.1695019292783322, -3.361287466335405, 3.4454251537210974, -3.795331652536741, 4.310612899971792, -6.667204581170222, 5.582928685972141, 3.0336952059124016, 20.58605906129052, -2.568539875482611, -10.857354933630045, 2.242269359119168, -5.407569352770813, -3.9312055065468865, -0.0939202003264008, 1.7998929369229884, -8.536650496903595, 6.498862632289065, 8.326644482238692, -16.732248735960525, 10.215123274377612, -0.40310129571930053, 11.719735607417961, -5.196366923537204, 6.003997151602475, -5.206564084672794, 10.41176674335678, -4.3094077312291965, 33.01359955273709, -1.3095751754894056, -0.5172442198067333, -3.7948913044796333, -2.2079680855819848, -12.657908278644541, -10.506479045323408, -8.263505747714987, 0.06612568356235515, -2.9727777677258667, 15.402358818899039, -18.61321249342797, 5.082168310621589, -9.158719676777281, 10.065554109941031, -0.03254936691052923, -8.916504024955069, 10.481981468579857, -5.09642315151316, -10.483250914504389, 0.27033982318092287, 7.611668594446877, 12.076703026048756, 19.39436647203159, 6.00202157155342, 4.691208385626446, 14.463341933495245, 0.8805029975073833, 5.0500519346353965, 10.276613180160092, -0.7191631073914465, 8.274721479051745, -11.00502977448437, -8.084773850308032, -7.121459612168916, 7.79959421704621, 14.782207607048168, -4.757833193640722, 4.415846037379316, 3.242424130390453, 6.021387215819617, 18.452507565167494, 9.1623507521475, 16.536073337828196, -18.81565648526385, -12.072070029920903, -1.3694441996566686, 5.388571290730803, 10.309152110764016, 5.979871781592582, -10.845716762398428, 0.9858466670143436, -2.1191549611134826, 1.0509825692263128, 3.4627779019366463, -12.861199323206687, 3.7726201377928104, -3.4357776485069635, 2.430674902301489, 0.4582208123447727, -4.766970062228364, 2.2338755400952763, -1.0995193366715166, -24.981293159610782, -9.7493592255112, -10.905954030412754, -1.7967005361188124, 6.7224820429059395, -5.853810840239513, -9.144172851280107, -4.211054313367351, -3.295271939151197, 2.022245776178684, 4.757292498390566, 0.5975498346261038, -5.194752290903332, 11.30757158657747, -4.443388465138252, 0.9741585099552958, -0.6068620446833548, -0.32669441900441737, -9.745166457121426, -18.239836326477, -22.901625447819942]}, "Latent AR LinUCB s=10": {"actions": [1.0, 0.0, 1.0, 1.0, 1.0, 1.0, 0.0, 0.0, 1.0, 1.0, 1.0, 0.0, 0.0, 1.0, 1.0, 0.0, 1.0, 0.0, 0.0, 1.0, 0.0, 0.0, 1.0, 0.0, 0.0, 1.0, 0.0, 0.0, 1.0, 0.0, 0.0, 1.0, 0.0, 0.0, 1.0, 0.0, 0.0, 1.0, 0.0, 0.0, 1.0, 1.0, 0.0, 0.0, 1.0, 1.0, 0.0, 1.0, 1.0, 0.0, 1.0, 0.0, 0.0, 0.0, 1.0, 1.0, 0.0, 0.0, 1.0, 0.0, 0.0, 1.0, 0.0, 0.0, 1.0, 1.0, 1.0, 1.0, 1.0, 0.0, 1.0, 1.0, 0.0, 0.0, 0.0, 1.0, 1.0, 0.0, 1.0, 1.0, 0.0, 0.0, 1.0, 0.0, 1.0, 1.0, 1.0, 0.0, 0.0, 0.0, 1.0, 0.0, 0.0, 0.0, 1.0, 0.0, 1.0, 1.0, 1.0, 0.0, 0.0, 1.0, 1.0, 0.0, 0.0, 1.0, 1.0, 0.0, 1.0, 0.0, 0.0, 1.0, 1.0, 0.0, 1.0, 1.0, 1.0, 0.0, 1.0, 1.0, 0.0, 0.0, 1.0, 0.0, 0.0, 1.0, 1.0, 0.0, 1.0, 0.0, 0.0, 1.0, 1.0, 0.0, 0.0, 1.0, 1.0, 0.0, 0.0, 1.0, 1.0, 0.0, 1.0, 1.0, 1.0, 0.0, 0.0, 1.0, 1.0, 0.0, 0.0, 0.0, 1.0, 1.0, 1.0, 0.0, 1.0, 1.0, 1.0, 0.0, 0.0, 1.0, 0.0, 0.0, 1.0, 1.0, 0.0, 1.0, 1.0, 1.0, 1.0, 0.0, 0.0, 0.0, 1.0, 1.0, 0.0, 0.0, 1.0, 1.0, 1.0, 0.0, 0.0, 1.0, 1.0, 0.0, 1.0, 1.0, 0.0, 1.0, 0.0, 0.0, 1.0, 0.0, 1.0, 1.0, 0.0, 0.0, 1.0, 0.0],