{"k": 2, "sigma_z": 1, "mean reward 1": [12.456569254634093, -5.498987449126083, -8.082567316398642, -1.0182573940418274, 2.870787529155175, 1.363373488903867, -0.45963320719336315, -1.3009935088024547, -0.8945794066870607, -1.0266050869823773, -0.8821282376182213, 0.7684506396707896, 1.3271142106947074, 1.3654302420622788, 0.5719602664660788, -0.43851100828746964, -0.33087188955211205, 0.31701510411067313, -0.8521442757520983, -1.5723449756337466, -0.5475937632456299, 1.3879210662831598, 1.1017663260280044, 0.7642184448017668, -0.8706245473321548, -1.6756175425903845, 0.45194356514333733, 1.981583084329833, 1.9264622836649488, -1.4196695402566422, -0.8665127007790816, 0.9810066490165193, 1.8911320054416048, 0.24091363378846326, -1.973205236041958, -0.3549723813179594, 1.3525791943254042, 2.0370874847017832, -0.1664132485394031, -1.1545090562270601, -0.892742131321862, -0.9541206300907749, 1.9933860754811894, 2.3037735445644367, 0.8707726543638524, -1.2001939909514832, 0.5963648750431945, 0.26741158745865934, -0.9969231551503113, -0.6000076814673188, 0.1614552602679118, 2.331647184990845, -0.09334712119373689, 0.29593814606569246, 0.3997350355029319, -0.3678440854399568, -1.3670211290108107, -1.4944378621049215, -2.29015142778465, -0.42684214440390555, 0.2085838542300732, -0.5100823114579015, -0.062043303375053815, -0.33249428864132796, -0.9915656697874758, -1.146933470221249, -0.5063677396214082, -0.9236150719951806, -1.164487854981929, -1.1110837087368954, 0.6754182381941308, 0.09435334341256951, -1.3172806881532777, -1.8017439966581261, 0.23793916383241498, 2.172104796650137, 1.462461362653016, 1.0545875038378538, 0.5474383725527477, -0.11354156874112153, 1.2183979470851307, 1.808551946842204, -1.230124885487208, -2.55292666895191, -0.43197565439216723, 1.003078372522574, -0.6209465914627681, -0.28798744160532475, -0.9967438620907535, -0.5688664028017664, 0.11367268248035593, -0.07967891869220883, -1.0988513347992497, 0.5042439647599429, 1.548800376751545, 1.2718840318092561, 1.8723529583187473, -1.024564820488311, -0.9613926433343154, 0.7779386138459908, 0.7024043799364299, 0.009078464014318562, 0.5177690294577666, -0.0668194782541523, -1.4318402888619837, -0.9699711820461309, 0.7529890868934388, 1.0508180070499693, 1.5580586059715065, 1.4673878661419903, -0.01729283149164964, -0.027376181729972693, -0.5182813507393927, 0.7365454703084784, 0.14070276646958668, 0.8382464467834314, 1.5553824163564722, 0.2054591260457187, -1.494340557206125, 0.49841828178143777, 0.8474129856155987, 1.523460252844298, 1.7069777473188155, 1.7771953556948614, 0.3616004358914245, 1.7825363484387025, 1.2435517383122652, 0.943749271475448, -0.2692981665771856, -0.08554078671094545, 1.0574780391005052, 1.0869474050216164, 0.38749934345302606, -0.4476637128754977, 0.21909585844184054, 0.7425871620643509, 1.351105752038015, 1.5891514968512968, 1.1089270262912185, -0.313132641221765, -2.9621909147430148, -1.9493322651084113, -1.1143014851474655, 1.0974852166903815, 1.106982606147255, -1.4207404482247383, -0.7937329321605355, -1.310171211402174, -0.7949187932107286, -0.0667684942027712, 0.9422644597352494, 1.2966169140788024, -0.3353417323228902, -1.1072981137740374, -0.8742548145878568, -0.03707474176314984, 0.6776063839322777, 0.2877154981079071, -1.961517828851632, -2.5194555530065834, -1.1511971769217975, 1.1341538800194977, 1.7869453350539901, 1.0497052738652275, -1.3921132564414243, -0.3801091443880551, 0.37632850493888903, 0.3538855140881448, -0.2847893271483928, 0.5866835356432464, -0.24911495955662183, 0.39780067460610546, -0.5682268693301522, 0.6524380994941552, 1.4916943806937701, -0.5156853813942365, -1.8652002911652015, -1.335115240204364, -1.284254068794959, 1.234236122046379, 2.3958322607560256, 0.9042779037960837, 0.16238411530940278, -2.114285664319693, -2.135807296423543, 0.6444605962898913, 1.2583932958883088, 0.04302555161653654, -0.26335114173537627, -1.9723839535232344, -0.7990536792777657, 0.618331602241448, 2.3392963635873523, 1.211598495689914, -0.4981528059779411, -2.104959280566768, -0.3725943018160117, 0.7381310756625085, 2.5121773100379494, 0.9500571164475626],