{"k": 2, "sigma_z": 1, "mean reward 1": [10.561975280777023, 4.814485440196722, -2.63332489409394, -3.706561067518413, 0.7425141773405544, 1.7691567462892515, 0.0943945589365745, -0.620598571088162, 0.6155754982067794, -0.1702075844399733, -1.2403927920486961, 0.27297896670332666, 1.3173217345060757, 0.03802191265030497, 0.8058900873571643, 2.0126135123492275, 0.579119623585934, -2.2721453033546615, -2.0345254881893067, 1.2709940038613556, 2.347351903962017, 1.1767446945518236, -0.2704936639678837, 0.21000466291344533, 0.744206034734984, -0.4018974837990444, 0.6034007008649637, 1.3424564557778331, 0.560730217675067, -0.7138839835438373, -1.0053848363414584, 0.5044670739077373, -0.07362596260163812, -1.410838131201477, 0.07531574267231778, 0.19551940843127058, 1.2161959030464025, 0.49425064650753886, 1.1279371777999598, -0.028665663980195655, 0.7184653290730479, 0.1811268910856226, -0.18727453170344605, -0.9539742033021362, 0.13824669162457148, 1.8402074108834827, 0.21901479259982448, -0.6281043983043646, -0.6155286671733942, 2.471396745001778, 1.3461366812196307, -0.11812860842524558, -0.1809595289100534, 0.17795842661252018, -0.7942663212926977, 1.069949310149311, -0.29558340194847954, -1.8244739938750578, -0.8215209762653198, 0.013236226543479779, 0.024166710857854934, 0.5122875285737801, -0.6939840082982263, 0.5030009111806708, -0.07407467257084788, -0.7537137142571226, -0.767254093188495, -0.6373270732497319, 0.2958036648316785, 0.4324376882187154, -1.4453881396986832, -1.0320870206988377, 0.6920045531511712, 0.8748823895370924, 0.2781530715347733, -1.953000776033875, -1.4608044612698783, 0.18903643981992252, 0.23769257339124605, -0.4417764744898345, 1.7121567686854249, 0.0444766351054493, -1.2661924017792214, -0.22031435893114115, 1.034923690483411, -1.281823533918209, 0.6988703844341564, 1.283079625881617, -0.8024566474341108, -0.8768709090860126, -0.31417681698256966, 0.33876987779702095, 0.08800200063638669, 1.019851470622522, 1.1057323458998343, -2.1604041510875986, -1.948776633897908, 0.6620263808029032, 0.02708203631076378, -0.6843218748811628, -2.17754278453362, 0.30037495482592647, 3.0872634700633714, 2.5848949478777135, 0.2413823993715135, -0.8933908870613227, -1.0360500128866894, 0.65484329783325, 0.10710456677665459, -0.5522657024306787, -1.0624401066142781, -1.2004784152479728, -0.900739518399482, 0.8190994337053037, 1.8917478943660746, -0.045184634288560344, 0.6876531343866039, 1.6825866951606916, 0.026677517426226982, -0.2922943408035267, -0.11156324859812876, 0.48208998887672994, -0.43654318739562836, -0.3062733253288503, 0.7569332070213046, 1.8279336629718053, 1.3521691828793876, 0.42759894388571074, -0.4498354471876279, -1.0828949781942003, -1.0370898950082323, 0.5894769444996677, -0.6386459877180659, -0.9252411621486243, -0.7962763899772471, 0.5466888455573004, 1.8090823195146049, -1.1810487717948173, -1.0589677073728991, 0.8209312329214921, -0.10490304724384769, -0.598290231194458, -0.576342137881056, 1.0212908753971328, 0.7318819363084346, 0.4306353860128268, 1.2999561355229294, 1.8686285417658504, 0.5305204477630114, -0.6428971257095468, -1.3116865972449623, 1.3679859274266521, 2.3054854941943956, 0.5233418061682692, 0.14344739038589416, 1.312866869793718, 0.6206481737420838, -1.151474455672969, -1.7407219394516251, 0.3664687691134443, 2.6800578147920975, -0.04869926349619513, -0.7461432340451012, -1.2673438578219696, -1.3894204253562437, -0.32549858754692906, 1.7311816854442528, 0.05887489860427442, -0.10384789603554134, 1.2585009416567572, 1.6939530738251527, 0.41432158437752664, -0.9062578513614166, 1.3568357264821933, 0.8735967975324699, -1.5719998506127353, -3.421084781191624, -1.4372767344073465, 0.829761179659533, 1.3103391564404827, 1.1564912446277749, 1.4004259395496812, 0.9217432686932951, 0.45784387907471746, 0.24095529882560363, -0.43532257733022856, 1.0935322164129673, 0.14636652456477217, -1.3002550473593188, -0.6057416287453661, 0.3937786273190523, -0.5677274092433459, -0.3007503010581582, -0.3579053550641428, 0.712641063066932, -0.600332760765214, -1.0124226303572645, -0.2508186669798524, 1.5177067029579192, 1.064626747946717],