{"k": 5, "sigma_z": 0.001, "mean reward 1": [403.91291666985535, -1017.9221759636117, 570.327855607285, 526.9946831942493, 577.5004708104844, 199.87790115622497, 394.4510668092778, -113.03447966530923, 21.860154108342442, -155.0129755111593, -62.157680678175794, -118.5472928470355, 1.8666038063216661, -40.774133541120364, 36.05784142537908, 3.832419946560077, 34.47252536889137, 3.2221020772244904, 17.877382388685163, -6.653879449162547, 3.983208585182088, -9.350399987898287, 0.010275466830666331, -6.362227888892134, 0.9790643212319005, -2.420291837489647, 2.1721657178610068, -0.49268657440663777, 1.9556503004865882, -0.32679717787352724, 1.155727772636322, -0.5976002152882398, 0.2544792914609591, -0.44521428362876225, 0.17480253181130445, -0.3807345948982717, 0.20689817835946675, -0.20232049793998444, 0.2531234024432531, -0.12601292785318624, 0.24565511540637092, -0.15013701029527687, -0.03427528079885871, -0.13770963561265004, -0.11753321855850216, 0.10146270340795063, 0.061208908898789195, -0.05525657538868059, 0.184303977868169, -0.10221923534027762, 0.031491269861446784, -0.03219430580500371, -0.06072381967938504, -0.061037127334638695, 0.10404259237485015, -0.0438090496692378, 0.03460328668710724, 0.1038136288540015, -0.03987788937091866, -0.17909527066637215, 0.005369821927868855, -0.10025882526925338, -0.051805718722651245, -0.037256663413889404, -0.09374744074635143, 0.05244554753528205, -0.35297580395526534, 0.020791712718812055, -0.28558378319288247, 0.010984488710941424, -0.252956433531916, -0.037561930970471405, -0.1322141225671175, -0.02744997975763357, -0.010583831572774292, -0.2076588332638862, 0.0021167502030255904, -0.032975404573913195, 0.13745824003073465, -0.003233448448534283, 0.16928240160466715, -0.2172988945489398, 0.10994082480609774, 0.05760774719774312, -0.046829141631557915, -0.04933078245570853, 0.0539165804416126, -0.08545329940981382, 0.022208033383903474, 0.042355285198898925, -0.07857964640862249, -0.015704806251017545, 0.01235105217191008, 0.1702348507321784, -0.08445402518379132, 0.21146282798881433, 0.008075446486113434, 0.06432856677010351, 0.05497474606371533, 0.010805506939617862, 0.03190316049042103, 0.10333352990277982, 0.08576027620990143, -0.14317919367676635, 0.010382322686537507, -0.03747853400848617, -0.006297421535156377, -0.16035611562501975, 0.17097143030154643, 0.02707847401560669, -0.03669061700529619, 0.1663079067694956, -0.12468245338451087, -0.02275929304979298, -0.07440216748457044, 0.06682633415788848, 0.18151480005287876, 0.05036540955601963, -0.04055431544578581, 0.05176948552810548, -0.139004390306681, 0.034025240342685156, -0.18126662146986813, 0.06015423244305465, -0.21477108680812507, -0.048508105729574, -0.14063902109458493, 0.02839821692693318, 0.08059441265741465, 0.06117666887858997, 0.11844141283851883, 0.05714753020096151, 0.14437229551970604, -0.05616788792836668, 0.337805779553335, -0.2581121090951803, 0.28720955033504864, -0.11861903143978851, 0.05943009836628278, -0.06770919352751337, 0.15208353350488657, 0.10302629805698407, -0.12611522479519968, 0.14450182898222375, -0.07677257119529031, 0.07653102082025276, 0.008450102841863915, 0.09116784888521033, -0.007400167769082354, 0.06347022083759996, -0.005880677560285728, 0.0075065293736265885, 0.09124313492094095, 0.1112941648369782, -0.07818239944410728, 0.28448714550182985, -0.18476171159873245, 0.13102432015564924, 0.05424714733502269, -0.08559313807072792, -0.02887639132853899, 0.030700771956401057, -0.14143880480967644, -0.1817388769973148, -0.14458900296125782, -0.08845018399979196, 0.10352035456329998, -0.0001885407068662713, -0.04996672557680455, 0.06739026886199498, -0.143230649706597, -0.07673892010866223, 0.08653209233319036, -0.1466211609781584, 0.0819967778905829, 0.2893690754211213, 0.10754458938682106, 0.25969371087908016, 0.1654779952397424, -0.07367903907302467, 0.21561514328131073, -0.05536505952382718, -0.10713668531708029, -0.14969340454928254, -0.08591170758650624, -0.18592113399667515, 0.09625239560609491, 0.032469344343572015, 0.01612078711556677, 0.14895261251971675, -0.023332031759828408, -0.007687815772755081, -0.016230550631697364, -0.012666976357238159, -0.0191278495025097, -0.12475127766251029, 0.09078988568512848, -0.08569017239340204, 0.02407758565238275, -0.04718930978257919],