{"k": 5, "sigma_z": 0.001, "mean reward 1": [1134.79513024946, 960.4151776243118, -2170.339002958272, -706.5726977423869, -431.7123241181939, -765.7518793265183, -56.20184517144712, 192.953156364981, 66.80764838636016, 239.28463857579086, 169.18135609273327, 62.54765108091773, 32.50596693535049, -5.639757455374837, -49.32809571841459, -32.93526944638692, -31.405853072842405, -18.759877310367102, -5.789228300922183, 4.401803019566085, 5.554321364811908, 8.962447908162728, 5.624942630327754, 3.9570190306422655, 0.9527889794791182, -0.2161757819889301, -1.6127824208517625, -1.282213460113149, -1.3501728697645012, -0.6663355036999219, -0.17036548080219252, 0.09452681480362349, 0.2836020590999303, 0.49591568443158485, 0.25767267362994767, 0.1995124429066668, 0.028617342170451393, -0.08642616608893387, 0.011331337158613326, 0.06055630823991263, -0.13649134555049833, -0.050895011070442454, -0.12706076259170707, -0.10877551277294308, 0.10496395897934961, -0.09890883279146367, -0.08705337325685016, 0.05070218130852294, -0.02537365723101137, 0.033172696122222865, -0.1128914329635584, -0.03235466916835537, 0.0676192844453965, -0.06974933077509127, 0.05403027062890305, -0.05616677895986414, -0.05259138082627738, -0.031573148314887334, -0.2044816242305137, 0.06733783640018909, -0.06633900993103578, 0.23409190403213873, -0.11691937276511925, 0.09113038162980056, 0.058632222739909555, -0.030773758648070238, -0.05558515267525501, -0.09436187740301272, -0.17727150114039747, -0.06695905539474044, 0.08228266633565276, -0.09115687823614502, 0.20269121935225856, -0.05421140706159851, -0.023564276073719578, 0.17036816250621048, -0.20372937826525886, 0.06600127193503033, 0.005315276350622081, -0.09125268217625976, 0.11229099650985977, -0.08862797958440298, 0.21091727422306752, 0.04035786051941702, 0.15572922365832356, -0.08526816061418831, -0.061527681395815784, -0.14197668291476323, -0.16134491769462253, 0.11564483351258859, 0.049998665437717735, 0.017052204301993227, 0.01860772710880167, 0.13161658633139833, -0.06398071106717523, 0.08594117063732144, -0.005319126215847946, 0.08972863299183459, -0.2424523090037419, 0.1410935206411092, -0.11198455058544768, 0.14714359623955872, -0.1586119427293884, 0.06270593755273134, 0.16138265635003002, 0.08848340340867626, -0.05172645152078134, -0.11436366035927448, -0.05559891889741216, -0.04376273970603676, -0.009354678657735871, 0.18826818416557825, 0.1302979928668324, -0.2183075225276685, 0.1627343135249739, -0.1448965891579925, -0.01829948126943218, 0.04216352506405604, 0.16533816448513414, 0.05374317391891486, 0.28700338452042645, -0.11630724384211048, -0.013476720053963703, -0.05181732468171507, 0.07054753045847406, -0.024028492403861526, -0.2049848805864676, -0.12735555181787017, -0.24898921223296022, 0.11486403534412624, 0.030708837609114765, -0.08438971802707422, 0.2145584862696159, 0.07479254481523095, -0.10268507767580118, -0.066857310094644, -0.12336802413644983, -0.008408233625304653, 0.05793167328757816, -0.11675122674372077, 0.1057471494664493, -0.27719908746432276, 0.07603329607791648, -0.0865341221611546, -0.0013295042192104764, 0.02171242520827158, -0.06906386640058998, -0.08762011443655404, -0.030018950344552747, 0.04583193229568607, -0.13138532870974867, 0.018481454910041082, 0.054560785267550475, -0.09485919624695575, 0.0019741001064495865, 0.14865438646712145, -0.028305516903191264, 0.2146157551127762, -0.13897784033490998, -0.0035938289609896076, 0.025577733013804765, -0.04372499516320168, -0.05305900759474797, 0.04895994041900796, 0.10461868991344274, 0.031162738364394156, 0.1955524134464665, 0.10923018212369291, -0.022925649835859256, 0.09682233455078486, -0.02377107150772524, 0.0694668452492367, -0.23655786687745667, -0.16596215391433913, -0.11241597387043589, -0.03850028534276303, 0.03441679018082714, 0.014655258663828668, 0.07968384639755435, -0.07141284271598007, 0.11852439188533755, 0.07824481988279428, -0.08839448853325897, -0.05163782644094999, 0.05131827752918041, -0.022323636695639706, -0.02954900049734196, 0.18613434001083246, -0.25090932057390825, 0.23165556561257195, -0.04092013638295986, 0.1030858782119773, -0.2063600292801986, 0.12288548534114033, -0.0789227177053144, 0.07097537102520811, -0.09742860945758229, 0.05292302570111423, 0.03393694118606626, -0.24971956928474445],