{"k": 5, "sigma_z": 0.001, "mean reward 1": [593.4978736177409, 1318.811362469247, -264.8842620253546, 512.1361702588696, 477.88562938351885, -179.22768496237245, 29.887505018061432, -35.58443416468668, -160.8355416398002, -62.04383867403376, -23.618194188615472, -38.556430859028055, 17.441974067224013, 19.774252744444308, 15.562429556037324, 16.086628733566194, 11.183078503404019, 0.03836089561868714, 0.13278242997685422, -4.07446907535365, -3.862927120280504, -3.356949561347724, -1.4522528488013842, -1.037801324710676, 0.6009693440967305, 0.47006904158984514, 1.151486633669772, 0.5210753875364538, 0.651729463480801, 0.238335988941336, 0.034964672101870806, -0.21895076843043249, -0.12274910979073496, -0.19098814061374686, -0.022905496638208872, -0.04454496812012558, 0.14294771385876387, -0.09862226623814699, 0.1644170846129717, -0.2138559769793778, 0.2509082390434899, -0.1531785459314482, 0.04887481467173184, -0.22475591356994987, 0.08579196936536389, -0.235755110198428, 0.09540478691504796, -0.05226371225994743, -0.06401271929358703, 0.08904442072290757, -0.10543405011945979, -0.11008544695412831, 0.023442578286608128, -0.1751537092727316, 0.015375084608139003, -0.09299793991606052, -0.05229344945093588, -0.0740744644393373, -0.04107580250009512, 0.10306201281810756, -0.08056846090421477, 0.16789163761221088, -0.15944831010034413, 0.23091364657500407, -0.12562495390432069, 0.13248543161855617, -0.2196334574809735, 0.11143810670084851, -0.22704156667189324, 0.2435721914630528, -0.12277327320021143, 0.024744809741444624, 0.056860326224441454, 0.05300214179380361, 0.05343400193331019, 0.04480299385267753, 0.14784791647658987, -0.1143601613304463, 0.07329288713098643, -0.11736785285563563, 0.04023005402338024, -0.021530540194430278, 0.11297728038814159, -0.27516975797357507, -0.0918359702496869, 0.01578019327770913, -0.1393751788079119, 0.06499360187552888, 0.042791091143913794, 0.09602191179489343, -0.089357442235042, 0.045120204913372014, -0.16964027032879636, 0.024450689400105242, -0.080963064639085, -0.016968705876989846, 0.09063249654049094, 0.03025920073481618, -0.18147831066963985, 0.015068213142488157, -0.11958571211218298, 0.024043926228544343, -0.19588225472195417, 0.006879251186602734, -0.1507290152956375, -0.09129658183628685, 0.04315633175689278, -0.09860544773982866, 0.19419667621003248, -0.04961001221267502, -0.06504545453664155, 0.06257168857865911, -0.11043767257317046, -0.16207643841131036, -0.08786703101023398, -0.03926619453084467, -0.09809454173565517, 0.05122154589047495, -0.020022703476094465, 0.07141864045077811, 0.267714785440519, 0.10541963652451261, -0.0315070068007641, -0.04659232258527112, 0.01912639674477835, -0.20043998564558663, 0.011665726992443611, -0.16557520137139128, -0.02242843351412591, -0.09005978926012977, -0.13806488131073075, -0.08624472214930494, -0.14394965103737292, -0.0599705934811558, -0.0388599215199003, 0.01763942485269041, 0.03110478961305672, -0.03450206126183415, 0.02524919336569033, 0.007386742448658606, 0.11519369093967646, 0.004449887920042429, 0.03487955048266632, 0.16383567584152664, 0.0717376575097833, -0.0464350486270382, 0.08898299027905972, -0.1188396972080783, 0.024279792423042693, -0.11324047451685684, 0.015803715685905696, -0.01627522726268588, -0.24021370879568718, 0.22186742500871137, -0.03952767456420487, 0.12381423319584696, 0.14524413791955293, 0.0635658178765495, -0.07272589686954609, 0.05950648637331021, -0.14296709269964888, 0.03965700853470421, -0.19381710309003092, -0.02466282694334681, 0.10229197139668612, -0.0013302534566574332, 0.03403568609122479, 0.1355533086149177, -0.12069510880884914, 0.042460336253098335, -0.014739136620098157, 0.04902831396798116, -0.03300397239766284, 0.08544180142043722, 0.021739216384819425, 0.2442403741742306, 0.01910360565823521, 0.23139022124806694, -0.15021428757056351, 0.16685096196918742, -0.19401925636185055, 0.10182213278226425, -0.15753902995971494, 0.20349287061539983, -0.20351240446081828, 0.2435679148605395, -0.17866804974808892, 0.061526423331232295, -0.11931005503805056, 0.04490523540675552, -0.19055087326730777, -0.023734032712908224, -0.04229410113609316, -0.08455239551095127, -0.11317796855888028, -0.09265746553535165, 0.055051293143404685, -0.12492953776275621, -0.046575239610529326, 0.039491018889809895],