{"k": 5, "sigma_z": 0.001, "mean reward 1": [379.7385131669133, -999.2868953675609, -804.3608022022441, 82.07769560185912, -884.2203172206105, 148.2922151474192, -74.10736057668187, 145.81236658580124, 44.13259934911758, 210.88524111695568, -27.730945477026925, 92.77773687881886, -42.74131651771504, 8.807881941792827, -50.62575585989803, 3.39432822542474, -34.543216716066986, 10.49426217712176, -11.453236001202116, 13.108499285400367, -2.540994673783127, 10.661969524895206, -2.703475622103918, 5.7375791589268985, -3.5803100591233843, 1.9909524510266383, -3.0807422604698798, 0.8214484660444126, -2.0753287035372243, 0.8572977520703656, -0.8877481283401064, 0.9676325949164196, -0.4550653630946598, 0.730254769199723, -0.590885912433446, 0.456312209647731, -0.3890829840777132, 0.2671734402610604, -0.24421587572906175, 0.2520624419760279, -0.11161571703014453, 0.3004462055671499, -0.09591091347924108, 0.22991557119506098, -0.19386518385111107, 0.09417070863348387, -0.464186876460416, 0.0356162710230169, -0.16327273466820025, -0.09287663364946876, 0.10107194216409177, -0.04032025283195141, 0.2720716537944884, 0.019070879373047897, 0.20359438272748, 0.1533893715195106, -0.08236578090942573, -0.10373851557995613, -0.0724273782462761, -0.15942373998382178, 0.027958848563570244, -0.11467182869748045, 0.13646524387932815, -0.05986538780947176, 0.053104259161927875, -0.009675694268664676, 0.007966393927359806, -0.0140183486021344, -0.020650936742121474, -0.1169593989693106, 0.012434013917367901, -0.22101338327939102, -0.15842390908063853, -0.03789539436483976, 0.10555881664775688, -0.08401415392532835, 0.19802157856695185, -0.10363934381673011, 0.07672680672762082, 0.06917518615799052, 0.03389882172854643, -0.0005166410803555233, 0.1573628652984703, -0.019371204967854425, 0.007676279618128596, 0.09234682765015091, -0.06593279573669424, 0.09394924781996926, -0.0923448878934519, 0.053763552963154, -0.1208787923022584, 0.013991091482008585, -0.17444325110072118, -0.12865300724639103, -0.10618017949567998, -0.21597956689725722, 0.12954702410101812, -0.19207633751200837, 0.15546189486403636, -0.126574872695205, 0.30177418713517623, -0.08634201853196405, 0.10810160456060933, 0.06730950438273954, -0.06720390963264337, 0.1784669768809775, -0.037871115661584194, 0.1550117300634421, -0.10031912553489565, 0.014748349151260418, -0.0636857878590535, -0.1679453439787505, 0.1251628473506244, -0.012120487289367626, -0.007180669222998676, 0.13676474034092345, -0.13718289530316863, 0.080597716982697, 0.07259997123527684, -0.040636337606385735, 0.08221458279620085, -0.06385152435873062, 0.05550867568070158, -0.09251524199736465, -0.03962482462363782, -0.11067022859202119, 0.1421224369842619, -0.1962952251748542, 0.041156700878948016, -0.12483289056880575, -0.07396964942820365, -0.2497460207124585, 0.07698440029250837, -0.1638691833620089, 0.20933573786781137, -0.05617352765018075, 0.22929052965579938, -0.18753216534177275, 0.2303196987082497, -0.03376188072842755, -0.08784709909542018, 0.018773750602214343, -0.1159829980162994, -0.15372953697726158, -0.008159420935697825, -0.19171287963127195, -0.07234285821584735, -0.15064683625460443, 0.03973943843594678, -0.018768777070088262, 0.1889533189887061, -0.08086707242003349, 0.09987530895825551, -0.047746378371801845, 0.050658489847720214, 0.005421902504320746, 0.00021648997072560455, 0.08138267096433255, 0.15361975715849263, -0.0069780495010381294, 0.04286318640674542, 0.007680834813851892, -0.12958398163216536, -0.03261636121010123, -0.07778541955354998, 0.08365799314566878, -0.03755731356373208, 0.04405668210249799, -0.08572828550577334, -0.038350656120025146, -0.2510938602561152, 0.01707882836959858, -0.029491465740980938, 0.08163066080648522, -0.011298403501808161, -0.06987811249279259, 0.08486089817345842, -0.009913441849624532, 0.01274994584836227, -0.1288673472093583, 0.1442584222980043, -0.03541211013634489, 0.0026195940870283284, 0.015417643382522871, -0.23626632255868968, 0.05034070903557558, -0.12267034548051792, 0.0525812459762994, -0.0006177902309827718, -0.00649692887517751, 0.00639174893833409, 0.005657770143242374, -0.026250591214427663, -0.023769827250096184, 0.012102476067491204, 0.11426096676330333, 0.07435289999178772, 0.004695502710609444, 0.11212723142844418, -0.0914808508445175],