{"k": 5, "sigma_z": 0.001, "mean reward 1": [1127.2121266495742, -2.4552091771828635, 37.70417457574886, 94.714239652306, -416.4740021935717, -119.15160501359105, -141.96529283831305, -82.16189554415968, -25.910987875453134, 58.21594167958876, 12.694791504225138, 57.84048948845448, 20.67023050821056, 19.58150595961599, -2.978164259256121, 1.2222410957792191, -13.966134859226823, -3.9839293223895282, -8.615964620525606, -0.8379422986032975, -2.309427072157769, 2.566606360296988, 0.3443701622790611, 2.727291055045909, 0.4045160128929751, 1.175421164126869, -0.2365394786041817, 0.22173510595801652, -0.5904802059732753, -0.14647227628028736, -0.33822397019589534, -0.07565990923750283, -0.1410333486109836, 0.13298675531791584, 0.05254278621595997, 0.1859593476613216, 0.038001478028296655, 0.1420144285429819, -0.16743806713092857, -0.016369865776763592, -0.23068683416028107, -0.10592357102767952, -0.2419116913822048, 0.055040911936297045, 0.04312123400416534, -0.05174571361996876, -0.06008007108023405, 0.07522899502454307, -0.22008948299620767, 0.03248760719428942, -0.12010546847190176, -0.018557161232696743, 0.04353613031773689, -0.16678108065784045, 0.07707902028909783, -0.22592188113147266, -0.012110407074502672, 0.012917311944515775, 0.08721031387256403, 0.17197142504191928, 0.12447214990180962, -0.07352487199456446, 0.1182383934600021, -0.11579330309581487, 0.022469112250065957, -0.1661454165102201, 0.12372116365444179, -0.1725329671921325, 0.03256971728076912, -0.024685012505027807, 0.13146585998771643, 0.03776473728069385, 0.06937090406466571, -0.060418676437911205, -0.07191579638014561, -0.3194190172073832, 0.02749027525190998, 0.007776161802324649, 0.0570660144234567, -0.16360147868858502, -0.04704909405449484, -0.09835502861845463, -0.05420200724603199, 0.03946183423575936, 0.012391619041964388, -0.03250309087777442, -0.07521736402680024, 0.0019813846515653447, -0.04233381969938728, -0.003015866549973495, -0.15222016872378316, 0.1101615565787181, -0.058783398283901486, -0.09613197498122703, -0.011060025501120025, -0.04634303883768909, -0.02374723635064474, 0.07887175759175519, 0.16423379030949947, -0.04073771445456753, 0.07461596955139455, -0.12075198897783708, -0.009840645702543189, -0.05738228503786155, 0.12104369736535844, 0.04160052358692318, -0.18268182658380522, 0.16287085006040014, 0.19290610573628794, -0.04491164300412389, 0.19213647465777198, -0.08182641213768825, -0.04246746642180709, -0.027924339784731154, 0.08025367224325738, -0.14729064722812693, 0.07382296356509371, -0.11659965895415839, 0.16087395274501734, -0.13196488807223505, 0.030916489164054168, -0.007705464482668262, -0.05249305547576073, -0.0062567203610329036, -0.12786491504562003, -0.11462780609884787, -0.18129325946547067, -0.22437152069698899, -0.04044504721603015, 0.03425407806536896, 0.06862682166417299, 0.007994136345969748, 0.19516018039016228, 0.1136994768372993, -0.07822416079802581, 0.06357870276382606, 0.011142331944382354, -0.04277311439349981, 0.2591442776043075, -0.06873659809919758, 0.005928718701341982, -0.04684717517682676, -0.10958301014888522, -0.19781330458073795, -0.07831058480495597, -0.12299878494618503, 0.019325447657586137, 0.10583274330929027, 0.08461145832411353, 0.22138305091649463, 0.0369399903688056, 0.14535757320218426, -0.16777880501996795, 0.04686560699938328, 0.16377390443453332, -0.07662612156775447, 0.13589407573509613, 0.052627646084874406, 0.13819994958163748, -0.11598376277355363, -0.16473395684515157, 0.009322687898305293, -0.305193646503039, 0.12596814156148384, -0.2534626971403214, 0.10406408528602042, -0.10786972723176587, 0.034425586481995285, -0.007535884851827353, -0.15177241309300651, -0.05178494453984266, 0.2022571912829414, -0.13848874101916583, 0.051340244549293944, 0.016143200862489736, -0.02102962043515905, 0.033340287828645926, -0.06496024626608311, 0.13683467261867238, 0.10228043081918921, 0.04637756269782849, -0.14824237222363154, 0.14969577096232714, -0.24712305848142818, 0.08161575269124122, 0.1115078513681368, -0.006035789689314245, 0.009983673327458538, 0.020092832706855683, -0.055676729465059194, -0.20693705664830536, 0.11280226835743913, -0.23815707658262406, -0.14785382853380608, -0.06728863792532809, -0.0271828671723008, -0.1279825319057208, 0.024427966170191395, -0.1389909205438141, -0.14776643483455065],