{"Stationary": {"actions": [0.0, 1.0, 0.0, 0.0, 0.0, 1.0, 1.0, 1.0, 1.0, 1.0, 1.0, 1.0, 1.0, 1.0, 1.0, 1.0, 1.0, 1.0, 1.0, 1.0, 1.0, 1.0, 1.0, 1.0, 1.0, 1.0, 1.0, 1.0, 1.0, 1.0, 1.0, 1.0, 1.0, 1.0, 1.0, 1.0, 1.0, 1.0, 1.0, 1.0, 1.0, 1.0, 1.0, 1.0, 1.0, 1.0, 1.0, 1.0, 1.0, 1.0, 1.0, 1.0, 1.0, 1.0, 1.0, 1.0, 1.0, 1.0, 1.0, 1.0, 1.0, 1.0, 1.0, 1.0, 1.0, 1.0, 1.0, 1.0, 1.0, 1.0, 1.0, 1.0, 1.0, 1.0, 1.0, 1.0, 1.0, 1.0, 1.0, 1.0, 1.0, 1.0, 1.0, 1.0, 1.0, 1.0, 1.0, 1.0, 1.0, 1.0, 1.0, 1.0, 1.0, 1.0, 1.0, 1.0, 1.0, 1.0, 1.0, 1.0, 1.0, 1.0, 1.0, 1.0, 1.0, 1.0, 1.0, 1.0, 1.0, 1.0, 1.0, 1.0, 1.0, 1.0, 1.0, 1.0, 1.0, 1.0, 1.0, 1.0, 1.0, 1.0, 1.0, 1.0, 1.0, 1.0, 1.0, 1.0, 1.0, 1.0, 1.0, 1.0, 1.0, 1.0, 1.0, 1.0, 1.0, 1.0, 1.0, 1.0, 1.0, 1.0, 1.0, 1.0, 1.0, 1.0, 1.0, 1.0, 1.0, 1.0, 1.0, 1.0, 1.0, 1.0, 1.0, 1.0, 1.0, 1.0, 1.0, 1.0, 1.0, 1.0, 1.0, 1.0, 1.0, 1.0, 1.0, 1.0, 1.0, 1.0, 1.0, 1.0, 1.0, 1.0, 1.0, 1.0, 1.0, 1.0, 1.0, 1.0, 1.0, 1.0, 1.0, 1.0, 1.0, 1.0, 1.0, 1.0, 1.0, 1.0, 1.0, 1.0, 1.0, 1.0, 1.0, 1.0, 1.0, 1.0, 1.0, 1.0], "rewards": [675.6097886705793, 1015.2064953096868, -834.2864393662048, 577.9277052461, 492.50120860254634, -26.807167488828842, -559.9537306251341, -69.5461524571438, -47.254512998682905, 37.773770084569186, 42.80573414103065, 139.2077614089133, 11.751483202551785, 37.1606304688052, 4.764108053426118, 13.12440071610235, -28.438372291824024, 0.12166802001223775, -34.22884701410102, -5.2321994598335495, -7.9712107930432445, 11.738506341859559, -8.970058821882176, 13.608267531739516, 3.234179378845203, 7.741690207895432, -15.848804019809638, -7.594762674607261, -1.9028076349932763, -15.620788167404655, 8.147070602141648, 7.17771201754996, 6.134407892732612, -1.3009846510599792, -2.4545403248966062, 12.370015280990012, -15.607729316795817, -20.245887375647538, -9.267337355301006, -6.019112742622493, -13.816430133850673, -0.6163458946644083, 18.00141462391142, 2.9863786717940037, -14.294511054410629, 1.4093285867868566, 7.055616303061755, -14.637474521140957, -0.9511330260004611, -4.230868852960636, -3.5334273777029113, -3.2136690121142704, -2.7428831634628583, -13.41457667579949, 1.1232966766619166, 19.38063132316477, -9.118837464474618, -4.922608573940195, -20.982960050577713, -0.01955109974798036, 8.136717334615048, -7.612363412295449, -0.5700985217325658, -0.7968685029118973, 14.313974404656536, -24.85646504314502, 21.701596506501986, -2.005067423825112, 7.245489337883243, 3.5614835555013675, 12.137818506887907, -4.502467459274893, 19.347108562554443, -4.185317109562728, 7.272013515587352, -5.462746874564262, 4.456714652225493, 4.5102155685671965, -8.173294967573721, 18.640059727952067, -6.149276866434837, 0.04428471141295119, 0.7573269462882347, -1.4990151240615543, 9.720149047938795, 0.9561476556263907, 9.269504093322249, 6.427340441097911, -18.35901928831931, -9.796854135598895, -28.847778592021637, -0.08428638960343127, -4.667957662115154, 8.513477528106094, 4.278604080595334, 22.47462891167316, 5.492786288775141, -0.3491508757840533, -1.2904065206410522, 12.994011697162044, 8.43651545836173, 0.018507180839409616, 14.637982161899094, -17.767964161808226, 3.1874970053398797, -1.193962183029222, 21.185526805011676, -9.2890097276449, -1.205086394500184, -13.481492249134279, -11.661953076355347, -8.440314015544814, 8.592702472629764, 4.237623738099211, -18.14966382942255, -15.4210481276058, -7.4409020915263815, -5.452083425476915, -15.66876603910946, -11.741093416449468, 1.5509686072411877, 3.6587915318173607, 9.486968867065054, 12.118380196383892, -3.883586725227764, -7.795300619105898, -13.070094897719445, -8.810896340036765, 17.94154090746608, -15.627812049753462, 1.8862467405958643, 21.377218619866508, 16.611832224725458, 0.8157081715183189, -6.8009508415032895, -2.860897731591846, -5.561574016182934, 21.224789767945182, -3.332882999050771, 31.976116367789878, 9.708537072195735, 3.635952085378883, 6.130435059448134, -10.166523327354701, 4.821205749926306, 11.473061633053964, -11.44887022354354, -8.760742946839029, -4.295209897171693, -15.414470772562844, -11.50670699647892, -11.110662189529798, -0.1605239376586547, -10.542000409886844, 4.691857619938204, -22.271288576976097, 18.890334528717354, -6.051251451936384, 5.0066734777861495, 1.6651944369482405, 7.8206648990596275, -8.866914852259342, 6.476598139582767, -24.89928680726665, -5.800158300637408, -4.28880579420832, 1.2048716333947374, -13.480116514477366, 11.018686390605742, -3.1798625957843605, 3.150836574133787, 9.123869605512667, 0.586673236065236, -14.291980240872178, 8.800322604379984, 0.4679481390849265, 4.265800831937804, 2.7715625609068164, -17.517485520798108, -1.5763937186769013, 14.928064670164531, -7.959605952997803, -15.873308731485954, 14.404056693509123, 8.296432080364394, 5.623288453763604, -11.065780178687943, -5.397207585056894, 0.3420457088175567, 13.618428188475706, 0.32439540510144305, -2.628154361592885, 8.374047733654182, -7.063244077166075, 14.267222677946547, -1.4873950715388973, -3.179490788028619, 4.5570821361147615, -13.639937917707242, -8.028404421927783]}, "Latent AR LinUCB s=2": {"actions": [0.0, 1.0, 0.0, 1.0, 1.0, 0.0, 0.0, 1.0, 0.0, 0.0, 0.0, 1.0, 0.0, 1.0, 0.0, 1.0, 0.0, 1.0, 0.0, 0.0, 0.0, 1.0, 0.0, 0.0, 1.0, 0.0, 0.0, 1.0, 0.0, 1.0, 0.0, 0.0, 1.0, 0.0, 0.0, 1.0, 0.0, 1.0, 0.0, 0.0, 1.0, 0.0, 0.0, 1.0, 0.0, 1.0, 0.0, 1.0, 0.0, 0.0, 0.0, 1.0, 0.0, 1.0, 0.0, 0.0, 1.0, 0.0, 0.0, 1.0, 0.0, 0.0, 1.0, 0.0, 0.0, 1.0, 0.0, 0.0, 1.0, 0.0, 0.0, 0.0, 1.0, 0.0, 0.0, 1.0, 0.0, 1.0, 0.0, 0.0, 0.0, 0.0, 1.0, 0.0, 1.0, 0.0, 0.0, 0.0, 0.0, 1.0, 0.0, 1.0, 0.0, 1.0, 0.0, 0.0, 1.0, 0.0, 0.0, 0.0, 1.0, 0.0, 1.0, 0.0, 1.0, 0.0, 0.0, 0.0, 1.0, 0.0, 1.0, 0.0, 0.0, 1.0, 0.0, 0.0, 1.0, 0.0, 0.0, 0.0, 1.0, 0.0, 1.0, 0.0, 1.0, 0.0, 0.0, 1.0, 0.0, 1.0, 0.0, 0.0, 1.0, 0.0, 0.0, 1.0, 0.0, 1.0, 0.0, 0.0, 0.0, 1.0, 0.0, 0.0, 1.0, 0.0, 0.0, 1.0, 0.0, 0.0, 0.0, 0.0, 1.0, 0.0, 0.0, 1.0, 0.0, 0.0, 1.0, 0.0, 0.0, 1.0, 0.0, 0.0, 0.0, 0.0, 1.0, 0.0, 0.0, 0.0, 1.0, 0.0, 1.0, 0.0, 0.0, 1.0, 0.0, 1.0, 0.0, 0.0, 1.0, 0.0, 1.0, 0.0, 0.0, 0.0, 0.0, 1.0, 0.0, 0.0, 1.0, 0.0, 1.0, 0.0, 0.0, 1.0, 0.0, 0.0, 1.0, 0.0],