{"Stationary": {"actions": [0.0, 0.0, 1.0, 1.0, 1.0, 1.0, 1.0, 1.0, 1.0, 1.0, 1.0, 1.0, 1.0, 1.0, 1.0, 1.0, 1.0, 1.0, 1.0, 1.0, 1.0, 1.0, 1.0, 1.0, 1.0, 1.0, 1.0, 1.0, 1.0, 1.0, 1.0, 1.0, 1.0, 1.0, 1.0, 1.0, 1.0, 1.0, 1.0, 1.0, 1.0, 1.0, 1.0, 1.0, 1.0, 1.0, 1.0, 1.0, 1.0, 1.0, 1.0, 1.0, 1.0, 1.0, 1.0, 1.0, 1.0, 1.0, 1.0, 1.0, 1.0, 1.0, 1.0, 1.0, 1.0, 1.0, 1.0, 1.0, 1.0, 1.0, 1.0, 1.0, 1.0, 1.0, 1.0, 1.0, 1.0, 1.0, 1.0, 1.0, 1.0, 1.0, 1.0, 1.0, 1.0, 1.0, 1.0, 1.0, 1.0, 1.0, 1.0, 1.0, 1.0, 1.0, 1.0, 1.0, 1.0, 1.0, 1.0, 1.0, 1.0, 1.0, 1.0, 1.0, 1.0, 1.0, 1.0, 1.0, 1.0, 1.0, 1.0, 1.0, 1.0, 1.0, 1.0, 1.0, 1.0, 1.0, 1.0, 1.0, 1.0, 1.0, 1.0, 1.0, 1.0, 1.0, 1.0, 1.0, 1.0, 1.0, 1.0, 1.0, 1.0, 1.0, 1.0, 1.0, 1.0, 1.0, 1.0, 1.0, 1.0, 1.0, 1.0, 1.0, 1.0, 1.0, 1.0, 1.0, 1.0, 1.0, 1.0, 1.0, 1.0, 1.0, 1.0, 1.0, 1.0, 1.0, 1.0, 1.0, 1.0, 1.0, 1.0, 1.0, 1.0, 1.0, 1.0, 1.0, 1.0, 1.0, 1.0, 1.0, 1.0, 1.0, 1.0, 1.0, 1.0, 1.0, 1.0, 1.0, 1.0, 1.0, 1.0, 1.0, 1.0, 1.0, 1.0, 1.0, 1.0, 1.0, 1.0, 1.0, 1.0, 1.0, 1.0, 1.0, 1.0, 1.0, 1.0, 1.0], "rewards": [-420.4466065352377, 506.2209549775332, 617.2640719240245, 2073.8356271815956, 380.2553170498472, 804.7404453947657, 236.28952070216192, -36.61556205250121, -283.21264531804246, -119.01041719329962, -295.18126983796003, -66.73667590857072, -75.4106977867641, 26.835429340699807, 8.9989758483615, 62.36297984894742, 24.50894991603144, 34.19061377032779, -2.406346258981148, -9.553204166120967, -29.659110267082433, 4.734971941738007, -2.6283110978876945, -22.455212820011162, -1.1888647919455435, 7.723596698222013, -10.545347834280951, -0.1119418651600701, 13.958306626676762, 2.574899890023123, 5.475741491030284, -3.205469852808888, 2.4756809487262528, 14.057282294556009, -2.341968700666108, 1.02553832759449, -6.279901500337057, -5.282214748415631, -4.918419325769503, 8.616576103773298, -2.232206128016498, -5.814052697871608, 8.58576209915349, 12.462558744452151, 6.280855386634034, -4.802150087315, -0.6212018919937483, -1.666367074348523, -24.277409317251664, 0.4743644119273498, 4.059351011938784, 8.347112878038311, 8.402152051966779, -15.771869462262242, -10.867032954078686, -0.3620049925756471, 6.098016207585635, -11.514434398426637, -9.698777289095002, -10.615142622545642, -1.7737174131572804, -4.0374462062260665, 9.747984823341177, 4.1682987164422665, -2.0178526667799153, -4.187517074013043, -2.425122407802872, 8.040213454924684, -7.767824907650596, 2.791938816115847, 18.234401051753647, 14.185346877850424, 17.827893594931695, -1.9173201772446296, 7.167804162975359, 5.23969582684041, -3.3391611179309684, 19.308764976621834, 12.986715109947403, -7.0950221311374255, 0.98544161768706, -14.064903259373658, -6.528511582710359, -1.2079741167142553, -9.099580035944602, 17.073341032949294, -5.2937980193939405, -1.0368040684031525, -2.8261710865871152, -5.1382038918881126, -5.77648049040169, 12.307688630518562, -17.495570434092457, 8.505276448054842, -10.670426786361908, -2.9439428025115486, -5.513238888252981, -4.840363873359109, 17.821829286951154, -3.078285077220021, -1.5846739848989586, 0.40354681867742637, -5.686762072071102, -6.097734675128283, 2.6334017309473445, 15.778290366234911, -16.858411345685795, 0.7209916058751871, 20.19379716720652, -17.617957907329004, 7.506436547648739, 9.422802036414977, 8.707409849724929, -4.086454975563659, -1.8134560434031886, -1.487179909220581, 2.533753762764536, 4.494705930546018, -1.9060944733023264, -5.696206674732226, 3.7793849034924842, 8.054633459620797, -6.377693520630477, 0.6567585141639167, 6.375474629339133, 0.21936213311783398, -4.337594419416777, -2.3703927043906603, -1.0465006520555327, -18.402079889227945, -3.17771461226595, 2.640135050489464, -6.2987938559044085, 15.6132598891919, -8.9277254620279, -11.093117764930236, -1.019196885862927, 8.385373819261261, 6.118326553373589, 0.9787617708603273, -8.927272805581364, -3.462928967083543, -15.83727743665151, -8.491887113425681, -7.016716245465509, 24.886244621348283, -4.614928234128023, -5.255937404333379, 2.5774669077095775, 10.65483391048122, 4.0807649745003465, 10.932188795726391, 10.231409366704895, 0.08005398211606553, 10.256460898818117, -14.519899368855528, 22.419195186661632, 15.393963704531178, -9.062728982169027, -16.097772137293962, -15.653406599533083, -27.54322214276291, 20.95893513535829, -7.54754433902662, 9.360164708120502, 26.06209742991763, -2.6984349942038754, -2.074023664854351, 16.207776384058317, 5.35698509209548, -1.3095188411829026, 1.568929868930762, -9.521156157943262, 0.7405381281159125, 9.74571748030601, 5.462897858995837, 14.02196565829678, -10.814439920341089, 1.6037556899740857, -2.4845954990502346, -10.694860976625863, 9.473237083986083, -3.868622092056821, 19.82855379147098, 6.4679481665833825, 4.737675064807045, 6.7978081090279305, -23.231677927287468, -1.4630987433609421, 8.135735716233956, -3.4859562774718325, -0.44349112594306406, 4.979583468363662, -5.963761838119455, -2.089241263458818, 7.900187941934632, -17.843278533546652, 15.063237642479486, 15.056908604507814, 4.068810607440386]}, "Latent AR LinUCB s=2": {"actions": [0.0, 0.0, 1.0, 0.0, 1.0, 1.0, 1.0, 1.0, 1.0, 1.0, 0.0, 0.0, 0.0, 0.0, 0.0, 1.0, 0.0, 1.0, 0.0, 1.0, 0.0, 1.0, 0.0, 0.0, 0.0, 1.0, 0.0, 0.0, 1.0, 0.0, 1.0, 0.0, 1.0, 0.0, 0.0, 0.0, 0.0, 1.0, 0.0, 0.0, 0.0, 1.0, 0.0, 0.0, 1.0, 0.0, 0.0, 1.0, 0.0, 1.0, 0.0, 1.0, 1.0, 0.0, 0.0, 0.0, 1.0, 0.0, 0.0, 1.0, 0.0, 0.0, 0.0, 1.0, 0.0, 1.0, 0.0, 0.0, 1.0, 0.0, 0.0, 0.0, 0.0, 1.0, 0.0, 0.0, 1.0, 0.0, 0.0, 0.0, 1.0, 0.0, 0.0, 0.0, 0.0, 1.0, 0.0, 0.0, 1.0, 0.0, 0.0, 1.0, 0.0, 0.0, 1.0, 0.0, 1.0, 0.0, 0.0, 0.0, 1.0, 0.0, 1.0, 0.0, 0.0, 0.0, 1.0, 0.0, 0.0, 1.0, 0.0, 1.0, 0.0, 0.0, 1.0, 0.0, 1.0, 0.0, 0.0, 0.0, 0.0, 1.0, 0.0, 0.0, 1.0, 1.0, 0.0, 0.0, 1.0, 0.0, 0.0, 1.0, 0.0, 0.0, 0.0, 1.0, 1.0, 0.0, 0.0, 0.0, 1.0, 0.0, 1.0, 0.0, 0.0, 0.0, 1.0, 0.0, 0.0, 1.0, 0.0, 0.0, 1.0, 0.0, 0.0, 1.0, 0.0, 0.0, 1.0, 0.0, 0.0, 1.0, 0.0, 0.0, 1.0, 0.0, 1.0, 0.0, 0.0, 1.0, 0.0, 1.0, 0.0, 1.0, 0.0, 0.0, 0.0, 0.0, 0.0, 1.0, 0.0, 0.0, 0.0, 1.0, 0.0, 1.0, 0.0, 0.0, 0.0, 0.0, 1.0, 1.0, 0.0, 0.0, 1.0, 0.0, 1.0, 0.0, 0.0, 1.0],