{"Stationary": {"actions": [0.0, 1.0, 0.0, 1.0, 0.0, 1.0, 1.0, 1.0, 1.0, 1.0, 1.0, 1.0, 1.0, 1.0, 1.0, 1.0, 1.0, 1.0, 1.0, 1.0, 1.0, 1.0, 1.0, 1.0, 1.0, 1.0, 1.0, 1.0, 1.0, 1.0, 1.0, 1.0, 1.0, 1.0, 1.0, 1.0, 1.0, 1.0, 1.0, 1.0, 1.0, 1.0, 1.0, 1.0, 1.0, 1.0, 1.0, 1.0, 1.0, 1.0, 1.0, 1.0, 1.0, 1.0, 1.0, 1.0, 1.0, 1.0, 1.0, 1.0, 1.0, 1.0, 1.0, 1.0, 1.0, 1.0, 1.0, 1.0, 1.0, 1.0, 1.0, 1.0, 1.0, 1.0, 1.0, 1.0, 1.0, 1.0, 1.0, 1.0, 1.0, 1.0, 1.0, 1.0, 1.0, 1.0, 1.0, 1.0, 1.0, 1.0, 1.0, 1.0, 1.0, 1.0, 1.0, 1.0, 1.0, 1.0, 1.0, 1.0, 1.0, 1.0, 1.0, 1.0, 1.0, 1.0, 1.0, 1.0, 1.0, 1.0, 1.0, 1.0, 1.0, 1.0, 1.0, 1.0, 1.0, 1.0, 1.0, 1.0, 1.0, 1.0, 1.0, 1.0, 1.0, 1.0, 1.0, 1.0, 1.0, 1.0, 1.0, 1.0, 1.0, 1.0, 1.0, 1.0, 1.0, 1.0, 1.0, 1.0, 1.0, 1.0, 1.0, 1.0, 1.0, 1.0, 1.0, 1.0, 1.0, 1.0, 1.0, 1.0, 1.0, 1.0, 1.0, 1.0, 1.0, 1.0, 1.0, 1.0, 1.0, 1.0, 1.0, 1.0, 1.0, 1.0, 1.0, 1.0, 1.0, 1.0, 1.0, 1.0, 1.0, 1.0, 1.0, 1.0, 1.0, 1.0, 1.0, 1.0, 1.0, 1.0, 1.0, 1.0, 1.0, 1.0, 1.0, 1.0, 1.0, 1.0, 1.0, 1.0, 1.0, 1.0, 1.0, 1.0, 1.0, 1.0, 1.0, 1.0], "rewards": [-323.2110192138538, -707.9181939944426, 672.4367412781085, -1082.754483333921, 914.571874077487, -323.59022274018497, -190.07950648782662, 67.68265808464616, 196.35630358985006, 199.70631924779147, 143.75045967658903, 104.16154674616477, 15.010613182950358, -1.4006208127796764, -45.411783827448055, -28.597021130568415, -26.560129942932882, -20.31529414000299, -16.932681728490827, 9.290526628613254, 7.420840213453768, 6.955379797968893, 0.804393081350308, 6.392688323989157, -8.308292060751315, -10.925242200540932, 12.710519144493862, 0.7867935578900616, -4.30653204194268, -2.5425897326813653, -7.400618471586763, -2.364517573651348, -5.246067635298103, 5.825690618976447, 5.273813211909642, 6.579168686909114, 2.843201646669776, -16.36277397537201, 9.620899117816275, -11.228470261877398, 0.9554139939342045, 8.496971670496334, -14.473497571425469, -5.423881439204246, 8.650818838440665, -4.774090785972887, -11.215127887378507, 4.984714148689322, -6.338421179108186, -11.595399325255185, -2.7354731895952002, -20.27623630984144, -8.261561386604848, -29.40818086744734, 10.590728503059243, 1.6710774813771447, -2.1752570920291303, 3.1419557005765517, 8.495241341804046, -14.534654746941198, 3.3829373665754767, -11.138460079354612, -8.53127581805329, -4.18619616990375, 5.512471598079286, 7.575666154985002, -9.450013180279862, 15.909227115637513, 10.363100892264427, -22.561269073061283, -14.478064659511034, 0.4348335156779924, 2.4512501152818924, 7.643540361333904, -13.566145813353232, -27.376787936772356, 15.328486684390485, 2.440174624873718, -5.92773884388603, 0.500003237026702, -14.579297252994598, 3.7289284739603183, 0.1954269240497077, 8.302896631185058, 2.9037487147081187, 2.5739788589775925, -4.62154455690577, -3.8696586614178727, 6.635685659695309, -0.8761094782277894, -5.751794002024523, -9.721612007879537, -1.8867444798826347, -17.95385653090706, 4.545485953482389, 1.2692901750243921, -12.649747814396534, 1.021948909768463, -34.201767019782444, 0.23759988025200635, 9.770259474790802, 14.829145237447223, 14.163115501238265, 3.0911775641005037, 6.923740878522039, -4.715318385961148, -1.6912530384581808, -6.039510680872025, 6.275767876157878, 12.979880206674036, 4.12352696919288, 7.077767472786477, -0.17097984004089015, 7.907576463901918, -7.5289675591252845, -9.117569758027354, -1.5074930905841841, -13.570781182521056, -5.488256971481895, 29.830223256205038, 4.407340123708238, -5.292234441891437, -0.4071539955698546, -16.69523507971162, 1.997233507046939, 9.513435273180857, -12.381770901891878, 4.711003426331327, -13.335535961772383, 15.03907792771333, -20.43498254778174, 8.599592044581824, -2.13750538871452, 9.187348650722253, 11.022495144569165, 7.832157182572456, -3.682931421612995, 4.7980083877913, -3.8668503794030435, 1.9418227615475687, -21.11705239218537, -7.5351110993469455, 2.997262733780924, 5.743334965099641, -18.655035784303042, 39.258163996041475, 5.559656175175825, 12.697392879875474, 4.128281801520419, -7.75038966145273, -9.074228464989163, -2.5896788276485454, 2.517910947799624, -4.154454303319786, 11.842583697652797, -9.72608877858705, -20.604309442765942, -27.215782330639744, 3.324934533568293, -3.172896882008662, 11.83196232644411, 7.348747490529796, 2.2089608834670336, 11.327155639831458, 4.461419412738105, -1.6267317287865581, 5.990996883794822, 6.423763309893796, 5.407967150574107, -6.547959267733061, 13.858306293809294, 1.6220805023784595, -15.058325923685658, 0.025711920643540487, -13.984531948673961, 12.538814435286563, 16.702675293989426, 14.983040732043754, -3.0365790268205957, -1.4088244509302092, 10.462679184670726, -12.209036590141906, 3.399449019370503, -1.342875788843751, -3.4943114866870055, -2.948161575174252, -1.6807855957227142, 15.85529008912589, 2.731665759295923, -10.391675762062407, 18.56760205245608, 1.5433179271400699, 4.957760621472279, 23.112616157293996, 0.16189642436636206, 6.09531142538541, -16.65708461282085, 1.4133627689402324, 0.908097536126146, -2.967720079301042]}, "Latent AR LinUCB s=2": {"actions": [0.0, 1.0, 1.0, 0.0, 0.0, 0.0, 0.0, 0.0, 0.0, 1.0, 1.0, 1.0, 1.0, 1.0, 1.0, 0.0, 0.0, 0.0, 0.0, 1.0, 0.0, 0.0, 1.0, 1.0, 0.0, 1.0, 0.0, 1.0, 1.0, 0.0, 1.0, 0.0, 1.0, 0.0, 0.0, 1.0, 0.0, 1.0, 0.0, 1.0, 0.0, 0.0, 0.0, 0.0, 1.0, 0.0, 0.0, 1.0, 0.0, 0.0, 0.0, 0.0, 1.0, 0.0, 1.0, 0.0, 0.0, 1.0, 0.0, 0.0, 1.0, 0.0, 1.0, 0.0, 0.0, 1.0, 0.0, 1.0, 1.0, 0.0, 0.0, 1.0, 0.0, 1.0, 1.0, 0.0, 1.0, 0.0, 1.0, 0.0, 0.0, 1.0, 0.0, 1.0, 0.0, 1.0, 1.0, 0.0, 0.0, 1.0, 1.0, 0.0, 0.0, 1.0, 0.0, 1.0, 0.0, 0.0, 1.0, 1.0, 0.0, 0.0, 1.0, 0.0, 0.0, 1.0, 0.0, 1.0, 0.0, 0.0, 1.0, 0.0, 1.0, 0.0, 0.0, 1.0, 1.0, 0.0, 0.0, 1.0, 0.0, 1.0, 0.0, 0.0, 1.0, 1.0, 0.0, 1.0, 0.0, 0.0, 0.0, 1.0, 1.0, 0.0, 0.0, 1.0, 0.0, 1.0, 0.0, 1.0, 1.0, 0.0, 0.0, 0.0, 1.0, 1.0, 0.0, 1.0, 0.0, 0.0, 1.0, 0.0, 0.0, 1.0, 0.0, 0.0, 1.0, 1.0, 0.0, 0.0, 1.0, 0.0, 0.0, 0.0, 0.0, 1.0, 1.0, 0.0, 1.0, 0.0, 1.0, 1.0, 0.0, 0.0, 1.0, 0.0, 0.0, 1.0, 0.0, 1.0, 1.0, 0.0, 0.0, 1.0, 0.0, 0.0, 1.0, 0.0, 0.0, 1.0, 0.0, 0.0, 1.0, 1.0, 0.0, 1.0, 0.0, 0.0, 1.0, 0.0],