{"Stationary": {"actions": [1.0, 0.0, 1.0, 1.0, 1.0, 1.0, 1.0, 1.0, 1.0, 1.0, 1.0, 1.0, 1.0, 1.0, 1.0, 1.0, 1.0, 1.0, 1.0, 1.0, 1.0, 1.0, 1.0, 1.0, 1.0, 1.0, 1.0, 1.0, 1.0, 1.0, 1.0, 1.0, 1.0, 1.0, 1.0, 1.0, 1.0, 1.0, 1.0, 1.0, 1.0, 1.0, 1.0, 1.0, 1.0, 1.0, 1.0, 1.0, 1.0, 1.0, 1.0, 1.0, 1.0, 1.0, 1.0, 1.0, 1.0, 1.0, 1.0, 1.0, 1.0, 1.0, 1.0, 1.0, 1.0, 1.0, 1.0, 1.0, 1.0, 1.0, 1.0, 1.0, 1.0, 1.0, 1.0, 1.0, 1.0, 1.0, 1.0, 1.0, 1.0, 1.0, 1.0, 1.0, 1.0, 1.0, 1.0, 1.0, 1.0, 1.0, 1.0, 1.0, 1.0, 1.0, 1.0, 1.0, 1.0, 1.0, 1.0, 1.0, 1.0, 1.0, 1.0, 1.0, 1.0, 1.0, 1.0, 1.0, 1.0, 1.0, 1.0, 1.0, 1.0, 1.0, 1.0, 1.0, 1.0, 1.0, 1.0, 1.0, 1.0, 1.0, 1.0, 1.0, 1.0, 1.0, 1.0, 1.0, 1.0, 1.0, 1.0, 1.0, 1.0, 1.0, 1.0, 1.0, 1.0, 1.0, 1.0, 1.0, 1.0, 1.0, 1.0, 1.0, 1.0, 1.0, 1.0, 1.0, 1.0, 1.0, 1.0, 1.0, 1.0, 1.0, 1.0, 1.0, 1.0, 1.0, 1.0, 1.0, 1.0, 1.0, 1.0, 1.0, 1.0, 1.0, 1.0, 1.0, 1.0, 1.0, 1.0, 1.0, 1.0, 1.0, 1.0, 1.0, 1.0, 1.0, 1.0, 1.0, 1.0, 1.0, 1.0, 1.0, 1.0, 1.0, 1.0, 1.0, 1.0, 1.0, 1.0, 1.0, 1.0, 1.0, 1.0, 1.0, 1.0, 1.0, 1.0, 1.0], "rewards": [-933.3849426242639, 937.1475769686983, 271.10284314240005, 1247.8108026042294, -548.5765388923635, 921.6714996748085, -112.53287321552915, 145.8040325664668, -168.065546424364, 99.36953428026882, -248.75668449784234, 55.226363164069305, -123.49303780345872, 52.88642257218722, -25.111542000757154, 47.504429971545036, -7.642094776722331, 39.02580787661276, -31.833824489224803, 13.265248359296509, -8.492536800582444, 20.84625659730179, -17.636834892772374, -1.514861774517227, -1.6431106043991983, -4.280451544724608, 10.512158204855023, 7.040823054127431, -11.030313595886673, 0.3228971576642099, -5.928869543648363, 3.3829565975899847, -13.59516817180168, 1.7496898630786255, -6.442047671569303, 9.32803113620091, -11.145549185744109, -20.330555535400126, -5.108033798050626, 4.7867008851588455, -1.9336590233408213, -9.73302422459287, 1.9200108537182805, 6.459917664826148, -0.7389122887235532, -9.889476057887281, 4.344432761820133, -10.932994978850935, 3.500481996557025, -5.196289171688845, -2.8976655650693983, -2.379291161190626, 4.087441564500025, -14.865825049572257, -10.647319617144593, -4.045983222154828, 3.862679463276051, -0.12264940119334637, 13.907983767967737, 13.243717222926723, -5.057479864046824, -4.530300903588369, 5.114051675323272, -11.241909374231668, 0.02124232567862836, -14.61219184565844, -2.977304950155459, -4.037813030274783, -12.759473003248484, 1.4955053211650027, -19.301224978365905, 10.205693521181505, -0.5329441066874672, -11.352367551161525, -12.254648682567836, -0.3843114680414864, -4.744450974297529, -6.604236116912222, 1.131427248114043, -0.20503369823825734, 0.09283485906306191, -5.911285939813849, -1.6390278386749324, 9.569987468728835, -0.39455247292648365, 16.66466916174676, -5.338534135087584, -4.306583814872694, 0.15072796035736408, -7.703820904050852, 16.65348118643898, 10.574398205388706, 6.582366280406712, 5.818309374856293, 1.3880029464661705, -9.533350265596871, 6.4808277873639355, -10.282554433018879, -3.7929187343043735, -3.779642771180867, 5.019513868503233, -4.593815823029809, 10.186461286490562, -6.347875308420238, -23.925740295088882, 5.47564727159927, -13.580214060451727, -16.501990945232897, -9.544492405846078, -2.7953969007048944, 10.73479077808074, 14.83475732732022, 7.97670852964895, -2.3230839630284503, -2.399661673184793, -18.139018334419593, -14.17436343042303, 7.955643145562119, -0.6128784201864905, 11.631947770909134, -6.877452984005913, -4.601744845390602, 5.033315418752715, -17.142641892469026, -7.109705631762957, -1.1531722375256839, -3.297424293874441, -1.4096308338584185, -0.3186789330393187, -4.72463894891999, -14.816609308832504, -9.036358033150602, -6.341552183103539, 7.131123385107647, -7.227590766747445, 8.691326257921505, -9.75669898647195, -7.230351495189061, 7.235766390612306, 0.4004691013071304, 23.11269491998126, -2.7278661857390865, 3.2993088216864703, -2.88273644133696, -8.996745257860214, -7.962750341310342, 2.267725869787117, 3.103497728535721, -19.178878752984765, -18.1269231494163, -13.02328477357582, -9.072488979262515, -9.582242061463111, -6.175602660937791, 1.7342929833405163, -4.733416871033021, -14.354344704390655, 7.083147193189733, 8.278722703581385, 5.825896411498347, 9.73749398518815, -0.5798675970955017, -7.768055275900981, -3.6338651455536732, 4.88477445677557, 2.1065535015161174, 2.6036228793384284, -4.308584004487253, 5.472367479895597, -9.99280588202285, 7.80196548697947, -9.402313061089226, 8.48224061142104, -16.76361110675786, -14.126910824968414, 8.955578746690103, 2.3252437026718393, -10.944751902303395, 4.688395686923678, 2.5627711615246636, 4.246893483841291, -9.940061757207543, 5.84875950739257, 10.689970153311773, 4.187360039829598, -2.8042253979122718, -2.6833271007552844, -0.5463187407833918, 6.3255438975849945, 2.799851083022214, -0.7056597199664083, 11.468420680610825, -6.568515524217665, -6.536808434235963, 8.324744369506769, 11.526797954351464, -16.864433518752016, -19.05574869582898, 6.995713461106856, -15.445303273205269]}, "Latent AR LinUCB s=2": {"actions": [1.0, 0.0, 0.0, 0.0, 0.0, 1.0, 0.0, 1.0, 0.0, 1.0, 0.0, 1.0, 0.0, 1.0, 0.0, 1.0, 0.0, 1.0, 0.0, 1.0, 0.0, 1.0, 0.0, 1.0, 0.0, 1.0, 0.0, 1.0, 0.0, 1.0, 0.0, 1.0, 0.0, 1.0, 0.0, 0.0, 1.0, 0.0, 1.0, 0.0, 0.0, 1.0, 0.0, 1.0, 0.0, 1.0, 0.0, 0.0, 1.0, 0.0, 0.0, 1.0, 0.0, 0.0, 1.0, 0.0, 0.0, 0.0, 0.0, 0.0, 0.0, 0.0, 1.0, 0.0, 0.0, 1.0, 0.0, 1.0, 1.0, 0.0, 0.0, 0.0, 1.0, 0.0, 1.0, 0.0, 0.0, 1.0, 0.0, 1.0, 0.0, 0.0, 1.0, 0.0, 0.0, 1.0, 0.0, 1.0, 0.0, 0.0, 0.0, 1.0, 0.0, 0.0, 1.0, 0.0, 1.0, 0.0, 1.0, 0.0, 1.0, 0.0, 0.0, 0.0, 1.0, 0.0, 1.0, 0.0, 1.0, 0.0, 0.0, 0.0, 0.0, 1.0, 0.0, 1.0, 0.0, 0.0, 0.0, 1.0, 1.0, 0.0, 1.0, 0.0, 0.0, 1.0, 0.0, 1.0, 0.0, 1.0, 0.0, 0.0, 1.0, 0.0, 0.0, 0.0, 0.0, 1.0, 0.0, 1.0, 0.0, 0.0, 1.0, 0.0, 1.0, 0.0, 1.0, 1.0, 0.0, 1.0, 0.0, 1.0, 0.0, 1.0, 1.0, 0.0, 1.0, 0.0, 0.0, 0.0, 1.0, 0.0, 0.0, 1.0, 0.0, 1.0, 0.0, 1.0, 0.0, 1.0, 0.0, 0.0, 1.0, 0.0, 0.0, 0.0, 1.0, 0.0, 1.0, 0.0, 1.0, 0.0, 0.0, 1.0, 0.0, 1.0, 1.0, 0.0, 0.0, 0.0, 1.0, 0.0, 0.0, 1.0, 0.0, 0.0, 0.0, 1.0, 0.0, 1.0],