{"k": 2, "sigma_z": 0.001, "mean reward 1": [-556.5111209239338, -512.6108374999926, 22.014910565780717, 267.2894586954143, 122.79519534636754, -72.29407911311687, -97.59097899902345, -12.624253715796685, 42.31087085836208, 27.366279175045943, -7.563098249210187, -17.31812383523591, -4.870759972544069, 6.169243658893402, 5.404902457976505, -0.4422344694503288, -2.9837391249363567, -1.2721020502168074, 0.9380730285700936, 1.125973898893926, -0.0388681697279268, -0.5085743763113854, -0.24641793153055333, -0.016773976646326728, 0.06875810034613454, 0.07712786745307677, 0.036593280492950624, -0.08795949351065896, 0.0408235652477903, -0.01953022294303923, 0.0029494490449416292, -0.03667758779053857, -0.13044701581834292, 0.03436786822551762, 0.07520642986389689, 0.05658288332395305, 0.026827787280869476, -0.01846015193253694, -0.2846184800156777, -0.12437445721775323, 0.08929808905251245, 0.08486908435138166, 0.1455749021235862, -0.05049645140321648, -0.006495464993193941, -0.030975527171692614, -0.0025322761544452972, -0.05598368387911159, -0.06593651917554891, 0.024635610058238947, 0.04579741028114001, -0.1309561740935909, -0.12264824384004239, -0.011974606039826665, 0.24395540902116092, 0.15372004660277022, -0.2369948027390995, -0.1893344036768322, 0.0045941030530213854, 0.09349307639440248, 0.15873176812219258, 0.11172254056819975, 0.11677481731661352, 0.06121184775423392, -0.12683511729425864, -0.08405834601548216, -0.13367795746722502, -0.1310401770984819, -0.09062353323900876, -0.058117007303887136, 0.09760498470452778, 0.10060698946462039, -0.15924732107607645, -0.10393887584550605, -0.096040848472523, 0.05614317024818129, 0.1011412943949398, -0.04550341008446983, -0.044015104909836684, 0.18732160370179224, -0.003461995414450413, -0.19285996658085347, 0.021160572317538873, 0.20334788237362833, 0.17329967102749372, -0.03956291727335434, -0.19538273711297635, -0.08562008086122143, 0.08255040805887938, 0.0853854336478411, -0.025048170529314743, 0.0073499326879227014, -0.0908901981974925, -0.0714663439752927, 0.05703568956845438, -0.02042835503496696, -0.08338351750841277, -0.010068206823702512, 0.053975747927473325, -0.05636376624452538, -0.04934888524139936, 0.03928617653639134, 0.15262265520642307, -0.08109869746069323, -0.06535714961269216, 0.05937554255460533, 0.11945539715296546, 0.1254401036485003, -0.028534571216267138, -0.15426985888614092, -0.11140399861784722, 0.2528987868014977, 0.25077741174712387, -0.04825387410613029, -0.1430876410170808, -0.11894725438147206, -0.060966469853909314, 0.033547576254162756, 0.26165143198656865, -0.08846233079955777, -0.24123552786990202, -0.15563867237844217, 0.09329715564377564, 0.004438273305531278, -0.09192397228521779, 0.12836430123273515, -0.015944258674528047, 0.1400613397476317, -0.07393419738432146, 0.019693346352685694, 0.09119571468312641, -0.05694186299258794, -0.3981955228447644, -0.1958836450654043, 0.26439706928284357, 0.18613590850442557, 0.10499674851740252, 0.07574679522198445, -0.11277584175250412, -0.07435534892989727, 0.026190454910305316, 0.06162463644522609, 0.1763187723819956, 0.2706504054340114, 0.03198730702244958, -0.09123236243227764, -0.08242205976309112, -0.05453132435982789, 0.049646916298136355, 0.1420491078723072, 0.12748730767098143, -0.09018040119287012, -0.03410449391959959, 0.025947794240220447, 0.1577926336587525, 0.12063215782626982, -0.04034835823896338, 0.0020513768661863867, 0.1517477482680078, 0.1430434828304071, 0.02806450253004386, -0.0477898936509098, -0.11974926641382408, -0.13658142453142733, 0.10739500829120516, 0.18440019811653177, 0.03727791762797185, -0.06598068442490733, 0.04588267231533553, -0.026618041309129724, 0.0050427886153298065, -0.06639162459441338, -0.011220549493999312, -0.01951829301162525, -0.1489573059085454, -0.13656392857370367, 0.037287445227221314, 0.17269164922066443, 0.06580048120645267, -0.055296897606344875, -0.028276833372589818, 0.06544468354099475, 0.035984743611106526, 0.05428442920616713, 0.03155909097857198, -0.0015950592589144036, -0.014126057692848918, 0.1388488615625369, 0.2918057053788486, 0.16371048558022364, 0.15493268342245478, -0.08836108529696204, -0.3340364567906891, -0.1987509519022333, 0.10181835002194384, 0.2453270347806936, -0.018087124755460905, -0.26373040047014146, -0.0048776257852115685, -0.04188706556662281],