{"k": 2, "sigma_z": 0.001, "mean reward 1": [79.09219271105896, -964.7634673094592, -522.0274209033698, 221.326193051042, 371.6120363004937, 75.17614662798684, -148.15607786735072, -111.62360500802009, 18.150554803573403, 64.826391177487, 23.41025234783158, -20.80636858016956, -22.092321170493307, -0.42064027347075655, 11.00507622003509, 5.876433000933076, -2.629444192883987, -4.248137972189463, -0.919905294034678, 1.8729034259057042, 1.3687840245436873, -0.36643955786563087, -1.0023578207138057, -0.3310295952829035, 0.30536771600260393, 0.29852412779492, 0.07523843417157382, -0.1078880981606156, -0.16943725862178824, -0.1763280129501428, 0.04753250828965939, 0.3595886767648863, 0.16277518429268029, -0.06869262520810174, 0.011447956982199537, 0.05591724479231056, 0.13865339997092013, 0.17936008729428385, 0.09987673859098507, -0.13028548802509565, -0.02161610700335164, -0.05537749784410976, -0.2548582228190799, -0.2072693715178588, -0.03269310403067905, 0.1743723116369011, 0.10839300850272865, -0.012058302719624407, 0.03524420411391587, -0.02593059857687526, -0.12502426128642702, 0.024277879774978726, 0.1361251334880926, 0.2138110515639423, 0.04184966721180223, -0.07785431508106909, 0.14336594140920939, -0.057686360640695045, -0.24214890404853456, 0.04522805153335813, 0.20504174060221192, 0.12071266110726112, -0.0771093355139183, -0.027083559414918187, 0.09239303719959352, -0.008376544599476343, 0.05370584577996647, -0.08969885089345447, 0.0411349848172813, 0.09570712132142604, -0.040404026260194154, -0.1533507018034752, -0.08558291761426326, 0.03774741339253772, 0.053667216591031, 0.14808759097656368, 0.05870240517422829, -0.09553061573943328, 0.07606257581327487, 0.1622071622848332, 0.02596079374426554, -0.1082408660283271, -0.21668606634029755, -0.0661637443034126, 0.1113249593950194, 0.0942621088896181, -0.023056098954892808, 0.16169729795076623, 0.25410081945143276, 0.25777534482751363, -0.023382488060683024, -0.11835374179223501, -0.11087144121611878, -0.04261334676876835, -0.024909291411745093, 0.14694884066213526, -0.006779153422267628, 0.02429217714031845, -0.012788963811268152, -0.04467177471021672, -0.06422927405715308, -0.057045031227039564, 0.12651346092642665, 0.05183781844956908, -0.17572444922019506, -0.15406811193972159, 0.2025566539341597, 0.15885498361404685, -0.13144243549234874, -0.038578732607151986, 0.14460291770337755, 0.10995345702999645, -0.14797859756905896, -0.22805734938100156, 0.17854543917419452, 0.08540579223052679, -0.06557000691969979, 0.12138403929098336, 0.05395107799002159, -0.10002148146071595, -0.16936701321826586, 0.03107365006585583, 0.06018103305393864, 0.15239564697876523, 0.06949466601933986, -0.11587346055371636, -0.07923235080394372, 0.02402627120949634, -0.07108970378273266, -0.12274506329007187, 0.04548100022713925, 0.045490167648782595, 0.0898394855502052, 0.046441978731671135, -0.05515268884821564, -0.07847824960841081, 0.038518244970266055, 0.03776285349985034, -0.021664286092750604, 0.06965480833679435, 0.05216303657935268, 0.07644687671798182, -0.1124792886162125, -0.17230526471045102, 0.21320941213868516, -0.02744911943312325, -0.01907133204439575, 0.2819023615518316, 0.2950801329694275, -0.020975576007945973, -0.0695890727436482, 0.09514487759599544, 0.07429301381481766, 0.05045779003992612, 0.12282530005025195, 0.16518162697168318, -0.01730050042872065, 0.027995438938269775, -0.02285438181715722, 0.0752998010340609, 0.31957343428019647, 0.18414514785038522, -0.004796933403797407, -0.11166280608347785, -0.15838162946036136, -0.018947344767768607, 0.17107214878891674, -0.09028370869822336, -0.222452033222611, -0.14542537151733922, 0.08126057287781026, -0.03688377268187342, -0.09228326342629804, -0.051272245641777854, 0.1546815159692942, 0.06230878246491065, -0.07184015488261808, -0.15175533173992084, 0.018725671163639074, 0.038517182274227194, 0.09080612130330377, -0.071430606024132, -0.08262858017634025, 0.00711588275610297, -0.016184865871244965, -0.03603685241976914, -0.07511001597500912, 0.08126228270870332, 0.044243205764648824, -0.0016242564596127905, 0.016322330033863765, -0.16404897626862766, -0.1015358640732318, 0.027004309714250458, 0.05246522099896045, -0.059577692610107785, -0.08765143536069038, 0.014183794875726222, 0.10837887188905276, 0.03731858578722682],