{"k": 2, "sigma_z": 0.001, "mean reward 1": [1542.483150268954, 1079.5458454539223, -231.6633494384181, -655.8342466035904, -211.91266496572814, 222.04027358286598, 216.85812655956371, -2.7034061917062457, -109.81860223267184, -53.47164320956477, 28.166913408743056, 40.95396516616532, 6.376101057346668, -17.453531064891703, -11.861269236117609, 2.812299225261555, 7.481036643857922, 2.337495140666798, -2.5780636245821413, -2.410327540835975, 0.03377710281594075, 1.1286174861090115, 0.5617892934473301, -0.29897860597249293, -0.260180954142837, -0.2940931508472354, -0.20393603421240258, 0.057854848046666824, 0.2862921610223252, 0.03307254123079222, -0.09354392307197325, -0.053691075289082846, 0.07330448233261916, 0.03289032883945583, -0.04285488141073684, 0.20937849234177447, 0.13768160664618753, -0.02488897161244019, -0.038378280354273916, 0.1457306933027569, 0.03096518458008008, -0.02173145283712082, -0.011155540083110715, 0.03879027914089061, 0.09635452538110957, 0.028920239235664467, 0.015905643536697857, -0.22556434665920583, 0.13377372664410464, 0.18811358333031417, 0.0077343880818182345, -0.004803311905201798, -0.013493061876396716, -0.01088876556792443, -0.12966117432638694, 0.07475120265503896, -0.08184866550172516, 0.08493011877461004, 0.025609475802193495, -0.08500743134445, -0.11246341802348687, -0.2532493073745565, 0.09841655903682989, 0.15567138207526568, 0.010493601484985892, -0.19363061365898646, -0.14094226902185547, -0.11757673532786217, -0.1409704531220086, 0.03675570754593375, 0.05701759552276544, 0.04621695486244856, 0.1372054797549907, -0.005562083956476541, -0.16242338156730782, -0.07103163550453731, 0.0556704529573341, 0.038587430379193224, -0.06617141145410284, -0.05845435584020079, -0.029240145230355757, -0.07390973565250694, 0.05112255869542803, 0.12369194636489707, 0.04088929189122728, 0.017903945370909415, 0.026050651463319596, -0.06734039872313509, 0.07902436582157236, 0.07096056150218662, 0.09915875332630773, -0.18280649648278832, -0.12758871031006042, 0.030091397401435363, 0.16080834338202285, -0.07211805094863813, 0.016680140235058347, 0.2378933700199143, 0.04491785889342069, -0.31491078759352154, -0.3073731656609787, 0.00672437878644327, 0.21133188639587114, 0.07027785273669852, -0.044381234921146075, 0.004885866036405959, 0.1599921440901554, -0.06693838136281592, -0.19497429339973227, 0.01192310760044252, 0.14724183566810148, 0.08536339856149465, -0.09621126790803729, -0.20976890197278034, 0.016783069861695227, 0.029351414107589437, 0.13532035928929878, -0.10043915718723874, -0.20633648405180943, -0.1108117176089544, 0.04148554674674232, -0.03602870084959146, 0.09035618777815019, 0.07604240947850502, -0.14316962838807598, -0.1544269362336365, 0.04811205070890089, -0.09302057811667458, 0.042774606605778524, 0.1134483933845049, -0.015580183606911283, 0.0829293208944848, 0.034910247540639656, -0.12034942108021883, -0.09754168513852587, -0.12538358200131958, 0.0004231755761100153, 0.19268769207390438, 0.04605025751378, 0.047550393431947266, 0.08269130501676045, 0.008729618902264992, 0.04750158161262181, -0.0787336269224519, 0.1092663031498047, -0.11386098235183534, -0.09823374016782788, -0.03325365531044097, -0.016945941288413025, 0.11777647466204269, -0.17408913774326484, -0.12043135053563941, 0.1416186610576924, 0.07729790155564879, -0.2129988659045185, -0.20438075580473514, -0.26430302300949804, -0.15638819635847453, 0.27458536093695707, 0.31425137425372857, 0.09148867514137762, -0.125988029604377, -0.2382397928429059, -0.005935686032203095, 0.32080498143414815, 0.15805812353751253, -0.23076826119067784, -0.22556965959177974, -0.07867036843825405, 0.06611470956157728, 0.12643348501170595, 0.27870655913307485, -0.038244792060032555, -0.019676248017599648, -0.0882409464929739, 0.042043602447724995, -0.010989275112156945, -0.10179519977543597, -0.0702519322933108, -0.012654639346434727, 0.10292906083620937, 0.11437355038884996, 0.012970758104047488, -0.04042509849321658, -0.10448187850099268, -0.068670183323647, -0.02694245116650436, 0.06719994371935578, 0.14848226550035976, -0.10339135588770916, -0.05389092035189157, 0.05473503592562045, -0.05709890901274377, -0.14242915852089078, -0.030927946980266182, -0.04264247568466726, 0.030242107868508842, -0.03055798416408093, 0.025868633942880304, 0.023736884319985458],