{"k": 2, "sigma_z": 0.001, "mean reward 1": [81.02849352967252, 647.8621431992863, 283.458863178017, -182.13840634039386, -232.9221396647157, -25.504098844724872, 103.65777312888031, 64.57435950747026, -19.575909698927052, -42.12415912434666, -11.261244029132797, 15.374986871115548, 13.16467865021909, -0.9101453735248008, -7.044337666681089, -2.867385726035328, 2.0999431970355134, 2.243113227461963, 0.1186663437207707, -1.282138463059689, -0.5441435822707109, 0.2922197984890917, 0.32512294509699213, 0.11567666554200566, -0.12712681419361863, -0.02436867003703092, 0.0019582771401657263, 0.020550829718979747, -0.012821788118235198, 0.07160523690773116, 0.08189361999701478, 0.0536638800311625, 0.16244130169158555, 0.12553219454393913, -0.15073014336991455, 0.003071063209389457, 0.1517776398686095, 0.058581329139231246, 0.02051419597673628, 0.15785234783489085, 0.10978647238392372, 0.07483354984286608, -0.003345049983406666, 0.02440693069206752, 0.1020090659485824, -0.03315897559517942, -0.2229361030442861, -0.24528032414085654, 0.10060953794617272, 0.36565995549931796, 0.2040828580966562, -0.1615838472863323, -0.16077434155662534, 0.021144176537628696, 0.03930746794318095, -0.1136154288307475, -0.19950061876999015, 0.12080613808685939, 0.06905943365408954, 0.22841638262960495, 0.1663001208874728, -0.0400633877896642, 0.0067388036138986375, 0.02042470604733794, -0.07913859597623876, -0.07339074406671633, -0.004415061822354677, -0.05536796752220868, -0.05185194209663176, 0.0810287401556279, 0.24842692653150536, 0.038469782154867245, -0.09155305226397417, -0.004769071564401678, -0.022112113579618828, -0.07868264240096426, 0.006004125963096006, -0.07338402230863961, -0.03796387651439908, 0.1658307154625973, 0.07480972625170862, -0.001770866165900722, 0.1363634309957126, 0.2468760356688928, 0.18104176765413044, 0.11364470147926031, -0.09061377764984978, -0.001170272397367847, 0.044011444795969655, -0.03407410641693384, -0.1806560706530367, 0.10196126669649365, 0.09746767541793792, 0.011374493639453035, -0.04022782745115697, -0.11080083937402463, 0.011642380637472513, 0.04456633072972936, -0.08223939499689915, -0.02779131122386948, -0.035789688801250386, 0.055741594943737, 0.20150749670509988, 0.13815421684184986, -0.1760789232693191, -0.22347121771916884, 0.05154363292063211, 0.2241518404399993, 0.08311098249403874, 0.09186105393807001, 0.02677146794926217, 0.04716433041022255, -0.08906244319744902, -0.10223049930774748, -0.0021286225883995957, 0.09116148780940461, -0.06342534192424953, -0.09978639519618335, -0.19018361412125878, 0.08631181804841422, 0.1316898123864018, -0.09177020156693605, -0.008920652090781113, 0.054588007943871746, -0.06762171455694227, -0.20644967005194217, -0.06829165605300853, 0.055900748294281814, -0.06390124438964563, 0.008340538721289937, 0.01616955152672071, 0.09641980080650127, -0.01416538560821097, -0.08614724645392821, -0.010720258255181829, 0.2730973414933696, 0.16463773876420496, 0.005593188676959727, -0.19993503706112584, -0.08866322845407823, 0.11549932992398955, 0.28029563486844566, -0.013373897323985709, -0.19570058099099993, -0.12004266193132371, 0.014824189215767418, 0.08872105680956158, -0.03745437053328067, -0.09832356481555705, 0.02720827954984518, 0.02447576482995764, -0.06752623870938491, 0.07794343333592797, 0.14508963099069494, 0.038749536941303495, -0.018973474556419522, 0.046764902094032605, 0.24254351722784723, 0.28116756353499855, -0.02245896596315838, -0.06943675296075551, -0.07270545051213735, -0.06255962414708947, -0.23163544412699155, -0.19223620559503854, 0.1824167789868952, 0.06094573541832631, -0.02937681406362985, -0.09521227507207167, 0.11889361193518591, 0.3349985105896818, 0.01599783130127536, -0.09842237155006234, -0.1641814064383564, 0.1795467993329757, 0.10571884211251098, 0.10658022806479145, -0.12375143744466745, -0.20004694585246535, -0.04214850462860492, 0.03983779196429062, -0.19353853097233423, -0.2174825926659711, -0.10544923257222696, 0.06183095173720641, 0.20786961884542268, -0.14478548724031445, -0.31015407650049964, 0.10487098068497425, 0.13593649668365163, 0.16606327457287273, 0.044914431033924576, -0.25310923355883624, -0.11076897803447541, 0.02679160636979151, -0.05957783747302893, -0.19939701268170354, -0.16812310972681654, 0.01121883337670583, 0.06249047225907916],