{"k": 2, "sigma_z": 0.001, "mean reward 1": [-1212.062203311195, 1746.2276400926007, 1479.2030139849696, -133.4345597861666, -806.1716078328932, -336.39464173549595, 234.81899072246347, 285.787357748019, 25.42670230878811, -130.02896964271395, -77.73672929714309, 26.19668468533483, 52.00562208633978, 12.908431015696879, -19.599625903251024, -16.14526598604873, 1.6204482549212942, 9.219228375309394, 3.765355222140347, -2.7268542700245795, -3.0939538613615376, -0.08974402487217593, 1.4819951099819189, 0.6070783545223527, -0.6002887087497428, -0.5983719722071363, 0.007202802069691747, 0.3158406935136055, 0.02024547290440527, 0.0006387279045045593, -0.07301977394284649, -0.2736788213437958, -0.27162967619218814, 0.046402532992355854, 0.3015676880046984, 0.22744832059276324, -0.1299006538308019, -0.2899373311709305, -0.13264947422223203, 0.22463868901777514, 0.3494542164630805, 0.016414304770211097, -0.1411525621354086, 0.09853672285342549, 0.038701924227457885, -0.060016847320026816, -0.002555670976578156, 0.07119459886554447, -0.10188957660046506, 0.04081757526580096, -0.05039284583117278, -0.19291472050130376, -0.1745365355992748, -0.07031682610713696, 0.22222634220201376, 0.11820211644275637, 0.14876213816285824, 0.07472029705133541, -0.06804214892864827, -0.20254835122719816, -0.12563228707592086, 0.03885353070552173, 0.21372508721622252, 0.12635092932815187, -0.07971900578550678, 0.03454789606372043, -0.09231185632574855, 0.08148726411230206, 0.2127563551844455, 0.01421107283993161, -0.06356308446018338, -0.09754159868332107, -0.046971953546826664, 0.08431734916001446, -0.014734435017657805, 0.07195567726751759, 0.14802031351987274, 0.11771163539738479, -0.10073473167534427, 0.011708715390676807, 0.10458663137747108, 0.001223616485046227, 0.22191765974817473, 0.17121940001472982, -0.015882525365813707, -0.0717196945817246, 0.011214674003390978, -0.04813149355767213, -0.06426643233232966, -0.16303651006720185, -0.03153620173540272, 0.1746727266208457, 0.1661644426505905, 0.004531430160100164, 0.1764644536301102, 0.11913503935534202, -0.004029959728922544, -0.02994966801297014, -0.09161805430272076, -0.006022889532532604, 0.15367654335938066, 0.1486236235024465, -0.114609700180524, 0.1252258408538813, -0.05078509190129873, -0.2634854914134633, -0.0948563411284368, 0.18247716374880366, 0.1675337738587073, -0.09627078009650174, -0.15743714133513878, 0.14517086163749351, 0.027999939153974026, -0.07250825244266676, 0.11383130892747928, 0.1383406037673532, -0.033267069524675986, 0.05267375773171691, 0.1881501915102584, 0.201348922498528, 0.14023161851270224, 0.007901304217177406, -0.0686338308514685, 0.07195243589485707, -0.04571621842478197, -0.020162688103885655, -0.19097529677343134, -0.17593183972096943, -0.10997296191175429, 0.013208510077067692, -0.031649894045301843, 0.056571811178057825, -0.051719402234871655, -0.0676388002425973, 0.07343440929399919, 0.06434151243949231, -0.06778604713315536, 0.014886479594868019, 0.02774214909105136, -0.005391771264606617, 0.13114217609550383, -0.03154894075736663, -0.08806237579298049, -0.16936868020924395, -0.025208398428167418, 0.14673015191830327, -0.04249777935205394, -0.11186745247878671, -0.014048605002044376, 0.15662527206258176, 0.20795896702146907, -0.11641014704220307, -0.17403354174072241, -0.26591981995647385, -0.051022391580122735, 0.03392619758777091, 0.24692475408708744, 0.047938403159938414, -0.0913095948172447, 0.06177477167241242, 0.2745853915647012, 0.03596684376661336, -0.115023679665395, -0.12997047358098715, 0.09668140438106722, -0.10111445340471371, -0.07567255068249376, -0.0364400454988039, 0.18551328732563663, 0.0010122890043073526, -0.0003815835107905032, -0.08285171974777406, -0.024553807163670494, 0.07923463285363216, -0.12566111281849418, -0.05706517376631541, 0.08504602618786337, -0.018709203054553477, -0.11077661406830377, -0.23026650064666218, -0.06032755438548774, -0.09995513038068252, 0.034222725796768175, 0.03859355363223421, 0.031058654161692033, -0.06802687274214113, -0.022437997884375564, 0.03717387195530865, 0.07373675853567033, 0.045086201966210625, -0.19919341605141358, -0.15685330035475528, 0.01657987742626065, 0.13455004141581764, -0.08908889859625158, -0.04667681935519053, -0.07525376663941763, -0.11737773457855134, -0.05952942375118939, 0.08492626807453632],