{"Stationary": {"actions": [0.0, 0.0, 0.0, 0.0, 0.0, 0.0, 0.0, 0.0, 0.0, 0.0, 0.0, 0.0, 0.0, 0.0, 0.0, 0.0, 0.0, 0.0, 0.0, 0.0, 0.0, 0.0, 0.0, 0.0, 0.0, 0.0, 0.0, 0.0, 0.0, 0.0, 0.0, 0.0, 0.0, 0.0, 0.0, 0.0, 0.0, 0.0, 0.0, 0.0, 0.0, 0.0, 0.0, 0.0, 0.0, 0.0, 0.0, 0.0, 0.0, 0.0, 0.0, 0.0, 0.0, 0.0, 0.0, 0.0, 0.0, 0.0, 0.0, 0.0, 0.0, 0.0, 0.0, 0.0, 0.0, 0.0, 0.0, 0.0, 0.0, 0.0, 0.0, 0.0, 0.0, 0.0, 0.0, 0.0, 0.0, 0.0, 0.0, 0.0, 0.0, 0.0, 0.0, 0.0, 0.0, 0.0, 0.0, 0.0, 0.0, 0.0, 0.0, 0.0, 0.0, 0.0, 0.0, 0.0, 0.0, 0.0, 0.0, 0.0, 0.0, 0.0, 0.0, 0.0, 0.0, 0.0, 0.0, 0.0, 0.0, 0.0, 0.0, 0.0, 0.0, 0.0, 0.0, 0.0, 0.0, 0.0, 0.0, 0.0, 0.0, 0.0, 0.0, 0.0, 0.0, 0.0, 0.0, 0.0, 0.0, 0.0, 0.0, 0.0, 0.0, 0.0, 0.0, 0.0, 0.0, 0.0, 0.0, 0.0, 0.0, 0.0, 0.0, 0.0, 0.0, 0.0, 0.0, 0.0, 0.0, 0.0, 0.0, 0.0, 0.0, 0.0, 0.0, 0.0, 0.0, 0.0, 0.0, 0.0, 0.0, 0.0, 0.0, 0.0, 0.0, 0.0, 0.0, 0.0, 0.0, 0.0, 0.0, 0.0, 0.0, 0.0, 0.0, 0.0, 0.0, 0.0, 0.0, 0.0, 0.0, 0.0, 0.0, 0.0, 0.0, 0.0, 0.0, 0.0, 0.0, 0.0, 0.0, 0.0, 0.0, 0.0, 0.0, 0.0, 0.0, 0.0, 0.0, 0.0], "rewards": [1191.8367199407232, -1123.8018389544957, -1156.8847760101478, -18.12531557885711, 571.4810633788446, 291.7563995097418, -139.0162585662566, -214.73317862089957, -39.73223011033294, 89.73496699845106, 64.72725254169464, -11.631294008941182, -39.122689243938005, -13.844778591988039, 12.07004495944399, 12.53521650723343, 1.170393020946338, -4.001589480408508, -2.2386656191481795, 2.9265582769413596, 2.0415384180151266, -1.7613533660141747, -1.3351316672322282, -0.5782681985522732, 0.35337770741311186, 0.10285073924816157, 0.4230948629848815, -0.18241977522060218, -0.40220116332245276, -0.06739565714482196, 0.3948303614630434, -0.04325551142602484, -0.0866074309117081, -1.4683551104140702, -1.0235997004976454, 0.5960859563960459, 1.3321111008102229, 0.07191037265138406, -1.6309417284031613, 0.7283205854818239, -0.6556326025062791, -0.9120412100079527, -0.608075896224598, 0.5944209465670555, 1.6112116994945782, 1.9977634059126173, -0.6801293481068817, 0.6092035493921518, -1.4139160340683785, -1.5394611764245352, 0.14979837460047646, -1.0718274898411486, 0.611267621292525, -1.3590569862422575, 0.985243973346456, -0.27045918614181547, -0.8682501784276132, 1.1028237904002522, -0.8218891443143065, 0.19635448600690858, 0.38928469223833706, 0.8947423656044454, 1.72230638006323, 0.9855205939160577, -1.1898808558599487, 0.2257651963947277, -0.2440564169126967, 1.0686699243114208, -0.8809716103436945, -1.1617803307402899, 0.36346684993202344, 0.25868521578588866, 1.571952227363763, 0.11418281277948339, -0.22828274810010846, -0.45682046685514077, 1.169982823420745, 0.6485119591029646, 0.5186566669364961, -1.1128072671861817, -0.5252548578395071, 0.37665121641803423, 0.09582759820329997, 0.7114570629831616, 0.17152361726145282, 1.7795418375627123, 0.41377240742766225, 0.1582750652788416, 0.5221957260982951, -0.905839586575146, 0.9553669697672833, 1.803122474499409, -0.009168687775540411, 1.8643210675191422, 1.5673265912858567, 0.23899838605204107, -2.2798362987615675, 1.2062373256092416, -1.0563685645934406, -0.11670389837901571, -0.3799061449635962, 0.02972819909736185, -0.6970977520179331, -1.0371451267962384, 0.8082259583365334, -0.9499626960915946, 0.36073611138600753, 0.08639422560694658, -1.0142770538691912, -1.6975526242718175, 0.9583115549597049, -1.098811697248526, -0.709035007146085, -0.4028187598364283, 1.3949256191866128, 1.211827654251233, 0.31467216092449174, 0.21207861743672007, 0.970296611242535, 0.4800970715550312, 0.6711426918474732, 0.42724663981521643, 2.1497899710395187, 0.1324379206444638, 1.050649709518013, -1.6682716757345146, 0.265964606225793, -0.05365878989152037, 1.0562717123644871, 0.3130777359460062, 0.5286796026137223, -0.358426991989343, 0.47089920252945294, 0.11837780879860837, 1.0412407383757565, -0.5242157201914723, -1.1248755692116683, -0.06279819943682888, 0.7785801483901136, 0.7804311602173093, -0.7048525212885786, 0.8760072850291376, -1.0091999609093452, 1.8482118935193252, 0.46014420598497013, -1.530837967689537, 0.21978972842269254, 0.8347924477700489, -0.697157713520882, -0.7537353840706111, 0.35105211645269824, -0.044543224259426736, -1.163420998084503, -0.6855286863374632, 0.16772000462032904, 0.3775346061082571, -0.9417722658499382, -0.44706579602058516, 2.479269094939836, -0.5857215372228969, -0.5466022972398328, -1.3148498193261648, 0.3313823903291287, -1.2941791557519846, 0.6793754354473093, -1.0189136046275284, -0.8460879527629775, 0.5117764264181323, 0.5647960354391105, 0.5720521686709906, 1.0935221110660804, -0.07475437910146945, -0.5261414117284903, 0.7459107618571785, -0.34898043381241306, -0.2104655464336792, -0.9619470909692355, -0.19953036722944362, -0.1846846855754827, 0.07176284101038352, -1.8339247621259753, -0.2528281648734017, -0.7625056250415281, 0.5405997660333205, 0.2714559709676975, -0.06715945940150256, -0.20780702064326523, 0.4643186238194125, -1.914975128459414, -0.08960851572678732, 0.5071876192480461, -1.2812817129220992, 0.661268076955654, -0.14230703521406324, -0.7717390080668147, -0.39216963687499984, 0.8183448932644883, 1.1710813426339537, 0.0983725115940642, 1.1906310324088218]}, "Latent AR LinUCB s=2": {"actions": [0.0, 0.0, 1.0, 1.0, 0.0, 0.0, 1.0, 1.0, 1.0, 0.0, 0.0, 1.0, 1.0, 1.0, 0.0, 0.0, 0.0, 1.0, 1.0, 0.0, 0.0, 1.0, 1.0, 1.0, 1.0, 0.0, 0.0, 0.0, 1.0, 1.0, 1.0, 1.0, 1.0, 1.0, 0.0, 1.0, 1.0, 1.0, 0.0, 1.0, 0.0, 0.0, 0.0, 0.0, 0.0, 0.0, 0.0, 1.0, 1.0, 0.0, 1.0, 0.0, 1.0, 1.0, 0.0, 0.0, 1.0, 0.0, 0.0, 1.0, 0.0, 0.0, 0.0, 0.0, 1.0, 1.0, 1.0, 0.0, 0.0, 1.0, 0.0, 0.0, 0.0, 0.0, 1.0, 1.0, 1.0, 1.0, 1.0, 0.0, 1.0, 0.0, 0.0, 0.0, 0.0, 0.0, 0.0, 1.0, 1.0, 1.0, 0.0, 0.0, 0.0, 1.0, 1.0, 0.0, 0.0, 1.0, 0.0, 0.0, 0.0, 0.0, 0.0, 1.0, 0.0, 0.0, 1.0, 0.0, 0.0, 1.0, 0.0, 0.0, 1.0, 0.0, 1.0, 1.0, 1.0, 0.0, 0.0, 0.0, 0.0, 0.0, 0.0, 0.0, 1.0, 1.0, 0.0, 1.0, 1.0, 1.0, 1.0, 1.0, 0.0, 0.0, 0.0, 0.0, 1.0, 0.0, 1.0, 1.0, 0.0, 0.0, 0.0, 1.0, 1.0, 0.0, 1.0, 0.0, 0.0, 1.0, 0.0, 0.0, 0.0, 1.0, 0.0, 0.0, 0.0, 1.0, 0.0, 0.0, 1.0, 0.0, 1.0, 0.0, 1.0, 0.0, 0.0, 0.0, 0.0, 0.0, 0.0, 0.0, 1.0, 1.0, 1.0, 0.0, 0.0, 1.0, 0.0, 0.0, 0.0, 1.0, 0.0, 1.0, 1.0, 1.0, 1.0, 1.0, 1.0, 0.0, 1.0, 1.0, 0.0, 0.0, 1.0, 0.0, 1.0, 1.0, 1.0, 0.0],