{"Stationary": {"actions": [1.0, 0.0, 0.0, 0.0, 0.0, 0.0, 0.0, 0.0, 0.0, 0.0, 0.0, 0.0, 0.0, 0.0, 0.0, 0.0, 0.0, 0.0, 0.0, 0.0, 0.0, 0.0, 0.0, 0.0, 0.0, 0.0, 0.0, 0.0, 0.0, 0.0, 0.0, 0.0, 0.0, 0.0, 0.0, 0.0, 0.0, 0.0, 0.0, 0.0, 0.0, 0.0, 0.0, 0.0, 0.0, 0.0, 0.0, 0.0, 0.0, 0.0, 0.0, 0.0, 0.0, 0.0, 0.0, 0.0, 0.0, 0.0, 0.0, 0.0, 0.0, 0.0, 0.0, 0.0, 0.0, 0.0, 0.0, 0.0, 0.0, 0.0, 0.0, 0.0, 0.0, 0.0, 0.0, 0.0, 0.0, 0.0, 0.0, 0.0, 0.0, 0.0, 0.0, 0.0, 0.0, 0.0, 0.0, 0.0, 0.0, 0.0, 0.0, 0.0, 0.0, 0.0, 0.0, 0.0, 0.0, 0.0, 0.0, 0.0, 0.0, 0.0, 0.0, 0.0, 0.0, 0.0, 0.0, 0.0, 0.0, 0.0, 0.0, 0.0, 0.0, 0.0, 0.0, 0.0, 0.0, 0.0, 0.0, 0.0, 0.0, 0.0, 0.0, 0.0, 0.0, 0.0, 0.0, 0.0, 0.0, 0.0, 0.0, 0.0, 0.0, 0.0, 0.0, 0.0, 0.0, 0.0, 0.0, 0.0, 0.0, 0.0, 0.0, 0.0, 0.0, 0.0, 0.0, 0.0, 0.0, 0.0, 0.0, 0.0, 0.0, 0.0, 0.0, 0.0, 0.0, 0.0, 0.0, 0.0, 0.0, 0.0, 0.0, 0.0, 0.0, 0.0, 0.0, 0.0, 0.0, 0.0, 0.0, 0.0, 0.0, 0.0, 0.0, 0.0, 0.0, 0.0, 0.0, 0.0, 0.0, 0.0, 0.0, 0.0, 0.0, 0.0, 0.0, 0.0, 0.0, 0.0, 0.0, 0.0, 0.0, 0.0, 0.0, 0.0, 0.0, 0.0, 0.0, 0.0], "rewards": [-1150.3956978469255, -684.7022479012128, -918.9005501179228, -117.96486293108323, 399.3606142700199, 259.3327576944251, -71.82994490282243, -165.12731840301424, -46.32996318976917, 58.48750113233565, 53.916905106662405, -3.179841183852521, -29.17798148813828, -12.185581937713394, 6.387312527266358, 9.373594104045331, 1.4833583546926872, -5.982087209834864, -1.8588940474493758, 0.12921900455245272, 4.341697843392325, 1.0764415826139713, 0.5757452325882138, 1.0447462911955325, -0.40895800962639983, 0.4111612559100567, -0.7277305212061882, -1.6863535317573375, -0.23045181662921121, -1.9214534189007257, -0.968650109464981, 0.5982650785659065, 1.4874446013051121, -2.170144866284243, -0.08355253892156217, 1.485315980200801, -0.7135108466645268, 0.7850674354865786, -1.3044231718586428, 0.16425648743898635, -0.42051031707487235, 0.49032473233156687, 0.2504537314119518, 0.8302269285873791, 1.1420913593157787, -0.029957701333181826, -0.2823506511077361, -1.3179808347298774, 0.9677350527261981, -0.20451506960012925, -1.3991140421132653, 0.7029142795817996, 1.014062404406331, 1.411859634753042, -1.2142657027111334, -0.38379658259708166, 1.4510117796867124, 0.49128899684572386, -0.59929719492947, 1.2257745384169647, -0.05194380784256333, 0.5325075812315838, 1.2108891934986057, -0.7778537688258524, -0.9508486863016756, -1.058620765275967, 0.7243954275243146, 1.6061032509809097, -2.0417557755081073, 0.7041843348580374, 1.147061489663614, 0.3752245101990588, -0.8639877939591332, -0.23289250793080968, -1.0824963876625657, -0.634244866340448, 0.06979511873801239, 1.525852997235659, -0.1925071288681384, 0.7131805464216334, 0.09696702565007645, -1.2003125607724834, 2.8846082813670733, 0.8931989698658485, 0.2405443971230019, 0.787691843295552, -0.7393128678446498, -0.3550806705435454, -1.075773373272763, 0.12354132424683856, -0.1696323664724174, 2.2334082072005828, 3.2274813871850303, -0.6310233743664351, -1.3105457593242673, -0.45346098949474956, 0.18466896214060405, -0.5138673113067339, 0.03617238387161728, 0.8993345596092703, 0.9777084862700618, -1.2333538303937617, 0.7750281823637096, 0.15371814170165535, 0.4397463830073075, 0.2640526941048704, 0.150372112482638, 1.0688386984779672, 0.5059988054237199, -0.8606420255545261, 1.3738374491608438, -0.3110587399323724, -0.6476913133876081, -0.48375186495813877, -1.4475263579956763, -0.10912198030824491, 0.7630877638835868, -1.0284425699064392, 0.443883917725178, -0.06947480017723674, -0.36947218020903855, 0.7787090183136285, -0.4469998555168765, -1.1405220100119007, -0.8655169247329503, 1.1034891019617634, -0.3076816321870366, -0.4215659871167612, -0.6995142677816852, -0.23040155186547104, -0.7974058054841869, -1.2670757865582722, -1.7095305738842919, 0.6920171119670695, 0.8530875708456741, -1.0477138358315565, -1.5937587212201145, 0.303908345989323, 0.8870551287937173, -0.6192952609446148, 1.1124657961100501, 0.17544873438291278, 0.40862468541358155, 1.785721016657301, 0.42615125452450725, 0.08388721449324996, 0.0769554321518092, -0.7020226265162679, 0.5039213795428857, 0.13017915627867233, 1.9983087619297915, -1.2109298749520172, -0.12017616603154724, 0.4298120272866942, -1.548486509635183, -1.5310316842108886, -0.728221563999674, 0.6114011033827323, -0.1068457276048168, -1.2806543479550412, 0.1589681913301531, 2.131483530109817, -0.6464034225837725, -0.960607138548464, 0.32414337438265106, -1.0531080734554308, 0.540778122948024, 0.47879444329196713, -1.3844920732600159, 0.2868479768064873, -0.07366505347543834, 1.33048389975403, 1.1292742267764855, -0.9284700704931397, -0.14449098273137279, 2.003890229501573, -0.45349372036272956, -0.06524420520869761, -0.36593040852902264, -1.7086870409822839, -0.6318680431923459, -0.08455907769011851, -0.8322388319641696, -0.5529636561106811, -1.2030346210947642, -0.7673011120460485, -1.01139647822217, 0.7305001511547451, -0.14555604245694573, -0.7259759537056154, 0.640997314410168, -1.0966661192582137, 1.1326513656059065, 0.6695342016597275, -0.43298927683882654, -0.29951603957480094, -0.23103420475899775, 1.3136936422061192, -0.5574895854306405, -2.6834054315955176]}, "Latent AR LinUCB s=2": {"actions": [1.0, 0.0, 1.0, 1.0, 0.0, 0.0, 1.0, 1.0, 1.0, 0.0, 0.0, 1.0, 1.0, 1.0, 0.0, 0.0, 0.0, 1.0, 1.0, 1.0, 0.0, 0.0, 1.0, 1.0, 1.0, 0.0, 0.0, 1.0, 0.0, 1.0, 0.0, 1.0, 1.0, 1.0, 0.0, 1.0, 1.0, 0.0, 0.0, 1.0, 0.0, 0.0, 0.0, 0.0, 0.0, 0.0, 1.0, 1.0, 0.0, 0.0, 1.0, 0.0, 0.0, 0.0, 0.0, 1.0, 0.0, 0.0, 1.0, 1.0, 1.0, 0.0, 0.0, 0.0, 1.0, 0.0, 1.0, 1.0, 1.0, 0.0, 1.0, 1.0, 0.0, 0.0, 0.0, 1.0, 0.0, 0.0, 0.0, 1.0, 1.0, 0.0, 1.0, 1.0, 0.0, 0.0, 0.0, 1.0, 0.0, 1.0, 1.0, 0.0, 0.0, 0.0, 1.0, 0.0, 1.0, 1.0, 1.0, 1.0, 1.0, 1.0, 0.0, 0.0, 0.0, 0.0, 0.0, 0.0, 0.0, 0.0, 1.0, 1.0, 0.0, 1.0, 0.0, 1.0, 0.0, 0.0, 1.0, 1.0, 1.0, 1.0, 1.0, 0.0, 1.0, 0.0, 0.0, 1.0, 1.0, 1.0, 1.0, 1.0, 0.0, 1.0, 0.0, 0.0, 1.0, 0.0, 1.0, 1.0, 0.0, 0.0, 1.0, 1.0, 1.0, 0.0, 0.0, 0.0, 1.0, 1.0, 0.0, 0.0, 1.0, 0.0, 0.0, 1.0, 0.0, 1.0, 1.0, 1.0, 0.0, 1.0, 1.0, 0.0, 1.0, 1.0, 0.0, 0.0, 0.0, 1.0, 0.0, 0.0, 0.0, 0.0, 1.0, 0.0, 0.0, 1.0, 1.0, 1.0, 0.0, 1.0, 1.0, 0.0, 1.0, 0.0, 1.0, 0.0, 0.0, 1.0, 1.0, 1.0, 0.0, 0.0, 0.0, 1.0, 1.0, 1.0, 1.0, 0.0],