{"Stationary": {"actions": [0.0, 1.0, 0.0, 0.0, 0.0, 0.0, 0.0, 0.0, 0.0, 0.0, 0.0, 0.0, 0.0, 0.0, 0.0, 0.0, 0.0, 0.0, 0.0, 0.0, 0.0, 0.0, 0.0, 0.0, 0.0, 0.0, 0.0, 0.0, 0.0, 0.0, 0.0, 0.0, 0.0, 0.0, 0.0, 0.0, 0.0, 0.0, 0.0, 0.0, 0.0, 0.0, 0.0, 0.0, 0.0, 0.0, 0.0, 0.0, 0.0, 0.0, 0.0, 0.0, 0.0, 0.0, 0.0, 0.0, 0.0, 0.0, 0.0, 0.0, 0.0, 0.0, 0.0, 0.0, 0.0, 0.0, 0.0, 0.0, 0.0, 0.0, 0.0, 0.0, 0.0, 0.0, 0.0, 0.0, 0.0, 0.0, 0.0, 0.0, 0.0, 0.0, 0.0, 0.0, 0.0, 0.0, 0.0, 0.0, 0.0, 0.0, 0.0, 0.0, 0.0, 0.0, 0.0, 0.0, 0.0, 0.0, 0.0, 0.0, 0.0, 0.0, 0.0, 0.0, 0.0, 0.0, 0.0, 0.0, 0.0, 0.0, 0.0, 0.0, 0.0, 0.0, 0.0, 0.0, 0.0, 0.0, 0.0, 0.0, 0.0, 0.0, 0.0, 0.0, 0.0, 0.0, 0.0, 0.0, 0.0, 0.0, 0.0, 0.0, 0.0, 0.0, 0.0, 0.0, 0.0, 0.0, 0.0, 0.0, 0.0, 0.0, 0.0, 0.0, 0.0, 0.0, 0.0, 0.0, 0.0, 0.0, 0.0, 0.0, 0.0, 0.0, 0.0, 0.0, 0.0, 0.0, 0.0, 0.0, 0.0, 0.0, 0.0, 0.0, 0.0, 0.0, 0.0, 0.0, 0.0, 0.0, 0.0, 0.0, 0.0, 0.0, 0.0, 0.0, 0.0, 0.0, 0.0, 0.0, 0.0, 0.0, 0.0, 0.0, 0.0, 0.0, 0.0, 0.0, 0.0, 0.0, 0.0, 0.0, 0.0, 0.0, 0.0, 0.0, 0.0, 0.0, 0.0, 0.0], "rewards": [-94.33866861756101, -415.6318770729373, 254.7574709996548, -81.3146740639979, -166.50516545309446, -44.46528253299491, 62.29893790178603, 55.83508146088627, -3.850548727915081, -29.059549651091615, -13.051704718632926, 7.4314916663652415, 10.156577334845709, 3.0121802994469897, -4.837746792783002, -2.7050467602922783, 0.6343785039676078, 0.28002603693452777, -0.7477057771120278, -0.9077539960729316, -0.4313340978753446, -0.539222734593446, 0.40718505363671914, 0.48647126879239544, 2.258976550275116, -0.9183469496204774, -0.29684968390880634, 1.2734941710007184, 0.629097386093652, -0.7920251563018251, -0.21638425927025845, 0.46820183818912453, -0.3286276898664373, 1.5937225171729037, 1.5416756226170856, -0.4722905790123312, -0.08907194522645338, -0.6605545701922126, -0.05941994230409246, -0.16354700060175822, -0.3227492936260033, 1.0627577434344604, -1.3526340473940994, 0.6727753561432614, -0.9440502192419266, 0.9501752303058827, 0.8430855391783076, -1.2689379582526665, 0.07507657416235443, -0.7680530086023426, 0.24097748858665866, 1.0659480455144423, -1.2182122467356007, -0.6568433749771367, -0.45690210852086277, 0.18495763729851789, -0.17156743864451934, -0.5336161072412058, 0.3995273591579264, 0.5033726299091437, 1.0822597335566702, 0.8017521221945003, 0.17820984200304701, 0.5491849655053812, 0.42397393051204135, 0.7830839116538968, -1.1657168075923734, -0.5625032354559981, 1.8611607540155646, 0.33633305695439286, 0.832342929866166, 2.446769338845081, -0.7942759157534439, 0.1497057867185566, -0.5723435507096508, -0.4225742454997214, -2.2874248273947093, -0.8003341137764324, 0.5521594813182578, 0.9957002019725245, 0.5765155335401928, 0.1690095772453475, 0.4594576090318405, -0.49753193604076024, -0.9594927899349986, 0.8152655816714068, 0.012114438494030488, -0.43978873755603254, 0.8230503533715968, -0.7877281895200663, 0.5176839319732375, -1.1159539753042975, 0.20035637979515625, -0.13728250824292657, -0.48177908790888796, 1.1257855997715354, -0.8049281997745226, 0.9884278187345987, 1.5135905988177745, 0.10966024888096543, -1.8278154271789282, 0.2595104438189991, 0.050728317308314036, 0.8483456680124848, -1.5517712487385045, -1.03185313889368, 1.8987418543120649, -0.871780115338619, -1.0902838410958386, -0.3076952218679283, -0.0805436215680731, 1.1044313495278273, -1.2726565408058208, 0.697879149861557, 1.3772125448178818, 1.2630718189683086, -0.6604044046339785, -1.2721958100223663, 0.2881237995011768, -1.2896950847486988, 0.005044549573993862, 0.24857720059457783, 0.597281682311763, -0.1758203752429523, -0.5178643131620576, -0.8092213887640741, -0.38706234520905686, -3.003383095226113, -1.3212012629672938, 0.6498987509771892, -0.01670194455105109, 0.6544455945696486, -1.4387503931833299, 1.03914969530519, -1.2232159802946498, 0.46175103355765434, 1.1860906371430238, -0.7326386868879617, -0.2248204879376079, 0.48843731309370264, 0.646900427919448, 0.8088356468031724, 0.9072343525066255, -2.321855993693275, -0.7102767775676616, 1.0514207162165743, 2.5064332858957474, 1.7020652681783042, -0.4303320209140721, -0.9417135093779565, -0.26278970174452354, 0.3059520036578871, 0.3266646975924794, 2.1526459923363848, 0.09809687639264543, 0.1606158316753007, 1.1369123646982915, -0.38372884908004434, 1.097039209610666, -2.3299788373234875, -0.544487251527915, -0.5196637480297716, -1.2296599293041104, 0.8150348119532633, -1.2442099008780168, -0.2968297699509145, -0.18919217509397873, -0.4558502664847391, 0.9323552555115996, -0.41570124735955893, 0.34740136166039254, -0.8852561975064219, 1.2709127701511045, 0.6674304688951461, 2.163222340799254, -0.9805970333979157, -0.12435686468229334, -0.5689369123992211, 1.848845917162597, 0.7600972157862885, 0.28890767001495854, 0.29158340232143376, -0.2295236431407818, -1.0733495649424818, 0.8707356897621307, -0.3009436061079577, 0.4775248283503481, 0.6385289178108906, -0.38503500472193153, 0.19342423098546596, -1.3426666865939199, -0.3406099784637273, 1.281038270102504, -0.12821047544474437, -0.8763928843159495, -0.2399074304984471, -1.4606756091698745, 0.5620773648677019, 1.2533131706567786, -0.09871245448061067]}, "Latent AR LinUCB s=2": {"actions": [0.0, 1.0, 0.0, 1.0, 1.0, 1.0, 0.0, 0.0, 1.0, 1.0, 1.0, 0.0, 0.0, 0.0, 1.0, 1.0, 0.0, 0.0, 0.0, 1.0, 1.0, 1.0, 0.0, 0.0, 0.0, 0.0, 1.0, 0.0, 0.0, 1.0, 1.0, 1.0, 1.0, 0.0, 0.0, 0.0, 1.0, 1.0, 0.0, 1.0, 1.0, 0.0, 0.0, 1.0, 1.0, 0.0, 0.0, 0.0, 1.0, 0.0, 0.0, 0.0, 0.0, 1.0, 0.0, 0.0, 0.0, 0.0, 0.0, 0.0, 0.0, 0.0, 0.0, 1.0, 1.0, 1.0, 1.0, 0.0, 1.0, 1.0, 0.0, 0.0, 0.0, 1.0, 0.0, 0.0, 0.0, 1.0, 0.0, 0.0, 0.0, 0.0, 0.0, 0.0, 1.0, 0.0, 0.0, 1.0, 1.0, 1.0, 0.0, 0.0, 1.0, 0.0, 0.0, 0.0, 0.0, 1.0, 1.0, 1.0, 0.0, 1.0, 0.0, 0.0, 0.0, 1.0, 0.0, 0.0, 1.0, 0.0, 1.0, 1.0, 1.0, 0.0, 0.0, 0.0, 0.0, 1.0, 0.0, 1.0, 0.0, 1.0, 1.0, 1.0, 0.0, 0.0, 0.0, 0.0, 1.0, 0.0, 0.0, 1.0, 1.0, 0.0, 0.0, 1.0, 1.0, 1.0, 0.0, 1.0, 1.0, 1.0, 1.0, 1.0, 0.0, 1.0, 1.0, 1.0, 1.0, 0.0, 1.0, 1.0, 1.0, 1.0, 1.0, 0.0, 0.0, 0.0, 1.0, 1.0, 0.0, 1.0, 0.0, 1.0, 1.0, 0.0, 1.0, 1.0, 0.0, 0.0, 1.0, 1.0, 0.0, 0.0, 1.0, 1.0, 0.0, 1.0, 1.0, 1.0, 0.0, 0.0, 0.0, 0.0, 1.0, 1.0, 0.0, 0.0, 0.0, 1.0, 1.0, 0.0, 1.0, 1.0, 0.0, 1.0, 0.0, 1.0, 1.0, 1.0],