{"Stationary": {"actions": [0.0, 0.0, 0.0, 0.0, 0.0, 0.0, 0.0, 0.0, 0.0, 0.0, 0.0, 0.0, 0.0, 0.0, 0.0, 0.0, 0.0, 0.0, 0.0, 0.0, 0.0, 0.0, 0.0, 0.0, 0.0, 0.0, 0.0, 0.0, 0.0, 0.0, 0.0, 0.0, 0.0, 0.0, 0.0, 0.0, 0.0, 0.0, 0.0, 0.0, 0.0, 0.0, 0.0, 0.0, 0.0, 0.0, 0.0, 0.0, 0.0, 0.0, 0.0, 0.0, 0.0, 0.0, 0.0, 0.0, 0.0, 0.0, 0.0, 0.0, 0.0, 0.0, 0.0, 0.0, 0.0, 0.0, 0.0, 0.0, 0.0, 0.0, 0.0, 0.0, 0.0, 0.0, 0.0, 0.0, 0.0, 0.0, 0.0, 0.0, 0.0, 0.0, 0.0, 0.0, 0.0, 0.0, 0.0, 0.0, 0.0, 0.0, 0.0, 0.0, 0.0, 0.0, 0.0, 0.0, 0.0, 0.0, 0.0, 0.0, 0.0, 0.0, 0.0, 0.0, 0.0, 0.0, 0.0, 0.0, 0.0, 0.0, 0.0, 0.0, 0.0, 0.0, 0.0, 0.0, 0.0, 0.0, 0.0, 0.0, 0.0, 0.0, 0.0, 0.0, 0.0, 0.0, 0.0, 0.0, 0.0, 0.0, 0.0, 0.0, 0.0, 0.0, 0.0, 0.0, 0.0, 0.0, 0.0, 0.0, 0.0, 0.0, 0.0, 0.0, 0.0, 0.0, 0.0, 0.0, 0.0, 0.0, 0.0, 0.0, 0.0, 0.0, 0.0, 0.0, 0.0, 0.0, 0.0, 0.0, 0.0, 0.0, 0.0, 0.0, 0.0, 0.0, 0.0, 0.0, 0.0, 0.0, 0.0, 0.0, 0.0, 0.0, 0.0, 0.0, 0.0, 0.0, 0.0, 0.0, 0.0, 0.0, 0.0, 0.0, 0.0, 0.0, 0.0, 0.0, 0.0, 0.0, 0.0, 0.0, 0.0, 0.0, 0.0, 0.0, 0.0, 0.0, 0.0, 0.0], "rewards": [-790.7696965776637, -1132.1046835675845, -168.112395376594, 479.7826611305624, 327.73479205839857, -75.7698813009252, -200.7816239036202, -62.4724912719383, 70.31742680000875, 66.88947200981731, -1.6841145988712878, -33.32046594267468, -17.005430858802015, 10.441726971972122, 12.538272661529303, 1.1742532137990978, -5.964529054245527, -2.027008269731615, 1.149404655555873, 1.2275904429970277, -0.1354235156809972, -0.05934998454424589, -1.2337897429905715, -0.06107417981922958, 1.1456231509236283, -0.42330885348758523, -0.07881707895567458, -1.393961415733345, -0.31162554174001794, 0.7388602894014477, 0.44388086961080847, 0.09044251518190369, -0.22439044983222378, 0.6441564348539701, 0.926690386552263, -0.7461534645752733, -1.465164871638217, 0.9584840290232722, 0.3478580764856361, 0.8844319619129182, 0.09237767838597422, -0.5530125214720099, 1.8583460551036068, -0.6249803090324244, -0.26107497849574013, 0.7620260872474727, 0.6963903174610543, 1.193905540222974, -0.7070524042728376, 0.12066245024989092, 0.7653773359702521, 0.07422217194893625, 1.4404594875631977, 2.6248810341784736, 0.4565104807243021, -0.3688750612894848, -0.3929493501733834, 0.3199492030152218, 1.1798026949923404, -0.0332362703109073, -0.5738438745473309, 0.40750339042847106, 0.7841073933278345, -0.852563045633269, -0.8050435226676179, -0.9019734421072206, -1.154850517455094, 1.1879658444158394, -0.6378627252252597, 0.4229021259423438, 1.2320032877247016, -0.17339394583872975, 0.19244589957852404, -0.8112332699863225, -0.24159119911541738, 1.6860987367146545, -0.32153928692407496, 1.175572134967409, 1.6170627580039123, 0.4571896060586764, 0.6491508119375384, 1.1961030301969315, 1.1752684844740933, -0.22801348204288896, -0.41912482063403855, -0.23063646466610144, -0.4502153329796951, -0.11761328139302951, 0.07805294996418069, 0.3698812554954778, 0.1984661423123394, 0.5212273103211275, -0.8253767306423259, 0.7862557775347803, -1.373595921393715, -0.17805332011557884, 0.2021631707428314, 0.6704199280283747, -2.1398836785988697, -0.3878668472794012, 0.3278941413844743, -1.7267827572692172, -0.8326580048616158, 1.1722907784325285, -1.5019206605975037, 0.8431447605573404, 1.5574619641986107, -0.2844430722554039, 0.24521735097698796, -1.5673946598697488, 0.6177319805120417, -0.5550542235112632, -0.04387805901921888, -0.6018706478682162, 0.9823481045682348, 1.3013272178713677, -1.4670008618746773, 0.5700952839761467, -1.2175829204104913, -0.05235649137534561, -0.4604176169313549, 0.43535292468071196, -1.6771369271320875, 0.9938960855709413, 1.2754307885684335, 2.3461001794127396, -1.4176332104355562, 0.062385348355468606, 0.6712902984086435, 1.6955393442624094, 0.15933067610374105, 0.47266831239157603, -0.5327432198789317, -0.08360309413472401, 0.9221623649401725, 0.9989776194357856, -0.33400661001422716, 0.006864353725683264, -0.13258824758429252, -1.710551854458525, 0.3881288528110129, -1.3608407215505405, -0.22377866422492249, 1.3081189970595601, -0.25648154662841244, -0.05531427867707421, 0.6407878378285177, -0.4627789635967419, -0.049298821171587404, 0.4855579393582123, -0.43718523665721415, 1.5482582063948904, -0.28481096065650957, 0.3435925493452503, 0.21710579261033336, -1.0437136748173639, 0.1564081278823215, -0.2255625078467195, 0.11627068947268071, 0.4184179810658007, 0.28399558865589714, -0.16112467665057442, 0.5391723756577118, -1.651189279434254, -0.30682349238461004, -0.4792247993815756, -0.5841082541695127, 0.9439264826896789, 1.5620944198801634, -0.3952615691830497, -0.4918942993443115, 0.48184606209267306, 0.18386206575865693, 0.3323149645966098, 0.715733013291856, 0.12548797908470122, 0.5608814663032938, 1.8170564854455502, 0.03123352218379477, 0.683745276148165, 0.48815255099161753, -0.5208279270652183, 0.8655243717535038, 2.1247951906546345, -0.5188988598417007, 0.650610826374817, 0.5161013604606541, -0.7394834246348222, -0.6622947012410249, 1.7942711476477191, -0.462489899573175, 0.13493094410255968, -1.1042478758939611, -0.8650333569079924, 0.28672252977109874, 1.6283777959469565, -2.1947278576786537, -0.8555403769136916, 0.9273036045651999, -0.9996847978017397]}, "Latent AR LinUCB s=2": {"actions": [0.0, 0.0, 1.0, 0.0, 0.0, 1.0, 1.0, 1.0, 0.0, 0.0, 1.0, 1.0, 1.0, 0.0, 0.0, 0.0, 1.0, 1.0, 1.0, 0.0, 0.0, 1.0, 1.0, 0.0, 0.0, 0.0, 1.0, 1.0, 0.0, 0.0, 0.0, 0.0, 0.0, 0.0, 0.0, 0.0, 1.0, 0.0, 0.0, 0.0, 0.0, 0.0, 0.0, 0.0, 1.0, 1.0, 1.0, 1.0, 1.0, 0.0, 0.0, 0.0, 0.0, 0.0, 0.0, 1.0, 1.0, 1.0, 1.0, 1.0, 0.0, 0.0, 0.0, 0.0, 1.0, 0.0, 1.0, 0.0, 0.0, 1.0, 1.0, 1.0, 0.0, 0.0, 1.0, 0.0, 0.0, 1.0, 1.0, 1.0, 0.0, 0.0, 0.0, 0.0, 1.0, 1.0, 1.0, 1.0, 1.0, 1.0, 1.0, 1.0, 1.0, 0.0, 0.0, 1.0, 0.0, 0.0, 0.0, 1.0, 0.0, 0.0, 1.0, 0.0, 0.0, 1.0, 1.0, 1.0, 0.0, 0.0, 1.0, 0.0, 0.0, 0.0, 0.0, 0.0, 0.0, 1.0, 1.0, 0.0, 1.0, 1.0, 1.0, 0.0, 0.0, 0.0, 0.0, 1.0, 1.0, 1.0, 1.0, 0.0, 0.0, 1.0, 1.0, 1.0, 1.0, 0.0, 0.0, 0.0, 1.0, 0.0, 0.0, 0.0, 0.0, 1.0, 1.0, 1.0, 0.0, 0.0, 0.0, 1.0, 1.0, 0.0, 0.0, 0.0, 1.0, 1.0, 1.0, 1.0, 1.0, 1.0, 1.0, 1.0, 0.0, 1.0, 1.0, 1.0, 1.0, 1.0, 0.0, 0.0, 0.0, 0.0, 0.0, 0.0, 0.0, 0.0, 0.0, 1.0, 1.0, 0.0, 0.0, 0.0, 0.0, 1.0, 1.0, 1.0, 0.0, 0.0, 0.0, 1.0, 1.0, 0.0, 1.0, 1.0, 1.0, 0.0, 1.0, 1.0],