{"k": 1, "noise_std": 1, "mean reward 1": [21.527754268331293, 29.85978410247217, -65.64619083558271, -163.09959336031827, -67.80445298960454, -155.82470646198993, -237.95725728556815, -217.53266070235995, -81.53665696380865, 73.55864742023924, 136.91530546713716, -13.838602192387018, -163.98373656036878, -329.84727724641596, -341.5049870864931, -445.4347481955938, -378.48314504726403, -274.4816645057683, -336.56470258603804, -514.070068119685, -558.901422540761, -492.1604108153777, -514.3004070559412, -457.0048131186878, -325.3136574237533, -388.6191237591893, -444.0034673873751, -360.7955589583902, -282.8930479451241, -397.4320397742919, -381.032794082113, -537.7965806761775, -669.8908647269786, -653.658754608005, -682.4025844182329, -500.6523066012919, -445.66562670780013, -337.9691250021518, -298.4070488351375, -551.7742126520877, -502.08139339565986, -200.83896248929136, -226.56057999041136, -71.898229794379, -174.53812877568163, -257.18137190156114, -175.88492964103276, -50.294861236521385, 70.61412169078174, -62.718559782586624, -73.52558863577823, -1.8835633636759774, -57.84349418087428, -77.51441581756637, -18.09366412226038, 98.60360303277216, 13.625512220611213, -95.85796144728651, -115.71705217904737, -117.03119149044218, -297.12494708288756, -103.77689755865714, -94.54012802454929, -35.6243110291784, -65.52432783388001, 2.0541273767789248, 94.76406123391607, 114.97929578840949, 131.78611092826813, 39.76713388465991, 41.7000895531585, -117.89172416317794, -162.67089220140107, -100.4469628277918, 14.154698499124962, -104.48357669187389, -108.59100827428807, -164.98127818561653, -198.03757629649107, -187.63207239482236, -167.583300436929, -218.00091521197635, -163.3243154786459, -184.7421596245539, -314.65186302848275, -175.94328003756846, -83.25835966102211, 46.569031830662055, 74.93580844180923, 80.12006782196359, 118.18027946517387, 253.4419168518218, 267.92774775838365, 144.49195350857224, 136.34834947096783, 157.74414207388304, 22.891090742434407, -172.79189012418723, -63.02766072694216, -129.60203343258792, -61.44371063694957, 10.012051324765213, 3.99927232642958, 18.64923590962021, 105.87324778687415, 30.103050649389285, -51.71785006367864, -75.15929403506067, -182.01241262076977, -112.30845986139495, -113.32807335243031, -251.57305294954955, -118.13489933039187, -24.87031414736277, 218.4799422450525, 175.3570499406325, -11.02853848164036, -52.59441479825342, 8.328953818982315, 72.50290346944524, 89.78361680367486, 99.87542657561475, 188.72933476499267, 231.60997993198754, 328.97679683278744, 390.70404441260905, 472.87212599200996, 605.416387739897, 544.4730863976109, 280.8783866774109, 217.99529830760918, 216.5208350389076, 247.3092129114308, 106.26822226378454, -13.588559681082701, -46.80271966083781, -25.421787886785484, -78.6096762187359, -59.21459800920231, 38.863273798016195, 19.803292154920943, -13.033390953849239, -207.54855771008255, -307.47374030267525, -361.1692936879307, -350.454569501037, -524.5121475117545, -582.1407174895149, -424.2884401008611, -374.7454528022063, -284.97794067503895, -165.74551203177862, -176.6876054055232, -236.04224192378592, -263.53515442835663, -268.5720555084917, -193.68532297870132, -168.73049300708703, -202.548402373407, -149.36522144741852, -29.74007989532965, -47.05271866497892, -157.5037261062393, -61.2201744277255, -21.219690107741872, -41.174056946506425, -0.7438617260341396, -101.40641061627504, -161.95542503574728, -70.40480771396214, -108.28494543120006, -34.271963650187786, 12.429961340663336, -191.17486671363685, 39.39661393778879, 104.29607510872493, 148.90855085935232, 98.31242441039271, 86.71328180062235, 24.890239053698902, 78.3323426007143, 261.82332218598606, 342.26320752599105, 363.8391317906743, 336.6758276836262, 211.72830262541615, 129.05855812321312, 120.86479977925208, 6.138057917182449, 151.7424476930571, 159.31678370940273, 127.49702540832286, 241.6608213400565, 306.3658784720237, 516.4096825862568, 446.90424750477905, 511.3174937641926, 500.08629347395515, 381.96645077033776, 426.00064320337054],