{"k": 1, "noise_std": 1, "mean reward 1": [212.9884357323697, 145.09585510504945, 171.3378978941953, 154.4106653953706, -36.50283177870855, 27.19730299111725, 7.322746572433409, -19.54516960397463, -162.91479389265623, -134.23522397468676, -273.46415476420214, -230.68418574214613, -4.708545091820326, -149.30556049729577, -363.2065146447385, -368.5332950322665, -224.4329523714903, -148.44672150173216, -199.8179833182398, -33.638622265063425, -63.21613522986359, -74.89316183211227, -142.68756529104752, -308.7286746099169, -53.09630186815526, -100.24713362142496, -66.49223559556313, -34.58523848047506, -62.07434869131559, -5.704501504079962, 114.1745408807291, -87.87990106039064, 90.8618187203165, -7.210049253790074, -111.4907254359484, -218.33986223817413, -224.76939962189476, -58.46850758632962, -73.89495352945275, 6.9972002612285085, -171.5038050607452, -64.91819407261742, -150.78084033667744, -194.77973818932335, -45.613245097723734, 25.889898753014755, 90.96380783330186, 74.30108090126505, 61.284227806131156, 142.0597379509006, 80.66109894245838, 110.03202402197012, -45.28334408032071, -97.70223672413833, -72.24761468130613, -110.83553250177644, -69.77114402460882, -6.205780759407354, 12.704867478010057, -31.472478625390153, 146.4324931720133, 47.19698014203119, 55.53957985405338, 128.1158029736973, 151.52322277143685, 164.73454287777218, 112.0328657480226, 121.8017848708804, -73.62099028906526, -199.91094625572816, -142.58677324848654, -78.71555369973031, -183.04023715031525, -216.22893570565483, -276.95205053670867, -402.8670751042853, -541.9452417738946, -418.0213066185476, -204.78115126978363, -108.43051608735672, 0.4682340051755829, 41.60109371625592, -112.28637989102918, 10.17130666398196, 67.4512063261793, -20.51477244961252, 0.7674746772406371, 96.10224798172305, 73.36445817430088, 122.10572958036536, 176.41552511809996, 197.3126263957549, 299.51325215304234, 84.18133978696748, 148.87864435100983, 247.78868592531515, 148.10324373823101, 52.553151211491866, 253.67739119662753, 291.9509379748967, 277.4624304875662, 351.2176809848986, 181.73305639736213, 242.41020816932567, 299.2460159311449, 252.1030856824344, 195.2062317919234, 145.7028032152191, 73.80509773874526, 70.34145293762907, 122.54583190401196, 284.3258782528932, 233.16802545197382, 212.12901964869505, 116.88655354318938, 177.05357420685414, 107.4344866713461, 106.39299455983794, 212.893040124906, 156.88331786501314, 169.62587941172498, -37.32284045768228, -31.6544236619884, -145.78063772380654, -190.02885455765656, -311.1684360746286, -303.0319857362429, -228.8783128870367, -108.4122190888249, -197.17258805137882, -114.61852561586258, -21.7645294978825, 18.117759257927336, 22.563619966802626, 51.223343239418284, 110.01232550588182, 238.31110595494397, 142.09152669988322, 221.48354405300594, 156.7557493981923, 231.4207733549166, -3.956251183844195, -25.85564171000991, -32.176539420011316, -139.1088481505173, -36.62588266881846, -36.01417939607741, -127.53180726524273, -12.141493457441843, -10.084784115044389, -69.32736719787083, -79.77698877976509, -46.002006397502804, -56.228508151873854, 88.68707435624555, -69.94046492210677, -182.60869703697574, -133.37891557982624, -181.4889403698693, -224.34905094222023, -171.4834288551106, -132.1669021121523, -234.86891890732653, -216.8010456188484, -78.0208417235563, -94.31417916176419, -61.73678240633739, -190.39435018169632, -315.2635722848522, -427.8579619414608, -398.6366196028333, -465.21128860094194, -483.3078903181293, -493.95334789454273, -367.3602702048534, -404.2916603423448, -165.64396125965544, -378.2215630431705, -333.1486383753505, -292.45058878032125, -341.77665834725804, -207.06415449980886, -163.40976299523018, -225.72933901456818, -150.81424920614825, -357.09980045037526, -481.0456017321515, -255.0384184364928, -348.50957705870076, -196.61246681841376, -122.97737094236791, -115.57986323198917, -198.75664662712705, -330.6810313605582, -315.13912985419773, -296.2939006895748, -187.88463145654396, -197.8119582262858, -80.74148360434346, -23.685121530716412],