{"k": 1, "noise_std": 1, "mean reward 1": [-232.87978858360202, -229.65641998199428, -286.13262562484596, -33.87882241928977, 46.10999889496931, -127.41492604952758, -259.56540785508383, -241.15896295896363, -233.10686850173755, -252.99137023814055, -232.70550560252644, -254.75401917779683, -167.63116701486916, -39.092160125282426, 80.72587302623006, -66.82433799937823, -54.25677321017365, 39.10979876702964, 197.74125824371828, 69.21082480449002, -82.57780666537475, -93.28827831992083, 39.22658483699134, -89.0820563115533, -192.1301385203743, -155.0488222572481, -183.4626357361164, -17.64772864495241, 101.27855162501191, 14.992901210930166, 85.95122111924294, -99.37646177037352, -43.35778219772759, 46.36932081438972, 13.286983755746256, 93.31234527335117, 90.09962802478104, 180.59306930817388, 76.94743511353731, 93.17763988900155, 179.4243204131604, 146.1234243220018, 162.83063696165436, 324.42643410119194, 257.53098331546596, 301.9127336682592, 220.65302112130368, -20.63108050098956, 36.98161265787254, 77.42242807106456, 333.97831826942956, 293.57535102177906, 259.1010034545575, 240.4397597731514, 165.70026763596627, -4.836328264859069, 191.43900311496404, 181.29717573826525, 253.69034725835692, 110.5960658916694, -122.82301552404329, -150.17566502410205, -206.12360132087434, -195.06504894621003, -198.68858551033102, -215.194217841468, -50.99739296215293, 11.89739325915989, 185.83141906436583, 349.03349992204807, 468.67698497065186, 360.67477299942595, 302.0553970030932, 326.556907769528, 257.7686958552419, 225.31783607712552, 214.5575275823072, 171.37672707294936, 24.781406974936203, 167.66862789075688, 73.59472303009088, -131.42856201441975, -208.63955195005715, -266.88714056872385, -106.0321702288763, -93.61485771770985, -36.28190921572083, 58.701258032817286, -15.578535273045313, -12.313681143139481, 83.29054764502933, -104.5960910958716, -60.07209500306845, -57.958333304661934, -92.84666546826867, 121.07831454299513, 107.4609725133126, 192.92593184788106, 141.68391445383466, -29.764767538658752, -80.12812025841663, -60.27526019074673, -101.52682785441934, -72.62814416602902, -120.69500165702772, -235.62127664621033, -81.19086095569435, -263.7305914409427, -222.03367917690036, -230.65537825430096, -250.27938054425897, -83.57101395350197, -171.16405364187523, 65.70032018116632, 85.61343742694041, -169.04293040668853, -181.3877667431401, -199.15358464447445, -199.96729221399988, -103.33815218062483, 77.57401801245844, -36.16204100956376, 73.69239295182905, -74.22574217378097, -266.44576928154487, -165.51035619900279, -192.17931741121046, -407.1636403298642, -361.0912065996294, -304.40748286779376, -432.59733940154933, -452.069010723096, -429.37764212260595, -186.9947561971922, -65.96062262791588, -35.6974909919328, -97.02721373675134, -192.55051906151203, -244.94534155019602, -163.9153591952805, -169.34812948571584, -110.22515660012961, -60.3812523931206, 12.311796340933856, 54.690168864869484, -44.53261612759052, -11.356768273191925, 60.10419610814623, 39.34575379714105, -38.570317787144695, -230.51630554107084, -251.24954226674748, -268.81058479172094, -322.1786006122754, -313.11908386074987, -180.5398917346441, -128.1112377011285, -66.02770756169853, -188.40803293898216, -292.5122343282246, -399.9276410417565, -241.6851481836426, -255.69499409012408, -359.4697202283742, -354.69236213519696, -469.05689081741946, -440.87095900439033, -370.8370453739161, -99.11333520776186, 148.40401535344432, -2.1123449084221813, -105.97044852006758, -102.97943541323428, -213.1590087079049, -210.036737838765, -316.8791761989499, -330.31968181155196, -313.98263536767826, -99.12728802397292, -155.97192567672124, -91.74242654434491, 3.881656221110441, 139.33727578870793, 48.37026156839891, -96.58127748581533, 9.227691326642606, -121.14692424654582, -107.59559100852753, -64.47587800897425, -189.876364496273, -358.2763849289942, -307.76531393192397, -96.85560462488509, -188.583693499517, -318.7373190967485, -368.65619336336016, -326.3224799684777, -463.0153474035539, -318.9018749450023, -430.16135830709123],