{"k": 1, "noise_std": 1, "mean reward 1": [101.36838839025017, 57.89468268447584, -26.997480826404452, -100.61741708264755, 94.37997689297748, 76.33777584678461, 55.56534611302598, -41.870317171822755, -71.82070958736905, -59.526891635198695, -123.63080660618331, 42.18087369941712, -5.549846916496826, -25.951336349019517, -19.35915914119051, -43.80577438490596, 29.24543898985017, 17.10973939377306, -6.583028093470622, -124.959930893279, -219.95750304825225, -206.87977403029709, -27.22925462601118, -76.5681509170075, 57.96154456035541, -10.127471723550896, 47.78865454738918, -140.07871212603393, 115.23336087315965, 129.43145179110277, 64.7859542302762, -31.167520878178834, 200.98592413256867, 168.77140903593977, 30.42008196984596, 153.53682604112691, 141.06746072762124, -115.0811216395677, -256.496382668711, -274.52879321179546, -384.1264592398254, -551.8270087188539, -390.7230149110959, -324.79242633767507, -203.86174327891737, 73.2846069602076, 42.65380453660863, 23.360854098268888, -29.693300524297207, -260.6643335066334, -228.23893711769313, -388.42845103560313, -520.293118586302, -520.1525584179886, -559.169723218328, -539.8467988618346, -434.72546342841457, -315.4711811593786, -224.87858822196026, -415.3649052255396, -379.55844685261906, -299.46346228399545, -304.6596583815306, -279.53241181074117, -168.76100682873587, -75.6127106861765, -127.0328276280877, -115.09134251537725, -82.04842741792537, -118.98122845073613, -109.93104357216778, -31.308880504979474, 11.578030812401934, -44.53359272323692, -222.69467809527316, -179.71700847251898, -195.60195623097744, -55.43093701401456, -19.44924943997063, -95.56473898139711, -98.94372704688148, 81.86067994506865, -87.74325483905558, -177.99922537792634, -173.05684936857847, -113.81859277448928, -97.43236713786413, -164.07478808174665, -96.03898632558767, -200.66968532844788, -266.30237248129174, -6.852144182373188, 134.37512882465262, 229.0853529940649, 218.808641898881, 250.68422354715815, 160.59663850931418, 290.8803533711099, 207.72058008698843, 365.3244758985288, 293.7792453320194, 290.9876915301976, 405.32931048540917, 485.85630547104194, 364.7723363931523, 365.095868648709, 395.52824919791675, 342.25582271845053, 373.6598426523828, 340.36076875112843, 383.0095940500154, 426.7541853597488, 304.4778811491693, 214.394414044525, -4.040471620017305, 170.61475905604152, 206.2131302380378, 146.99793015235022, 179.11964037180098, 267.9753548332466, 340.35409232377475, 278.7450638054645, 177.90547564105154, 241.20225634951194, 248.5034555729972, 105.60349238558022, 152.8785291128872, 119.28588052597027, -9.041323400643964, 4.767423614731971, -171.0991121876723, -195.38324010624876, -50.28983264446716, -82.22609994265389, -183.31406109255104, -105.19054352656848, -154.2314469277994, -343.2117761410345, -365.85525892900637, -204.05457191734362, -1.276898864901721, -60.59056410569005, -53.11682156859617, -294.6300821970299, -302.4210222998318, -432.42529680482835, -323.5065145431936, -470.52388415080895, -281.92376570535407, -355.18078877257324, -176.61530126303836, -202.01423496575498, -162.3963977296661, -22.096611939293396, -191.71575360438894, -93.23596007233165, 66.65541287696315, -69.66013908709652, -194.4862381763829, -203.6081923754617, -376.51956084957317, -295.10808190262475, -308.7573452669533, -203.55523481106394, -69.62795825921653, -84.91099371260337, 16.27150383189172, 53.115709120706455, 124.79868066299377, 208.65812205353055, 92.78771681002607, 10.102280225666526, 89.8055504592149, 11.063254159268265, -246.55689512244138, -245.61482990750977, -64.00388466430648, -238.4842948567056, -219.5977169729018, -256.11060869971504, -479.91279137339376, -485.7241106129175, -408.63426676204443, -517.953624959514, -458.170292531643, -442.8773931466776, -300.93121699345704, -479.3919731100287, -440.9917912544865, -541.3929425720747, -580.6563358583184, -483.09466477184077, -397.4199991393408, -446.95030167118273, -401.3536077561417, -363.0513487374663, -449.42314422051516, -202.8458968541385, -252.30196031147116, -353.6194999152519],