{"k": 1, "noise_std": 1, "mean reward 1": [-70.71226687955938, -122.27280361138008, -234.2179192368575, -80.12523668645059, -34.201584857291174, -141.28490824614138, -199.1934601704092, -175.77738724462125, -136.38586628612143, -94.73244933401229, -79.49776806472128, -292.6447503816487, -289.7295512444354, -166.4167816940023, -227.72883382819248, -153.55778277008224, -419.52626841387337, -265.6324463578965, -348.7767192987311, -254.77475249010544, -176.42125585359145, -189.2179236077419, -77.08161747116478, -66.74370306399351, -273.21412051332067, -282.5465009595146, -176.1514086332358, -110.06766699417909, -108.36630728684227, -160.8023870858345, -206.45525139203107, -23.611340739557505, -26.754859926654756, 225.02343364285747, 152.954129241474, 103.27238804968795, 97.37508728196575, 85.0155268937966, 192.05988089642568, 375.1191440968241, 298.5102461130977, 122.29774851121304, 87.19632118816355, 36.39201705335861, 80.54153439358032, -87.64465377703694, -31.449308035951756, 10.11379411043758, -92.31161209338353, 80.25704876212892, 21.968549674916073, 236.57942355820424, 364.36579423633987, 303.0914744014194, 250.30723636485575, 116.31737295094365, 157.10824281378478, 216.4292146233552, 155.68722020580705, 32.84473749491119, -72.23257529697813, -8.473156764788703, 173.11594735395397, 102.81462757192175, 3.897262964598669, -11.021194100053085, -12.773975979141428, -176.14804333114012, -283.2446800566238, -365.8937361752615, -185.40770734973663, -18.50626823412085, -86.81921900143435, -161.55124410792138, -116.95700748971483, -32.22586885261482, 7.419675490455674, -25.936027046945913, -21.30817495001469, -64.73138917737265, -6.147920497997738, 134.7143301162474, 314.7862079225422, 175.6874934191212, 88.58595300849173, 117.20316974657527, 123.62171378228848, 125.77137256557545, 59.55119982661113, 49.507778269690355, -69.90034761974238, -139.2573757180172, -132.8848163566191, -160.09851260710096, -277.0147044875548, -138.79017262956864, -126.77949914441093, -195.6152500904671, -172.28093851722286, -83.60056963120589, -28.412198287056604, -84.66896604152441, 28.06367444825395, -109.13532504635783, -32.45086370948997, -147.03339173593514, -221.62749523370476, -202.7759002391301, -138.313134118975, -159.05729035751722, -250.508538445132, -222.8130154786573, -250.03232546616997, -380.84643775629934, -231.70606311056767, -291.39872228633357, -239.3505201400392, -196.73391737132073, -58.88822233466555, 35.59895052976272, 68.75747070960009, 142.77074925033784, 18.888529856779247, -11.012266992554048, -62.17373218375782, -132.06230013689986, -123.15196793303306, 32.260659471157346, 198.39155142191382, 150.50922799170831, 134.9601136951334, 160.04336464827117, 74.24480609700396, 11.489935206560942, 51.030183284824005, 257.9593917500253, 196.35322182856424, 276.44310052495393, 52.664723119210336, -87.53780497818993, 78.15058393920806, 98.42777636677206, 87.49267034634423, 138.06130585228416, 24.60867174136656, 51.6424610310534, 158.57550363965933, 97.21310794734555, 16.054549024782837, 108.4037363386817, 128.83034860113304, 61.24067625946289, 91.80482843676955, 178.80103749990747, 166.77897385141722, 197.01506283630482, 192.38646885942404, 263.12868894566424, 292.10017156076054, 78.45696645195079, 45.788560085753794, 33.434712207067065, 174.81268505925064, 293.70818438764104, 181.39473874256393, 139.17043724225064, 129.1703088199782, 144.23660782996797, 115.94214579950012, -25.670278478761222, 220.11872415924972, 144.1504638738644, 128.19094935034207, 483.52054750284185, 511.69685492577895, 494.31643998181505, 405.695377917498, 177.3671740566537, 171.73056089227623, 206.73082252430993, 214.58501637017656, 64.15217228705035, 198.7294415998655, 256.62689229405794, 321.43088974297154, 361.89641974132036, 241.46707640285769, 487.73988477361, 426.15319646280653, 419.2740057485672, 197.32730022719994, 95.31092709429224, 47.15416895053866, 88.46595091812786, 128.68084622605022, 109.45232788901716, 74.20241552269518, -26.774488786523087, -164.98835922724305, -137.44189905662847],