{"k": 1, "noise_std": 1, "mean reward 1": [0.7457309888139436, 110.74474727823258, 146.07187377195197, 157.38717384745647, -4.749790115521835, 107.37440380935608, 71.28606349167231, 229.37743381685672, 348.4254320760352, 376.0262127659154, 351.170714114652, 140.38117272598316, 95.41686362275459, -35.70851119900513, -150.69131367780554, -117.50438185910347, -41.318189738641756, -43.47465149110273, -56.599476258937344, -55.72057776342578, -103.08841851553578, -28.19556956403879, -0.026226896625392015, -21.65851229426112, 48.62214172484968, -24.82519578817514, -27.928221533253367, -75.05303896718577, -129.3328206090462, -180.9757502993888, -20.236477475698123, -127.52125088020456, 46.90310442863657, 72.9414680031661, 249.538145989191, 133.71830209275072, 209.22881090651381, 58.88361687060557, -27.66018907657478, -18.785179402132286, -163.62700989440015, -148.25037888032276, -177.36687154602254, -161.24650910302088, 48.34619890780403, 86.28466379532492, 164.47368605997593, 175.34598297731662, 153.94752859498516, 40.42013506592065, 57.44515232252855, -74.44144810904923, -48.0578748443396, -134.37418031259986, -139.1544801985205, -65.70901588112503, -8.649986225667616, 88.51276737443179, -20.332236674683422, -128.2985524875691, -137.14371614814536, -128.67902678780092, -187.37462569534475, -228.02222581595512, -170.12739656896971, -94.219057920476, -125.72106328011444, -99.33549418976627, -156.43238047118032, -170.49120847599625, -260.18570746191756, -138.15565953252477, -19.225771115458933, 73.58030319483552, 95.92697859779966, 94.16487841648245, 178.50880456214222, 103.69859988198718, 151.0972761224375, 189.33552587238538, 145.4254938145648, 167.62942494808811, 9.143115243662336, -35.09928122614853, -33.629870019180494, 110.97231626677396, -23.45152108546882, -59.00453461073659, -111.19459877809584, -182.85697482631508, -385.73919232722017, -436.3752715329049, -263.0401097209629, -162.49122993285178, -178.5658276914416, -40.22207073740949, -28.55779391824499, -119.47161769857854, -265.27268927598095, -353.42166104563864, -191.00941851997345, 5.907666635098452, -47.403321983450866, -153.37760531260162, -262.8203094930615, -345.8559271758615, -298.61042484933216, -213.7197308700217, -189.06486143502724, -150.71161255950346, -253.9804942992732, -219.20024251903288, -111.12608655843763, -118.88053882511225, -55.493698955027206, -112.2504606344652, 39.29207783280128, 112.90429750814785, 92.5167605328332, 227.00190350950925, 166.71124075549474, 232.35260356938912, 259.00766808232777, 322.7391545545882, 328.4098008124771, 332.1799196146277, 488.28199593249917, 507.8697119730489, 525.1370191743327, 486.1651814420829, 503.2746716838018, 437.72227743278427, 363.1509900249454, 330.75397752073974, 278.9745003250415, 325.2903464184692, 412.18502073858315, 351.36420224577444, 484.0665516520872, 352.4300252453069, 342.6507804443153, 332.48762977193576, 270.6195459932851, 344.3799159257196, 312.52862106746585, 181.27445615244932, 92.42379009356077, 112.36088786563623, 223.53574539896624, 251.72958514107737, 227.64631668788334, 251.03748674480246, 301.5699668266607, 173.153931139753, 95.49372400484147, -28.165124274003063, 56.20848629415629, -36.92315138506663, -43.12540700389247, -135.75461959293187, -59.54116416618124, -129.8635330576356, -58.963705810525745, -10.40096007290925, -55.42385082555059, -15.527918318708444, -159.64451028095044, -132.14126558932895, -59.151416021101674, -66.00833133666258, -78.20191760151712, -136.92971856125723, -114.81123935844519, -2.470047075944226, 9.575359062665992, 72.85019291809111, 43.936333148516596, 122.59032318321619, 234.03298803465233, 66.05487958833591, -104.10856144716445, 59.38847753065228, -41.68124557232845, 24.220325310554436, 47.66663306579576, 103.42867557008861, 30.091395813653456, -57.5489891237033, 51.47464828900736, -208.35949598823032, -290.8336074127388, -293.86980965144926, -327.84471966904533, -432.1237416394009, -628.7703463377684, -537.519242354556, -433.79977708835577, -237.4651520220542, -178.2704058121297, -241.9227572727051],