{"k": 1, "noise_std": 1, "mean reward 1": [-90.58164949557951, -158.52682974650648, -241.75518543595194, -361.45099487583707, -295.73370662601957, -244.20381608861, -30.85616133822089, -17.369425636024875, 69.39037005040204, 168.22507660347281, 202.90440674709177, 238.90007974313696, 208.67727342376264, 308.56979990129673, 440.4923943593824, 500.19591819607746, 502.1581264549018, 319.34599923313726, 78.47597156288674, 133.78066934303124, 149.47461050649636, 163.53062764358444, 227.56815377322886, 216.6211319722217, 199.64309016128036, 140.44272209682705, 232.53142541062238, 165.6794258451455, 209.32493959647624, 192.06913849940003, 222.78001338208747, 176.8019151161667, -29.11346604513174, -133.11965312338728, -242.30003199283107, -124.93960170592754, 110.17029546900532, 65.77549864522756, 215.32871591697042, 196.74208083826207, 375.2095893778752, 314.1851980238453, 348.61463953688195, 449.1316794580408, 306.8905926222991, 271.3173866247783, 331.2962593257298, 340.50257758146995, 337.0943576167731, 390.61853169900246, 474.63108749409724, 511.3386234314962, 506.9232813878631, 327.95669101596843, 304.5112808599257, 373.12227182381724, 435.0957456024978, 353.37695505892947, 528.7137360794635, 524.9775644715269, 410.67929928202886, 382.89031975324406, 309.217154932713, 293.30327878899317, 100.16416446404695, -76.47633053381043, -147.9412282855413, -98.66267895279113, -19.475350830265135, -76.40455349663095, -8.493197259328811, -51.80210998911314, -89.29871364406341, 34.16140181734077, 104.1720737990367, 3.2097384847745603, -19.750168305888504, 122.8592927505685, 74.08677904358963, -82.4287155945188, -33.469520134070706, 70.15133271739346, 145.75643293998667, 144.40178818064942, 113.735608472318, 51.92746052533269, 230.995836335538, 346.7104667859832, 368.3999140205644, 379.9292736346261, 316.9785461645922, 199.88071621520066, 180.89944503152682, 257.40477130519486, 266.83530577380407, 250.7229966053509, 185.11249439865566, 309.32839792295033, 296.91560204493834, 245.90273589158863, 252.4281871228339, 49.66860554513764, -2.3856449475861243, -32.96197312464162, -88.47834636670049, -247.00148259736267, -141.64313772334148, -153.23411108445336, -120.87801704178733, -120.25822287242805, -219.5305496518014, -296.80036022806195, -194.04430695482824, -230.25316105452748, -94.80197849236912, -56.91558811128474, -35.971006671835646, -167.56137517048734, -176.9695985033706, -146.6633057191669, 89.3513546758249, -13.88282163730592, -82.10351043159002, -166.63317021682596, -125.10391839838024, -151.67257386088826, -38.25576149382493, 98.58353115050066, -9.668538335260923, -31.112446252750715, 128.0260672060815, 38.893417714386615, 49.762335432162175, 56.848458927930935, 69.26790340148348, -51.595382497898534, -125.01860067759338, -228.2583160597407, -196.3407266217448, -268.08250597597697, -290.3831009486491, -283.3652719926787, -535.635861083751, -258.43694121343094, -138.94738753280106, -261.5106896987416, -215.54218902367649, 25.421621439526774, 12.893590543888422, 146.38364511593628, 199.2364313485363, 64.85500644976099, 37.7024404954572, 9.638593894574274, -173.82524655209656, -218.77726710012863, -253.39325537193034, -231.03737458413102, -189.9646417457236, -311.8332440124396, -257.0671386852751, -100.05526844077426, -335.41796297106475, -424.21678832828474, -296.49631445770575, -309.0241220754841, -312.70885568606116, -330.28246088746283, -300.84054723190764, -291.0755244644019, -403.91494283779394, -316.2651639809601, -180.48823667770358, -45.40242018446741, -120.27647624332873, -341.1516763921606, -422.28346574241124, -294.5635488833098, -316.8481132388437, -411.8593687507726, -376.3758435188095, -372.7809269052814, -438.09199122824936, -464.2039689886351, -409.7766744426969, -463.3214999983734, -372.6593709953144, -303.5179996778031, -287.6529855043027, -295.49924187283864, -292.24160526430813, -206.8609756254074, -273.42513442201783, -328.09459246386734, -305.51064413279727, -162.9793050025574, -108.28587801922973, 29.436934726259878, -42.33250838612427, -17.82819231837888],