{"k": 1, "noise_std": 1, "mean reward 1": [70.29351270879359, 2.0885200729066855, -105.41719415000104, -325.02934442302916, -368.64710007023655, -356.7194276109539, -527.0615557996239, -512.760835686503, -571.4738788492558, -602.1123327564675, -483.61957810923843, -320.78524931435317, -238.45729049273103, -282.98434736089126, -348.262856050709, -260.4010237718195, -274.0362740802353, -331.15321082208374, -299.3043496317655, -245.93234488687966, -147.13469434045814, -221.18412131489595, -29.8202490806317, -90.53778882950387, 128.54150370133073, 177.4076643019396, 124.44191322239378, 77.06344965886665, 128.01942381119974, 208.3276895604355, 276.00903703146474, 373.69494885164704, 306.51617045621083, 268.30738210848415, 393.45832553985565, 214.46285943705635, 142.56998719870558, 215.9298805904575, -7.883229050988572, 75.7025581148349, 144.3334203345539, 109.82427140809877, 139.84700898811454, 137.76317267004896, 161.743234035136, 258.5173014228144, 251.18121302892735, 162.1900509806124, 153.70505271740709, 142.69423312909106, 198.22801322340388, 300.85598238161333, 330.12823646715873, 314.0536561263097, 187.27823033288527, 171.8118619689326, 186.1466149762685, 81.58035939544301, -57.80601766784446, -213.60265137138947, -151.35233244056775, -213.73326111342698, 4.3502399233891875, 127.5316189763323, 148.57962673614665, 220.05619581693418, 137.65851345591506, 178.94641170794506, 98.6986975691714, -25.605311150060007, -18.38805019263945, -26.723832426290027, 50.98971480283979, 59.66086432229443, 115.53280408991742, 172.2346643673742, -88.4725784800771, 139.07264406535637, 115.14985633047077, 91.7294519199427, -29.645366146740393, -126.38351229709266, -143.40927630446967, -146.5386646482728, -110.53140804990133, -289.1143595340204, -170.05423441574726, -177.91228874571857, -182.7524841225072, -193.2080220578584, -205.8673797419397, -153.9258697214025, -9.210694496036066, -70.02583141766856, -38.94953905212848, -42.36585552164341, -1.179998331906701, 110.04367135733443, -63.70452984002474, -15.30585649131631, 90.6689386285412, 164.00260661072787, 343.0901534505585, 132.71228206562432, 30.385495442757026, 222.95483626884553, 66.39177370421739, 1.1002024516364006, 88.57407497140271, 36.22099917873967, 45.50905723193824, 91.23223970873485, 93.04928538040419, 328.6812217485035, 275.92931328476345, 227.99693705983128, 225.3802612412486, 382.0580560146804, 220.54017686856974, 131.91070736180012, 201.22261906951871, 150.00185933228175, -4.660369060489611, 63.276820414356585, 12.631945302857151, -119.2039414832023, -130.36752164842903, 76.42211187802187, -35.67903750055949, 26.455066266734704, -36.89028017994337, -185.7692837848848, -204.6361872907184, -63.96708234167598, -31.323629561181534, -101.51842699459466, 62.969326785313186, 145.1632755532702, 43.86822571065062, 162.70671022242914, 286.4204334482848, 214.02749182059827, 284.7697495044896, 277.4052500548123, 267.38349707692714, 248.73785746656233, 218.18162363132134, 128.29564716730064, 85.72989417322022, 155.63396985745715, 198.661615981973, 31.67976180051322, -59.54597436395519, 108.69353166784043, 28.35481897233376, -34.46111603198435, -0.4883004043848449, -66.57389467924823, 22.541957292022342, 15.168916802053689, -73.1248426405107, -145.5393369257726, -213.5951464179274, -96.62346136366503, 32.30749154817083, 144.6055310021763, 242.3778100676679, 207.4606303829786, 124.91088257652288, -81.83912382877496, -285.0716036375801, -128.7116349896499, -83.4877361305417, -74.28406797388506, -84.27369560729562, -193.4445931906976, -82.0983405468515, 6.650835931051802, -47.736550049587215, -61.98499755311464, -123.03130167646282, -16.811297089167752, 20.119269056682324, 90.88869215097898, -196.45362382941119, -144.38083710162798, -176.81013501925432, -200.43205248843208, -123.9505616901575, -190.10890521316531, -99.61905494326724, -86.1211397434648, -122.29854424073017, -128.48632238203172, -133.1835870100038, -173.16726091736336, 20.945460005475613, 66.61193218668377, 139.40356292812365, 217.5247184408069],