{"k": 10, "sigma_z": 0.001, "mean reward 1": [-311.3237985379977, 1401.035091667941, -1473.4737274411518, -1569.3292499815848, -688.0000115107796, -638.2280819660302, -1294.1367010904428, 178.3851706305504, -1267.0888984596047, 1014.129269121681, 340.5573345054712, 295.71261729264353, 47.49678121421909, -0.652865524442745, -229.78593895811858, 141.9611897763319, -32.46056445360706, -172.17697666661923, -42.549191163172395, -10.690180238461846, -9.841207036390674, 109.1040389034334, 13.091391004310674, -39.709577772192, 20.193565162445573, 4.438382013048479, -9.002920196158131, 17.108329057270392, -19.69099279106154, -21.897155649921327, 12.810444893683798, 3.6835769863938648, -1.1787028145170952, 7.803949541489229, -5.580616269459774, -3.3352715140162075, 7.713170307146089, -0.7453697805109006, -2.699500638734924, 1.0826424557521495, -2.77321962932865, -0.4100286721128841, 2.991703549574925, -0.9630044793512297, -0.8199514638316946, 0.9800523977281842, -0.6910733920090018, 0.10663218180348621, 1.0582065765369444, -0.6698149004512276, -0.39737468888575267, 0.4795623534139105, -0.40083005033318686, 0.25103047647497584, 0.24599244968524273, -0.23729804039242003, -0.17803198484646898, 0.05882837463846314, -0.0457442078084499, -0.10824213260333093, 0.16730853674964039, -0.09712749245592259, 0.0005172857070238732, 0.07640497349666489, -0.1529534941264098, -0.1761190894311987, -0.040971261549364334, -0.05578207228424629, 0.028359176829478187, 0.05025434361184283, 0.0649005469279793, -0.14262945550770229, 0.1302977722232775, -0.12319845454724812, 0.08870845597794726, -0.0424284631118146, 0.08164225347155074, 0.04589013565343541, 0.19915395772913805, 0.09625800453927093, 0.0631898443086396, 0.03608535171330666, -0.084729690623876, 0.1593628356060328, -0.09066695324526972, 0.1640034516754186, 0.06102626327762577, -0.27228120526239236, -0.03533522098003569, -0.31209818260894506, -0.2278937639616107, 0.09520218500212783, -0.0940824064086969, 0.06139077202367172, 0.07072379454650532, 0.046886176160690136, 0.11647422152061869, 0.06909646402740055, -0.2217927437850438, -0.037990044052135234, -0.036220538080044606, -0.16454561635435433, 0.07136323182213822, -0.08678110768697975, -0.14546373826304024, -0.05608673394662026, 0.06691380893765127, 0.16031830265596675, 0.1597572447119171, -0.0644024782724221, -0.0015175579973207836, -0.04056762225200333, 0.11578945163035165, -0.04599175058503408, 0.062394412252103106, -0.02619797150752561, 0.009225944724262523, 0.005199094618981188, 0.09339194370577036, -0.1323172752031584, 0.053250732710334106, -0.0913854590737249, -0.03283542737880305, -0.11085046439568128, 0.05296594225815131, -0.13042098138942027, 0.02329218808512699, -0.1260619234386346, -0.1548501458624905, -0.036642485445636565, 0.17128036118564258, -0.13087340919218043, -0.05370200591380195, -0.02379579033380988, -0.12231176115187052, 0.18697516290833366, 0.26012528069641544, 0.011271833484516465, 0.012306687846913383, 0.04502843097849775, -0.20651323387635864, 0.04187200619200316, 0.07893783102340994, -0.08739626977289194, -0.04107650027813177, 0.011889679984760851, -0.10661407801408336, 0.08252859237867771, 0.03764655233540713, -0.10618860366999666, -0.15440631518606784, 0.01360059176742327, 0.08761527813533469, -0.03562304354746755, -0.020080258326582945, 0.04852797355588021, 0.15656622647473123, 0.06417542264640279, 0.17862598596613966, -0.06443357674635423, 0.004244474276268547, -0.073255500481326, -0.1573914090049561, -0.07236709178746602, -0.07662272073486738, -0.1751095602307184, 0.02586543666699129, -0.07877031872007846, 0.10757486118734348, 0.09477525080947176, -0.03571126517989135, 0.05196136506249428, 0.011042800282444008, 0.06066535288599697, -0.13535267346789215, -0.06888317918259765, 0.007900130782556017, -0.04258932253098799, 0.017584193956383873, -0.07454470707105956, -0.04087834075720914, -0.037356462153340216, 0.007006784157367765, 0.055320792623071616, -0.06232558967559097, 0.12745678880404718, -0.03922388493145881, -0.061758093676354604, 0.04760964224519857, -0.19706873313049927, 0.22852494611344, -0.16940476163025006, 0.08447152675580963, -0.10691992685509476, -0.008034654255135554, 0.0034747814713370863, 0.0439733958071974, -0.15866761212549718, 0.02861247662558616, 0.1845484662474919],