{"k": 10, "sigma_z": 0.001, "mean reward 1": [-454.42704035282213, -205.2387069768631, 2752.3514698098274, -355.10574349847474, -1326.4817405133876, -1697.5174345667078, 1206.3980908391159, 363.5328620677709, 696.7828294355451, -318.4325780651193, -679.8351537647443, -22.850833528784044, 503.01134072575974, 47.54038267359312, -57.03763259499668, -198.30090894935074, -169.29569558635916, 151.60584364333334, 179.8338633416337, -61.63767677840399, -57.878328620134745, -37.23787325605013, -7.495101957324122, 77.60597746868967, 25.368869868930467, -57.70866941430788, -17.590640727671996, 6.472057334043581, 9.051833808870702, 23.505779564736844, -5.982626457107552, -23.385251889180687, 3.89844073822087, 8.755167640605018, 1.7695885590616443, 3.407408934185013, -6.3890142343106335, -6.361635321702836, 5.328049646795052, 3.2287563648886493, -1.2955485200305978, -0.073762652466368, -2.1517642244250452, -0.6502906802435717, 2.7884750595345755, 0.37897395895852626, -1.258749590770606, -0.020134227819724102, -0.5008701791538361, 0.0215680701318907, 1.108482104394382, -0.3148320060981586, -0.46044013698496666, 0.139227885598439, -0.03897737403706515, 0.04672729396024577, 0.12703670207695228, -0.12087093743420217, -0.1998285638206898, 0.34762916051216636, 0.12944546582876476, -0.10495731394134603, 0.038585831321614354, -0.19270484593784243, -0.17767471303961857, 0.019132881905026905, 0.027650115219332826, -0.2300873344408556, -0.06153913067305336, -0.059484436894239094, -0.06476775192454276, 0.20630315069471492, -0.0769930763581846, 0.3062666773161117, 0.05916363820782592, 0.0012545771988176167, 0.029838363939616974, -0.0489783570993091, -0.10005104492363841, 0.06501615377861147, 0.07818603218988239, -0.1743247005242927, 0.12492063234497866, -0.06361104965140485, -0.07428026803110924, 0.06753255439501761, -0.09438639455460554, 0.03112819322757847, 0.08528962247807759, 0.043426897982610076, 0.014326779415312752, -0.024314119292555794, -0.006994548667088997, -0.04272485058749447, -0.05614985466853482, 0.06531174861385484, 0.09468805633802897, -0.14435856161955046, 0.03305664560094535, -0.13953406185198966, 0.011398312718523823, -0.05375441074700005, -0.01122874098007704, -0.09077608930562825, -0.14969471684474173, 0.23710374401793424, -0.10496219983130058, 0.08362271258546457, -0.0375019425098065, -0.09639256760773866, -0.07170829542437038, -0.0855283435931412, 0.0014180418086491673, 0.09382289354680144, 0.06728092098919115, 0.06450714230821482, -0.11908724694596744, 0.07124137080182476, -0.07090694046420372, -0.09241554917342468, -0.05934207397746073, -0.010877304045595965, 0.12480806505008431, -0.1360248379696145, 0.08700602626734087, -0.09124124722740959, -0.016547502119896966, -0.04204537346379448, 0.0626274810176687, 0.06837157107105028, -0.11326649199559055, 0.10667143295360977, -0.14523910247573443, -0.01284898385177045, -0.1895206271637299, -0.050679334188061656, -0.01461439541458886, -0.11040703676446124, 0.07566098425198838, 0.08948559808241813, -0.08347508995541252, 0.03440165447698941, -0.093844095593401, 0.04084936599706531, 0.042738182316561096, 0.02326360823722349, 0.13834911575826875, 0.0373092134990237, -0.1396789513292625, -0.009446305811033347, -0.08097861002859244, -0.15069201009155758, -0.0814420681009925, -0.09514087143435365, -0.019223508254716266, 0.009678342582813465, -0.05358880600441442, 0.03187340213602114, 0.07608103284264962, -0.06764967020401565, 0.1762722830445378, 0.001852391640569086, 0.16763598433532695, -0.016246277760788925, 0.17162587971527316, -0.05405762460610437, 0.004434179618784432, -0.15631368785014296, -0.00928317158405018, -0.0977000760378505, 0.0717453181854933, 0.01198229919538097, -0.04863348266848937, 0.15959623522603822, -0.1067770414655079, 0.008274380298659127, -0.18984288937486665, 0.07696129537741447, 0.03408302734809065, 0.10319125761067671, -0.08453402182871099, -0.10446348037252133, 0.03464864689383298, -0.02554396988508341, 0.013592659125340504, -0.08579834662336767, -0.17000521885753508, -0.07534841117676061, 0.017223485440207756, -0.01699603368781337, -0.05191410944665819, 0.010329571774175168, -0.019402921316219703, 0.026404178250627384, 0.05884777755124313, -0.08334968824080641, 0.0771512828700999, 0.1318274149817275, -0.15493870580430424, 0.16995240869639008],