{"k": 10, "sigma_z": 0.001, "mean reward 1": [-2254.0019983091142, 1404.6053595769336, 513.3660417655008, -580.6176975681497, 1356.345310494019, -707.5221515680333, -3.689419721673601, -1003.5903232552598, 391.39942269766897, -1929.4618655601148, 328.87460301415075, -246.03391407788996, -121.49291578860498, 303.2252044901097, 156.6032528928708, -221.07690393050757, 252.86489832131753, 22.274681075471367, -127.29128933545724, 51.17747341411404, -60.45249047290406, -120.60469870608439, 84.29961156300165, -3.026671482388275, -38.63593248601926, 50.78411940521881, -6.926808124439128, -19.154292338261193, 41.15838463140118, -10.546605717262967, -21.398701561553974, 15.494834905877411, -9.667595307452222, -7.506970673689496, 14.502869283066858, -6.4741312182929525, -5.220393519155044, 9.128343418677648, -3.0072050644344244, -1.5333709105985858, 5.058195727846702, -3.9449056447731397, -1.7060713831216243, 3.337158111192097, -2.046432345229363, -0.4641808658003822, 1.8680327618769987, -1.6758990096850193, -0.14173587285418207, 1.5869919341864598, -0.9482332929440658, -0.1085474499944689, 0.5775866549189036, -0.6792138872628505, 0.13706747700112848, 0.4276859141349807, -0.5848293259102623, -0.035834885160703045, 0.15542759275091372, -0.17349521626484643, -0.022260631740288868, 0.1636082919451321, -0.21846304936372313, 0.2218581563621823, 0.007514372229679113, 0.083782169989986, -0.06971138623012597, 0.14282465962788582, -0.06957024527615802, -0.08625648246810325, 0.16542451802149472, -0.179839760910776, -0.08510056082617248, 0.3208559240040637, -0.12467041736596002, 0.07056200705201622, -0.00666092844302037, -0.09750775607308385, -0.0024332772202968977, 0.16154808743788782, -0.13526820733226505, -0.14185783727383416, -0.05827710748668928, -0.0636295860342784, 0.1258478112586181, 0.09881108502690125, -0.07928452292216417, -0.10668943426890587, -0.11343654718210068, -0.03134096863107429, -0.051951588310103165, -0.030740204525484167, 0.01893608578470221, -0.1528953492259413, 0.16651697065158513, 0.043654683645786924, -0.08668519785327856, 0.11800725767018248, -0.07163059355854628, 0.0830255017360871, 0.007558269214975947, 0.06192014734890839, 0.030428810743220305, 0.2826265330556798, -0.07040804202889665, 0.07159450203780107, 0.15012875193827302, 0.032786036790659084, 0.03510778295516367, -0.045774802101230645, -0.07448556636618259, -0.020268079753442515, -0.11342628229834446, -0.06598188632700708, -0.0652419671268761, 0.08447311300558841, 0.043609601866674175, 0.024314358551806546, 0.025670001317012546, -0.02974981808285725, -0.04233039395250317, 0.00825494379283989, -0.0828559665360202, 0.14208111060844197, -0.028745532318862333, -0.1649511881735492, -0.09381182323890777, -0.10182182434143189, -0.09018414486711898, 0.09593399159656892, 0.005545516646914578, 0.02866053709669895, -0.04429980877281746, -0.02747983681518618, -0.05473209866292721, 0.1052610772066276, -0.12630829823556045, -0.021951233923147715, -0.22467400203994786, -0.11315912359388515, -0.0931807965101941, 0.189844185913032, -0.11984602177062434, 0.029011551979299225, -0.19526804136487708, 0.01584562505035512, -0.1470388378323409, -0.02498155447683121, -0.051448343592133704, 0.04452270625581371, 0.2364645328088764, 0.04405518886921626, 0.1770676771322371, 0.010453420106896018, -0.0713797133186038, 0.11168060636875708, 0.07565012270353999, -0.06119445533176815, -0.03398040249800817, 0.007383498512187399, 0.08850097089936707, 0.014820161599741961, 0.12333619437627481, -0.057142153762167455, 0.10600578892780009, 0.05412441051449583, -0.1214881619005688, 0.10847657261669895, -0.10615108358110292, -0.047365414295431556, 0.033319705409519625, -0.13046202026460108, -0.048842770513226184, -0.009005335321793585, 0.022247485065459188, 0.020847648601424688, 0.004034777731399956, -0.09271036658990417, -0.15096402506216744, 0.1270132202353538, 0.0853836992776113, 0.09745306304305755, -0.053270071100801904, -0.020819655140306696, -0.123802503666024, -0.09527295156657611, 0.09014259699620925, -0.06793770862420373, 0.09341879662192835, -0.0345839944858519, 0.046414252460706275, 0.023888043834423743, -0.0018664632021374414, -0.1104288936437652, 0.3358906993133672, -0.2820244442391492, -0.13893801466742592, 0.14184324639021473, -0.006712658978453808, 0.0776430728797938],