{"k": 10, "sigma_z": 0.001, "mean reward 1": [159.3575124787956, 787.7987916407334, -885.0449385797408, -287.1578991539623, -1607.2128318129553, 972.8927879931376, 38.41792093519608, 489.822137131927, 1542.483150268954, 1079.5458454539223, 145.42121835572925, 519.6769237736385, -267.3067723822677, -288.69461370889366, 102.54153105020323, -160.62087245334158, -210.91551657610773, 106.57647841517944, -21.7694556172994, 41.50853806858859, 172.57267497222173, -6.176774027955785, -33.07104444314943, 49.56079047031782, -35.43523458105434, -18.891294867314897, 23.45685846367708, -37.048052430610255, -14.557424663979756, 26.055069219958032, -6.073680671533561, 3.6672637239437944, 14.806281599475692, -11.289350646873448, -0.46840007785072124, 9.287384722598805, -6.850044200762799, -1.4456961620788675, 2.8937531791681677, -5.099838919820425, 1.20528888571578, 3.8735641121545483, -2.6386419079096353, 0.5400438335060429, 1.4992180278677296, -1.6641669525861238, 0.7726040736437981, 0.956553125846121, -1.4201647775571546, 0.21384489473260793, 0.5497553826920079, -0.894860023441246, 0.6731244750069302, 0.22952965061730077, -0.5211181955406111, 0.36013101402270276, 0.13846370990428022, -0.2956480445021773, 0.0928481086997247, 0.13793852658053776, -0.4409301417683713, 0.3483727226145028, -0.05524181347623316, -0.16334714288582272, 0.054824302566297986, -0.2508215055995243, 0.07441355452803836, 0.0534972765520598, -0.0014053463450267674, -0.14995277226999776, -0.013336981371373744, -0.19200378544427094, -0.126157342543041, 0.07471449764736993, -0.08533949978195512, 0.0427984601872043, 0.17855643104282454, -0.07491979016851842, -0.04673386395401268, 0.03490684762064816, -0.057551277452746324, -0.01611100353289887, -0.022412928796911785, -0.057750169273133097, -0.049160944717370446, -0.05685449082770197, 0.06890864641663508, 0.05119729047016604, 0.02871106182093475, 0.07272690260854747, 0.02412500791110102, -0.06869231591945835, 0.1483907275529043, -0.033144382140054864, 0.10676143474597248, -0.18800136997157144, 0.009625185770735584, -0.04365175041596503, 0.10099000821252688, -0.12250672611351986, 0.1555514496994246, 0.13818982240165864, -0.045681167196990446, -0.1468238929123566, -0.1400501059683429, -0.08705262362341978, 0.06691525767190716, 0.0020639839090742613, 0.017453723146423118, 0.04444438797227559, 0.14318808090430926, -0.11541240135133261, -0.02602023256141929, 0.034431654529566764, -0.012837072079120835, 0.049349513196495574, -0.04058801491264971, -0.15898416184967346, 0.07080923484409948, -0.08757911253723798, 0.14859522573919443, -0.14539928240993927, -0.08200870342057685, -0.08993650194217434, -0.006828404647018291, -0.1049594574746172, 0.1633105919760412, -0.033007690352654474, -0.1224488472294808, -0.005693828709209405, 0.02229296172218609, -0.21391694118338933, 0.18183006734132975, -0.015699007145293636, -0.07244172023192937, 0.21431946945121658, -0.039835588153204274, -0.10753962665540683, 0.043109080325975095, -0.1958372102561095, -0.013526944508939162, 0.1656456855581661, -0.08313583426669906, 0.1425275478399526, 0.10447568018948905, -0.0364307603815069, 0.12819295795838379, -0.08213805433214688, 0.13162964195837676, -0.21849290771127242, 0.040365708316840464, -0.09702492405909834, -0.0489213079742387, 0.1266150628237632, -0.24057250664513852, 0.03555885724800669, 0.10435951903378089, -0.06994022252670187, -0.12092861322046947, -0.04032082314002031, -0.36645998918433026, -0.09750623693523786, 0.23479226473915935, 0.03836722212621616, 0.14162837562266403, 0.038496725690736894, -0.1932760426791186, 0.07882651831213232, 0.23249824019964407, -0.04878579536283087, -0.10910333454795551, -0.05311513900672921, -0.18521217606942286, 0.042095337631276826, 0.1099084622600804, 0.20145818419110068, -0.11718034179945509, 0.20453886571245755, -0.14490018714486838, 0.10349478460132049, -0.053281978603750314, -0.09511033153326968, -0.07293773870856379, -0.026785435998941225, 0.05436800133789244, 0.08353043556950288, 0.030128868391300568, 0.010371506287679003, -0.0788728438791929, -0.027857057293214953, -0.050973214196630486, 0.040598523452964275, 0.08695195448792693, -0.14604857389104445, 0.09321856529101019, 0.0057572088696641755, -0.10733002502557012, -0.03933112993926251, -0.012290613007539624, -0.156004181745645],