{"Stationary": {"actions": [1.0, 1.0, 0.0, 1.0, 0.0, 1.0, 1.0, 1.0, 1.0, 1.0, 1.0, 1.0, 1.0, 1.0, 1.0, 1.0, 1.0, 1.0, 1.0, 1.0, 1.0, 1.0, 1.0, 1.0, 1.0, 1.0, 1.0, 1.0, 1.0, 1.0, 1.0, 1.0, 1.0, 1.0, 1.0, 1.0, 1.0, 1.0, 1.0, 1.0, 1.0, 1.0, 1.0, 1.0, 1.0, 1.0, 1.0, 1.0, 1.0, 1.0, 1.0, 1.0, 1.0, 1.0, 1.0, 1.0, 1.0, 1.0, 1.0, 1.0, 1.0, 1.0, 1.0, 1.0, 1.0, 1.0, 1.0, 1.0, 1.0, 1.0, 1.0, 1.0, 1.0, 1.0, 1.0, 1.0, 1.0, 1.0, 1.0, 1.0, 1.0, 1.0, 1.0, 1.0, 1.0, 1.0, 1.0, 1.0, 1.0, 1.0, 1.0, 1.0, 1.0, 1.0, 1.0, 1.0, 1.0, 1.0, 1.0, 1.0, 1.0, 1.0, 1.0, 1.0, 1.0, 1.0, 1.0, 1.0, 1.0, 1.0, 1.0, 1.0, 1.0, 1.0, 1.0, 1.0, 1.0, 1.0, 1.0, 1.0, 1.0, 1.0, 1.0, 1.0, 1.0, 1.0, 1.0, 1.0, 1.0, 1.0, 1.0, 1.0, 1.0, 1.0, 1.0, 1.0, 1.0, 1.0, 1.0, 1.0, 1.0, 1.0, 1.0, 1.0, 1.0, 1.0, 1.0, 1.0, 1.0, 1.0, 1.0, 1.0, 1.0, 1.0, 1.0, 1.0, 1.0, 1.0, 1.0, 1.0, 1.0, 1.0, 1.0, 1.0, 1.0, 1.0, 1.0, 1.0, 1.0, 1.0, 1.0, 1.0, 1.0, 1.0, 1.0, 1.0, 1.0, 1.0, 1.0, 1.0, 1.0, 1.0, 1.0, 1.0, 1.0, 1.0, 1.0, 1.0, 1.0, 1.0, 1.0, 1.0, 1.0, 1.0, 1.0, 1.0, 1.0, 1.0, 1.0, 1.0], "rewards": [1091.269352410485, -638.3712907865113, 736.9804412512291, 1580.3560413728171, 273.3391696366718, 379.73725415412247, -999.2873789146653, -804.3607290841971, 82.07592413557434, -884.2204141041802, 105.02489896535538, -186.95536853494662, -133.50594103007202, 164.57391057994934, 209.4247318391644, -50.01044696837829, 70.4374002843986, -17.98307897926312, -96.48677802963444, 29.472595013426304, -2.7635098191793013, -71.42597182466307, 15.356520184237725, 0.9058949867034111, -11.826241353952723, 36.082243404552585, 5.9935500716503665, -18.16893669732874, 12.24585541636325, -0.9949929346791654, -8.61712366655497, 7.983173608848516, -5.039241022233387, -7.957208962877228, 6.629304885716924, 0.3088517389946126, -1.994596470556919, 4.169586811398908, -1.7919867871712838, -1.587498734155679, 3.0312225120655305, -0.7644728054279839, -1.2443822024640365, 1.1563296234880718, -0.8850622664138791, -0.31610117098437085, 1.2882156652872445, -0.4842410379532942, -0.4151204201759286, 0.3059013575352357, -0.33476502180931306, -0.31207615202391914, 0.46098147307011067, -0.3759662300443432, -0.10891963836867714, 0.4244782909311901, -0.12559250013730844, 0.025907042821629735, 0.2295821117811581, -0.09708532268565591, 0.07006540886413362, 0.025129601548297915, -0.08007606908425471, -0.15594693480430086, -0.09498160091086962, -0.226802019083853, -0.054006029974615094, 0.0800630030240499, -0.06538014781617085, 0.1055520437467671, 0.0027111455910142266, -0.12002120747170583, 0.039552856081901774, -0.008236322321045726, -0.16251679263214547, 0.04276901578997708, -0.0649778909990205, -0.04083066707664097, 0.04712360716244548, -0.035585065733158644, 0.1021360572453457, -0.006167804278720832, -0.11494624482609979, -0.0006492032369051521, -0.021113716142646132, -0.15166831208494932, -0.08474927019688902, -0.12691716152642568, -0.019742622127128552, 0.008151225018340064, 0.10185184663323235, -0.08944899169353722, 0.14483404645457382, -0.02512434251419176, 0.05393368266836379, -0.020846223392455645, 0.09853740470756012, -0.03344211594117512, -0.03998384407417613, -0.03946373517912618, -0.19229089519349213, -0.05126675606786722, -0.03192113229387091, 0.13818678929676564, -0.18285485643896568, 0.12904237295789722, -0.06919424197797709, 0.21465128600908134, 0.3380853885707739, -0.01953413459994798, 0.042958339179866425, 0.03414782849931139, -0.07329907591463174, 0.1445142711406556, 0.0903450426375477, 0.006492317602648732, -0.09206332457906387, -0.05564399405420227, -0.04367998592578679, 0.008224678121577865, 0.11121624177012301, -0.007549038881309998, -0.12097062700537718, 0.049584451834020334, -0.09849652285690018, 0.06196720003109732, -0.011026293563433487, 0.09105342185337875, 0.015054395394663375, 0.011791882426974215, 0.046417752253437236, 0.09518136231001054, -0.009644725417326312, -0.2704312189809357, -0.08401065649705874, -0.12448790828745725, 0.11035484461526716, -0.14280239212442145, -0.08595522258614986, -0.09446977442274525, -0.10490788157425993, -0.05506151897465551, 0.11089097215394556, -0.13762072809680184, 0.012963464266073112, 0.09566322061196031, -0.1460261659696184, 0.06072873781135985, -0.1281501834123225, 0.08209992435280168, 0.06722991367981004, -0.12394953015725196, 0.16577929892273385, -0.2102609744621771, 0.005477767279468186, -0.0921506646862939, -0.14954084720007205, -0.10492461985164597, 0.13075431121148798, -0.003000076124456034, 0.06701556140459701, -0.045965489886724546, -0.052012893415582025, -0.09715378904366775, 0.02585402829460228, 0.028674644119424476, -0.1633622796360997, 0.09507360643883833, -0.07956910051217689, 0.020400174374560546, 0.030687611763958077, -0.10967860005602152, -0.04598323023046975, -0.05086946071194483, 0.08414172785240845, -0.00015384923968560324, -0.1599509571820263, -0.05004504423059964, -0.23510813021365157, 0.059755200748913315, 0.07030035633175584, -0.081165413099431, -0.09412531213571082, 0.11658958824998655, -0.05309162014801329, 0.04890329298134136, 0.1718305469859124, 0.023825069461258782, -0.03185850790567565, 0.06258207362812894, -0.06557593818159983, 0.2813810229010448, -0.11210470626139087, 0.08368583278115448, -0.010112606154683085, -0.035553978645605104, 0.010371655639601018, 0.021847271825951527, 0.2118727376848086, 0.04163607805988925]}, "Latent AR LinUCB s=2": {"actions": [1.0, 1.0, 1.0, 1.0, 0.0, 1.0, 0.0, 1.0, 1.0, 0.0, 1.0, 0.0, 1.0, 0.0, 1.0, 0.0, 1.0, 0.0, 1.0, 0.0, 1.0, 0.0, 1.0, 0.0, 1.0, 0.0, 1.0, 0.0, 1.0, 0.0, 1.0, 0.0, 1.0, 0.0, 1.0, 0.0, 1.0, 0.0, 1.0, 0.0, 1.0, 0.0, 1.0, 0.0, 1.0, 0.0, 1.0, 0.0, 1.0, 0.0, 1.0, 0.0, 1.0, 0.0, 1.0, 0.0, 1.0, 0.0, 1.0, 0.0, 1.0, 0.0, 1.0, 0.0, 1.0, 0.0, 1.0, 0.0, 1.0, 0.0, 1.0, 0.0, 1.0, 0.0, 1.0, 0.0, 1.0, 0.0, 1.0, 0.0, 1.0, 0.0, 1.0, 0.0, 1.0, 0.0, 1.0, 0.0, 1.0, 0.0, 1.0, 0.0, 1.0, 0.0, 1.0, 0.0, 1.0, 0.0, 1.0, 0.0, 1.0, 0.0, 1.0, 0.0, 1.0, 0.0, 1.0, 0.0, 1.0, 0.0, 1.0, 0.0, 1.0, 0.0, 1.0, 0.0, 1.0, 0.0, 1.0, 0.0, 1.0, 0.0, 1.0, 0.0, 1.0, 0.0, 1.0, 0.0, 1.0, 0.0, 1.0, 0.0, 1.0, 0.0, 1.0, 0.0, 1.0, 0.0, 1.0, 0.0, 1.0, 0.0, 1.0, 0.0, 1.0, 0.0, 1.0, 0.0, 1.0, 0.0, 1.0, 0.0, 1.0, 0.0, 1.0, 0.0, 1.0, 0.0, 1.0, 0.0, 1.0, 0.0, 1.0, 0.0, 1.0, 0.0, 1.0, 0.0, 1.0, 0.0, 1.0, 0.0, 1.0, 0.0, 1.0, 0.0, 1.0, 0.0, 1.0, 0.0, 1.0, 0.0, 1.0, 0.0, 1.0, 0.0, 1.0, 0.0, 1.0, 0.0, 1.0, 0.0, 1.0, 0.0, 1.0, 0.0, 1.0, 0.0, 1.0, 0.0],