{"Stationary": {"actions": [0.0, 0.0, 1.0, 1.0, 1.0, 1.0, 1.0, 1.0, 0.0, 0.0, 1.0, 1.0, 1.0, 1.0, 1.0, 1.0, 1.0, 1.0, 1.0, 1.0, 1.0, 1.0, 1.0, 1.0, 1.0, 1.0, 1.0, 1.0, 1.0, 1.0, 1.0, 1.0, 1.0, 1.0, 1.0, 1.0, 1.0, 1.0, 1.0, 1.0, 1.0, 1.0, 1.0, 1.0, 1.0, 1.0, 1.0, 1.0, 1.0, 1.0, 1.0, 1.0, 1.0, 1.0, 1.0, 1.0, 1.0, 1.0, 1.0, 1.0, 1.0, 1.0, 1.0, 1.0, 1.0, 1.0, 1.0, 1.0, 1.0, 1.0, 1.0, 1.0, 1.0, 1.0, 1.0, 1.0, 1.0, 1.0, 1.0, 1.0, 1.0, 1.0, 1.0, 1.0, 1.0, 1.0, 1.0, 1.0, 1.0, 1.0, 1.0, 1.0, 1.0, 1.0, 1.0, 1.0, 1.0, 1.0, 1.0, 1.0, 1.0, 1.0, 1.0, 1.0, 1.0, 1.0, 1.0, 1.0, 1.0, 1.0, 1.0, 1.0, 1.0, 1.0, 1.0, 1.0, 1.0, 1.0, 1.0, 1.0, 1.0, 1.0, 1.0, 1.0, 1.0, 1.0, 1.0, 1.0, 1.0, 1.0, 1.0, 1.0, 1.0, 1.0, 1.0, 1.0, 1.0, 1.0, 1.0, 1.0, 1.0, 1.0, 1.0, 1.0, 1.0, 1.0, 1.0, 1.0, 1.0, 1.0, 1.0, 1.0, 1.0, 1.0, 1.0, 1.0, 1.0, 1.0, 1.0, 1.0, 1.0, 1.0, 1.0, 1.0, 1.0, 1.0, 1.0, 1.0, 1.0, 1.0, 1.0, 1.0, 1.0, 1.0, 1.0, 1.0, 1.0, 1.0, 1.0, 1.0, 1.0, 1.0, 1.0, 1.0, 1.0, 1.0, 1.0, 1.0, 1.0, 1.0, 1.0, 1.0, 1.0, 1.0, 1.0, 1.0, 1.0, 1.0, 1.0, 1.0], "rewards": [632.3443047510068, -1999.8259700509745, 1353.2461184735757, -434.66960732549876, 67.71602431609462, 424.36375718462745, -511.3545456846046, 619.6624106084811, -2080.1115053768767, -374.4693613506292, 434.0044438787875, 306.5411684885435, -435.59039684313996, 83.2298580313594, 231.45166180245758, -347.96764757498363, -97.94263262670005, 61.567595383089476, -83.10241347838439, 161.81214578968374, 138.95600812472802, -100.89428239223862, 19.293607781146445, 42.67184972875329, -45.879260929905364, 30.201133421801615, 1.2182012139142397, -62.419114870658404, 15.043651786538348, 21.249267614213633, -13.185695860139703, 16.936894648521427, 1.5473612180091127, -17.135539592746465, 13.105301401880055, 5.525854966482346, -9.640589063787504, 3.8303391842372934, -2.024856592380234, -5.475229926302998, 6.355967000023877, 0.941340660712477, -4.034157949435565, 2.2771941985835924, -0.3570652266386971, -1.4032549288450764, 2.5433619878611076, -0.4597754495330497, -1.6507741649736187, 1.2437728323935975, -0.08562107571423783, -0.6377448550746143, 1.038574095423111, -0.6165175853936058, -0.38561299782342356, 0.5511687140308381, -0.14461296023747883, -0.32431652608341205, 0.27646053332056, -0.09558461877879659, -0.10357658342058117, 0.42028813373038587, -0.12964742464501147, -0.07673130377649995, 0.20938001555834587, -0.22185551848717727, -0.03765915351820335, -0.03671986626030069, -0.21645061859296444, -0.09865340715299363, 0.20703710065213882, -0.027063450954018714, 0.043716027007683844, -0.009804151881953854, -0.15735453381818926, -0.09040903656480838, 0.14438320862268994, -0.12291584146753924, 0.2649212220782511, -0.006529984726785167, 0.011185203130220797, -0.057351803150121, 0.16870714099482598, 0.07547979921331542, -0.09912428450688424, 0.26164102253753935, -0.14122007576835388, 0.01052793721598653, 0.0863258547323842, -0.11466516228243775, -0.1088601715170141, 0.15165774325331385, -0.13205557346870614, -0.16124003876728873, 0.01854955138654067, -0.04780552615470255, -0.0240588382639781, 0.06566315716649017, 0.12259724013849262, -0.018854460581103214, 0.05531968727422844, 0.2617152671504269, 0.11178157550379382, 0.018172065112704413, 0.03799140390407912, -0.22050443768214356, 0.03096757516263594, -0.0343594941170682, -0.009775759983245494, 0.053343630552132155, 0.15536405648544413, -0.05002619655034442, -0.06280885831505743, -0.02055411125441107, -0.016959609671337996, 0.11343992392675965, 0.0894154691155192, -0.01025457099268693, 0.06613806338652167, 0.12624892747180536, -0.08531077635928463, 0.1256219566404159, -0.0944162398092667, -0.097260643313183, -0.12162760283329048, -0.07872284352426784, -0.13412842328211086, -0.027270079305516438, -0.10966414214566153, -0.12836126266789533, -0.10648498933548194, 0.09498003488219202, -0.09321930308453287, 0.04934023560848827, -0.2843746233936969, -0.19690900457517985, -0.05125893600196929, -0.16387216725800938, 0.07752820418469278, 0.00706361404673163, 0.19028029476961889, 0.15295412104504894, -0.019181795230045057, -0.10867952713641629, 0.02315033503314263, -0.09090078660760152, 0.09741438057547408, -0.16393850937800172, -0.09296529704285068, 0.12834956542158246, 0.01682242667393331, 0.08266256868263865, 0.04127977003003963, -0.03242436966058486, -0.08071333882477544, -0.04556391290422293, -0.05476085082745684, -0.12169900239135566, 0.029718731336217306, -0.1954919759964607, 0.04872525230134418, 0.04101100339688734, -0.01049151037846216, -0.05148651133397766, 0.052656875825125536, 0.07599135484702661, 0.06095227976428158, -0.035055955323623204, -0.0800937658881959, 0.04187185681355956, 0.08090350652702936, -0.01959589543631959, 0.07861197127866278, 0.019912345391581193, -0.16688796847109608, 0.1404042233543968, 0.09683035484411726, 0.0211858068408189, -0.0012898936090183833, 0.06232188591544924, -0.26122208647633227, 0.13027008551332667, -0.056381897976864034, 0.05911242073876053, 0.028201432254435173, 0.18895408442895498, -0.0889060180748525, 0.20026667610299964, 0.1233328086897462, -0.22710820679952476, -0.12886257738194262, -0.003299203079179843, -0.1617462966999785, 0.06335355622574443, -0.08903553407416163, 0.07986432912020032, 0.10386668471451374, -0.018372476447826785, 0.009443573275396194, 0.10304617782682672]}, "Latent AR LinUCB s=2": {"actions": [0.0, 0.0, 0.0, 0.0, 0.0, 1.0, 0.0, 1.0, 0.0, 0.0, 0.0, 0.0, 0.0, 1.0, 0.0, 0.0, 1.0, 0.0, 0.0, 1.0, 0.0, 0.0, 0.0, 1.0, 0.0, 1.0, 0.0, 0.0, 1.0, 0.0, 0.0, 0.0, 1.0, 0.0, 0.0, 1.0, 0.0, 0.0, 1.0, 0.0, 0.0, 1.0, 0.0, 0.0, 1.0, 0.0, 0.0, 1.0, 0.0, 0.0, 1.0, 0.0, 0.0, 1.0, 0.0, 0.0, 1.0, 0.0, 0.0, 1.0, 0.0, 0.0, 1.0, 0.0, 0.0, 1.0, 0.0, 0.0, 1.0, 0.0, 0.0, 1.0, 0.0, 0.0, 1.0, 0.0, 0.0, 1.0, 0.0, 0.0, 1.0, 0.0, 0.0, 1.0, 0.0, 0.0, 1.0, 0.0, 0.0, 1.0, 0.0, 0.0, 1.0, 0.0, 0.0, 1.0, 0.0, 0.0, 1.0, 0.0, 0.0, 1.0, 0.0, 0.0, 1.0, 0.0, 0.0, 1.0, 0.0, 0.0, 1.0, 0.0, 0.0, 1.0, 0.0, 0.0, 1.0, 0.0, 0.0, 1.0, 0.0, 0.0, 1.0, 0.0, 0.0, 1.0, 0.0, 0.0, 1.0, 0.0, 0.0, 1.0, 0.0, 0.0, 1.0, 0.0, 0.0, 1.0, 0.0, 0.0, 1.0, 0.0, 0.0, 1.0, 0.0, 0.0, 1.0, 0.0, 0.0, 1.0, 0.0, 0.0, 1.0, 0.0, 0.0, 1.0, 0.0, 0.0, 1.0, 0.0, 0.0, 1.0, 0.0, 0.0, 1.0, 0.0, 0.0, 1.0, 0.0, 0.0, 1.0, 0.0, 0.0, 1.0, 0.0, 0.0, 1.0, 0.0, 0.0, 1.0, 0.0, 0.0, 1.0, 0.0, 0.0, 1.0, 0.0, 0.0, 1.0, 0.0, 0.0, 1.0, 0.0, 0.0, 1.0, 0.0, 0.0, 1.0, 0.0, 0.0],