{"Stationary": {"actions": [0.0, 1.0, 0.0, 1.0, 1.0, 1.0, 1.0, 0.0, 0.0, 0.0, 1.0, 1.0, 1.0, 1.0, 1.0, 1.0, 1.0, 1.0, 1.0, 1.0, 1.0, 1.0, 1.0, 1.0, 1.0, 1.0, 1.0, 1.0, 1.0, 1.0, 1.0, 1.0, 1.0, 1.0, 1.0, 1.0, 1.0, 1.0, 1.0, 1.0, 1.0, 1.0, 1.0, 1.0, 1.0, 1.0, 1.0, 1.0, 1.0, 1.0, 1.0, 1.0, 1.0, 1.0, 1.0, 1.0, 1.0, 1.0, 1.0, 1.0, 1.0, 1.0, 1.0, 1.0, 1.0, 1.0, 1.0, 1.0, 1.0, 1.0, 1.0, 1.0, 1.0, 1.0, 1.0, 1.0, 1.0, 1.0, 1.0, 1.0, 1.0, 1.0, 1.0, 1.0, 1.0, 1.0, 1.0, 1.0, 1.0, 1.0, 1.0, 1.0, 1.0, 1.0, 1.0, 1.0, 1.0, 1.0, 1.0, 1.0, 1.0, 1.0, 1.0, 1.0, 1.0, 1.0, 1.0, 1.0, 1.0, 1.0, 1.0, 1.0, 1.0, 1.0, 1.0, 1.0, 1.0, 1.0, 1.0, 1.0, 1.0, 1.0, 1.0, 1.0, 1.0, 1.0, 1.0, 1.0, 1.0, 1.0, 1.0, 1.0, 1.0, 1.0, 1.0, 1.0, 1.0, 1.0, 1.0, 1.0, 1.0, 1.0, 1.0, 1.0, 1.0, 1.0, 1.0, 1.0, 1.0, 1.0, 1.0, 1.0, 1.0, 1.0, 1.0, 1.0, 1.0, 1.0, 1.0, 1.0, 1.0, 1.0, 1.0, 1.0, 1.0, 1.0, 1.0, 1.0, 1.0, 1.0, 1.0, 1.0, 1.0, 1.0, 1.0, 1.0, 1.0, 1.0, 1.0, 1.0, 1.0, 1.0, 1.0, 1.0, 1.0, 1.0, 1.0, 1.0, 1.0, 1.0, 1.0, 1.0, 1.0, 1.0, 1.0, 1.0, 1.0, 1.0, 1.0, 1.0], "rewards": [1306.561654691618, -1308.5001581243598, -2150.597569554378, 1130.877959362489, -193.30662728953513, -1020.7217160241817, -1248.8428185321031, 331.328701277123, -379.7779126103791, -701.7221664871408, -345.7650427375498, -36.01086681079067, 25.877679597606672, 142.76950082604696, 254.67227363753906, -2.490910011374096, -263.0935582989827, -66.16849460233291, 31.29553340319725, 32.30559537728877, 53.784047090864604, -33.20302908891605, -63.65059450201076, 38.91274914212362, 41.30977451157442, 3.2898299397298323, -0.0020499273095193086, -25.192923965255073, -17.335533976423505, 20.32867173005998, 8.267030561357254, -8.181033434731482, -1.8654710116213105, -4.622910280041909, 0.9341753785015158, 10.204197060173557, -0.38620189794819576, -5.387719129430432, 0.07719971741447482, -0.563219869911982, 1.0032534080243838, 2.5555957285495245, -1.7361172502502888, -1.9553011091570764, 1.0590120987251428, 0.24605855721354344, 0.21421683847749698, 0.4063250656395305, -0.9612564895788243, -0.5893626892507855, 0.6668966919634705, 0.01016512756276396, -0.050410728718612366, 0.13913102154186288, -0.290926185592578, -0.04452549618712027, 0.3043651957842586, -0.06840097084073886, -0.11582433138510155, -0.13172422086803795, -0.13752295251972332, -0.12071396345721234, 0.17777968671414449, -0.02918581187764316, -0.010582115232956718, -0.0934638767568435, 0.07101125142517305, -0.11138368449744447, 0.14965371322385332, -0.047926789106246426, 0.0002511553191743217, 0.1062248127291681, -0.0596017347820401, -0.07561006861497109, -0.18766119780839963, -0.1408557739425266, -0.022420309336345746, -0.08204726218032138, 0.15754489209267145, -0.02750200533211908, -0.008651366582608594, -0.05180780431283809, 0.1515116581545857, 0.12134169087351881, 0.014625833841803392, 0.1460124516947513, -0.08971970098930256, 0.013315516457687944, 0.03428850641399368, 0.03863724785720448, 0.05679053704832404, 0.04439958786252822, 0.06095187241797485, -0.05013344835573863, 0.1647010174803946, -0.045374948458895226, 0.012861884384474723, -0.07952094831322978, -0.03038941978355566, -0.10566836178411453, 0.08862889444637288, 0.016134114732376807, 0.022575308084822766, -0.06722081652025398, 0.20284245687418184, 0.027555798469664248, -0.12638906378965262, 0.025687202011444855, -0.013756009413169413, -0.11069789675208949, 0.0617604846749894, -0.10564673564865863, -0.10374236340096687, 0.06031159441761687, 0.15105086429083822, -0.22153608098000568, -0.010244812317027516, 0.05376393131835523, -0.16944129202900343, 0.0727473662642177, -0.1474360573064103, -0.033052297230674765, 0.03914379831338212, -0.05782802807756177, -0.16593181045446417, -0.020007035462487107, -0.1984430987313101, -0.12304212832877316, 0.1308448367996637, -0.09342360148841936, 0.02036329399837393, -0.1452859307910996, -0.10075914569277168, -0.07186903653579203, 0.11797678559566144, -0.2120620609272606, 0.018170361787701976, -0.07502465766255459, 0.07980450282377032, -0.020001747378014065, -0.019248912547868275, -0.22304778294720734, -0.023499009118237327, 0.11106596742319265, 0.015401481610055827, 0.18410088920433262, 0.09724696741399393, -0.09717404834900562, -0.1563372046005181, -0.2367143106856647, 0.012232679376579146, -0.1946040491113127, 0.012884011882047316, -0.030084159655729505, -0.028334780649005933, -0.0809040870689218, 0.11209304378527034, 0.07973425128569438, -0.11399911717817869, -0.04345432094464765, -0.03584322034595058, -0.11372412394026499, -0.0479191215930366, 0.11683459807253403, -0.3228569952078995, -0.03274833290040981, 0.006326726925845419, -0.14352795624908793, -0.01736539671510553, -0.03552042103313577, 0.06732068620018941, 0.03985212897440917, 0.11327474202762762, -0.006945382524331845, 0.03672699253631838, -0.10029225630466966, 0.09588573066788719, -0.07910223232833631, 0.09120877896620776, 0.029273671493092634, -0.1427163554370281, 0.10312258549156518, -0.05998097884001495, -0.23833472593457752, 0.07221863652648818, -0.17591958799472684, 0.06809374351204268, -0.026989236082431305, 0.080586159138603, -0.0659930956658207, 0.1319991186413989, -0.0742123591508118, 0.10385336035932347, 0.036765258311713636, -0.09878181277314216, -0.08195581402665601, 0.047933443681569765, -0.21906848090759942, -0.004947913157933156, -0.0029924625255969436]}, "Latent AR LinUCB s=2": {"actions": [0.0, 1.0, 1.0, 0.0, 0.0, 0.0, 1.0, 1.0, 0.0, 0.0, 0.0, 1.0, 0.0, 0.0, 0.0, 0.0, 0.0, 1.0, 0.0, 0.0, 0.0, 0.0, 1.0, 0.0, 0.0, 0.0, 0.0, 0.0, 1.0, 0.0, 0.0, 0.0, 0.0, 0.0, 0.0, 0.0, 0.0, 0.0, 0.0, 0.0, 0.0, 0.0, 0.0, 0.0, 0.0, 0.0, 0.0, 0.0, 0.0, 0.0, 0.0, 0.0, 0.0, 0.0, 0.0, 0.0, 0.0, 0.0, 0.0, 0.0, 0.0, 0.0, 0.0, 0.0, 0.0, 0.0, 0.0, 0.0, 0.0, 0.0, 0.0, 0.0, 0.0, 0.0, 0.0, 0.0, 0.0, 0.0, 0.0, 0.0, 0.0, 0.0, 0.0, 0.0, 0.0, 0.0, 0.0, 0.0, 0.0, 0.0, 0.0, 0.0, 0.0, 0.0, 0.0, 0.0, 0.0, 0.0, 0.0, 0.0, 0.0, 0.0, 0.0, 0.0, 0.0, 0.0, 0.0, 0.0, 0.0, 0.0, 0.0, 0.0, 0.0, 0.0, 0.0, 0.0, 0.0, 0.0, 0.0, 0.0, 0.0, 0.0, 0.0, 0.0, 0.0, 0.0, 0.0, 0.0, 0.0, 0.0, 0.0, 0.0, 0.0, 0.0, 0.0, 0.0, 0.0, 0.0, 0.0, 0.0, 0.0, 0.0, 0.0, 0.0, 0.0, 0.0, 0.0, 0.0, 0.0, 0.0, 0.0, 0.0, 0.0, 0.0, 0.0, 0.0, 0.0, 0.0, 0.0, 0.0, 0.0, 0.0, 0.0, 0.0, 0.0, 0.0, 0.0, 0.0, 0.0, 0.0, 0.0, 0.0, 0.0, 0.0, 0.0, 0.0, 0.0, 0.0, 0.0, 0.0, 0.0, 0.0, 0.0, 0.0, 0.0, 0.0, 0.0, 0.0, 0.0, 0.0, 0.0, 0.0, 0.0, 0.0, 0.0, 0.0, 0.0, 0.0, 0.0, 0.0],