{"k": 1, "sigma_z": 1, "mean reward 1": [-4.809796528015939, -4.359794478688053, -5.388395516020855, -5.326288107896721, -3.7233915619606943, -4.67853130679282, -3.3484844606593356, -3.348201199488771, -1.4144727856452135, -0.28525504604531815, 0.48605585151510894, 0.5855660841326943, 0.36629441470854385, 0.6151343419022619, 2.2645282237891395, 2.7283821195279403, 3.793952610792253, 3.900984977232858, 3.874351073076796, 4.8601971347357305, 4.749931418714279, 5.017976337101747, 3.009989417191914, 2.489995672957743, 2.619523799304115, 1.1897153520369483, 1.0319084205596207, -0.5626709287520996, 0.018282872022597818, 0.06796038866904189, 0.33936376621029024, 0.3396957587664924, -0.6379114009010001, 0.5340006977240271, 0.26733394136567346, -0.03004579070835195, 0.22477238547246672, 0.6962849784321428, 0.04403701151235817, 1.1274671973182453, -0.5731643617383508, -2.889301304187959, -6.410261551620726, -5.418804654225956, -5.511205272053996, -7.531004505778272, -7.49720024262744, -5.125734733119755, -5.919934689473319, -5.322673479568941, -5.325941711938241, -4.746191382721553, -4.3928052102401285, -4.149423621069387, -3.4378511583796834, -5.538781824920899, -4.142558042387069, -5.012403964683113, -3.662654488774795, -4.880058110325807, -5.54930984017725, -6.105557467234299, -4.746028888548239, -3.9552765725734065, -4.0957105078968015, -4.620935661101455, -4.18683590778567, -3.343921673475844, -0.5451572406825846, -2.0665943990467355, -2.0192389500157057, -3.033382359811469, -2.5680745682837465, -1.0485340336387607, -0.6114673315884722, -1.2680737145382728, -1.5245558029655264, -0.7116531519781, -0.717286407607659, -1.5224699620204631, -1.9257640935666256, -2.2807976329061495, -2.738282954384219, -1.5793050721962234, -1.4281850441047532, -1.3577156847146445, -2.7091818348135104, -3.4442980515146395, -2.944435570928582, -3.0795487344463472, -2.7523742789925008, -1.7322315434822073, -2.9471471529275073, -2.8600088721024335, -3.099689206646879, -2.8676103714809917, -2.5165217488616474, -2.329445661915218, -0.3248134481285647, 1.0780221657260805, -0.09893847425553459, -0.03177979980847053, 0.4575708250209151, 0.9008256168990669, 1.6121736792570183, 1.1060105722323499, -0.2752823959275523, -0.09251818343036794, -0.3864260022556384, 1.1491944914372672, 1.2699958861302723, 0.8996896613003538, 2.550135725102746, 3.5172928847224307, 1.7089114386411666, 0.43158226397840616, 0.9537129484423638, 2.1385945712736163, 2.9265286534325274, 0.950518248947944, 0.3932684649955149, -0.8869789298245017, -0.4460676682945057, 0.007442172555311544, -0.9766968578814114, -2.3094287547900976, -3.588708593554192, -2.105511035520006, -2.7751358073865724, -2.089997986952007, -2.4365270828326406, -1.5111551528368559, -2.2023271836722, -0.13373067663901161, 2.0817221514611632, 2.451491810971949, 2.8410153183083433, 3.2464615544417446, 2.697679230599597, 1.6527899172299723, 1.057247768088299, 0.39884477354215264, 0.9994978486455828, 1.5755428570818353, 0.9329708528541376, 1.759680727513903, 1.191808132622573, -0.8734445316504074, -0.34495379474850796, -0.9313859095289847, -0.963282459101154, -0.021418162388098683, 0.27986378786600147, 0.30498482669161325, 0.8485389291084293, 2.043125372640558, 1.11367125195699, 1.8171460098690853, 0.03438378782159024, 1.9158270022352053, -0.06368755282039218, 0.5334823199149051, 0.7375181543342855, 0.9004728629278029, 1.4023160232597673, 1.1186646200503116, 0.19196576253988462, -0.2937608341437786, -1.313288891473496, -0.6067944926414253, -1.2659345554384978, -2.9179050709027647, -2.8509817804993434, -3.7608663535945315, -2.992650704722764, -2.7941262514544896, -1.786458028155426, -2.493007942913153, -2.4685762801001485, -0.9641353360548539, -1.3522100973808031, -0.5451934978618674, -1.8033258717607803, -1.4484645273827115, -1.9818693014282707, -1.29384806048991, -1.823208029531921, -1.5490009994950842, -2.9699646391505805, -2.5897874852553695, -2.442958094770349, -2.1833676995398004, -3.271473233952344, -3.5179420483646355, -3.646888561468667, -3.1042949906909283, -2.831895781115033, -1.9681979286515063, -1.4470724829303196, -1.969168732481151],