{"k": 1, "sigma_z": 1, "mean reward 1": [2.893759753652092, 3.8355795187274495, 2.652793209658253, 2.2113572744774697, 1.4245551575974713, 2.1394007248113134, 1.9419417518707769, 1.27862750097471, 1.9674317500270977, 1.6705954662488276, 0.16699427146588874, -0.32804583433896206, -1.1642005699296498, -2.5752120205345665, -2.5796399790518336, -2.0041326286924352, -1.8719173465444976, -2.164022381473867, -2.922533436661008, -2.989299740671738, -3.4958677626323693, -2.645192450426669, -2.7736116456442153, -2.046545683921978, -2.1764814588159758, -0.12223238081666166, -1.2421202358887304, 1.0432671938767941, 1.6502153962536505, 1.7422503972346794, -0.3541217600183957, 1.044541257795522, 3.0042505866467946, 2.3066298437911485, 2.348430739539122, 1.6039945392605246, 1.5914876147304584, 0.8859996054498654, 2.5773774195309103, 3.398219598737808, 2.6373751139364026, 1.337982780491112, -0.8028624865166438, -0.8114593649418657, -1.0724672050296142, -1.6206715389691158, -0.2162835238362153, 0.4210691150397462, -0.23935348629724273, 0.11141081091372848, -0.8553399918937368, -1.3225431216521124, -3.162605912607251, -3.864241064972602, -3.9247186901480897, -3.937242392869646, -3.9001464714529637, -3.7394939930979043, -5.339753193173039, -5.634299665699536, -4.881722139765899, -3.110267049698987, -4.753199072349042, -3.829452261049814, -3.8947114456831606, -3.4431635992793197, -2.348284385640137, -2.6147989478472415, -2.746762114389941, -1.901010908457189, -2.137103186129137, -0.49534999475191155, -1.2993113340155107, -3.1168827654255136, -1.7288272983835529, -0.7113250508136348, 1.2055628241232248, 2.4860586079529443, 0.9800676566004638, 0.6211326041836724, -1.0373479437452404, -0.788854330057448, 0.8068846582127577, 0.23283817502953436, 0.010698678416384416, 1.6491173263925387, 1.9677792034252803, 1.7230619298292886, 0.5601644031711686, 1.7123763089967712, 2.5481438612279845, 1.9989821403758832, 3.6718596247359416, 3.9494043436185438, 3.3252851538204418, 2.6109837230417874, 2.1852980518820364, 1.7650639831036137, 1.883583092643476, -0.38934589116924534, -2.1304968586609667, -2.003356869582252, -1.9141503937109905, -0.6157001873177372, -0.3776030802102879, -2.348790437218319, -1.9227907836110398, -1.6566551783009944, -0.9986415856899382, -2.3196933092151357, -2.3555284831221193, -0.7991505744995786, 0.33146431814589916, 0.3491807400293764, 0.9245814225833691, -0.7144480390805438, -1.3334930175520103, -0.9013203539749381, -0.5574671715613345, 0.7707613145238555, 1.2170332586474009, 0.393414967988186, 0.18950239133864805, -0.04241250667222904, 0.6460283552498136, 1.8757698106026988, 2.1144223776422235, 2.371782115154652, 1.2950292493750304, -0.2478432297095403, -0.44036699083467024, 0.5233752548450066, 0.10060410554103644, 1.2249754005294977, 0.8974454135217177, 2.3754834654218686, 1.2889323875434395, -0.9603871169788913, 0.5506932294757556, 2.028016914863761, 0.9840764946256799, 0.7817457266731724, 0.3278576431690818, 0.5096537859747109, -0.04655416244339394, 1.0547017400960594, 0.9695544689375145, 0.8177058236643918, -0.4220959920246866, -1.6624204306920698, -3.7412682927931264, -3.7447206252355514, -3.340200070784381, -3.301891207984276, -4.396015325241569, -3.6475317352829024, -3.925780575317551, -4.588774799294901, -4.54127055872254, -4.631821618714449, -3.8702946160863583, -2.7941793978039535, -0.9902711939372679, -0.4749437336095877, -0.39720261491169273, -0.6296651156686663, -0.540397676092706, -0.7149999053179442, -0.8783755450675195, -1.2492957983810125, -0.31795551261846533, -0.5414698840461789, 0.4772626826410829, 1.0069011227643498, 3.68469259527392, 4.5696790674788685, 3.548561376223088, 2.885022668493496, 1.1305058177623508, 1.3330315009926508, 1.0488349182981007, 0.1487967228162893, 0.1538293323393343, -1.3011839575947943, -1.0780689806546913, -1.5169497299277128, -1.808474628694326, -0.8640378159284923, -2.5312238276196846, -2.120031945203293, -1.458234192324142, 0.6414493634325489, -0.10404228473335642, 0.17947457702861683, -1.767587020266447, -2.645423741491758, -1.9882050371124043, -3.482106374954941, -3.6490610371627694, -3.0072000533824106],