{"k": 1, "sigma_z": 1, "mean reward 1": [-12.921348859801496, -11.550027949212526, -10.46736172045745, -9.27594773522139, -8.13724351074821, -6.2389900947895836, -5.600429710513704, -4.398134665245458, -3.338020945345735, -2.22628298441362, -3.8955670312799677, -2.6698033568040307, -1.1097236602139622, -1.9804641591716934, -0.9093473649776485, -0.8225562120025826, -0.9485184372242574, -1.7699271733547488, -1.7423769765844486, -3.3738627348372274, -3.6012571069218806, -3.6378086331355917, -4.271166015995254, -4.160490285277107, -2.280839922046228, -3.2309987911442484, -4.4297117900409475, -3.8262523404203583, -3.96102931566557, -3.289722529406614, -2.3735075476528142, -4.5747065387920465, -4.924824056918996, -2.672481369282688, -3.3050435507110723, -5.150700840306974, -3.2811614635908044, -3.279265814976792, -2.7004081923888394, -2.3548123619185746, -3.511778504359432, -3.6719770446443882, -4.078240224110789, -5.571108212999057, -3.7380235010670946, -4.835371896785812, -3.893326160778245, -2.5719894987398595, -3.447904047337645, -3.6137764563125625, -5.582312131696339, -5.662844617258108, -4.425357225497317, -5.157116761818844, -4.281676062677186, -3.9381985421726595, -4.949528998361237, -5.146953160559507, -4.449941190421982, -4.635965601065633, -3.1443599231034742, -3.4536154214721293, -2.753215985938101, -3.837623641719726, -3.260665889493745, -1.5361986955710696, -1.4244286836939652, -1.1264465775470367, -0.8647551032686291, -0.25582122587646783, 1.315284566358751, 3.320951115085423, 1.8802135811881446, 0.7337611098906566, 2.1646195150050724, 2.485966073354371, 2.228217926383221, 0.495620197701101, 0.060186925490268106, 0.7326104465817646, 0.22863087586826153, -0.43230708761263914, -0.5507966381676, -1.355314984689685, -1.3124141286659146, -0.8883989196709867, -0.5265183082138465, 0.5472825883968833, 2.096638609055703, 2.9621090279925077, 2.3280506808594676, 1.510067269261202, 0.9619017374675616, -1.1070036328303516, 0.22902584427172867, 1.5677680927041373, -0.186330309575379, -1.265486854347649, -0.7776620778326755, -0.6541673603445368, -1.0415479148072733, -1.5587174540608628, -2.2797057834031746, -1.9287581602419914, -1.19314014745534, -0.5501720516271759, 0.7286628806116823, 0.8879234141522986, 0.4031765271271967, -1.0577202545236903, -2.1202518889165356, -3.928513383978514, -3.5345227861448993, -4.112035526144341, -4.129859834214588, -3.5643195460831274, -3.391606958303567, -4.056806408221019, -4.81758905825475, -3.944130299503827, -4.0450810048997266, -4.326075951067504, -5.866939574006214, -5.017708734119947, -4.786306547571581, -5.415466511395821, -3.547368081065289, -2.2428650129777794, -2.9395997447371434, -2.242702906017884, -2.9741618354620476, -2.6451540473240454, -1.171164335678154, -1.9870027720280263, -0.049482765123522565, -1.7063821993133355, -1.841790944959516, -1.4559027570614183, -3.3665860309612476, -2.314036981534626, -2.2721499015387803, -3.677557018401842, -5.225628422217822, -4.572486773055586, -4.016858347928153, -3.6016297463368776, -0.19512878081607132, -0.7454334158659996, -1.3041611377239448, -0.7414978403034529, -1.2392797719664401, -2.441206560398996, -1.9242342287151026, 0.571357086463818, 0.5129720889609527, 0.28961919020219773, 0.630874664733577, 0.2799225591023803, 0.9426288385256518, 1.4343751792280444, 1.2416081287713086, -0.3640540580838467, -0.44673472506496986, 0.09538777646374952, -0.7653367915498226, -0.8214278128379545, -0.09749117716187106, -0.19060987259345477, -0.2916688014241261, -1.6768499943521704, -1.5284988049860386, -1.988730688410332, -1.8131853448425543, -2.6395106024363093, -0.6049686749229364, -1.6837792499993203, -0.7425289184265189, -0.6952407358262994, -0.8410270489705974, -0.12862443218141562, -1.1955487285583217, -0.7483871783189708, -0.6335494607676742, -2.4758303262496675, -1.9755873741791699, -1.2572959074755667, -0.9797266712456023, -1.5578625761011784, -1.3581763153447604, -1.0635980387300268, -0.6041901959001874, -2.0764668204938674, -3.3613738446728223, -3.1752156061442403, -2.187725166617094, -2.868956732917442, -2.0596568688184713, -2.6616500157841356, -2.185594334149804, -1.5724956323426837],