{"k": 1, "sigma_z": 1, "mean reward 1": [-12.70719282500657, -11.726017611756113, -10.566298607326296, -9.99080410947057, -9.482595679745259, -9.182283571992336, -6.523937909507927, -5.164040456705246, -4.216867381535828, -4.695901814798934, -2.9287326212389906, -2.603901242148393, -1.9630016514933124, -2.1219409446900848, -1.581335774252632, -3.514978970367836, -0.7082984210310439, -1.550747859514686, -1.1263576966021986, 0.02867552052198241, 1.4152087008316232, 1.217430534871029, 1.53210686234472, 0.45583459325896936, 0.2599482921294588, 1.0587237934186535, 0.4494460371499044, -1.5697695916886214, -1.4704748812979576, -1.9851341059215368, -2.68562558756415, -4.114398267815913, -3.929109091690981, -1.876494565558813, -2.0649427933574427, 0.55865780945256, 0.8425431808907542, -0.2017082160509398, -0.07200739961440725, -0.06458505298878645, 0.6913544002213236, 0.34477968967721323, 1.1585228852214078, 2.2512942042396977, 0.44234267449376774, -0.2549090021398368, -0.23739516427182014, -0.1670473148463878, -1.8040039588361843, -1.5984973172778838, -0.15426003130768517, 0.10089147249158698, 0.15255527800555774, -1.1359102762369335, 0.03259926063830543, 0.3384028512935407, 1.4592866642076467, 2.3125669321987736, 1.5511110582749246, 0.37611577477495306, 1.0184590887619582, 2.8569337447270637, 3.510550261946646, 3.4303024811747806, 5.488615206286861, 6.9705544810931706, 5.054872618230963, 5.867427248309936, 5.362737022505472, 5.908342948117683, 5.025510348925775, 3.976659129159251, 3.7902037372663653, 3.7157284602119045, 3.467221476547122, 3.7643935290179424, 4.301200749131817, 3.696229960751187, 4.563837092520985, 4.968140709442497, 4.911551462031396, 4.6823092140517035, 3.7774262189256103, 3.1391305181355946, 1.345510149669736, 0.014205203648495424, -1.5583442376316234, 0.48747493324821245, -1.3860595677789782, -1.8950496743284069, -1.3302808228341576, -1.3311767183722707, -0.8436621317633035, -1.3565967527232528, -0.5206121053256726, 0.46847755285670983, 1.3527589291428945, 1.6478818108752824, 2.553049359789668, 1.2649397110276452, 0.28652545202042823, -0.7728790080515189, -1.5197988510216667, -0.5102549383935884, 0.73774245401827, 1.188757846393952, -0.22160017902760631, -0.2055059039048541, -0.8365155433194162, 0.8116637810060516, 0.3712762221264439, -0.4557821490796322, -0.9739733163684478, -3.160627809254401, -1.2200517553255756, 0.5510581949096847, -0.5809398630608711, -0.13478534037054507, 0.08966364006542198, -0.9215986728129908, 0.10658876828482944, 0.05892179567106295, -0.7602457584428792, -1.534773022345826, 0.13863570341525122, 0.8501627423901766, 1.5948963227905155, 1.431584411295506, 0.30476101495609753, 0.6401498620667117, -1.6603368300914991, -1.672602147545042, 0.747639530123821, 1.676748158121345, 1.3566051944536142, 0.9466987955557089, 0.23088388204176558, 0.32935018496061197, 1.092697496404809, 1.1419585384471453, 1.9907103169291858, 2.546334466013948, 2.461474291958251, 2.958521224345212, 2.2732872869975806, 2.2503760326540974, 1.0814288885444372, 2.267418301418608, 2.1823988308915485, 2.4455292292766786, 0.9346780672075341, 1.2995526293907522, 1.5115508384151366, 2.0040493433314057, 2.2035473513360535, 1.6808002146300824, 2.5591510055152193, 1.2661852492017547, 2.0414333631015067, 2.038958932000333, 0.49208340805781137, 0.4085688266095625, 0.16222773142623903, 0.4426031031685337, -1.3055084079985049, -0.8780117079516527, -0.11272498968084599, -1.456721897034028, -1.7851722646763473, -1.0128495681697673, -0.8147648691248426, -1.2570203423610053, -1.7989821311382699, -3.1999219192651926, -1.9480987556620157, -2.4722096106283065, -2.49322726890627, -3.7822578114790373, -3.4826194307769, -4.819644053834765, -4.3818257315155105, -4.4879800163623935, -2.7633410102741713, -2.334293886589094, -1.8328821752061497, -1.330223366423663, -1.3260886976861304, -2.6537142916049232, -2.2504816608504146, -1.4453950138265648, -1.2738947052706822, -1.7276496236222805, 0.05237649001127109, 0.790139128792623, -0.8240948214709878, -1.3265398946653506, -1.4114265005341433, -0.8457384596480009, -3.023985090308131, -3.0351621392566113],