{"k": 1, "sigma_z": 1, "mean reward 1": [1.5160279307978377, 0.7819943116893421, 1.303083593053307, 1.2699536336176314, 2.924706039416987, 2.642968161390682, 1.2239420068226443, 1.0381025658305865, -0.5585691295718461, 0.6308525850098431, -0.9902659871893413, -1.0163787180600805, -1.5470975957354667, -2.087095011612403, -1.908409494276428, -1.981333387424095, -3.085086501706866, -2.79113918553203, -2.3793358195585506, -2.967211275213135, -2.264348110802969, -3.6340822667091905, -2.8885866748328066, -3.0564058660978666, -3.070094741031954, -2.6531188420765783, -2.25947299487555, -2.038605546436708, -1.2640752815593348, -0.4515773613041806, -1.9363096065730483, -1.1573473460351242, -2.24247770116375, -0.9730248208442145, -1.7327901580502911, -1.9085545895891665, -3.31596566675005, -2.36387257526892, -2.5333904763832074, -2.6819080414488754, -1.4963748536685104, -1.05289182116564, -1.2994045603285842, -1.3427105357389608, -1.2678135041307916, -1.633640339317892, -2.91774065445064, -2.0195903387018777, -0.9305651944655944, -0.12103387056015924, -1.3400509108734509, -0.8558966553989916, -0.8249340109010475, -1.3975006977602633, 1.4323473201488477, 2.0127438156017794, 2.037562934219905, 2.6379231467274367, 2.747480923560761, 3.8545719059543497, 5.805352562457788, 5.78218143619435, 6.292100185265979, 5.7207757379059725, 5.296740743690376, 4.974213220906667, 4.728852794135399, 4.350195424474199, 4.306565751446521, 2.8444023468069397, 3.8670834081815375, 3.952230700879997, 3.5842364685456944, 3.7518988217836977, 2.8781260153141797, 2.2455985503906657, 2.159842176396129, 2.147233906984539, 1.468860014955777, 2.645460214692725, 1.9608053110533907, 2.209525329182032, 1.0091542351088711, 0.834055053015772, 1.8539164336354235, 1.624828244808341, 1.196545562655237, 0.7040684762878153, -2.0020496605484737, -3.0575119182890456, -2.4008281493819914, -4.065990407031219, -5.2119532627628535, -4.111135000378629, -5.21284881508118, -6.112964602124641, -5.273719207268167, -4.896765076919282, -5.379787768293145, -4.949139811609944, -5.165989435377311, -3.8113363471303603, -1.6554201747278128, -1.2848460735943368, -0.9815422762619121, -0.6433729606195995, -0.326237611135155, -1.5708656478047776, -1.526144199386899, -2.7110081254398715, -1.385078146939658, -0.49237491905684827, -0.8185046944935337, -0.8107522817693946, -0.717122095435801, -0.3089217981654049, -0.499239786340282, 1.9226876433483437, 1.62738750600599, 1.601955193755511, 1.6395681677186362, 0.9047326805830251, 2.145985949358335, 4.091944455978483, 3.7608419301518694, 2.1002260094170193, 3.7776237539914375, 2.3999961910768772, 2.7726767587029033, 2.8173209874913328, 1.455375260166564, 0.3020880136806132, -0.08490326551537392, -1.8869284303546852, -0.3440007591437526, 0.4424148571322292, 0.23999535243704648, 1.9589188414965526, 2.2454097034651066, 1.1355122213779985, -0.27783754237307723, -1.1324883657296656, -0.7499003247804061, -0.2815068043563357, -0.6409304929935071, 0.11407383978836061, -0.6087210138346733, -1.6414232736476277, -2.2952270192309863, -1.8118612534663352, -4.095693782803284, -3.3470991973724797, -4.138985200396559, -2.8787278470580193, -2.5048921344454067, -1.4956681343592224, -0.301898516390523, 0.36281481442868224, 2.3625126430136376, 1.4806399398308723, 1.037602878094349, 0.7941485413259112, -0.6016945013271595, -0.6605024783365231, 0.32880003491446863, -0.5462813485398228, -0.1569449802617971, -1.1525169279487888, 0.8004364430387911, 0.9552654314549069, 1.534484163275569, 1.2371826684240927, 1.705108387420248, 0.8344319231888214, 0.8762246287780706, 2.486648304332042, 3.2447828134245356, 3.0008985109745514, 2.179957379080165, 2.828524025666201, 3.968257626838724, 3.634458259360162, 3.6450593456467697, 3.2974812522143377, 2.263440485143222, 0.28760383528506295, -0.5419335918487129, 1.3582996382587436, 1.3950694725423223, 0.0989416953168949, 0.06808804195304224, -0.17967244997057621, 0.40110913570721063, -1.0051913080591224, -1.2237125532708337, -1.0619003944070013, -2.4043284685391373, -2.9706875367868317, -1.5998478129753957, -1.1344258740078077],