{"k": 1, "sigma_z": 1, "mean reward 1": [-17.68540870787551, -15.716924218569034, -13.307190024553996, -11.793986497273975, -10.153045809225883, -8.6787182475437, -7.801067823962408, -5.619396021227242, -5.484940544645747, -4.636953153065588, -4.434627183594893, -3.819123956767449, -1.7880565339981065, -0.7326935380660674, -1.0166949879324394, 0.2141872446523786, 0.18938363086514054, -1.2407751204930768, -1.9645586340354584, -2.0902790430284477, 0.3545574844202062, -0.6119738450510853, 0.1997250716928658, 0.8378763914726339, 0.651380789030117, 0.2065497703338457, 0.8881271987279038, 0.7009691639228011, -0.3552759132733678, 0.19033276827293227, 2.011104582094021, 1.9733952814637037, 2.8020055918881854, 2.580070467100506, 2.723655485283017, 2.9481816437496122, 5.904110315803518, 3.3305952682715247, 3.0770766515827974, 1.9601478758957223, 2.879038980015386, 2.2295496637144585, 1.8177105566432705, 1.2061623612705579, -0.7298369601329204, -0.9809969328949995, -2.269686983183666, -0.754719955971813, -0.0038123243882578484, 0.37968955335184895, 0.46144517045995126, 1.8024732407380362, 3.674137426845814, 4.236191421953659, 4.545007516621409, 3.6607483187075895, 2.514217579269478, 0.6486671033153995, -0.8689890649423206, -0.46513886345350447, -1.3459699594655468, -1.355410282493771, -0.9833588236941113, -2.1564062677704285, -2.217633378422112, -2.736306400992813, -1.9443709631578918, -1.1434195984878428, -1.176158728156056, 1.6527547689835986, 1.4004998736642702, -0.20566329754251367, -0.42697346527624713, -0.7810260881169722, -1.8659982346375417, -1.0911109480748444, -1.6102641830990914, -2.2492261797595923, -0.7695871000501606, -0.18421836071277242, -0.14611556224770747, -1.5609062949589454, -0.7391787728241747, 0.6030280667825272, 0.8701616031600854, 2.201360626974675, 2.313806830626872, 2.850598163613366, 3.4690336485868745, 2.2703282561618474, 3.3909460200437156, 2.4669551465141693, 2.006542491897182, 2.7263934872202733, -1.1316654344831036, -1.1797706518072584, -1.4201711768081136, -1.6132108830093457, -0.7471179110583022, -3.344848303710205, -2.592009576623976, -0.9086213473858535, -2.714165654474095, -2.7063952644277616, -3.5464367025882675, -3.1538579427200357, -1.7905874267729602, -2.9844935222213502, -0.8152770595865881, -0.064659049738375, -1.1555723154845725, -0.4896668263453232, -0.17253039514464102, 0.3467662424544577, 0.30144643386642556, -0.014743413954385665, -0.1024746946555089, 0.16317432526411396, 0.009928869093034087, -0.5525680125645315, -1.2759834593740746, -2.2623597060639655, -2.907695563193892, -1.0382170265452302, -0.3014033504002561, 0.7366497392251146, 0.7087715353046, -1.4548619085213783, -0.7708571023736507, -0.05428385379352729, 1.1165550287372865, 2.024621034720697, 2.227880177572881, 3.1017967862671174, 2.6978838372150604, 3.6998535463567475, 3.9983272854767384, 5.324304232637756, 4.005525537321853, 3.9682883247710405, 3.062964398834253, 4.30362938524827, 5.408546220766081, 4.192516557975562, 5.4258111959612965, 4.086193455529828, 3.136402041775929, 3.771696460038058, 1.1131915678580002, 1.2422055678813926, 0.013109307058269515, -0.7103758370667727, -0.9888272166751326, -0.6599713872735233, -0.7092201669400464, 0.15403297137943173, -1.405922068294127, -2.5872837631324277, -0.6582118249331568, -0.8524717530611052, -0.9292315067992243, -0.6341741905328542, 0.016828436982544548, 1.5483443559083936, 0.20103395754047892, 0.1593682337202996, 0.9089093674161038, 1.391596264881831, 1.730990837438923, 2.1739261389277345, 2.6288363901858127, 1.6566087422428524, 1.4138507015029471, 0.633172587688467, -0.7097099528270473, 1.131168766354167, 0.06414221392049124, -0.111251144427361, -0.024450948386902607, -2.3706692308339377, -2.3534191088276986, -2.200640487996494, -2.101583599115383, -3.084104603981989, -2.750868415304951, -2.052127724025966, -3.1093216366602, -2.580776559760126, -4.226856589776001, -3.175776662385664, -2.371236363279937, -0.4983940586418998, -0.48439079643852423, -0.4673026830136724, -0.058536303646148036, -1.087478557240341, 0.049664143223248636, 0.05216969173121633, -1.8133550175685604, -0.8077538936591289],