{"k": 1, "sigma_z": 1, "mean reward 1": [-4.28972800112101, -2.3395718407739885, -0.3528370664813203, -1.3172767289385179, -1.1545053786886394, -0.5798892615929552, -0.3030592422543472, 0.7870945088859922, -0.027926143925958713, -0.03656937754202393, -0.5075623861936048, 0.6061646201826665, -0.02848707364826164, -0.01291591774069056, -0.9805885103451887, 0.24038567607126493, 0.885130763571905, 0.6940079460744597, 0.28745727017373074, 0.09951398764897565, 0.6460319076895803, 0.005809513431195512, 0.10842005700303028, 0.28133097484114744, 0.7801345430841121, 1.355437413249391, -1.2792097779754896, -2.4199905277679665, -2.1703599493259573, -0.6112902566436103, 1.0768353740183132, 0.8989234641929835, 0.41138815230101855, -1.0447118515684404, 0.2582236237383613, 0.5216036806291465, 1.1534847213562578, -0.7792880192124187, -0.8098737512126919, -1.5623518065777664, -1.9444295993177572, -0.8872751258518351, -1.384366034803492, -1.2748220552404788, -1.335325447286128, -1.550603422132469, -1.6331742248227827, 0.5403429179829617, -0.0002553857966748896, 1.1106182051091666, 1.7505705524869901, 1.3456121936120033, 1.943745430524122, 2.022403938468865, 1.64292620821244, 2.839700649280035, 1.9765690247211443, 2.3745445461753727, 3.270838285821736, 3.253516625094764, 1.5381397636095353, 1.1080520782958307, 2.6488120978542002, 2.0416282408396063, 1.418694923745133, 1.1507227321606137, 0.1806101546763429, 2.447585959659456, 0.8576921185663156, 1.6647383677329366, -0.10151819092397618, 0.31713379160074195, 0.011589117784732761, 0.15458345598457368, -0.1322318686504649, -1.2344932570612588, 0.34698497065024303, -0.49689240792757244, -1.8279870575657777, -0.9561216913607595, -1.5117088483982402, -2.154348985140402, -2.9738427551940925, -3.529464386770236, -3.3757799286087966, -2.1813737073081425, -4.627103733339768, -5.413356437450249, -4.503696453992618, -5.046181260073929, -3.270210019630816, -3.0051276869841503, -3.115491785054652, -4.400960852812923, -3.875308325377739, -4.524155007010522, -5.125464661403132, -3.63513423351999, -3.9822634879900227, -3.4690711630995894, -3.7672541320661863, -4.129655272656375, -4.497137314078929, -6.0786429826632435, -6.077788200074016, -3.2843426382254064, -2.776860347235783, -1.530136471625821, -2.3779691786678887, -4.420191444998845, -5.275350666191077, -3.952929225101954, -5.25239237963187, -2.591335055559143, -1.8806918323194208, -2.8874337117230606, -2.9661873299709343, -2.671755383474183, -1.5461975498321943, -0.6966149839709695, 0.5485799915414858, 2.1641350731151405, 1.8059697063548374, 1.3632828501176608, 1.5519901519086836, 1.2352454193104512, 0.2544165217658231, 1.1106883425588305, -0.06193061904875652, -0.4981505436833626, 0.9759292151630964, 0.31278490857583086, 1.1637445378497249, 1.6363189839935428, 1.6749607047180715, 1.7518708180563711, 1.4887326606506495, 2.8268965566051953, 2.252969012708025, 3.6701270708579177, 3.8620916594946917, 3.2377252691569693, 1.506861364113626, 0.5900740213319061, 0.5845627825725856, 1.4932803319240902, 1.0238745050977638, 1.1089622183927794, -0.5928309330814292, 0.27386353559196974, 0.20731091534004842, 1.4647047371007502, 2.7086398180662687, 3.4807842624327447, 2.49889713403633, 1.6167201474268316, 2.495957965904109, 3.060761069290654, 3.7342496362037285, 3.7363143454753085, 2.712866992853582, 2.3204942479517596, 2.6053132657199973, 2.786564684013741, 1.7318363437423177, -0.08689338864510532, 0.3007365682165126, -1.8044826696780707, -3.9694200709459038, -3.702521877442835, -4.373444913072743, -3.668575074558986, -3.159870825492698, -4.301371548379969, -3.331940292731919, -2.7702485815950832, -0.18567500890410704, 0.4306886066510166, 1.4566078665080304, 0.8943339925168322, -0.3579516536013918, -0.9510169995934177, -0.9663123000172378, -1.604643262728738, -1.2835732622440603, -1.3029010500695661, -1.654952119305894, -1.6509890795441686, -2.9893065908786456, -1.796737441836254, -0.9726151838394423, -0.15841632960175756, -1.1532131440681235, -1.8006403404298312, -1.803506407801439, -0.35833433606073606, -1.4275501172612612, -0.7919794856331346, 1.0162964212518018, 0.8472645727684889],