{"k": 1, "sigma_z": 1, "mean reward 1": [12.746603700881076, 12.57267922467597, 11.779427314423799, 10.860709457508415, 8.310656045975248, 8.596082590510981, 7.4829653320924026, 8.38686856562668, 8.968039125472654, 8.695668451900225, 7.953572832963484, 5.401490849895099, 4.552079846599287, 2.8810349773445156, 1.4073949436230548, 1.4478334537699646, 1.947407647738482, 1.6897840757013824, 1.3460827689617956, 1.1636640007617942, 0.517898615401089, 1.1119488248604141, 1.254251799484468, 0.9124775386630386, 1.5023778126935818, 0.6662887980188252, 0.5438044649779854, -0.009752377392390543, -0.6266279950389416, -1.2097273130475197, 0.33766239619475047, -0.7891880549454873, 0.9064530527572681, 1.1230944876554732, 2.849693286753341, 1.6560636651027951, 2.3792806888228974, 0.8471294904880389, -0.044137901161963033, 0.021365796622083426, -1.4479742673649356, -1.3130375403820684, -1.6211490918811822, -1.4751974298090702, 0.6070028841770652, 0.9740334435423716, 1.7448049856299699, 1.8435211423003557, 1.6205304672243221, 0.47715101380622993, 0.6401062200576065, -0.6853252539414034, -0.4273984440092159, -1.2958795291352365, -1.348468755393519, -0.6183217168787328, -0.05160826451741052, 0.916530111709657, -0.17506017257802897, -1.2575495501237663, -1.3485447842047211, -1.2661871283289499, -1.855203431359294, -2.263533715124813, -1.6862542769584326, -0.9286728593466218, -1.24504468492882, -0.9824055888125707, -1.5544693869352204, -1.696043108761038, -2.5938749962201433, -1.3743727247661184, -0.18579222765137304, 0.7416219671012501, 0.9645068276156019, 0.9463621216386692, 1.7893300493478828, 1.040803802173686, 1.514408784242808, 1.8964476794404435, 1.4570381167905786, 1.6787991102613187, 0.09368552713901734, -0.3489638750293307, -0.33447265668286585, 1.1113666018257846, -0.23303611561244764, -0.5887141603893494, -1.1107479206347435, -1.8274914878315576, -3.8564214888837673, -4.362879324379458, -2.629615045354997, -1.6242048526593489, -1.785021574912164, -0.40164767557206793, -0.28506221056062564, -1.1942520212261436, -2.652309152576132, -3.5338406442910766, -1.9097558156509555, 0.05938119894488558, -0.4737591404999977, -1.5335293817249562, -2.6279810906696603, -3.4583594679237564, -2.9859244250419485, -2.1370354675939813, -1.8905029573546601, -1.5069850342989835, -2.5396869608262858, -2.191896241240527, -1.1111653000295547, -1.188719379251783, -0.5548595814508663, -1.1224349390551869, 0.39298347888853136, 1.1290994055859451, 0.925218392782352, 2.2700647438037107, 1.6671535453927038, 2.323563059747872, 2.5901100024718606, 3.227421535029607, 3.2841249986601238, 3.321823487628094, 4.882841821658627, 5.07871679583076, 5.251387900233572, 4.861667752062049, 5.032761060715115, 4.37723568381723, 3.631521518789903, 3.3075502318938015, 2.7897544142681783, 3.2529119341006787, 4.121857830310219, 3.5136488830896933, 4.840671691089626, 3.5243058095649475, 3.426512805843844, 3.32488079897998, 2.706199511067411, 3.4438028052783003, 3.1252894920936525, 1.8127475148015875, 0.9242405588849927, 1.1236112708108088, 2.235359606928664, 2.517297789055876, 2.2764649107594255, 2.5103764369405575, 3.0157010808098863, 1.731540582686482, 0.9549383842084713, -0.2816502129959796, 0.5620857897112089, -0.36923067975798485, -0.43125331935551137, -1.3575455203142468, -0.5954110336082475, -1.298634783328148, -0.5896365655818703, -0.10400915745804395, -0.5542381093115623, -0.15527882413753513, -1.59644477966491, -1.3214123650631546, -0.5915138984638952, -0.6600830777942165, -0.7820189640000028, -1.3692969947989209, -1.1481122218521655, -0.024700316200384487, 0.09575372972981191, 0.7285020543737478, 0.43936344415871914, 1.2259033332383598, 2.3403299716121015, 0.6605488780223796, -1.041085540546526, 0.5938848418391295, -0.4168123958439386, 0.2422033069969557, 0.4766663791602278, 1.0342867993529294, 0.30091399742337355, -0.5754898558788779, 0.5147465147124132, -2.0835949312421977, -2.908336048351293, -2.9386980733160075, -3.278447175811817, -4.3212373976032366, -6.287703446465988, -5.375192408325034, -4.337997757185085, -2.374651507891916, -1.7827040470255335, -2.419227562740864],