{"k": 1, "sigma_z": 1, "mean reward 1": [-6.574989899775526, -5.657169208375322, -5.295753192576052, -7.363056503575462, -7.500055497030143, -5.814944403442219, -4.9738539968446664, -3.6745420010839465, -3.8021397323999384, -3.3966815732855427, -4.603886597877002, -5.537310610445254, -4.6509473950447475, -2.515552835168676, -1.5908685870857475, -3.0860444794264152, -3.079355272384431, -1.6604336854526143, -0.21598072591392836, 0.15992008667010063, -0.2805207492849603, 0.3265754926008877, -0.547422390211671, -0.6395628527404249, -0.8461633920215825, -2.101805124395608, -0.12813239941058918, -1.0231308406869004, -0.9253794271887634, -2.422846368397115, -2.0746991650413955, -2.5811053045635157, -1.1199629366851354, -0.8440327196745283, -0.9865362979872782, -0.5737727887635335, 0.13576864810664613, 1.3069379698556776, 2.392744961546682, 2.374762442728556, 3.8801701735323366, 2.902605308069601, 2.560126620161112, 2.735166786527548, 1.8010586955385008, 1.411410022226241, -0.16835217574179273, -0.7189513453842146, -1.6772444436787102, -1.137690258763938, -0.0599380811444602, 0.3748217538278553, 1.0674259501360082, 2.475260866444491, 1.9014954100217212, 0.024221133337587686, -0.6073556915075383, 1.8999731459652311, -0.09566005351392959, -1.1096802284805674, -1.1997828562854143, -1.3183717711389438, -2.5654096845987597, -4.121310717213525, -1.9489749009676682, -0.7759482566478636, -2.0660474532849733, -2.3774056557866294, -1.817156668723061, 1.3581929739783076, 0.9432275623323905, 1.8310639709592929, 1.9740873101188292, 1.6891041007547698, 1.0484197414588734, 0.7833404529398782, -0.18766153595932777, -0.19462635054885286, -0.4680059823010801, 1.0003030616614978, 1.0402081810875816, 1.7895617424961243, 2.825434336852797, 2.6745315098043045, 3.7154377157478473, 2.76197040518006, 1.9616692433097873, 2.3000745002723404, 2.550161382103399, 1.8730596339016654, 2.198910254230214, 1.1821824030013763, -0.3077740523577206, 0.4179940925177305, 2.0550243239747115, 2.7287657333612834, 3.3530742904126014, 4.203197195216129, 1.3558409960958637, 2.011767288506453, 0.8282362626658811, 1.2934290461346327, 2.4586456188736996, 0.6152060843844751, 0.4555161943131052, 1.9365159073622076, 2.667524106485994, 1.757175410182077, 2.4446400760296836, 1.9520199224483572, 0.47286757023882875, -0.1698791745151329, -0.422391834703908, -0.8617240419484187, -0.8219970832750142, -0.9180817755809276, -0.16394863173238894, -0.20945467979237745, 1.0377150121686942, 2.1110033829430517, 2.6942829889208713, 1.1302252682888358, 0.9727159411814816, 2.4183541880916133, 0.9551923806146791, -0.3843797238531953, -0.3185391317507765, -0.8201196860760214, -0.5306977394972938, 2.624397549538972, 1.635824579855719, 0.26545850751817657, 0.4142829458231069, -0.027756885516589336, -1.2890561721798046, -0.8383489008990942, -1.3312923470719915, -1.7761461493100512, -3.932572238430528, -4.029113552189402, -3.9021582113579205, -2.833757829868933, -0.19198781390408648, -0.5092862123642143, -0.051996557948260635, 0.8922845641051045, 1.6231000704731926, 2.1626142543148448, 2.0353924599701565, 2.592363167431809, 2.290145178063611, 2.8122337082504987, 2.3368258845960708, 4.1628549111164626, 3.3370922738669613, 4.3766245565485224, 2.863915085620672, 3.5134659884533286, 3.031853718904113, 2.05410623721638, 0.4980277654785603, -0.42785029365962346, -1.5724121258913288, -1.7513512019469295, -1.1880241116098222, -2.075590134149527, -3.0633098446656413, -3.003193412081051, -0.08593168085065495, -2.1338673970928275, -1.3580289829335106, -0.9400202137068001, -0.13563058188399224, -1.1402329056707925, -1.3740112894970113, 0.38171925792956696, -0.5086702937453182, 0.11833025238886119, -2.5970677276929353, -2.5197505087182344, -2.333523014274793, -2.845425414556112, -3.7614855950551385, -3.341213276538227, -2.4405793176582242, -2.4642563015649266, -2.923791036500339, -3.057094385506348, -4.241115244943742, -4.708968880159629, -4.629718545461506, -4.27216482447295, -4.180515099639059, -3.6466993821683515, -2.2743754360461086, -2.69699687680268, -2.8571894779200075, -3.461243227331099, -1.1911737389345098, -2.4593692917902867],