{"k": 1, "sigma_z": 1, "mean reward 1": [20.287994175846865, 16.317958357986093, 15.348310670709253, 14.085230429618726, 10.917125277052794, 10.448035247972236, 8.088928198089096, 6.4839446463021195, 4.803572988738953, 7.069140959663304, 8.450337819002375, 7.878941781927338, 8.134576350844474, 7.903750536134155, 7.326959633587371, 7.404525196750372, 5.5075863293656, 4.574485480586768, 5.596117878463616, 5.229582113376548, 3.9692414033422403, 3.985785206011548, 3.333828464629157, 2.276467356867993, 0.6839312060910394, -0.22286203862779497, -0.5558468287209184, -1.3249258914923567, -0.5629211631126109, -2.61902240730115, -2.414200323136421, -3.3042076043130297, -0.7320027439903463, -1.2632043184325414, -0.02317055555811187, 1.8155337237898894, 1.256397287364646, 1.1470180041509306, 0.02442120788134483, 0.37371537471930616, 0.3502432102300799, -0.3230602819571135, -1.3208924506323663, -2.4954353093888217, -3.7985429140186096, -3.048909026127695, -1.6277137973050662, -1.0367970901668604, 0.005906055319455983, 0.5040135938411183, -0.20287929203203825, -0.8554368486701933, -0.8027127587041106, 0.9697022716701202, -0.8645297582202726, -1.2618547760532093, -0.7947635937486253, -0.000818772131971901, -0.6280214851522914, -1.0663420292103467, -0.9599119340581624, -1.257465048125859, 0.7825627875320298, 0.7914218995729131, -0.9024821258708123, -0.3774886511153376, -0.89873892237735, -0.9802318490685233, -1.8043038039300803, -1.9024200147002588, -2.869737119739458, -1.7350934377015927, -2.3139835406810096, -3.0579125741255204, -2.9507092881704624, -3.598853807109621, -2.534414339023918, -2.9590491652679085, -3.284538864027099, -3.4066762983707437, -3.762056703808286, -2.675871593474101, -0.791140637661601, 0.008002996022042907, -0.4469266512477773, -0.2827772511701087, -0.24285132726625283, -0.9821389367529735, -0.37554560676727045, 0.8120738153671075, 0.5225628435457568, 2.784605969984489, 2.8035064876805227, 2.310883223537494, 2.286416859571697, 1.9359746405867437, 2.6411301543331778, 1.7987957460058415, 2.765693394712224, 3.74372018219545, 2.0535349091549806, 0.2673337273998553, 0.8241781760750961, 1.5572572645271268, 1.754883413182459, 4.055688536322264, 1.3094399823242058, 0.1583326949559536, 0.05872324896028701, -0.8524022828132283, -1.0377783066017607, -0.9598430848355038, -0.06967064493394015, -0.6204700560316272, -3.2196246295939446, -3.068304696706448, -2.108527921343825, -0.5179207419513885, -0.2473231750759007, -0.06462738852056624, 1.7014547042976036, 1.4010312142953492, 1.3605645575730905, 2.670056227021436, 2.645911993113659, 2.927640112866352, 2.4755904298510507, 2.9923816901832256, 4.44693990273243, 4.5784875169910855, 4.1851430653934685, 3.5058104404669104, 3.4909579628013883, 4.640852624810249, 4.489033100084477, 3.5134321012034926, 3.354524297875828, 2.6217095709015164, 1.0744393073980794, 1.2758152797756297, 1.338984453984593, 1.1329662922094763, -0.193095431302446, -3.0840554171716246, -0.6805671833175775, 0.24857371037500187, -0.3086972896092476, -0.6241173745147413, 0.7568472994085169, -0.4380499312500481, -0.8696584003597418, -0.79443202746632, 0.3861140200129647, -0.14652674196445248, -0.44576174016446457, -1.2159177086784623, -2.1660258670783206, -1.9662251191502604, -2.9025503741873573, -3.0895031990339774, -2.055415311927524, -1.2564512007255693, -0.4846508827850362, 0.429716528432753, 2.539666755494631, 1.0639872520748601, 1.3381089558457662, 1.340294746823833, -0.6916900730269615, 0.25670366840681624, -0.01548090593931109, -1.516092280107776, 0.13911019105404243, -0.887104551999134, -1.4226592478731563, -1.48921244957068, -1.560976758421978, 0.5616623050072087, 0.1555935759842414, -0.15629910155370297, -2.031804599305758, -3.693814243055021, -3.3407468518406227, -1.988442578109783, -2.7235384700202383, -1.8774605434773588, -1.409734979532562, -0.13055118015200873, -0.5881001923571172, -1.511008562833918, -2.2206731984963426, -1.926845037347178, -1.6743957045868942, 0.05141718412509744, 1.0508583529277298, -0.6581436943504694, -1.75004985522386, -2.188416592036706, -3.409420948083274, -3.160200543623558],