{"k": 5, "sigma_z": 10, "mean reward 1": [-697.4065314274649, 1500.695690249272, -1265.477356349278, -1212.062203311195, 1746.2276400926007, -365.1440768293293, 2150.2693823365526, -642.7418405415311, 2936.8379863222367, -434.5292099626514, 1141.7927505153548, -116.08219775639421, 1150.3014117904922, -1515.8538953540774, 253.3544850674775, -1298.3712266353564, -812.3426104104311, 252.48230815284955, 1006.9487511204187, -887.9256040318891, -906.9854976007933, 389.2824909156765, -1369.8487031179504, -477.13874478570074, -159.37985299376592, -1004.3746436968794, 1111.1372941974168, 13.710782455799642, -630.5899566284968, 187.5360954512231, -529.9837587410274, 1188.5367317009268, -726.5205901605932, 75.74189364504775, -1482.9462704053872, -1588.9942446770526, -820.9613331385732, 228.02709217920594, -1048.4152602474649, 702.9191290519466, -778.7813415365057, 1831.1739075531711, -256.1350998064617, 2004.8501759333703, -132.53149320789944, 1746.9536875640615, -2042.970616983, 482.7152353657599, 369.5052103394657, -118.95585056053002, -377.49745716191643, 545.0398536740412, 0.1892365803996654, -686.8330046198972, 1094.6855892705833, 477.62417675814726, 293.0435625669716, -833.6917679260091, 320.02539810827085, -561.272634517116, 401.569489903885, 1637.2326732552956, -107.06545958250943, 483.46512360254354, -1765.7902841706516, 1682.18617611115, -1743.7715935755073, 636.7590687472064, 1198.9662284948797, -955.5738004552084, 1094.51780084183, -2552.6959252392326, 2041.2228249307482, -2115.4094064518417, 676.2872096888827, 1050.371694362607, 704.4859275309041, 111.65496111947346, 874.0952965037368, -737.3987342654525, 1505.8471814813665, -899.0112226104133, -1168.0924465434425, -603.3142738603384, -667.3421754325267, 1044.1167372176153, -97.22344893169378, 1527.1066123371995, -393.9243146453783, -377.2566355107772, -660.708652311859, 327.3972877288451, -765.5300525070353, 1307.1916516942936, -261.2412087379561, 901.2974117052739, -505.3154641039903, 432.97258624381794, 719.3293796833373, 236.61736171902783, -618.3599732663264, 636.5340093126936, -1925.804100272778, 1096.6607552006894, -832.1244486221582, 100.56066083750235, -73.21376774623711, 184.0578688044461, 210.24640750497275, 613.4022516263109, -144.21127055258728, 1171.9264682710152, -1218.5628368866212, 425.9833155747775, 351.34618480045765, -570.8740734458382, 1366.510434136216, 410.02709624688566, -163.31753326913426, 1356.161744991964, -232.11928306727793, 750.5438157671625, -657.6772722384458, -791.9606750111345, -2046.291224700048, -564.760968985959, -957.481382625647, 938.8244605677926, 1596.5560609844588, 419.11445081048646, 3786.3388489737063, -1351.256319388693, 194.95632012069706, 159.0318560730199, -2817.783921229999, -492.6330622685081, -1288.334159353526, -281.4356011106877, 844.970006980714, 461.28122107015787, 1295.8154545939947, 670.6925414125204, 349.51143817085926, -249.33102767576773, -1785.2000976538059, -847.5039012202478, -1689.6536800116487, 231.22403296802636, -1399.8360395836112, 993.0906981357292, 148.3254285969636, 569.056471100388, 281.8834452301996, -12.823320122476067, -62.24938127938155, -669.883152211545, -249.026211612275, -1241.3158039248124, -679.7757986337978, -402.5839846806594, 566.1015740290229, 144.0180647028615, 442.5308515245247, 1818.346467926068, 158.96229591327835, 783.6495796959215, 1448.4916716985879, -149.79195503270347, -1372.5341939027676, -799.1860781815525, -883.9364498181687, -9.354014359479468, -404.09822052986965, -1099.710579512202, 604.2263104727227, 1008.5807408073697, -324.5972958993257, 2258.4223438174026, 63.86774981783723, 766.7738658500801, -1870.96530798537, 2230.1499928304493, -2899.7261672207105, -641.465547379874, -2547.429348852986, 1565.6377480738706, 555.4636850790552, 1437.9827583815634, 800.1699906116417, 1506.2437822372046, -2538.3651312269153, 833.2092809953425, -1129.8517649982173, -199.3834761657403, -485.35340448384517, -191.91359307931083, -458.5595538920179, -1164.7287318971462, -164.90939978700942, 1483.8900263948603],