{"k": 5, "sigma_z": 10, "mean reward 1": [1729.0779583216229, -840.0133937828965, -67.40220635813276, -22.220748760859106, -514.6853388336901, -90.37008852809278, 1770.348404219202, -370.1693751273331, -319.08321042861195, 131.0577979804384, -1866.648675841991, 1158.5978609165932, -2389.1169969765797, 634.9239817292128, -1408.557502385947, -165.76253733336168, -473.08421468342806, 40.9338558988297, -1485.090803009687, 530.2555933464786, -467.11632251809715, -578.5192056006329, 533.8038047050098, -1720.8985522250891, 788.5775512006101, -1074.8262671550524, 81.3999293110466, -174.37109101711582, 355.4591838502047, -169.8804855466265, 941.6833200949678, 489.2114423986337, -1256.8911397178822, 1040.2936129769755, -1918.195845011472, 1429.289201608118, -1739.4472774672345, 490.97012429747997, -2244.061763952055, 1280.169305619599, -1586.2747075987236, 483.74724838914796, 472.45004420406264, 572.4275983871938, -297.9732923733241, 429.991096652817, -355.7736951734708, -449.67570538655775, -1555.3221771428211, 676.4759004392151, 48.37518372671035, 957.7642216591249, -1041.2810638661203, 1170.2543754021888, -735.4161315044254, -274.19455494415956, 2475.1092655104208, 187.8608085052134, 1007.7956307622859, 1125.5042620629918, 370.71123458835444, 1330.989881311229, 2204.100670541627, 402.4797953697597, 1758.149638676446, -108.3844531051195, 383.40730069629706, -240.53001743710155, 151.33858397815564, -346.14308700801297, 468.43798311301975, -1291.129965828349, 1722.7556747453464, -299.07695373745116, 669.2340002536239, 505.2389119305281, -276.7533250938976, -351.6370841062598, 122.23215427239597, -184.60666849085214, -488.73818554044203, 1445.0406620919082, -830.4682376451243, 1123.454244046795, -1278.494313230116, 458.9883774489007, 409.57529791813647, -10.59321579166178, -140.1794334603194, -100.05579199462456, -2818.737070480531, -897.5882241290309, -620.6330053563609, -2388.7794970588416, -1121.79483793779, 443.4543474032793, -2014.8200827132712, -589.6998313954251, 187.94842482965467, -433.1995072184537, -736.185400312273, 353.11443766265273, -1011.864261775807, 1098.9814361346555, 1382.183490401002, 420.69535916549705, 808.356224705138, 483.91573343775514, 145.63445740996164, -1366.213569033802, 52.1610968408371, -2108.742453999783, 1197.9813019675878, -175.25281184048077, 214.8937317108388, 165.93055148256192, 353.5237287181775, 132.84978632165604, -74.27221654571471, 2408.7561186526927, -619.6133951069586, 1122.9739891852548, -37.46898642898358, -433.9342247658498, 1071.2371610910898, 1792.1139976385587, -75.8205130699197, -386.3784057337158, 2063.352158998176, -1956.901425675639, 1388.843339124326, -453.8218982058906, -786.2300111502756, -1121.9978975378335, -273.9872028484682, -2527.5833924543776, 1766.035046924663, -312.1877896481054, 632.2519430783477, 2025.2507030575784, 672.9445656464607, -456.59148413949157, -761.2006924881046, -1234.415940882636, -364.3439470115308, -201.39529490653194, -434.7303981024634, 952.5171176377007, -774.7311385051637, -515.1951435425908, -856.2829113280959, 102.12953977127732, -2986.8884877770856, 1044.5024302244924, -2300.3641033119484, 1552.2015420899036, -690.9807908792412, 1786.819517280289, 649.0135551213481, 1474.5706459933456, 1967.311267536093, -397.0396235675358, 263.99102292750064, -463.2637662850526, -1701.3641284864925, -344.87101395309134, 304.38143560696415, -1199.9234283171752, 929.1582072655223, -1235.9303421984196, 2351.5816313979476, -513.076385849587, 1738.0384734696142, -481.044643339279, 1313.744955993403, -1388.6239218200578, 759.3585599948717, 823.8435318787825, 982.9289122012676, 200.71083453521385, 121.12463539551098, 767.2901578849103, 1070.4014466498286, -31.700885298775027, 829.8634192421578, -153.0832662061863, -629.0068386772391, -1840.0072077138866, -835.2724600855049, 1034.4261994062817, -418.9340001132308, -401.36134647087437, 459.7752983168437, -470.16693603308255, 625.8108522167379, -1488.265237625419, 180.66477140723381, -574.4591726837143, -1392.2877590663502, -734.2942702189162],