{"k": 5, "sigma_z": 10, "mean reward 1": [379.34475997118307, 121.69874695855052, 1317.5482502876957, 489.9823733832771, -603.3794027685373, -702.5131164893937, 538.9455674977885, -1715.6276074264654, -557.263828054822, -369.679870142767, 901.2864087516787, 1194.4868733070998, 1247.0976252476464, -862.1805364623975, -772.5305162315328, -2240.965285936635, -840.1197801998169, -2372.0068481719713, 355.70973790159616, -19.332707828385942, -412.47126621936826, -1562.9542322662285, -403.17255549929445, -563.214378114669, -875.7493937281122, 213.4719415132457, 786.6126755711427, -945.6026908799712, -219.16533939150912, 277.99038206973694, 54.312566153226925, -1400.868556369267, 283.9836638513818, -2545.731540857101, -1494.9526923632184, -1094.3078588463504, -1338.301692766641, 1020.7080005488265, -72.91448579643259, 1365.6562955505724, 268.89598717127035, -2174.517529167272, 363.6523436292638, 1451.0129709144694, -1091.0784440355196, 2328.9352776023106, -1398.6406239937971, -163.0356971854223, 67.88571361969974, 825.098124904182, 702.5127181172151, -736.5254857689863, 347.93701807312533, 242.05935230885683, -787.5420543656764, -45.69253537618483, 342.99167103690706, 893.8680134447436, -733.5079942897057, -388.9207506537676, -466.50784518359654, -449.31855116025633, -2165.8161728011555, 1988.9186313990074, -1144.2433520807126, 1440.1050500979977, -514.4508917740807, 1392.8345518916135, 333.25883096124363, 822.6866305796284, 166.5773945112581, -507.68318244054126, -33.76861124274553, -1901.9688931609992, -484.02200427465027, -202.4758699845699, 812.4518700992774, -1216.1397020300938, 829.1177615578013, -1107.180990781732, -134.78240449575387, -465.93194334867337, 91.08976030287539, -933.2639660131566, 731.0895905018515, -792.2512871065402, -1052.4690950684346, 1097.1340218049374, 166.23357170354797, 1467.212147266992, 531.5416016588397, 733.7700323750897, 439.6746286030457, 1536.2915540364897, 9.046673907509772, -500.98426511103423, 98.89106926448376, -138.05207382729375, -1495.6135967526045, -1660.8492528797588, 692.6769601518881, -1669.7919281200748, 1167.8476032368305, 343.6444772645125, 466.01279278931037, 368.79818767563563, 1259.5742059938414, -962.667186267527, -200.10000918246814, -658.3188063140083, -1423.915882925817, 329.78234761501585, -595.2823004390739, -1276.8403128900986, 1400.805517254278, 253.36722917598246, 2807.2878859104767, -197.88054332138861, -392.057505186162, -488.66091722479234, 87.31247153796878, -161.85678606258324, 348.67975532986264, 210.6059548645944, 1168.2229401658667, 531.1186288205803, 1597.1551354381484, 895.0327823855446, 1571.7839683930251, 1732.0230592443536, 116.428767840413, -1697.5505897647665, -204.09608185814, -963.0607744011759, 74.14882781783393, -1412.2881405414087, -529.3875079747223, -661.736519980816, 125.77024346896908, -749.4052808397691, 589.7231020950693, 714.1116265495587, 11.897546790369052, 95.06906083857336, -1813.7439944750656, -1053.6021618365007, -1532.4089583316488, -597.749705413376, -2515.690619248766, -547.2105107329625, 416.11426673887627, -76.68883925783587, 1067.7276222486987, 1315.6287987089638, -17.133009788487954, -210.98728856457026, -461.9854895476092, -694.1598932573129, 123.67366229388365, -262.64637904050676, -380.0499468415096, 478.57736311176564, 914.1245654737585, -202.3156668106471, -602.0725967935368, 941.1504845781936, -294.95579127446774, -13.544847962042406, 448.75659461648496, -1103.8503713213101, -494.49541833042963, 500.9053768134815, -892.3551298993077, 978.0609756864518, 235.52305358821403, -1710.959634319034, 2603.8651641955107, -365.64813423451625, 1270.9035450534323, -328.8113491751726, 572.8286410411431, -1142.6374030896172, 888.9924092187689, 1123.9431001042988, 1119.6867967396, 913.4866062595911, 626.6127182041712, -861.7728283327116, -486.1355766974438, -494.0347308764441, -1481.4218009247081, 1445.9850872565262, -437.00360168978403, 517.9670615137663, 1415.0115408763183, 947.7785958337606, 2610.8652026046807, -88.28162988059363, 1980.3355798728794, -138.4595323164665],