{"Stationary": {"actions": [1.0, 0.0, 1.0, 1.0, 0.0, 0.0, 0.0, 0.0, 0.0, 0.0, 0.0, 0.0, 0.0, 0.0, 0.0, 0.0, 0.0, 0.0, 0.0, 0.0, 0.0, 0.0, 0.0, 0.0, 0.0, 0.0, 0.0, 0.0, 0.0, 0.0, 0.0, 0.0, 0.0, 0.0, 0.0, 0.0, 0.0, 0.0, 0.0, 0.0, 0.0, 0.0, 0.0, 0.0, 0.0, 0.0, 0.0, 0.0, 0.0, 0.0, 0.0, 0.0, 0.0, 0.0, 0.0, 0.0, 0.0, 0.0, 0.0, 0.0, 0.0, 0.0, 0.0, 0.0, 0.0, 0.0, 0.0, 0.0, 0.0, 0.0, 0.0, 0.0, 0.0, 0.0, 0.0, 0.0, 0.0, 0.0, 0.0, 0.0, 0.0, 0.0, 0.0, 0.0, 0.0, 0.0, 0.0, 0.0, 0.0, 0.0, 0.0, 0.0, 0.0, 0.0, 0.0, 0.0, 0.0, 0.0, 0.0, 0.0, 0.0, 0.0, 0.0, 0.0, 0.0, 0.0, 0.0, 0.0, 0.0, 0.0, 0.0, 0.0, 0.0, 0.0, 0.0, 0.0, 0.0, 0.0, 0.0, 0.0, 0.0, 0.0, 0.0, 0.0, 0.0, 0.0, 0.0, 0.0, 0.0, 0.0, 0.0, 0.0, 0.0, 0.0, 0.0, 0.0, 0.0, 0.0, 0.0, 0.0, 0.0, 0.0, 0.0, 0.0, 0.0, 0.0, 0.0, 0.0, 0.0, 0.0, 0.0, 0.0, 0.0, 0.0, 0.0, 0.0, 0.0, 0.0, 0.0, 0.0, 0.0, 0.0, 0.0, 0.0, 0.0, 0.0, 0.0, 0.0, 0.0, 0.0, 0.0, 0.0, 0.0, 0.0, 0.0, 0.0, 0.0, 0.0, 0.0, 0.0, 0.0, 0.0, 0.0, 0.0, 0.0, 0.0, 0.0, 0.0, 0.0, 0.0, 0.0, 0.0, 0.0, 0.0, 0.0, 0.0, 0.0, 0.0, 0.0, 0.0], "rewards": [468.6399345689249, -1773.342555405679, -2316.186298813697, 460.44766742117326, 1343.0143576519934, 152.65004182247776, 398.92322595949037, -294.03253652532516, 932.5272264701779, 959.5113635800469, 1182.4237283676457, 444.83434622607774, 855.9504224738308, -250.17005547454, 117.95196256450834, 779.0002947948475, -1073.8876301991936, 3164.0043050150416, -112.42867454010874, -222.3971784477336, 981.463654563736, -909.0040903398875, -107.85301802860099, -718.8065044816498, 595.8199704040981, -1031.494970506946, 914.8949599165514, -351.79280038168673, 408.2024178472745, -63.125342398649735, -1029.1202159320014, 1359.4557444765335, 426.3613039316737, 930.1387855106788, -1172.297907926508, 843.8664923956607, -559.8512270228358, -1664.613896415985, -891.4057487536235, 600.3903839065858, -198.19954864805499, 931.3711964382728, -385.878980765381, 984.0462780930972, -1337.5192024680778, -175.34226872811726, -3482.3231925901564, -980.9986494019314, -3678.267609472583, -457.33361188187087, -1947.8764031010228, 546.4955772011783, -1536.5225631797543, 1864.9631222343528, -374.4266837752674, 561.9385116514541, -1.07241396724333, 744.9919145958656, -513.215819382372, -235.02270407474435, 770.7351025533441, -234.72453717116602, 1392.020955621903, -871.303838222831, -102.48948841881042, 702.4060280043891, -780.8898529814207, 992.2631394189834, -1246.7987467331507, 2066.709510409746, 480.9005934442959, 210.00062447129852, -1007.8969624103653, -1138.5083523950245, -950.6400537506667, 1573.385981062014, -560.57905844362, 509.1895910473826, -1211.6756269342156, 794.5884828485367, -2532.760521736426, -538.0848849421429, -941.7741490810727, -612.5282604767555, 377.6040540835222, 560.299980021324, 429.84072424388455, -542.0879499418717, 472.1870612080634, -1070.9856432982212, 544.055649990432, -829.8825277849679, -900.9043072501277, -1410.4728150177707, -271.6556884055454, 468.4280658235785, -1324.8385304884794, 1197.700270973058, -1141.765261538931, 663.8840460306825, -705.6098841607986, 953.5637472602072, -1059.5801298022345, 2584.896284298175, -3082.4305328787586, 1278.459664744193, -2526.165837374188, 980.6490854809101, -377.98332387518843, -1.8086760656545398, 781.3325085565971, -690.520130741125, -2168.108079005852, 1955.2403677077566, -2759.5256468210455, 755.0399868168206, -1566.5065533531058, -882.0554987255047, 863.2075933698858, -186.37259580702167, 944.6479822557488, 1083.874970906275, -1002.6433115363965, 1138.7395973926334, -1477.045805722179, 225.0480948694411, 114.85565888788886, -676.4715412356858, -1358.3007767272106, 248.7510015711007, -1136.2376941756224, 1692.2500563350907, 778.1008184830208, 1433.9788277229056, 1458.0828857520623, 1201.4883618038643, 1551.5881158117495, -741.8803014494653, 972.5901488679621, 1852.58965101867, -2088.8706122972562, 738.2505165277481, -996.8251236024068, 382.42060905765, -922.1190568227214, 1037.0158409589185, -1269.2832800788938, -978.4269406319711, -420.38079991330846, 1023.4407603764578, 1123.4029904321515, -1001.9393729969929, -800.1809628146168, -1402.5732111759849, 516.7257583020731, -1064.3740297425625, 1779.7836914426573, -1052.5261683283397, 1140.9457511923204, -983.3836486447427, 894.8659729265539, 459.2805941962654, -109.52652449157192, -173.09786567560135, -293.38206911766343, 2032.4246522117437, -286.9524854814071, 646.6343323179494, 359.9863552135347, -62.72326521571657, -1347.9225707084506, -1292.0319174393053, -1768.3796866462221, 370.91021704314676, 2362.4832440055825, -1341.2991454862724, 1970.694544052584, 31.807008724312183, 434.2104426021516, -420.6284460670756, 2041.2710658938609, 398.3152972709293, 1889.2532479264785, -0.10444179032968393, -623.3116720180873, 90.82542420870679, -2329.885146366922, 1258.0604518974706, -323.89878120294424, 411.9305166576845, 1268.8856980995824, 1457.9358649589574, 1322.6500624965322, 710.0310039512742, -792.8614745677812, 880.7160664807708, -942.4555901960011, -996.253783273225, -998.102094555545, -913.9148165783504]}, "Latent AR LinUCB s=2": {"actions": [1.0, 0.0, 0.0, 1.0, 0.0, 1.0, 0.0, 0.0, 0.0, 1.0, 0.0, 1.0, 0.0, 1.0, 0.0, 1.0, 0.0, 1.0, 1.0, 1.0, 0.0, 1.0, 0.0, 1.0, 1.0, 0.0, 0.0, 1.0, 0.0, 1.0, 0.0, 1.0, 0.0, 1.0, 1.0, 0.0, 1.0, 1.0, 1.0, 0.0, 1.0, 0.0, 1.0, 0.0, 1.0, 0.0, 1.0, 0.0, 0.0, 1.0, 1.0, 0.0, 1.0, 0.0, 1.0, 0.0, 1.0, 0.0, 1.0, 0.0, 1.0, 0.0, 1.0, 0.0, 1.0, 1.0, 0.0, 1.0, 0.0, 0.0, 1.0, 0.0, 1.0, 0.0, 1.0, 0.0, 1.0, 0.0, 1.0, 1.0, 0.0, 1.0, 1.0, 0.0, 1.0, 0.0, 1.0, 0.0, 1.0, 0.0, 1.0, 0.0, 1.0, 0.0, 1.0, 0.0, 1.0, 1.0, 1.0, 0.0, 1.0, 1.0, 1.0, 1.0, 0.0, 0.0, 1.0, 0.0, 1.0, 0.0, 1.0, 0.0, 1.0, 0.0, 0.0, 1.0, 1.0, 0.0, 0.0, 1.0, 0.0, 0.0, 0.0, 0.0, 0.0, 1.0, 1.0, 0.0, 1.0, 0.0, 0.0, 1.0, 0.0, 0.0, 1.0, 0.0, 0.0, 1.0, 0.0, 1.0, 0.0, 1.0, 0.0, 1.0, 1.0, 0.0, 0.0, 1.0, 0.0, 1.0, 1.0, 1.0, 1.0, 1.0, 0.0, 1.0, 0.0, 0.0, 1.0, 0.0, 1.0, 1.0, 1.0, 0.0, 0.0, 0.0, 1.0, 0.0, 0.0, 1.0, 1.0, 1.0, 1.0, 0.0, 1.0, 0.0, 1.0, 0.0, 0.0, 1.0, 0.0, 0.0, 0.0, 1.0, 1.0, 0.0, 1.0, 1.0, 0.0, 1.0, 0.0, 0.0, 0.0, 1.0, 0.0, 1.0, 0.0, 1.0, 0.0, 1.0],