{"Stationary": {"actions": [0.0, 0.0, 1.0, 0.0, 1.0, 0.0, 0.0, 0.0, 0.0, 0.0, 0.0, 0.0, 0.0, 0.0, 0.0, 0.0, 0.0, 0.0, 0.0, 0.0, 0.0, 0.0, 0.0, 0.0, 0.0, 0.0, 0.0, 0.0, 0.0, 0.0, 0.0, 0.0, 0.0, 0.0, 0.0, 0.0, 0.0, 0.0, 0.0, 0.0, 0.0, 0.0, 0.0, 0.0, 0.0, 0.0, 0.0, 0.0, 0.0, 0.0, 0.0, 0.0, 0.0, 0.0, 0.0, 0.0, 0.0, 0.0, 0.0, 0.0, 0.0, 0.0, 0.0, 0.0, 0.0, 0.0, 0.0, 0.0, 0.0, 0.0, 0.0, 0.0, 0.0, 0.0, 0.0, 0.0, 0.0, 0.0, 0.0, 0.0, 0.0, 0.0, 0.0, 0.0, 0.0, 0.0, 0.0, 0.0, 0.0, 0.0, 0.0, 0.0, 0.0, 0.0, 0.0, 0.0, 0.0, 0.0, 0.0, 0.0, 0.0, 0.0, 0.0, 0.0, 0.0, 0.0, 0.0, 0.0, 0.0, 0.0, 0.0, 0.0, 0.0, 0.0, 0.0, 0.0, 0.0, 0.0, 0.0, 0.0, 0.0, 0.0, 0.0, 0.0, 0.0, 0.0, 0.0, 0.0, 0.0, 0.0, 0.0, 0.0, 0.0, 0.0, 0.0, 0.0, 0.0, 0.0, 0.0, 0.0, 0.0, 0.0, 0.0, 0.0, 0.0, 0.0, 0.0, 0.0, 0.0, 0.0, 0.0, 0.0, 0.0, 0.0, 0.0, 0.0, 0.0, 0.0, 0.0, 0.0, 0.0, 0.0, 0.0, 0.0, 0.0, 0.0, 0.0, 0.0, 0.0, 0.0, 0.0, 0.0, 0.0, 0.0, 0.0, 0.0, 0.0, 0.0, 0.0, 0.0, 0.0, 0.0, 0.0, 0.0, 0.0, 0.0, 0.0, 0.0, 0.0, 0.0, 0.0, 0.0, 0.0, 0.0, 0.0, 0.0, 0.0, 0.0, 0.0, 0.0], "rewards": [-67.23032756220637, -1782.2292274655206, -570.8757702841688, -798.9289102069662, 1144.591532524898, 217.30751550255988, -1683.068841138944, 715.3950718764376, -697.894377312476, 761.61645064313, -1611.5781369586607, 365.68038116087956, 868.1832881281885, 1454.0408965787403, 229.97142253114046, 1449.6234193580294, 1721.7360479474412, -865.5142399687224, 4.081991186174344, -448.4667811206421, 345.52439507511355, 1822.547102081485, -1443.8168539005624, 794.8740922032636, 661.5143370180904, 642.2546476558085, 408.8067836520882, -172.6140138227496, 2114.716858387242, -2591.225182446963, 1547.3888371355065, -2232.2919923274676, 1092.6085557875103, -3099.0353188591366, 1827.8920423236032, -833.144478587799, -1604.17358298955, 3.2457698016850873, -882.3856523425263, 1114.9895264940756, -49.466293465641016, 2051.610223639333, 1463.4758066765066, -428.3311545599407, 1410.7286795148973, -1164.7377048891535, -790.0809784507588, -2418.23755402837, -702.2964421329416, 663.0582199689223, -1088.2125701155073, 1897.8505397217677, 18.05782200966322, 1233.6035383302813, -170.81214174555996, -331.8612950005541, -319.29595543108286, -1554.5238398663125, -1559.173013146361, -1596.4824273531326, -900.6023931462257, -323.782677732708, 1647.1493355814143, -1938.2498556431324, 2673.472806324881, -1835.1566360588015, 854.5160570969894, -1708.9294574500798, -488.4293457346672, -1496.2184302160417, -66.10956838254623, 1151.4783848108311, 1066.3902465244441, -738.4889526052506, 966.6193146846449, -1269.5299659972593, 1198.1670284554355, 1396.4580538839427, 558.9949582706693, 66.65005674054228, 865.1990249150444, -1534.3321129000715, 2890.966116872373, -1479.6412125031966, 2138.439342873751, -808.2560443889555, 43.6721760867008, 79.32167392160926, -11.263628516049039, 289.7388714206558, 444.61396782491875, -1235.1358459244748, 1897.7920324561435, -1355.2568263810285, -918.7778756742639, 1441.0677728207397, -1428.007786661988, 1943.6030533648304, 56.94256582959499, 768.6207366957348, -523.7469387660026, 2000.7110162371525, -487.34463765798444, -225.41012989457317, -828.7543249067878, -442.18237567760656, 136.0645172435407, 1187.0748207731, -2311.683126202095, 625.1864869147446, -2235.371995936234, 394.62132606442395, -1386.3247875995871, 1044.9002558393827, 671.3865495900776, -544.3885288440781, 784.337680694716, 1715.840994975215, 1675.361206101316, 907.2884164871228, 902.7007803037903, 287.473355764222, 1449.8168444602832, -214.40547849677398, 688.7881956692032, -936.1880962929547, -2134.9114742582365, -2185.052708379165, 50.12020130260684, -1697.8974254555953, 1499.9030577625224, -518.4235482356303, 2209.4808337217755, -1204.680775978108, 100.35605309031176, 253.85300702549986, -298.4442875210681, -180.67692500888245, -301.0917428463399, -964.7306753219962, -719.9839553351513, -41.37525815425641, -1032.895922841186, 1145.502777179217, 1044.092006618023, 1873.6119918300417, 114.10156715617697, 726.8814472155665, -451.96787666653665, -653.2366597862324, -2192.826152160736, -20.757698701216338, 267.13377040039126, 969.5373763352476, 598.0044812965099, 865.0770128212555, -739.7224630268539, 456.2199332565395, -948.5356102255788, 1070.6225371157223, 106.8647897882604, 882.9414406278431, 31.568192102528776, -778.1867396459305, 439.4340373122088, -294.87051600551024, 381.039446683818, -1130.8025717846515, 899.6144785054009, -863.9524993507143, 30.844318668321037, -766.8065098587591, 1093.948620299847, -180.18152674499956, 1412.5250933874725, -240.0298701555958, 1149.6211379829656, 845.6911859541693, -862.7310442231995, -135.58326290308432, 852.1589858877236, 439.6587010122013, 813.4310828830265, 1118.7089469509835, 857.960674025096, -592.2937837489377, 417.92963962105597, -762.8408162363036, -2582.377234410837, -693.4968452768718, -1653.048233758638, -2234.628486916425, 1421.7255610357672, -808.0477158035612, 1382.1391146911237, 307.9087314487933, -621.7993959832551, -1030.1035104674074, -903.0063123488708, -1045.42235421555]}, "Latent AR LinUCB s=2": {"actions": [0.0, 0.0, 0.0, 1.0, 0.0, 1.0, 1.0, 0.0, 1.0, 1.0, 1.0, 0.0, 1.0, 1.0, 1.0, 1.0, 0.0, 1.0, 0.0, 1.0, 0.0, 1.0, 0.0, 1.0, 0.0, 1.0, 0.0, 1.0, 1.0, 0.0, 1.0, 0.0, 0.0, 1.0, 1.0, 1.0, 0.0, 1.0, 1.0, 0.0, 0.0, 1.0, 0.0, 1.0, 1.0, 0.0, 1.0, 0.0, 1.0, 1.0, 1.0, 1.0, 0.0, 1.0, 1.0, 0.0, 1.0, 1.0, 1.0, 1.0, 0.0, 0.0, 1.0, 1.0, 0.0, 1.0, 1.0, 0.0, 1.0, 0.0, 0.0, 1.0, 0.0, 1.0, 1.0, 1.0, 1.0, 0.0, 0.0, 1.0, 0.0, 1.0, 1.0, 1.0, 1.0, 1.0, 1.0, 1.0, 1.0, 0.0, 0.0, 0.0, 1.0, 1.0, 1.0, 1.0, 0.0, 1.0, 0.0, 1.0, 0.0, 1.0, 0.0, 1.0, 0.0, 0.0, 0.0, 1.0, 0.0, 1.0, 1.0, 0.0, 1.0, 0.0, 1.0, 0.0, 1.0, 0.0, 1.0, 1.0, 0.0, 1.0, 0.0, 1.0, 0.0, 1.0, 0.0, 1.0, 0.0, 1.0, 0.0, 1.0, 0.0, 1.0, 0.0, 1.0, 0.0, 1.0, 1.0, 1.0, 0.0, 1.0, 1.0, 0.0, 1.0, 0.0, 0.0, 1.0, 0.0, 1.0, 1.0, 0.0, 1.0, 1.0, 0.0, 1.0, 0.0, 1.0, 1.0, 0.0, 1.0, 0.0, 1.0, 1.0, 1.0, 0.0, 1.0, 0.0, 1.0, 0.0, 0.0, 1.0, 1.0, 0.0, 1.0, 1.0, 0.0, 0.0, 1.0, 0.0, 0.0, 1.0, 1.0, 1.0, 1.0, 0.0, 1.0, 1.0, 0.0, 1.0, 1.0, 0.0, 0.0, 1.0, 0.0, 1.0, 0.0, 1.0, 0.0, 1.0],