{"Stationary": {"actions": [1.0, 0.0, 1.0, 1.0, 1.0, 0.0, 0.0, 0.0, 0.0, 0.0, 0.0, 0.0, 0.0, 0.0, 0.0, 0.0, 0.0, 0.0, 0.0, 0.0, 0.0, 0.0, 0.0, 0.0, 0.0, 0.0, 0.0, 0.0, 0.0, 0.0, 0.0, 0.0, 0.0, 0.0, 0.0, 0.0, 0.0, 0.0, 0.0, 0.0, 0.0, 0.0, 0.0, 0.0, 0.0, 0.0, 0.0, 0.0, 0.0, 0.0, 0.0, 0.0, 0.0, 0.0, 0.0, 0.0, 0.0, 0.0, 0.0, 0.0, 0.0, 0.0, 0.0, 0.0, 0.0, 0.0, 0.0, 0.0, 0.0, 0.0, 0.0, 0.0, 0.0, 0.0, 0.0, 0.0, 0.0, 0.0, 0.0, 0.0, 0.0, 0.0, 0.0, 0.0, 0.0, 0.0, 0.0, 0.0, 0.0, 0.0, 0.0, 0.0, 0.0, 0.0, 0.0, 0.0, 0.0, 0.0, 0.0, 0.0, 0.0, 0.0, 0.0, 0.0, 0.0, 0.0, 0.0, 0.0, 0.0, 0.0, 0.0, 0.0, 0.0, 0.0, 0.0, 0.0, 0.0, 0.0, 0.0, 0.0, 0.0, 0.0, 0.0, 0.0, 0.0, 0.0, 0.0, 0.0, 0.0, 0.0, 0.0, 0.0, 0.0, 0.0, 0.0, 0.0, 0.0, 0.0, 0.0, 0.0, 0.0, 0.0, 0.0, 0.0, 0.0, 0.0, 0.0, 0.0, 0.0, 0.0, 0.0, 0.0, 0.0, 0.0, 0.0, 0.0, 0.0, 0.0, 0.0, 0.0, 0.0, 0.0, 0.0, 0.0, 0.0, 0.0, 0.0, 0.0, 0.0, 0.0, 0.0, 0.0, 0.0, 0.0, 0.0, 0.0, 0.0, 0.0, 0.0, 0.0, 0.0, 0.0, 0.0, 0.0, 0.0, 0.0, 0.0, 0.0, 0.0, 0.0, 0.0, 0.0, 0.0, 0.0, 0.0, 0.0, 0.0, 0.0, 0.0, 0.0], "rewards": [425.65080586711895, 1919.366564615889, -766.1847515407185, 572.4274161391221, -1635.288571177849, -2100.242813177235, -92.87053555573269, -650.6055037549935, -960.8270706552576, -909.1307725969556, 1223.7266007451287, -474.4391224664965, 2426.486286999601, -443.81827826593803, 350.4012160808512, -1127.5326640542921, -619.4807070848486, -1367.960040507884, 83.15897395521456, -1079.8822789714304, -1003.3001925890292, 734.2276505677042, -481.0694471433248, 697.045112882362, -81.88799970820178, 1514.6679916355245, -534.712295956798, 1003.7074597392483, -1050.4836807844981, 95.39080408774753, -643.5761487226323, 875.1652644085311, 394.81875000878927, -1393.4559612147243, 1268.960224614106, -1410.9661028464807, 992.1114878602357, 219.23910753761885, -743.7573695335121, -558.2849548540056, -790.8683816219477, -859.4566940638167, -911.9520005073397, -656.3778758219274, 1571.2431851088734, -1585.8890637560876, 2225.0995151522284, -65.46942248533256, 1522.8942379324162, 533.2934362740104, 1190.8696116967851, -1960.0293629373261, 2971.0738024375896, -1534.29361873991, 3128.3028195611278, 110.05078125879413, 501.7755728273894, -694.204077800911, -28.324758941571094, -1187.092992371671, 1102.525333316672, -724.6913316245126, -2207.5455912391776, 70.07295137297989, -1496.38991959079, -921.9054641884586, -66.18836238749135, -253.47635990791426, 423.90163581274146, -211.90502299097648, -502.7961917440417, -1217.4356613557215, -530.9299331712068, -1134.3720600884888, 1051.7460771960896, 130.81208264622177, 1798.889384062774, 1386.9575902422187, 646.7956332891133, -868.3016720719414, 637.3942358328056, 112.67357213474, -542.9989299791495, -190.89022921706186, 330.82896411227387, -480.04408450762975, 271.50476664029037, -638.275757140056, 1636.6735455551438, 182.78687832508282, -377.7327040742813, -105.84320297818194, 785.0978081618562, 245.94870116126324, 986.1739899737488, 639.9472030625333, -128.0519745654475, 53.57966469102053, 528.0826971437534, -82.95272815876, -1581.7345930485938, -1220.9461059443117, -80.76846956209818, 678.8794513338845, 1299.2057100922916, -165.87440104415094, -67.1105499092387, -286.76533115345313, -1365.4840724463393, -1629.5969317913737, -39.41208033039266, -353.9285352188786, -1348.5006351218535, 1739.008384085913, -1273.392009951725, 2041.7520788289685, -770.5490577247522, 63.562817698216946, -2438.479720147699, 1773.0878767832703, -2692.2399129198784, -2042.983521699701, -868.3126909387391, -847.9608102108198, -317.3235418167921, -133.3786446087611, 1934.027889335643, 381.1032599362512, 1806.3172129285313, -400.7693435684666, 1029.008066204484, -596.6025883983672, -1349.905185855964, 1418.4007014531014, 651.1470748011633, 257.06394916590943, 1262.087924193312, 295.7663389952005, -973.5047047490746, 1946.0300117884055, -2083.1135805153585, 1769.5965309327275, -2242.417189081546, 1658.2519216346323, -342.9153872381448, -613.8779344572216, -507.4817654979129, -1016.8384498897069, -312.95081898142905, 258.04531806675226, 518.211588274874, -620.3433450834217, 2072.453063553129, 669.2834601394653, -89.67054112482654, 526.7514036010174, -596.0884969253851, 310.7134090091161, -1187.239922904167, 725.2051945022988, -179.37994742639353, 532.8481765086697, -410.3003477386318, 1434.322587393302, -1682.5757246377877, 2028.545635093654, -2717.5174557401915, -491.99168348951866, 327.23214778042075, -150.58707840442324, 962.1688426988667, 836.0400587629229, 595.4048363705667, -1717.2475792874163, 693.5277205430561, -730.8019909663684, -1327.428213064216, -363.3338253579695, -844.4711833186872, -2013.5826073578048, -471.1302231674917, -1221.4117109491942, -1433.8571607228719, 1214.0000376702549, -1278.9125504636913, 1809.7915145991772, -998.9181774525777, 1676.042638605734, -1554.079753573471, 2057.2172465390713, -1849.7485276585664, 501.68412053200973, -1003.2006385361653, -580.961914604836, -346.3019908972687, -29.923343071678346, -1936.687503384937, -514.0558159304762, -2032.1091658819641, -429.34655171052026]}, "Latent AR LinUCB s=2": {"actions": [1.0, 0.0, 1.0, 0.0, 0.0, 1.0, 0.0, 0.0, 1.0, 0.0, 0.0, 1.0, 1.0, 0.0, 1.0, 1.0, 0.0, 1.0, 0.0, 1.0, 0.0, 0.0, 0.0, 1.0, 1.0, 1.0, 1.0, 0.0, 0.0, 1.0, 0.0, 1.0, 0.0, 0.0, 0.0, 1.0, 0.0, 1.0, 1.0, 0.0, 1.0, 0.0, 1.0, 1.0, 1.0, 0.0, 1.0, 0.0, 1.0, 0.0, 1.0, 1.0, 0.0, 1.0, 0.0, 1.0, 0.0, 0.0, 1.0, 0.0, 0.0, 1.0, 0.0, 1.0, 0.0, 0.0, 0.0, 1.0, 0.0, 1.0, 0.0, 1.0, 0.0, 1.0, 0.0, 0.0, 0.0, 1.0, 0.0, 1.0, 1.0, 0.0, 1.0, 0.0, 0.0, 1.0, 1.0, 0.0, 0.0, 1.0, 0.0, 1.0, 0.0, 1.0, 1.0, 0.0, 1.0, 1.0, 0.0, 1.0, 0.0, 1.0, 1.0, 0.0, 1.0, 0.0, 0.0, 1.0, 0.0, 1.0, 1.0, 0.0, 1.0, 0.0, 1.0, 1.0, 0.0, 0.0, 1.0, 0.0, 1.0, 0.0, 1.0, 0.0, 0.0, 0.0, 1.0, 0.0, 1.0, 1.0, 1.0, 1.0, 0.0, 1.0, 0.0, 1.0, 1.0, 1.0, 1.0, 0.0, 0.0, 0.0, 0.0, 0.0, 1.0, 0.0, 1.0, 0.0, 0.0, 1.0, 1.0, 1.0, 1.0, 0.0, 0.0, 1.0, 0.0, 0.0, 1.0, 0.0, 1.0, 1.0, 0.0, 1.0, 0.0, 0.0, 1.0, 0.0, 0.0, 0.0, 1.0, 1.0, 0.0, 1.0, 1.0, 0.0, 1.0, 0.0, 0.0, 1.0, 0.0, 1.0, 0.0, 1.0, 0.0, 1.0, 1.0, 1.0, 1.0, 1.0, 0.0, 0.0, 0.0, 1.0, 1.0, 1.0, 0.0, 0.0, 1.0, 0.0],