{"Stationary": {"actions": [1.0, 1.0, 1.0, 1.0, 0.0, 0.0, 0.0, 0.0, 0.0, 0.0, 0.0, 0.0, 0.0, 0.0, 0.0, 0.0, 0.0, 0.0, 0.0, 0.0, 0.0, 0.0, 0.0, 0.0, 0.0, 0.0, 0.0, 0.0, 0.0, 0.0, 0.0, 0.0, 0.0, 0.0, 0.0, 0.0, 0.0, 0.0, 0.0, 0.0, 0.0, 0.0, 0.0, 0.0, 0.0, 0.0, 0.0, 0.0, 0.0, 0.0, 0.0, 0.0, 0.0, 0.0, 0.0, 0.0, 0.0, 0.0, 0.0, 0.0, 0.0, 0.0, 0.0, 0.0, 0.0, 0.0, 0.0, 0.0, 0.0, 0.0, 0.0, 0.0, 0.0, 0.0, 0.0, 0.0, 0.0, 0.0, 0.0, 0.0, 0.0, 0.0, 0.0, 0.0, 0.0, 0.0, 0.0, 0.0, 0.0, 0.0, 0.0, 0.0, 0.0, 0.0, 0.0, 0.0, 0.0, 0.0, 0.0, 0.0, 0.0, 0.0, 0.0, 0.0, 0.0, 0.0, 0.0, 0.0, 0.0, 0.0, 0.0, 0.0, 0.0, 0.0, 0.0, 0.0, 0.0, 0.0, 0.0, 0.0, 0.0, 0.0, 0.0, 0.0, 0.0, 0.0, 0.0, 0.0, 0.0, 0.0, 0.0, 0.0, 0.0, 0.0, 0.0, 0.0, 0.0, 0.0, 0.0, 0.0, 0.0, 0.0, 0.0, 0.0, 0.0, 0.0, 0.0, 0.0, 0.0, 0.0, 0.0, 0.0, 0.0, 0.0, 0.0, 0.0, 0.0, 0.0, 0.0, 0.0, 0.0, 0.0, 0.0, 0.0, 0.0, 0.0, 0.0, 0.0, 0.0, 0.0, 0.0, 0.0, 0.0, 0.0, 0.0, 0.0, 0.0, 0.0, 0.0, 0.0, 0.0, 0.0, 0.0, 0.0, 0.0, 0.0, 0.0, 0.0, 0.0, 0.0, 0.0, 0.0, 0.0, 0.0, 0.0, 0.0, 0.0, 0.0, 0.0, 0.0], "rewards": [-1586.2964541946292, 62.18851358559805, -791.9798599979536, 1651.8963013981302, -1390.615447408915, -879.8389688266232, -804.1798709276723, -2579.978595487532, 764.2633472795505, -2067.5784550928984, -81.02227096517382, -2258.371166090125, 76.19062483999642, -929.0048669882427, 1373.1519702979579, -1105.1002216254035, 970.3088303565734, -700.3306438962874, 1629.6064810458988, -1359.8648114537673, 1841.222855022618, -697.0927592091685, 526.3368021629354, 1193.1427978196252, 647.0792068688392, -291.0413854908503, 423.60739414507077, -1179.565731993246, 345.9386461200412, -619.0292375596464, 1181.533841033385, -304.0640335661338, 145.2345135066216, 1578.7951734034393, -23.700935272566316, 1124.6309409783423, -313.1666979135873, 50.77439744873032, -1183.5461489707664, -631.4944373951586, -951.5110661299876, -236.2063238683983, -662.7170761757831, 802.2081666310554, 195.58067179572143, 2497.956107639439, -101.23822122323895, 1188.1873398374337, 747.2130314131985, -747.6684066658743, 147.1572268937562, -125.48681419416067, -415.23059394752505, -459.39446886235663, -230.25123234318863, -976.6241658586199, -42.419900123969896, 1220.2507858347342, 774.1440103649513, 2761.704881028868, -1318.1057138303736, 2417.7891958708324, 22.43969548617754, -1907.3117754875243, 549.2900970332, -269.57347672058296, 2233.697777149716, -532.9379624523924, 2705.9292496550192, -424.2044422099099, 190.00056930056908, -1182.2792162144567, 1874.7753889841129, -442.85531384315715, 479.0670779762351, -1074.6498517790585, 620.3788959270008, -2424.899082369868, 841.4391087132304, -1720.8605480980962, 1454.8378678462552, 287.8224487278705, 326.2054899125278, 42.02873895597761, -236.3480312634472, 144.31696113494309, 2182.7396655946523, -1029.1121364410235, 1420.1567521088446, -835.5963623150996, -32.416211669826524, -1768.4983588491468, -670.025897835045, -1095.0097699409903, 668.249725735194, 55.46589156437568, -2266.154902008251, 301.24241202618884, -1223.6354067895606, -768.6700502141357, -150.74190660678946, 1934.0522535699142, -1147.5140722228728, 3438.252929223826, -952.176155667176, 1164.5273305033052, -944.6615288884299, 985.7948415823987, -354.35078392065265, 859.8743301741976, 221.91421634748815, 1374.1549316150865, -781.7209429057405, 1875.5599274235708, 868.8471360883393, 573.03543595616, 67.08871982837422, 1211.9461720520485, 498.2725011403766, 524.6401580099446, 779.6262780340413, 595.4988906716037, 844.4386026257572, 2594.6134505018704, 31.28198667878063, 1381.2995577149748, -750.369264642753, 166.9636248097135, -395.5160217862608, -881.8538736000037, 252.81375109358504, -913.8317628331478, 1286.0081064288229, -604.3611830578418, 1772.1618696480266, -1041.406706994674, -82.17070014688727, 2798.409528389094, -963.1366190998153, 1113.5644970590433, -1162.3532248886627, 435.8633374445517, 742.6419630618877, -97.0198878019327, -120.95767369905262, -532.575323520523, 2263.2384241803234, -800.1129187611202, 2016.9281801873449, -307.55423397355725, 277.3412773200479, 20.87662411735133, -1258.8248247415918, -1203.2871236652898, 1063.832358799686, -1301.6974236120088, 412.7611208984433, -266.9948237618249, -1134.4058008473157, -217.8257500718146, 1078.475596037874, 365.2009222277117, 430.4452218777217, -50.382470645405796, -252.61432307254228, -154.76071163476018, -2476.9640541470453, 503.08464839559844, 436.61784782991776, 491.93808941447986, -85.92848982266554, 383.1302908311998, 545.8479339257202, 181.3284809957653, 660.3768220729071, -3126.484067963501, 551.9453438487549, -1779.218469668097, 15.82005491661711, -704.8364974442129, -62.222084833878, 1482.6488160019153, -970.2817528375676, 2177.6639084365042, 1032.9857151039355, 1541.497883326676, 2399.7417203077043, 192.11489773913001, 488.33525980863914, -600.2613211964525, -504.4064822651987, -221.27367128561212, -1255.2507483427894, -450.721871725984, 206.65337734261465, -1111.2916540338142, -1200.1040305909644, 2822.4295581086258, 628.4856281259164, 597.62270824574]}, "Latent AR LinUCB s=2": {"actions": [1.0, 1.0, 0.0, 1.0, 0.0, 1.0, 1.0, 1.0, 0.0, 1.0, 1.0, 0.0, 1.0, 0.0, 1.0, 0.0, 0.0, 1.0, 0.0, 1.0, 1.0, 0.0, 1.0, 0.0, 0.0, 0.0, 1.0, 0.0, 1.0, 0.0, 1.0, 0.0, 1.0, 0.0, 1.0, 1.0, 1.0, 0.0, 1.0, 0.0, 0.0, 1.0, 0.0, 1.0, 1.0, 1.0, 0.0, 1.0, 0.0, 1.0, 0.0, 1.0, 0.0, 0.0, 0.0, 0.0, 0.0, 1.0, 0.0, 0.0, 1.0, 1.0, 1.0, 0.0, 0.0, 0.0, 1.0, 1.0, 0.0, 0.0, 1.0, 0.0, 0.0, 0.0, 1.0, 0.0, 1.0, 0.0, 1.0, 1.0, 1.0, 1.0, 1.0, 1.0, 1.0, 0.0, 0.0, 1.0, 1.0, 0.0, 1.0, 1.0, 1.0, 1.0, 0.0, 1.0, 0.0, 1.0, 0.0, 1.0, 0.0, 1.0, 0.0, 1.0, 0.0, 1.0, 0.0, 1.0, 1.0, 1.0, 0.0, 0.0, 0.0, 0.0, 1.0, 0.0, 1.0, 1.0, 0.0, 0.0, 1.0, 1.0, 0.0, 1.0, 1.0, 1.0, 1.0, 0.0, 1.0, 0.0, 1.0, 0.0, 1.0, 0.0, 1.0, 1.0, 1.0, 0.0, 1.0, 0.0, 1.0, 0.0, 1.0, 0.0, 1.0, 0.0, 1.0, 0.0, 1.0, 1.0, 1.0, 0.0, 0.0, 0.0, 0.0, 0.0, 0.0, 1.0, 0.0, 1.0, 1.0, 0.0, 1.0, 1.0, 0.0, 1.0, 1.0, 1.0, 0.0, 0.0, 1.0, 0.0, 0.0, 1.0, 0.0, 0.0, 1.0, 1.0, 0.0, 0.0, 1.0, 0.0, 0.0, 0.0, 1.0, 0.0, 0.0, 1.0, 1.0, 1.0, 1.0, 0.0, 1.0, 0.0, 0.0, 0.0, 0.0, 1.0, 1.0, 1.0],