{"Stationary": {"actions": [1.0, 0.0, 0.0, 1.0, 1.0, 0.0, 0.0, 0.0, 0.0, 0.0, 0.0, 0.0, 0.0, 0.0, 0.0, 0.0, 0.0, 0.0, 0.0, 0.0, 0.0, 0.0, 0.0, 0.0, 0.0, 0.0, 0.0, 0.0, 0.0, 0.0, 0.0, 0.0, 0.0, 0.0, 0.0, 0.0, 0.0, 0.0, 0.0, 0.0, 0.0, 0.0, 0.0, 0.0, 0.0, 0.0, 0.0, 0.0, 0.0, 0.0, 0.0, 0.0, 0.0, 0.0, 0.0, 0.0, 0.0, 0.0, 0.0, 0.0, 0.0, 0.0, 0.0, 0.0, 0.0, 0.0, 0.0, 0.0, 0.0, 0.0, 0.0, 0.0, 0.0, 0.0, 0.0, 0.0, 0.0, 0.0, 0.0, 0.0, 0.0, 0.0, 0.0, 0.0, 0.0, 0.0, 0.0, 0.0, 0.0, 0.0, 0.0, 0.0, 0.0, 0.0, 0.0, 0.0, 0.0, 0.0, 0.0, 0.0, 0.0, 0.0, 0.0, 0.0, 0.0, 0.0, 0.0, 0.0, 0.0, 0.0, 0.0, 0.0, 0.0, 0.0, 0.0, 0.0, 0.0, 0.0, 0.0, 0.0, 0.0, 0.0, 0.0, 0.0, 0.0, 0.0, 0.0, 0.0, 0.0, 0.0, 0.0, 0.0, 0.0, 0.0, 0.0, 0.0, 0.0, 0.0, 0.0, 0.0, 0.0, 0.0, 0.0, 0.0, 0.0, 0.0, 0.0, 0.0, 0.0, 0.0, 0.0, 0.0, 0.0, 0.0, 0.0, 0.0, 0.0, 0.0, 0.0, 0.0, 0.0, 0.0, 0.0, 0.0, 0.0, 0.0, 0.0, 0.0, 0.0, 0.0, 0.0, 0.0, 0.0, 0.0, 0.0, 0.0, 0.0, 0.0, 0.0, 0.0, 0.0, 0.0, 0.0, 0.0, 0.0, 0.0, 0.0, 0.0, 0.0, 0.0, 0.0, 0.0, 0.0, 0.0, 0.0, 0.0, 0.0, 0.0, 0.0, 0.0], "rewards": [346.66415964068983, 1705.1155623549726, 996.8093879550912, 1067.0342247505125, 477.1526740819035, -563.8827846418246, -2796.2273249887967, 526.5873770888508, 690.5528227451706, 1274.2371115064066, -1306.502298952392, 4109.921653252838, -1783.9156759834639, 1037.1519974964904, -803.2935298792418, -2285.266282631224, -2060.339759362422, -692.3558239934624, -2211.2916031785603, -1398.0631001657089, -1055.991298341647, -1824.1461958933357, 707.8555468651143, -1184.0481650608497, -414.38832968194197, 600.102336524369, 1821.2728380008389, -662.2340054071517, 3102.978768474831, -1518.6243695662793, -780.5406327828109, -70.08745312854394, -91.96079989843024, -512.4208458342572, -40.88731067501356, -652.8604808352721, 1918.6191585131692, 802.2146934292701, 1064.5592483616435, 416.27511564652906, 1575.1575831096088, -1153.9368227159034, 2052.3660909904106, -2880.6455892079493, 1462.4423142339433, -1270.2681239102715, 2984.9508146463927, -303.8911182640103, 2586.725264239382, -1657.6673507164107, 1388.0255533167895, -55.51207153611874, 2317.3284081215697, 788.534573717421, 801.356141239319, 1247.0257416719837, 20.51584691340815, 2341.3676313781125, -2561.9692137673696, 506.64265581447927, 298.69553772745104, -727.9673752629456, -2594.924453116646, 2472.141593351634, -2553.506179200857, 2798.1181675762055, -1722.5835548342866, 3573.0763993720434, -2206.4986588742922, 1543.2478193970535, -756.7525714503172, -183.8276563626577, -1949.6274008644052, 170.02047499707524, -1128.7081981323106, 2616.0263038426165, -596.1540785996899, 1789.1751828829074, -1361.6033477126227, 289.0199428673711, -3217.710407040209, -255.11491868741976, -2874.03054853751, 176.60550830302753, -2215.226703204393, 1407.5475426730263, -3047.3608309204237, 484.00610365474904, -2296.3845951026333, -160.46001966912135, 632.7850583596684, 766.8050200025541, 785.5912690221389, 468.32210702162445, -57.68113846077648, 80.29987025776913, -2355.048988142845, -501.3616597325551, -933.3739033782884, -631.5388412597467, -1033.257460768261, 720.7173902738011, -595.3491468728755, 225.80825787541303, 216.73117199545453, 398.5222284643807, 900.7487373233795, -623.1361537377569, -357.58470709071236, 1892.8723397934423, -1597.0816932529876, 905.429331261391, -673.2853260075916, 1430.8350679897885, 579.4287416349226, 984.8035703620766, 782.8346610188926, 1554.181464135964, -178.87859291201045, 355.19852284887367, 1421.688580988445, 688.9776967694429, -672.8959003704803, 258.08930557987594, -742.6792176753082, -760.8870288841014, 242.30196661487793, 412.7210951448317, -276.15259230564027, 633.289667922325, 530.4995912302613, -861.9792826053525, 421.7866393170613, 408.43712414899403, 124.16440731460021, -408.22623684163705, -160.92197166526182, 1693.6673918816155, -3206.44814029563, -322.4092549549851, -2140.9800066980642, -371.18555701294247, -908.2941199761609, 17.689803711631775, 827.1960941783802, 874.0663832652282, 214.77063612028442, 892.3542873047877, -1839.8356024598083, 920.2294971054715, 931.9747189344139, -740.5004167747205, 180.75947733382927, 790.6562829107246, -1494.981424474627, 1701.2601537990224, 340.399014673834, 385.7839681156057, -282.6485722108566, 2211.738278913305, -949.9941646448852, 2861.818295155407, -1377.2947777979787, 550.1075872677005, -1522.7764114225024, 269.42008667829543, 1340.8788919807973, 2623.3807677594723, -741.7169698876288, 431.89328414226327, -1168.9731722582535, 955.0467715483337, -1984.354935386911, 1417.2612164738991, -2114.032068373523, -1674.639896659418, -366.64974285115034, -1441.6782250729289, -1621.2373506877857, 680.4996571465423, -1689.0737627799626, -237.95247191216617, 1683.9595906958184, 651.8461916036488, 2391.226973111312, 1613.316320149121, 1037.8582280837104, -520.138019255074, 378.23438423292555, -755.1686965287424, -15.02759124768112, -670.4624393594348, -1197.8877456518012, -872.7326647638965, -1533.541530975827, -1327.2763287774524, 1027.6633386020353, -2458.641787691138, 1209.9558097835331, -991.2367980493449]}, "Latent AR LinUCB s=2": {"actions": [1.0, 0.0, 1.0, 0.0, 0.0, 1.0, 1.0, 1.0, 1.0, 1.0, 0.0, 0.0, 1.0, 1.0, 0.0, 0.0, 1.0, 1.0, 0.0, 1.0, 0.0, 1.0, 0.0, 1.0, 0.0, 1.0, 0.0, 1.0, 1.0, 1.0, 1.0, 0.0, 1.0, 0.0, 0.0, 1.0, 0.0, 1.0, 0.0, 0.0, 1.0, 0.0, 1.0, 0.0, 1.0, 1.0, 1.0, 0.0, 1.0, 0.0, 1.0, 1.0, 0.0, 1.0, 1.0, 1.0, 0.0, 1.0, 0.0, 1.0, 0.0, 1.0, 0.0, 1.0, 0.0, 1.0, 0.0, 1.0, 0.0, 0.0, 1.0, 0.0, 1.0, 0.0, 1.0, 0.0, 1.0, 1.0, 0.0, 1.0, 0.0, 0.0, 1.0, 0.0, 1.0, 0.0, 0.0, 1.0, 0.0, 1.0, 1.0, 0.0, 1.0, 0.0, 1.0, 0.0, 1.0, 1.0, 1.0, 0.0, 1.0, 0.0, 1.0, 0.0, 0.0, 0.0, 1.0, 1.0, 1.0, 1.0, 1.0, 0.0, 1.0, 0.0, 1.0, 0.0, 0.0, 1.0, 1.0, 0.0, 0.0, 1.0, 1.0, 0.0, 1.0, 0.0, 1.0, 0.0, 1.0, 1.0, 1.0, 0.0, 1.0, 1.0, 0.0, 0.0, 1.0, 0.0, 0.0, 1.0, 1.0, 0.0, 1.0, 0.0, 1.0, 1.0, 0.0, 0.0, 0.0, 0.0, 1.0, 1.0, 1.0, 1.0, 0.0, 1.0, 1.0, 1.0, 1.0, 1.0, 1.0, 0.0, 0.0, 1.0, 0.0, 0.0, 1.0, 0.0, 1.0, 0.0, 1.0, 0.0, 1.0, 1.0, 1.0, 1.0, 0.0, 1.0, 0.0, 0.0, 0.0, 1.0, 0.0, 1.0, 1.0, 1.0, 1.0, 1.0, 0.0, 0.0, 1.0, 0.0, 0.0, 0.0, 1.0, 0.0, 1.0, 0.0, 1.0, 0.0],