{"Stationary": {"actions": [0.0, 0.0, 1.0, 1.0, 0.0, 0.0, 0.0, 0.0, 0.0, 0.0, 0.0, 0.0, 0.0, 0.0, 0.0, 0.0, 0.0, 0.0, 0.0, 0.0, 0.0, 0.0, 0.0, 0.0, 0.0, 0.0, 0.0, 0.0, 0.0, 0.0, 0.0, 0.0, 0.0, 0.0, 0.0, 0.0, 0.0, 0.0, 0.0, 0.0, 0.0, 0.0, 0.0, 0.0, 0.0, 0.0, 0.0, 0.0, 0.0, 0.0, 0.0, 0.0, 0.0, 0.0, 0.0, 0.0, 0.0, 0.0, 0.0, 0.0, 0.0, 0.0, 0.0, 0.0, 0.0, 0.0, 0.0, 0.0, 0.0, 0.0, 0.0, 0.0, 0.0, 0.0, 0.0, 0.0, 0.0, 0.0, 0.0, 0.0, 0.0, 0.0, 0.0, 0.0, 0.0, 0.0, 0.0, 0.0, 0.0, 0.0, 0.0, 0.0, 0.0, 0.0, 0.0, 0.0, 0.0, 0.0, 0.0, 0.0, 0.0, 0.0, 0.0, 0.0, 0.0, 0.0, 0.0, 0.0, 0.0, 0.0, 0.0, 0.0, 0.0, 0.0, 0.0, 0.0, 0.0, 0.0, 0.0, 0.0, 0.0, 0.0, 0.0, 0.0, 0.0, 0.0, 0.0, 0.0, 0.0, 0.0, 0.0, 0.0, 0.0, 0.0, 0.0, 0.0, 0.0, 0.0, 0.0, 0.0, 0.0, 0.0, 0.0, 0.0, 0.0, 0.0, 0.0, 0.0, 0.0, 0.0, 0.0, 0.0, 0.0, 0.0, 0.0, 0.0, 0.0, 0.0, 0.0, 0.0, 0.0, 0.0, 0.0, 0.0, 0.0, 0.0, 0.0, 0.0, 0.0, 0.0, 0.0, 0.0, 0.0, 0.0, 0.0, 0.0, 0.0, 0.0, 0.0, 0.0, 0.0, 0.0, 0.0, 0.0, 0.0, 0.0, 0.0, 0.0, 0.0, 0.0, 0.0, 0.0, 0.0, 0.0, 0.0, 0.0, 0.0, 0.0, 0.0, 0.0], "rewards": [-1115.6020058795073, 679.8432307531239, -712.64094661394, 1448.747268803581, 530.6244389251947, -1571.200231708417, -2480.711272400057, -923.6331814078482, -1015.9755059102467, -56.98580422369546, 662.4033426814497, 905.10804466085, 2438.9624504843528, -1084.6657990521353, 662.9219272909229, 261.2019616329008, 795.3644538265901, -1865.2189722172134, 218.40130144995203, -1028.6350756558656, -628.2456864968588, -390.20343244132073, -2.33855822845004, -722.5398712577926, 18.98650411097145, -1314.0642837194514, -366.358431201193, -814.9150525758198, -671.3347038819719, 145.1016221623358, -31.747081546850623, 581.6391656286684, -493.2393652823899, 1575.5982121696059, 147.57700696635015, -1015.2736273753221, 2245.0030488166585, 72.50666614326352, 1841.7845287086363, 1395.4130689161284, 1539.6376985152897, -169.9211528738583, -29.38090809102971, -2140.9348638695615, -152.87952845811148, -2602.1892924097397, -206.46480585030633, -2022.5420881436205, 46.946527424189455, 1032.8764164758045, -755.4394865477984, 173.0282090024999, 1274.240243685645, 934.1148575428741, -1234.6783735270253, 2261.710207389695, -2523.353096768054, 2817.1433583046123, -1289.9600118785986, 591.2665395031338, -48.861996295326634, -85.65563770071225, -1443.1925112950923, 515.5644685988607, -1404.0058552921355, -859.2913305411782, -1610.3932484578027, -231.4388045741671, 296.8787744949074, 192.13952677337474, 279.4443794785577, 976.9707703282742, 2306.137651478571, 3.4215325823887115, 15.795665923936614, 1084.268016054401, -1088.3622991429572, -505.9020305240525, -1147.3022531337085, 31.54028542423889, 1091.6883564153895, 273.3945629673295, -1030.9844066845646, 472.8513680927299, -1573.9301145472152, 384.8276152795471, -1440.3183427964843, 874.253398954319, -1486.6259229970267, -153.3045000134232, -514.3171258354997, 2427.8537847542684, -76.98623738869605, 1936.2996667060984, -260.11683881180693, 734.4513967384883, 880.2668892874356, 1158.5022194534322, -573.2670068971202, 2134.6258418658776, -148.2149697148419, 1742.7832303358377, -814.6396315383763, -828.4999713890921, -880.8669869060785, 80.29366897901951, -171.5807209574508, -320.51342902651066, -1691.4393423535407, 247.59622787019578, -557.614258941388, 891.1799459767518, -1459.6546294884763, 1382.7258856067638, 267.92507262266935, 433.19689461593634, -488.18840009435684, -475.78650699339096, 266.08612546097635, -1641.0748901042234, 112.45024149161418, -489.8327563704788, 895.6476378156, -909.4028689281674, 1739.0164010040744, -1260.7409093680756, 1196.2773727441765, -1051.6389561374917, 322.32196672616175, -1778.551017449416, 921.6104527896416, 190.84348112980152, 66.52940049384588, -608.8553930584867, -465.66873990512784, 1613.0581780930129, 361.73197065724787, -155.00199545384717, -206.9553876082386, -1304.8954818283846, -46.25273029876772, -1769.4134437792045, 360.7017736002302, -745.4821185991752, -887.5598660770358, 171.9902680662771, -526.0620389196092, -998.5694295495113, 1535.856371460011, -436.5909555922412, -1730.1398310532365, -589.9801359538413, -1394.3167410147591, 3.33091380559992, -814.6060742127751, 1400.5063398297043, 426.54279170123067, -369.66176285136345, 938.4354313831498, 1302.593657254149, 1398.2740303969535, -783.4297290361336, 436.9677849419899, 537.1798507039938, -1540.5537461502881, 1374.9098383279852, 93.60612166186012, -1502.2998768695588, 914.5196961818883, -1013.4894619243469, 157.7160096879765, -1508.3466081740632, 1558.458899132999, -894.7999947971475, 1963.8397769620021, -454.7240414271486, 1329.8248776467465, -913.2870290710671, 131.0226330454835, -770.3607013073992, 347.3520761321761, -893.7029256538685, 951.541834175533, -992.1488748259202, 577.9002406860901, -1690.9126290496433, 1631.511831044808, -2016.2907319195867, 1056.5918001861207, -948.6348414388423, 1333.5660896615173, 772.6295094486184, 1696.2124487706983, -855.7615440361375, 1689.7628523302465, -621.7940369128378, -1103.4361751991248, 483.394347288114, -1087.8877768919997, -835.8291821924987]}, "Latent AR LinUCB s=2": {"actions": [0.0, 0.0, 1.0, 0.0, 0.0, 1.0, 0.0, 0.0, 1.0, 0.0, 1.0, 1.0, 1.0, 0.0, 0.0, 1.0, 1.0, 0.0, 1.0, 0.0, 1.0, 0.0, 1.0, 0.0, 1.0, 0.0, 1.0, 0.0, 1.0, 0.0, 1.0, 0.0, 1.0, 1.0, 0.0, 0.0, 1.0, 0.0, 1.0, 0.0, 0.0, 1.0, 0.0, 1.0, 1.0, 1.0, 0.0, 1.0, 0.0, 0.0, 0.0, 1.0, 0.0, 0.0, 0.0, 0.0, 1.0, 0.0, 1.0, 0.0, 0.0, 0.0, 1.0, 1.0, 1.0, 0.0, 1.0, 1.0, 0.0, 1.0, 0.0, 0.0, 1.0, 0.0, 0.0, 1.0, 1.0, 0.0, 1.0, 0.0, 1.0, 0.0, 0.0, 1.0, 1.0, 0.0, 1.0, 0.0, 0.0, 1.0, 1.0, 0.0, 1.0, 0.0, 1.0, 0.0, 1.0, 0.0, 0.0, 0.0, 1.0, 1.0, 0.0, 0.0, 1.0, 0.0, 0.0, 1.0, 1.0, 1.0, 1.0, 1.0, 0.0, 0.0, 1.0, 0.0, 1.0, 1.0, 1.0, 0.0, 1.0, 1.0, 1.0, 0.0, 1.0, 1.0, 1.0, 1.0, 0.0, 1.0, 0.0, 1.0, 1.0, 1.0, 0.0, 0.0, 0.0, 0.0, 0.0, 0.0, 0.0, 1.0, 0.0, 1.0, 1.0, 0.0, 1.0, 0.0, 0.0, 1.0, 1.0, 0.0, 0.0, 1.0, 1.0, 0.0, 1.0, 0.0, 1.0, 0.0, 1.0, 0.0, 0.0, 0.0, 0.0, 0.0, 1.0, 0.0, 1.0, 0.0, 1.0, 1.0, 1.0, 0.0, 0.0, 0.0, 0.0, 0.0, 1.0, 1.0, 1.0, 0.0, 0.0, 1.0, 1.0, 0.0, 1.0, 0.0, 1.0, 1.0, 1.0, 0.0, 1.0, 0.0, 0.0, 0.0, 1.0, 0.0, 1.0, 0.0],