{"k": 5, "sigma_z": 1, "mean reward 1": [13.058625716287999, -9.547595101206397, 11.097433733242486, -9.778202536761178, -2.570663841326006, 1.5131502285601135, 2.901804410540736, 1.9758298156296925, -4.3373027849260755, -2.9106859537884913, 0.6237870771420804, 4.927539162643912, 1.895477029153044, -0.8467004923798627, -3.706521534963681, -0.45478266447414084, 1.9348202298164239, 0.32362550235778764, 1.2531516230274062, -1.6965539504500613, -0.20040686239100292, -1.0653712468650354, 0.5466966912611462, 1.7367041965442795, -0.23445826099827766, -0.772900323676381, -0.8174661574332053, 1.0028111321318032, 0.6646987514835134, -0.4805665154922175, 1.2600074346537937, 0.6139694940960985, -0.25240352009437034, -0.8953786110139563, -1.101303463896115, 1.2882478322999897, 0.5149280731462588, 2.0780913613524445, -1.0870115832165257, -0.46181986467088665, 0.3534469613756145, 1.2826566684436915, 0.3125390696813918, -1.780414427259052, -0.1593321572846368, 0.6330833844077204, 1.7065632185281285, -0.1054103867708987, -0.1671608054976299, 0.009192567604443314, -0.3433223313841034, -0.2860898163107401, -0.3680377140993254, -0.7024361822085604, -0.41753709601664013, 0.20016302282577847, 0.5599116800546554, 0.11993004875972862, -2.661516444215248, 0.26378014277558326, 0.189185841163304, 1.1589977154857665, 0.8186302853462808, 0.16399933892279606, -1.1628131832128137, -0.9251557280319647, -0.5351984274474426, -0.9213285488952254, -0.7767402447314786, 0.00202827922290702, -1.0540037428599298, -0.8412453007574139, -0.8490480417268549, 1.0418017142361164, 0.06347499600070217, -0.6738191222106655, -1.6392755488451538, 0.43759550494217914, 0.44830288183649036, -0.24099950189248892, 1.8635379078996652, -0.7265885303176782, -0.08677710956824619, -1.051774504682248, -0.9232643100100939, 1.5299570522238921, 0.1324970418751662, -1.0880008164236523, -0.04643822607419068, 0.43297042713792755, -0.3053270850055029, -0.17290842827556077, 0.5211003067873315, 0.006732746355152114, -0.8224982086904119, -0.642574346901401, -0.2188919441477652, 0.05828510297292716, 0.12243301338869331, 0.10274619465000795, -0.3059006009167242, 0.7866845902335657, 1.0861581132978022, -0.487321882367198, -0.5131135849599255, 3.0694434019388264, -0.13948902996151968, -0.20555019884740897, -2.5689322138752617, -0.37772674937363926, 1.6496137239185154, 2.20594468097938, 0.611986815927246, -2.3753968949371056, -3.171440416101704, -0.16489565434436507, 0.4157293422708137, 1.4932155625690064, -0.3615211936528536, -2.731970263857406, -2.858549367404032, 1.235805983429389, 3.1842515414056902, -0.5667050962516792, -1.3899826431975573, -2.7354033936284625, 0.13868479044769985, 0.47124266045659424, 1.4635496586547299, -0.6263131916153803, -1.0637627143152741, 1.5459811051787686, 1.8050922623671517, 2.735027709508377, -2.2771039204462014, -1.7913580095989747, -0.2389051075000344, 2.263553803202207, 0.14188811987323624, 0.012841781268481789, 0.20858788149850072, 0.8982749978312691, 0.6258457047542266, 0.28050617130346556, 0.13375387809376182, -0.5246629004193439, 0.4024654305349476, 0.6627623644875025, 1.114815594668861, -0.37614962056806117, 0.06406748891539216, -0.9300183229294686, 1.2650095446211194, 2.255203586419658, 0.7816150471998685, 0.0472484366176984, -1.0099466637872976, 1.1964443075474467, 1.0490209125425773, 2.9157243998411575, -1.5374023361380553, -1.304424422752031, -1.3727747605569782, 1.6211431861811483, 1.9899810261618112, 0.5363005367764624, -1.327553301607408, -1.8821617595954556, -0.6422192951431998, 0.2545726238083097, -0.6205870650609376, 0.8562693028764276, -0.7533240053961527, -0.2651911378511003, -0.1526412605635244, 0.7129849504946076, 1.1721646106889052, 0.7458066420029759, -1.541969595949252, -0.6038541159198815, 1.7776176340168346, 2.4009156308251103, -0.7073761066374785, -1.7897211789325858, 0.3245883335626848, 1.4871034183876475, 0.27928272891638173, -1.3467603450743124, -0.9549731905410941, 0.06681571399483857, 1.0749939282338379, 0.9437051249790593, -1.7449356653618513, -0.5047306417670199, -0.5970058599928927, 1.519707161733767, 0.9423811717370758, -1.7744124450485568, 0.28938568606409576, -0.026624628520588],