{"k": 5, "sigma_z": 1, "mean reward 1": [0.12848749028774742, -6.56332380104078, -4.043496995016404, -15.580063296141752, 12.283800372820043, 7.682936563766158, 0.01541553781480065, -7.402081727193817, -6.032414495897022, 4.900442261766283, 6.347395666177126, 1.3703869885580757, -3.7437299172083947, -2.1777674782013134, 1.0246834914761767, 2.1257304310777956, 1.6482684388030213, -0.8730941900446825, -3.071416695439648, 0.39040611466216124, 1.568527908119183, 0.6049757232987272, -0.47375961652726695, -1.8855285642214739, 0.6765498650173654, -0.28034283538559146, -0.4208976857746247, -1.4694232663402707, 0.5366824356938503, 1.090340240833675, 2.770270023450758, -0.5885443775768472, -0.4081184525644044, -1.3048400329957763, 1.122642162287081, 0.390468283774691, -0.9730953732262323, -0.6010151010605886, 0.18017016670793695, 2.4765190699631088, 0.03894984153881542, -2.2955782907713544, -1.4050121039307337, 1.4775269463904273, 2.592867857318182, 1.2832771421429774, -2.3663974090015767, -2.4864589934378536, -0.4600227121721211, 1.90438701442537, 2.054515986198861, 1.1094560618248681, -1.6568094069658579, -0.997125251253516, -0.27702760268236865, 1.029073448939345, 0.32417871437117085, -1.5964445008105457, 0.42043357607923015, -1.2912734567289679, -0.10294071315380349, -0.18658869160879232, 0.1924746067756745, 0.18546640445448997, -0.47755435919956724, -0.603262177523608, -0.6342459538923071, -0.24450556414514935, 0.13101883712760048, -0.1964554250554011, 0.09192556141825822, -0.281505225895624, -1.7721984346078634, -0.7879894234258262, 0.7958298045868835, 1.733801600364409, 0.031203722445150794, -1.8517716392755577, -1.133198662433805, 1.545079125367395, 1.8824091527219124, 1.3443949444462797, -1.8673311233548018, -1.8824421621782457, 0.24518079461706516, 2.377371741460533, 0.7506123848933577, -1.545130113917982, -0.3141748721305002, -0.11719825857839261, 0.4828071487591157, -1.1855726196984415, -0.9690472070456138, 0.802710513504871, -0.30089648985802164, 0.9004670929769701, -1.6816705649799086, 0.44717182583870874, 2.4095172750047746, 1.7890947439002214, -0.6148577935960287, -4.27069438121507, -0.22385141700669775, 2.7789767569527832, 3.7858774876829235, 1.533223112348855, -0.870246371808987, -1.1339292595618202, 0.7438750290826546, 1.0105991183030856, -0.3943417388167789, 0.3557843757349699, 1.3462964336203087, -0.8993605137444218, -1.524141650101359, 0.8053908113739195, 0.48497797973762863, 1.3485934430632214, -1.2833107227667702, -1.4647438327828648, 0.004947406849675567, 2.7701684004814155, 1.1064579090880762, -1.5805211933007148, -1.6360977405187327, 0.16968083847629317, 0.6223413734168992, 0.5014486749152969, -0.08858221763629398, -0.7708148261497385, -0.5226206594378416, 2.159637953885513, 1.5634820087917547, -1.0442241334548947, -2.2885218163963463, 0.646077152877847, 1.975371638797984, 0.8888757971707155, 0.7805148652428784, -0.5240260853429545, 0.42210601704842365, 2.28033441146984, 0.8451496673078152, 0.35697461867861024, -0.43804336582296444, -0.9245393622531173, 1.6993217740172768, 1.6120640732787488, -0.05357313092460142, -2.6911401480259696, -1.0201953822851881, 0.19974322045411708, 1.7209624850170264, 1.8282381410573214, 0.0771964567257285, -1.4939634001868147, -1.0747847028526656, 0.01925054871626042, 1.0407796095886523, 0.15396462926735832, 0.35586123023557126, 0.3151437545580641, 0.12871331951722745, 1.9535581523650454, 1.1538803753050388, -1.5098663316315029, -1.311813767881, 0.7028651840183934, 0.950439318720733, 0.2806614229962149, 1.939710218986955, -0.038204777821882, 1.0085257607810802, -2.4354686442357285, -0.2173796108219257, -0.5655386713051153, 2.4403321849023913, -0.13793941330361492, -1.649288522613333, -3.9182067820737867, -0.06432856547151167, 0.7909378032476253, 0.1600481969880554, -0.4043054422156959, -0.3829783952354584, 0.433849669739168, 1.6325762664441472, -0.28454393995922445, 0.5847498862392754, -0.061487399573820656, 1.3760103227075144, 0.6874926393285468, -0.5604162114565218, -0.7663153827421356, -1.5527077989217068, -0.5107210412719676, -0.5459321107504602, 1.1716705873625015, -1.6515758670152505, -0.3393180342981361],