{"k": 5, "sigma_z": 1, "mean reward 1": [-9.835998888513991, -6.560055737739275, 10.50605898079353, -17.987974459928736, 1.0258602497852534, -0.9629532826820338, 4.380173503939609, 1.6014246287887237, -4.263963055185323, -1.4610409489014726, 0.43670115059495135, 2.3378885606746365, 1.927882260091657, -1.6456176324104919, -2.9831490641231824, -1.1372930572759303, 2.7946141567696805, 2.4925904311421516, -0.0839182188727238, -3.401784928010579, -0.9735228073145226, 1.2232379090132, 3.128807472732526, 0.9949499288540229, -1.736593198355569, -3.2989725003586434, -1.1504389278301423, 2.593565141069903, 2.9456964529598797, 0.7455023702105534, -2.9439388383699914, -0.5822538943256983, 2.168017732125481, 1.8804171745815954, 0.8000704968337277, -1.055954042118368, -0.4266996897919251, 2.656185393303941, 2.102628897342115, -1.0014596186924372, -1.3955235343830628, -2.0372171031031545, -1.071510097460493, 1.763321835094736, 1.566087425058813, -0.19743984275165857, -1.496489459465782, -0.94458279990421, 1.6633990074746863, 1.1406950800841633, -0.11357330207096887, -1.3060510396045302, -2.1515445093148085, 1.66015460637825, 1.2193661709670351, -0.3060631871326374, -2.4840760070391603, -0.8093494194465825, 1.445268656754823, 2.157446689251917, -0.9856843268248311, -0.1356937667809337, -0.5715136231272722, 0.3653897241886609, -0.452621824687942, -0.3003258755080659, -1.3570690120649187, -0.6015612961994485, 0.6322693752545991, 0.13400805886535233, 0.5286277913015891, -0.8210659973987322, -2.314745210697148, 0.740701928946396, 0.5754240770490526, 1.6812684609151527, -0.7828676413505393, -1.7508709033327239, 0.3244217590179904, 0.9516931924170655, -0.8762698624465545, -2.1438733893348116, -0.9881734732601041, -1.2974545643944375, 0.4231278862332395, 0.9589099086442223, 1.0756644464858272, 0.1097059537217418, 0.38513317745264364, 0.992920884528195, -0.023596587299233862, 0.08501928050482394, -1.032353033644986, -0.09023175662749229, 1.2256741389322334, 1.897073636674595, -1.1994926770867482, -2.2015705367151854, -0.571234863342687, 2.9225719409328192, 1.145273041011823, -0.8819287276085306, -2.1012650075655737, 0.32602082345394556, 2.114764242739975, 1.005006862680766, 0.10483024930340845, -1.4223687012114046, 0.5850753760759029, -0.20549046119256476, -0.8584595528022954, -0.06511520331038717, 0.08028633379467434, 1.872238515008061, -1.187494566091654, 0.6603715549740834, 0.6505878730083942, 0.49270556657965825, 0.7997043778875852, -1.4817245109736845, 0.4822079493331131, 1.7153778828720683, 1.4999717118837692, -1.7267050776733381, -1.4107238790823107, 0.9013507974837844, 0.07045078629284274, 1.2857920792437096, -1.0464833483864189, -0.5625537049916992, -0.11224168208882909, -0.7182797458726584, 0.33800801288286914, 1.8193869378747904, 0.7034641093428455, -1.7656671939408053, -1.4463872850658257, 0.4692416937823711, 0.9724802665784351, 0.2195595461468186, 1.1131275255568769, 0.1611039347052175, 0.054972664270958774, -1.2424090570932669, 0.5831081652650901, 2.12454117217709, 2.5960719667801744, -1.4839757431035212, -1.064306566662039, -2.1255827174487276, 1.438033193506796, 0.9629607694844715, -0.4704105059425705, 1.391050805067991, -1.503823429480045, -0.08312913670190822, 0.404317369966038, 1.552919731273906, 1.059644575549843, -1.2493040705937162, -0.42666025498339794, -0.02851993279581777, 1.386836618284541, 0.43487750884757825, -1.1607642446527309, -0.9515219198542071, -1.0270423476565118, 2.404373028140845, 0.7393211465198553, -1.034007710631613, -1.408375331115649, -1.7318969493201997, 0.16136883251573853, 1.1733333007876308, 1.7911446990713555, -0.6173756709939247, -1.231322975361604, -0.0216062858818985, 1.1803545127378527, 2.0396153956956256, 1.0326232526292822, 0.7976225031695177, -1.0189166002278442, 0.002648606587028257, 2.5479777451195003, 1.1363351602955079, 0.17914343486131484, -1.9990549856844901, -1.2600578038375632, 0.05820183067356466, 0.8959079049299166, -0.03659942793483828, -0.2524205294465196, -0.5331050043312409, 0.952916904880602, 0.2250987149492218, -2.0545430632905126, 0.46036909924479097, 0.2576339128953602, 1.0557632194256485],