{"k": 5, "sigma_z": 1, "mean reward 1": [-0.8905812064636243, -5.411732449804879, -3.9522068210835792, -7.356944508159559, -5.183627427742376, 0.21210860138947596, 3.935633101413758, 1.4044124951733794, -3.6972230322017405, -3.148924408163076, 0.8970688507689677, 2.7572896450108937, 1.207975189931658, -1.0686122265762652, -2.391626981977713, 0.24348574994610425, 1.9795368247744822, 3.6699803533166895, -0.33796039104610714, -2.09638324057221, -1.8628987783003859, 1.8170792004321656, 2.7356371569812046, 1.5220976892189422, -1.3195860406712192, -1.6075946049385856, 2.4245697118847978, 2.4071890814665866, 1.4919532696342444, -0.4380248108894039, -0.45094872240567885, 0.967855711567597, 0.516513276186929, 0.22764145396931096, -0.8804494342252254, -2.7420029930910252, 0.3511549359184344, 1.0998705008929088, -0.028733680446566656, -0.2951283912471262, -2.1371027917052183, -1.07171479224808, 0.833676725577303, 0.5010236500773282, 0.35222265129209623, 0.6550882138447931, -2.480272679272061, 0.6193049237958377, 0.12743475352823813, -0.5287647276457075, 0.17761363158745225, -0.084425414285483, -0.4455082035708863, 1.8981233768337402, -0.04004266630877529, 0.6852648718551159, 0.1364469036648483, 1.1031029095568503, 0.8379307992439065, 1.5589299672156516, -0.9339788508908831, -1.3967157394442218, -0.7920839828620008, 0.6315395518964058, -0.1659272923823656, 0.7823132362391867, 0.6898719270977763, -0.6559448587080606, 0.07087003517097273, -0.45461347194964363, 0.8970662424941922, 0.8463175931624685, 0.15936209989598543, -0.49421886937497855, 0.00842931186077106, 0.007247333920433696, 1.3118538568278604, 0.73588998853266, 1.551587670798794, 1.4358967172875494, 0.40770548504153337, 0.5673182114876871, -1.676564843696496, -1.6413316156535762, 0.351574094488731, 0.5308163282787525, 1.3068250892882427, 0.47480637612485177, -0.028122518380370276, 0.5445440089234945, 1.0389063212847924, -1.5421331500912534, -0.8063973216499468, -0.12386370758577687, 2.41957037673627, -0.030912790653879862, 0.052449503748921766, -1.2465135884430958, -1.9927230918184424, -0.16207560200880755, 0.8527746007904271, 1.5107371411270047, -0.28199614373856574, 0.36617764903827377, 0.39094277276483147, 1.4139318323398247, 0.4332353024077962, 0.11511896986391612, -1.8509744633093295, 0.6708965377632661, -0.7521873188956116, -1.0612085841124104, -0.23124860598408814, -0.5995044991380785, 1.0087437474466538, 1.459966060207178, -0.6618586916983418, -0.15489784992478617, 0.6688595968368122, 0.04262927936388328, -0.8440074742292847, -0.45915057585960417, 0.9738049132021547, 0.10712955444027816, -0.16629148618502676, -0.03865149787143929, -0.18947820773391327, 2.8039595264108583, -0.010910827574315052, 0.8308075116176772, -0.2676234401724475, -0.6518630052866338, 0.5113340307226865, 3.1420979566103093, 0.002278142904049041, -0.7339310900807396, -2.2634560259797265, -1.6423436228176866, 0.37950263011975993, -0.42431832651701473, 1.1664574622775872, -0.295893781752872, -0.9865937455216042, -1.4616887859757366, -0.3178962997767227, 0.15112164520155513, -0.26100142649235586, -0.4246091298943635, -1.9468109717045863, 0.6984698400580209, 2.3296478626056083, 1.610384732070719, -0.540798874616551, -1.8184560735405157, -0.505011814461923, 0.9239208626340716, -0.16279372034482442, -1.0328130508808346, -1.8163230097146206, -0.5732041954303906, 1.6309657193114808, 1.693433501032771, -0.7073791751080093, -0.17340386499543436, -0.10319642763933229, 0.9280020835880605, 0.20827249744117754, -1.859627108962578, -1.87790960936531, -0.07738556157023083, 1.836574337321363, 1.0131357086920143, -0.7521400181690214, -1.8126663865875066, -1.1756300001327842, 2.483297826653171, -0.5314027187375061, -1.2966332006384023, -1.6874205719832809, -0.6774233773524949, 1.3900773998624434, 0.16881542364889612, -1.526063934671721, -1.274947082161773, -1.8211804227509427, 0.7846782789262563, 0.4372295665773657, 0.27311214771684117, -0.847748749360224, 1.9252688841843209, 0.8698230460297383, 0.5395881476669345, 0.27352441165421126, 0.9426758390806285, 0.17744964115816175, -0.19972351384384845, 0.21637740643934314, -1.2034674342681513, -0.960165429042729, 1.013840408140673],