{"k": 5, "sigma_z": 1, "mean reward 1": [1.823442106714307, 17.992565335390825, 4.913031031628045, 6.602887906422687, -5.783529615618836, -4.548195409260221, 1.3634285830767847, 3.7078964578924545, 4.124545373873573, -2.920016303060393, -1.8403788462052184, -0.5614052381426919, 2.0480132291995687, 1.1646703253754982, -1.2268538477424453, 0.21233434203658974, -0.5570395696683864, 1.0182405517945052, -1.0928893269737816, -0.6146110487153871, 0.9611656380888356, 0.8466164419100375, -0.7846673589463353, -1.9419451962504797, -0.003061668297712039, 0.7910364699441516, 0.9347901170254649, -1.3921353433322197, -0.2823956715011994, -0.613417368792314, 1.3935449783951164, 0.5052153466848299, 0.7911936932748902, -0.33055828855981306, 0.17086331801471016, 1.9091459824395929, 0.3459593179927123, -0.3343609380505236, 0.7374600220328356, 1.4750167343855052, 0.6118755310259936, -0.15895125726956888, -1.5135467203833048, 1.2763707986135922, 1.172964244226832, -0.2101202723963529, -1.7208908498317623, -1.7587895843477557, 0.29903875626199505, 1.8156139863885183, 1.7160872888991399, -1.1456960973234365, -1.7356783573403876, 0.359374733096629, 0.05925847268975204, 0.6726598007717519, 0.22004837034818903, -0.21511719661895407, 1.055750518924327, -0.6239846001971519, -0.14751007230094165, 1.3550803005423329, 0.9888495240066901, 0.8454202368517815, -0.33128259219344436, -1.6205676142578103, -1.9193797201299776, -1.2496166949599723, -1.2613974783578716, 1.5352051520314691, 2.282614151518904, -0.37579603282347335, -1.6384537492558302, -0.7282610023930363, 0.11558108199828887, 0.8599353735130222, 0.45760296099547954, -0.33167435742377605, -0.2761334494353011, 1.8006878986999848, 1.0641440817708196, 0.22035027516255412, 0.24221550042762585, 1.8386094608508485, 0.6302915709400883, 0.5527744675690925, -0.9412854876515017, 1.3264897620112546, 0.8653052126690518, -0.07269484047432956, -0.36704781447041, -0.1608265529672786, -1.0701007193596295, 0.7692085773957995, -0.8797201609583427, 0.35659006340979454, 0.012775520904782428, -1.0826971094909776, 0.5020929094074321, -1.3929240306653492, 0.1021944340498294, -1.4775762629177533, -0.7288655330251677, 0.5146581858519903, -0.9412382987875774, 0.3055086103763708, -0.46755558952961973, -0.8032523484979878, 0.6354435398560381, 1.0871084696718933, 0.9530882099592894, -0.14654602003949693, -2.084896467742828, -0.9663528638644656, 1.3108052103042622, 0.7946926966273744, 0.4094058166805029, -0.11953028626703421, 1.5746811532411846, 1.5210696121489748, -1.5592353481444514, -0.9433567076667364, -1.0710107797743103, 0.2799422059166864, 0.2677930873874995, 1.623799000666965, -0.8624028331038305, -1.385686745279226, -0.8023848325137897, 0.3721922390297099, 1.4155777350240477, 1.363251753483527, -1.0174344635005887, 1.090058264594287, 0.19459752742751074, -0.4466466213740594, -0.9830777506664647, -0.7742522301027059, 1.0172861755681044, -0.7354069020317818, -0.5747893215040432, -1.6743572308409587, -1.157499405523066, -0.3661476496812648, 1.142554946521924, -0.15490463882219319, 0.40595083725652215, -0.3247683077505252, -1.301438165808478, 1.2572021816883705, 0.19270003269547248, 0.5088956117827304, -0.13274778007627136, 0.00998470373541216, 2.1421137036727878, -0.6721919827221318, -1.5511666143510476, -0.784795751740595, 0.7149085260977185, -1.1654355886168366, -1.4020807456805193, 1.827395697013943, -0.30326055187705203, 0.07923934936565863, -1.2648936944012479, 0.17753597133709464, 1.032067241200156, -1.6837756100989794, -1.2511585029530825, -0.838346619658072, -0.9314754629417654, 1.2341110736222105, 0.6240943724725346, -0.3483557690255107, -0.8533526710649288, -0.6522128249740067, 0.7967079460480824, -0.4026373117878702, -0.5358529754590872, 1.5505662529256243, 1.1579302759328634, -0.9034054635614928, 0.733319917835076, -0.398130702445169, -0.6167450558100143, -0.8183915889823191, 0.13707550850295178, 1.5556074415424566, 1.9148889430452154, -0.31130075268771895, -1.3702837583517298, -1.4810324005464253, 1.2601568376143544, 1.0040386486098238, 0.6881855394876886, 0.254207295393183, -1.1618934784153088, 0.8114577792912736, 0.5768007979843284, 1.07270840046136],