{"k": 5, "sigma_z": 1, "mean reward 1": [10.212915442996511, -12.512741300071582, -7.372897894045565, -0.6693358630717889, 11.133849917137438, 8.62906768294398, -6.2113962218829215, -7.8735916049568875, -1.4522389141912084, 6.961487082467509, 5.909821331223198, -0.7354240302237074, -5.375456179276366, -2.229310566860859, 2.9956877780885853, 5.918666725251137, 1.3074882493692914, -2.708850915018588, -5.524322346423617, 0.6083217411802413, 2.6605876758067843, 1.0865972402680073, -2.1453701743449125, -3.301960233729554, 1.0606037727835833, 1.4923672143957334, 1.2359393811333577, -0.31621824663356857, -2.5119171476497266, -1.4423745299296655, 1.3673965501348064, 0.4659896859317829, 0.7764727253105104, -0.6522245123875703, -1.4562410718010645, -0.6739454721805099, 1.18491835271878, 1.4797858554460932, 0.11998529052665406, -1.2531270557653766, -0.8982784640251132, 1.4158720848869863, 0.01889835205489887, 0.7464470649089855, -0.7323623149378995, 0.3314628477269675, -0.6686466030240652, -0.48957353093225664, -0.40647173081301463, -0.433193025460759, 0.6335364832159118, -0.24178872807864804, -0.16355835401406404, 0.9245156254595184, 0.6308507670196626, -0.31127870190037316, -0.7060211329170921, 0.3347296617872761, 0.8594666253381007, -0.7214971823165368, 0.004860234932008822, 0.7084663193718963, 0.8886244848925402, -0.6508898266758723, -1.4617825500107058, 1.3097154292830755, 0.22842204573675517, 0.930772723379091, -2.0430032536155305, -2.4613502344762725, -0.4301678890146528, 2.018169932537144, 0.7847994702591603, 0.6350753149682198, 0.7288908399526435, -1.065771980166905, -1.613180434278933, -1.4458904953554472, 1.2172022682513461, 1.7421246601909504, 0.7542411231403207, -1.9585110901520306, -1.2445456785151958, 1.2475991305705094, 0.01965167180609284, -1.0190837064269567, -1.1351074033569761, 0.18715982795900918, 2.686673442492184, 1.5213242216339338, -0.7111193357634986, -1.9484974268802162, -0.4332660267081645, 2.045381215510932, 3.239255961214848, -0.7652226287161256, -2.525664329266984, -1.9381888865582573, 0.7380105667915098, 1.682033847792024, -1.0633808665949578, 0.26934636532506473, 0.31778997918933893, 1.1388202135801393, 2.588292910633686, 0.9305923129877385, 0.32892462904655195, -0.843533136048956, 0.6129786621913564, 1.0985751649452329, -0.9132812780287692, -1.7697059429343254, -2.8312228481565995, 1.2427135718158266, 1.5909206901217536, 0.5849823014405006, -0.9133568276601987, -1.9475462099027814, 1.147913933069424, 1.8606673530685525, 0.6813071060480141, -1.5732685908082034, -1.4223547595276322, -0.9970939452265686, 1.7862147374883404, 2.6444295456665596, 0.9893557100059358, -2.386529226819823, -1.56493166677336, 1.2483406847422, 2.5958488995866915, 1.8576176298709668, -0.716558858554559, -0.3066861590625545, -1.9733857877032397, 1.5859427506834551, -0.059653057394956965, 0.9593315445461534, -1.6385905874713222, -2.7241308507235797, -0.5594304118449341, -0.13229951867084555, 2.8711709125690903, 0.6012995980562507, 0.5118718401892459, -0.9384860375659753, -1.5023658920865526, -0.5874840898624567, -0.1133111004067725, -0.09576916189053375, -1.164458909294237, 0.3358392440023673, 0.619013889009567, 0.4802043767918426, -2.19627633909316, 0.12391673967030847, 0.0639216546465059, 0.24778608216641562, 0.3248676675749219, -0.8916064407194425, -0.3351683396760654, 1.6726039671689223, 1.1570465850074547, -0.20929771412857257, -3.4332369270076146, -2.2105661211005283, 0.3072831319915203, 2.912826267683642, -0.2728357993653121, -1.9210089311303111, -1.0521975860433468, 2.676487153514162, 2.724502779726323, 0.030398148529514585, -0.4549814140049584, -0.30368795938138027, -0.6103875382776556, 0.8472424137662424, -1.1417923105564338, 0.4731268242547377, -1.385351949936102, -2.865329194945347, -0.43532032003297577, 1.8268697207082312, 0.9174942848033443, -1.268716990971268, -1.6477266511855724, -0.6119166673722921, 0.8978403213355417, 0.6453933699152128, -0.9469197629489006, -1.2708797108998344, -0.33984990189416775, 0.8411851077189547, 1.6453252101271554, 0.6895570184414651, -1.5890100906094622, -0.32028586931382874, 0.21622596481840103, 1.6969519818567504],