{"Stationary": {"actions": [1.0, 0.0, 1.0, 0.0, 1.0, 0.0, 0.0, 0.0, 0.0, 0.0, 0.0, 0.0, 0.0, 0.0, 0.0, 0.0, 0.0, 0.0, 0.0, 0.0, 0.0, 0.0, 0.0, 0.0, 0.0, 0.0, 0.0, 0.0, 0.0, 0.0, 0.0, 0.0, 0.0, 0.0, 0.0, 0.0, 0.0, 0.0, 0.0, 0.0, 0.0, 0.0, 0.0, 0.0, 0.0, 0.0, 0.0, 0.0, 0.0, 0.0, 0.0, 0.0, 0.0, 0.0, 0.0, 0.0, 0.0, 0.0, 0.0, 0.0, 0.0, 0.0, 0.0, 0.0, 0.0, 0.0, 0.0, 0.0, 0.0, 0.0, 0.0, 0.0, 0.0, 0.0, 0.0, 0.0, 0.0, 0.0, 0.0, 0.0, 0.0, 0.0, 0.0, 0.0, 0.0, 0.0, 0.0, 0.0, 0.0, 0.0, 0.0, 0.0, 0.0, 0.0, 0.0, 0.0, 0.0, 0.0, 0.0, 0.0, 0.0, 0.0, 0.0, 0.0, 0.0, 0.0, 0.0, 0.0, 0.0, 0.0, 0.0, 0.0, 0.0, 0.0, 0.0, 0.0, 0.0, 0.0, 0.0, 0.0, 0.0, 0.0, 0.0, 0.0, 0.0, 0.0, 0.0, 0.0, 0.0, 0.0, 0.0, 0.0, 0.0, 0.0, 0.0, 0.0, 0.0, 0.0, 0.0, 0.0, 0.0, 0.0, 0.0, 0.0, 0.0, 0.0, 0.0, 0.0, 0.0, 0.0, 0.0, 0.0, 0.0, 0.0, 0.0, 0.0, 0.0, 0.0, 0.0, 0.0, 0.0, 0.0, 0.0, 0.0, 0.0, 0.0, 0.0, 0.0, 0.0, 0.0, 0.0, 0.0, 0.0, 0.0, 0.0, 0.0, 0.0, 0.0, 0.0, 0.0, 0.0, 0.0, 0.0, 0.0, 0.0, 0.0, 0.0, 0.0, 0.0, 0.0, 0.0, 0.0, 0.0, 0.0, 0.0, 0.0, 0.0, 0.0, 0.0, 0.0], "rewards": [-15.930399809139029, -11.773449629467683, -1.7182350996804248, 3.9205737518957338, 5.782848783004114, 1.0558775584990623, -1.2673570678450115, 2.1460559020702594, -1.2597876977347051, 3.0485806237509694, 1.845192384023114, -1.4492712281179747, -0.15172285805227578, -1.325984813363211, 0.3772101433834021, 3.333400247292886, 1.4687725811553114, -1.5189522532593789, -1.0485476783689847, 0.27804007892775456, 2.5771357884635435, -1.4451988503579658, 2.337048027771707, -1.1458575701622693, -0.7260562332137068, -0.8532647548421703, 0.4399313904933447, -2.3226409119984233, -2.0694579157180626, 0.20220569116473786, 2.3829630305803273, 0.22938025800765183, -0.2841998584384726, -0.9844644869347288, 2.6337761327902585, 0.6008661138044191, 2.3529512464402536, -0.37925616330820444, 3.6353892511242147, 0.8403182686968573, 0.6842324762383633, -2.044335400859843, 0.05057408280428122, -0.2951975018451811, 0.22430319020884032, 0.018281925148070727, -0.7144184358196857, -0.30637397446377596, 0.42032685214454035, 0.5227458001057091, -0.9513784190253101, -0.824903562968966, -0.6232656409859301, 2.2024655283945576, 1.6466412230531793, 0.5952576725976985, -0.5970413809350891, 1.8431452072377328, -1.5735102753311025, 0.6378489057164204, 1.9547900676393526, 0.46597885741302303, 0.06400828854645624, 0.08457742492523201, 1.7038727833550102, 3.0582170914947326, 1.333445119213209, -1.6309383046319992, 0.5001538773525549, -0.334800106298907, 3.1461433504739595, 1.4648323892858324, 0.2624739389680349, -0.25039535375777144, -1.1493583983375115, 1.7012304671173544, -0.8895163218291158, 0.5397129744338744, -2.819674407547359, -1.658130794638494, 1.658240097807723, 0.9409183902020646, 1.8518761680997724, -2.508617719642311, -1.8291669298854343, 0.8658497146250812, 3.5295568367614147, 2.15091954924432, 1.6018512801201232, 0.45395018322033365, -0.33711735498856316, 2.557093111409519, -1.602248661698069, 0.10752016255785357, -0.6640943701344946, 0.20867563765606478, 2.204920911219669, -1.2229246718661695, -0.6822560732397437, -3.1459528463430733, 0.46384466510657274, 2.3498173894725234, -0.4677273488224041, -1.2893681805846864, -1.3295823461654654, -0.9944452664972376, 2.2901129855459876, -0.03771725870885592, 1.969827216179801, 0.3119998804864135, 1.8773452996085407, 0.8975537731940549, 0.9740259531497496, 1.1455443794789324, 1.3440164988200083, 1.5195729241732918, -1.2975850807939366, -0.012995497615383989, 1.5556006245106986, 0.1779725573072619, 0.04244703027697799, 0.470930112228234, 1.206983607189956, 1.0672077621663136, 0.26826930954048966, 0.3007166263191283, 1.0430410253536255, -0.9500006576393418, -0.9958607147270491, 0.4047988143876593, 0.4192128297654566, 1.2671831347961624, -0.39471858678484595, 1.2369060172848187, -1.8788114867549628, 0.1679400173606548, 1.7387895090125638, 0.7292151751420204, 0.9440258841425564, -4.688926787722284, 0.5215229972434712, 1.8248419702667356, -0.4745304084278055, -1.214861540408695, -0.6317990921574599, -0.36340409679700464, 1.3385364550872603, 2.509267502817478, 1.9209653673404006, -1.6864222964977587, -1.7486994716195619, 0.11286334550969908, 2.3104880429232706, 2.9990432216226433, -2.133387290996219, -0.10727347401260084, 1.518964099544724, 0.6774137301426426, 1.0801300251768684, -1.0513090816108261, -3.479095463491136, -2.7198735634179103, 0.8506436057045252, 3.9595345242519686, -1.636505203703049, 0.2808805784438126, -1.0571783853414405, -1.863264055392773, 1.5682198405753929, 0.7869123639201203, -1.7124317670230977, -1.1212681027198692, -2.1264018215440688, -0.08448258288214117, 0.7569828900836448, -2.3786526045111436, -2.134597094561669, 0.7776219856851725, 2.4338678632255952, 0.14652420445774628, -4.481784713534359, -2.2569811947975094, 2.153112231107929, 4.915228024169839, 4.103223387139323, -1.8230445295163942, -2.304799281013244, 2.1327488792770373, 4.233634791166564, 1.5806428343809642, -2.405065360547525, -3.908610918958627, 0.8825799654938926, 3.5153713814185243, 3.837646391546363, -0.11852308852288695, -3.005735873134017, -1.67538340501934, 4.261867903302307, 4.263198295206034]}, "LARL": {"actions": [1.0, 0.0, 1.0, 0.0, 1.0, 0.0, 1.0, 0.0, 0.0, 1.0, 1.0, 1.0, 0.0, 1.0, 0.0, 0.0, 0.0, 1.0, 1.0, 1.0, 0.0, 0.0, 1.0, 1.0, 0.0, 0.0, 1.0, 0.0, 1.0, 1.0, 0.0, 0.0, 1.0, 1.0, 0.0, 0.0, 1.0, 1.0, 1.0, 0.0, 0.0, 0.0, 1.0, 1.0, 0.0, 0.0, 1.0, 1.0, 0.0, 1.0, 0.0, 1.0, 1.0, 0.0, 0.0, 0.0, 1.0, 1.0, 0.0, 0.0, 0.0, 0.0, 1.0, 1.0, 1.0, 0.0, 0.0, 1.0, 1.0, 1.0, 0.0, 0.0, 1.0, 1.0, 1.0, 0.0, 0.0, 1.0, 1.0, 1.0, 0.0, 0.0, 0.0, 1.0, 1.0, 1.0, 0.0, 0.0, 1.0, 1.0, 1.0, 0.0, 0.0, 1.0, 1.0, 0.0, 0.0, 0.0, 1.0, 1.0, 0.0, 0.0, 0.0, 1.0, 1.0, 0.0, 0.0, 0.0, 1.0, 1.0, 1.0, 0.0, 0.0, 0.0, 1.0, 1.0, 1.0, 1.0, 0.0, 0.0, 1.0, 1.0, 0.0, 0.0, 1.0, 1.0, 1.0, 0.0, 1.0, 1.0, 0.0, 0.0, 1.0, 1.0, 1.0, 1.0, 0.0, 0.0, 0.0, 1.0, 1.0, 0.0, 0.0, 1.0, 1.0, 1.0, 0.0, 0.0, 0.0, 1.0, 1.0, 1.0, 0.0, 0.0, 1.0, 1.0, 1.0, 0.0, 0.0, 0.0, 1.0, 1.0, 0.0, 0.0, 0.0, 1.0, 1.0, 0.0, 0.0, 0.0, 0.0, 1.0, 1.0, 0.0, 0.0, 0.0, 1.0, 1.0, 0.0, 0.0, 1.0, 1.0, 0.0, 0.0, 0.0, 1.0, 1.0, 0.0, 0.0, 0.0, 1.0, 1.0, 0.0, 0.0, 0.0, 1.0, 1.0, 1.0, 0.0, 0.0],