{"Stationary": {"actions": [1.0, 0.0, 0.0, 1.0, 0.0, 0.0, 0.0, 0.0, 0.0, 0.0, 0.0, 0.0, 0.0, 0.0, 0.0, 0.0, 0.0, 0.0, 0.0, 0.0, 0.0, 0.0, 0.0, 0.0, 0.0, 0.0, 0.0, 0.0, 0.0, 0.0, 0.0, 0.0, 0.0, 0.0, 0.0, 0.0, 0.0, 0.0, 0.0, 0.0, 0.0, 0.0, 0.0, 0.0, 0.0, 0.0, 0.0, 0.0, 0.0, 0.0, 0.0, 0.0, 0.0, 0.0, 0.0, 0.0, 0.0, 0.0, 0.0, 0.0, 0.0, 0.0, 0.0, 0.0, 0.0, 0.0, 0.0, 0.0, 0.0, 0.0, 0.0, 0.0, 0.0, 0.0, 0.0, 0.0, 0.0, 0.0, 0.0, 0.0, 0.0, 0.0, 0.0, 0.0, 0.0, 0.0, 0.0, 0.0, 0.0, 0.0, 0.0, 0.0, 0.0, 0.0, 0.0, 0.0, 0.0, 0.0, 0.0, 0.0, 0.0, 0.0, 0.0, 0.0, 0.0, 0.0, 0.0, 0.0, 0.0, 0.0, 0.0, 0.0, 0.0, 0.0, 0.0, 0.0, 0.0, 0.0, 0.0, 0.0, 0.0, 0.0, 0.0, 0.0, 0.0, 0.0, 0.0, 0.0, 0.0, 0.0, 0.0, 0.0, 0.0, 0.0, 0.0, 0.0, 0.0, 0.0, 0.0, 0.0, 0.0, 0.0, 0.0, 0.0, 0.0, 0.0, 0.0, 0.0, 0.0, 0.0, 0.0, 0.0, 0.0, 0.0, 0.0, 0.0, 0.0, 0.0, 0.0, 0.0, 0.0, 0.0, 0.0, 0.0, 0.0, 0.0, 0.0, 0.0, 0.0, 0.0, 0.0, 0.0, 0.0, 0.0, 0.0, 0.0, 0.0, 0.0, 0.0, 0.0, 0.0, 0.0, 0.0, 0.0, 0.0, 0.0, 0.0, 0.0, 0.0, 0.0, 0.0, 0.0, 0.0, 0.0, 0.0, 0.0, 0.0, 0.0, 0.0, 0.0], "rewards": [16.214114695368075, 12.189755792132042, -1.6522044773824303, -28.218777137063892, -6.562997357016162, -10.031283542878596, -6.634722185164429, 4.005502207179471, 10.60422173778299, 0.7593228677817897, -5.161016447310529, -6.366241788349153, 0.7455683353750451, 5.45949862300146, 2.03931946042546, -3.232236803781506, -5.269446175690925, -1.3240320381823967, 5.235996985379183, 1.6618552051105528, -0.20735652134094185, -3.8908299258747343, -0.7408167759340418, 5.684579731896839, 2.5928433465640985, 0.7585587022212437, -3.8533625712882693, -2.0386926241516186, 1.5294346287033127, 2.686618965788339, -1.328903118602989, -0.6160239073405671, 0.08300315073855113, -0.09252768011550427, 2.51240858146756, 0.5780065232839574, -3.4752522508539574, -1.9425971216901523, 1.2536128779607782, 1.1658143786930493, -1.0331429044255345, -2.9188306535381994, 0.5469710534515263, 1.3845862875762789, 0.3339993328070941, -0.44947489238805205, 0.0629287972564329, 1.5454651419603511, 1.033749712633184, 0.5445230788002897, -0.8911850110378656, 0.4944764561642512, -0.9246094626202752, 1.0952525380213909, -1.9105995273205192, -1.5448340867417198, 3.375587146479825, 0.5449456956290872, 2.3054437664245353, -2.7226332874178376, -1.7061936111985756, -1.1130908691014199, 1.532138928156708, 0.3452205543931589, -1.8233960825607616, -1.7939814879473104, -1.4046431502981362, -0.005037087097237158, 5.113556109785918, 0.5479386600115799, -0.38682849096700167, -0.3438682058758453, -0.8609061377660274, 1.0264007342360124, 2.733594768257017, -0.9749081818064377, -3.0906860755720635, -1.9940128024865846, -2.152480188657212, 1.1462816551929325, 3.115843473112725, -0.1891469178798597, -2.5063016998833962, -1.1800337064236395, 0.767724712882181, 4.444022933357099, -2.541519686907489, -0.5819083598784045, -2.3429143401618315, 0.9846530991253285, 4.643425329383081, 1.9495188672347814, -0.6338993811945808, -2.015039127621422, -3.101442428761966, -0.9242605289647663, -0.08897380932652998, 1.9917306692086634, -1.5937777907204072, 0.26857710571886995, -0.15971400693358828, -1.3334750404470026, 1.2183515208853948, -1.3477678585898993, 1.5500385806915569, 1.6771336770349463, -0.11014288514731896, -0.14831613189823645, -1.2193471959117308, -1.5652848487324977, -1.3516948294872484, 0.16243311319511644, 0.6485516661922678, -1.1889206150760427, -1.4410186818980557, -2.2490637324948586, 1.952670005818318, 1.9174055663963037, -2.881211348252197, -4.296622655055703, -1.0451079926080709, 2.667263718401565, 2.0561684803721008, 1.5628577919322737, -4.322885688893638, -4.257651337150139, 1.456578269802447, 1.535980137339724, 1.1148650269228038, -1.9103491425897812, -0.3365380917391483, 0.8078401100331185, 3.9489346523552094, -0.20437197212145142, -1.6528608391027682, -2.844421085843965, 1.8312724029473544, 1.815990472605479, -0.6522863084324856, 0.5671400344306716, -0.009467405520537563, -0.7087849366379769, -0.807449852615417, 0.2857435877723597, 0.9683351440148491, 0.019114109828461345, 0.9863708511076926, -0.13106076996408644, 0.32440322736136906, -2.0373877364187134, -0.3114728614041889, 0.513619071693453, -0.07988889151930352, 2.1052852032549434, -0.5130304219806341, 3.5735111786560148, 1.9243952654716727, -2.584094992565738, -3.6284048066053076, 0.08693259127633401, 2.791959575547402, 0.08342563815832538, -0.9921554481370835, -2.6169304866349457, -0.9240975329899369, 3.8791439140761073, 1.8144435669788586, 2.163666755318834, -1.9336515162319594, -2.745756141942194, -2.124727167056297, 0.6676695458100201, 0.1139861423163393, 0.2847925735590262, -1.7401408301009211, -1.0437703117532156, 2.406188095120262, 0.017411653864466636, -0.4666464854804781, -3.2021656762222155, 0.8539284150607616, 0.26053047646761596, -0.1722798666317807, -0.34022716160184585, -0.04034040359104657, 0.47374489501986955, 2.943792221791028, -1.277985442418876, 1.1296909644879327, 1.0520538323840418, 1.0845116857289363, 0.6204695711061328, -2.090942210888521, 1.5547623764255183, -1.7335884058725959, 0.17421371641046451, -0.42013928523752525, -0.7369781638633517, -0.1947972280216861, 0.6650149638352983]}, "LARL": {"actions": [1.0, 0.0, 0.0, 1.0, 0.0, 1.0, 1.0, 0.0, 0.0, 0.0, 1.0, 1.0, 0.0, 0.0, 0.0, 1.0, 1.0, 1.0, 0.0, 0.0, 1.0, 1.0, 1.0, 0.0, 0.0, 1.0, 1.0, 1.0, 0.0, 0.0, 1.0, 1.0, 1.0, 0.0, 0.0, 0.0, 1.0, 1.0, 1.0, 0.0, 0.0, 1.0, 1.0, 0.0, 0.0, 0.0, 1.0, 1.0, 0.0, 1.0, 1.0, 1.0, 0.0, 0.0, 1.0, 0.0, 1.0, 1.0, 0.0, 0.0, 1.0, 1.0, 0.0, 0.0, 1.0, 1.0, 0.0, 0.0, 0.0, 0.0, 1.0, 1.0, 1.0, 0.0, 0.0, 1.0, 1.0, 1.0, 1.0, 0.0, 0.0, 0.0, 1.0, 1.0, 0.0, 0.0, 0.0, 1.0, 1.0, 0.0, 0.0, 1.0, 1.0, 1.0, 0.0, 0.0, 0.0, 0.0, 0.0, 1.0, 1.0, 0.0, 0.0, 1.0, 1.0, 0.0, 1.0, 1.0, 1.0, 0.0, 0.0, 1.0, 1.0, 0.0, 1.0, 0.0, 1.0, 0.0, 0.0, 1.0, 1.0, 0.0, 0.0, 1.0, 1.0, 1.0, 0.0, 0.0, 1.0, 1.0, 1.0, 1.0, 0.0, 0.0, 1.0, 1.0, 1.0, 0.0, 0.0, 1.0, 1.0, 1.0, 0.0, 1.0, 0.0, 0.0, 1.0, 1.0, 1.0, 0.0, 0.0, 0.0, 0.0, 1.0, 1.0, 0.0, 0.0, 1.0, 1.0, 0.0, 0.0, 0.0, 1.0, 1.0, 0.0, 0.0, 0.0, 1.0, 1.0, 1.0, 0.0, 0.0, 0.0, 0.0, 1.0, 1.0, 0.0, 0.0, 1.0, 1.0, 1.0, 0.0, 0.0, 1.0, 1.0, 0.0, 0.0, 0.0, 1.0, 1.0, 0.0, 0.0, 1.0, 1.0, 1.0, 0.0, 0.0, 1.0, 1.0, 0.0],