{"k": 2, "sigma_z": 10, "mean reward 1": [-103.35216830067509, 848.3505668983572, 572.3488356715247, -415.3890681278153, -576.6104333821298, -124.4288516030855, -1087.77396247316, 399.6454867724926, 793.7433667996864, -348.31100760593347, 411.34024705535006, -805.2208996895312, 877.8677817021496, -182.24079923062783, 95.1906756964406, -630.1206128556958, 382.4006221293026, -737.8627114634379, -1363.897761372947, -1236.809546650543, 1187.5220663186703, -411.11963935064074, -1155.5916122814003, -968.8856281495791, -780.5293056963889, -2154.0796063500106, 326.4082915596835, 2348.4314488898394, 2498.5547106576178, 920.8950379410711, -1391.7149403654917, -108.15747690702615, 444.36405257098295, -398.4667455727089, -268.4696963093643, 502.9451359117543, -639.2234584975273, -725.5911491039283, 440.6045022973299, 1226.2611062963476, -1002.935200641166, -2485.2671660207734, -127.0888949357099, 1324.1523496460595, 701.5161522196546, -3227.0558505059143, -2555.36473984866, -624.1506248985894, 390.8986369823301, 1186.5962307659668, 97.64272237226766, 329.80896841367075, 36.34218483512984, 1086.737652663886, -5.384410440726484, 99.00095343160294, -464.45524286198497, -697.9261132769419, -806.6961125213443, 797.1339508625072, -32.32481897985924, -1092.942064262335, -1283.64341623871, 130.39959025763252, 629.580542688232, -398.820412091182, -682.2905760116214, 673.0794592911055, 1236.398222498787, -175.6014055344661, -1231.26445917226, -1434.326227393225, 26.47693700561835, 14.375784682002557, 419.91617368797625, 1038.6140966849598, -552.959525438382, -2016.688730957804, -729.4204407704758, -81.79933530484816, 183.1905257168956, -663.4197627125184, -684.5456288867255, 2665.549534566585, 188.38951080589456, -2309.1655110328484, -385.94541595660525, 530.71999215252, 328.97169430350857, -1336.5107730306283, 206.210883687387, 2500.7782575693045, 636.1546943880447, -2962.7053353689275, -2819.7892936824715, 719.287818253086, 1181.0369362883498, 103.11250113177253, -93.181258925146, 1890.342799782092, 896.5244306529949, -818.4938776567321, -876.1368697118223, 740.1436616641414, 1955.4050588005928, 995.8811128531203, -1066.9822853020482, -1491.2778492956832, -561.1831749793477, 1554.4568853444669, 1450.945311419974, -527.2806447754941, -1638.8303988447585, -723.4734798010961, -2227.4302182777947, -190.02669681626313, 2113.3548399295187, 877.0906480509883, 2193.746279066608, 957.8301467147732, -484.4610251531111, -919.4358425969062, 849.728142014407, 1988.5036569106528, 1162.9758722392437, 657.0344661212887, 1466.5058522296592, -166.6132688745905, -1728.6504736860102, -1419.8094987833467, 2866.3468219813367, 2089.1303111918546, -625.9457309258329, -1006.7221800962958, -1610.2595309134144, -179.51893004350202, 1780.7904820176218, 2599.393190627545, 1104.7853373905243, 157.22456014022148, -399.0525946752142, 4.521729968825339, 818.3650456377055, 2246.0735450217585, 505.5708316092755, -582.6937063398854, 1352.768686829056, 352.6226321699579, -1612.8541777683783, -619.9349187520327, 1999.7215822136588, 280.1187251695689, -1472.1858462061587, -1725.7596454008751, -176.2107848526971, 117.5169451912784, 387.32064543657543, -720.6308708606173, -710.4945723766793, 292.7253779528301, 472.82432955259645, 2109.7001178952373, 1679.7955080550942, -1539.4410022149332, -1939.1964079793772, -108.84319130488755, 1851.8091813474534, 1268.0099100446164, -862.4319307543661, -1297.1254735970963, 201.03425119730628, 839.7966354258479, 1173.344563770659, 1464.6515780308634, 464.8496830057061, -216.71502573208875, -1336.5765988264147, -421.916131539126, 584.6387578832018, -1441.794817462579, -1489.1161745824195, -29.959457517255107, -140.58083150507548, 199.77000778887106, 665.7558148238637, 1653.3352086767934, 1609.734881508289, 1469.7221827436088, 446.7912047209787, -280.06472798983054, -1502.5247651668526, -1609.5968972082978, -1940.3729913815275, -1451.6173747139899, -124.79993684962861, 36.99421544630353, 39.05284796714382, -2675.492048780095, -1272.3083905527294, 2747.9246054784435],