{"Stationary": {"actions": [0.0, 1.0, 0.0, 0.0, 0.0, 0.0, 0.0, 0.0, 0.0, 0.0, 0.0, 0.0, 0.0, 0.0, 0.0, 0.0, 0.0, 0.0, 0.0, 0.0, 0.0, 0.0, 0.0, 0.0, 0.0, 0.0, 0.0, 0.0, 0.0, 0.0, 0.0, 0.0, 0.0, 0.0, 0.0, 0.0, 0.0, 0.0, 0.0, 0.0, 0.0, 0.0, 0.0, 0.0, 0.0, 0.0, 0.0, 0.0, 0.0, 0.0, 0.0, 0.0, 0.0, 0.0, 0.0, 0.0, 0.0, 0.0, 0.0, 0.0, 0.0, 0.0, 0.0, 0.0, 0.0, 0.0, 0.0, 0.0, 0.0, 0.0, 0.0, 0.0, 0.0, 0.0, 0.0, 0.0, 0.0, 0.0, 0.0, 0.0, 0.0, 0.0, 0.0, 0.0, 0.0, 0.0, 0.0, 0.0, 0.0, 0.0, 0.0, 0.0, 0.0, 0.0, 0.0, 0.0, 0.0, 0.0, 0.0, 0.0, 0.0, 0.0, 0.0, 0.0, 0.0, 0.0, 0.0, 0.0, 0.0, 0.0, 0.0, 0.0, 0.0, 0.0, 0.0, 0.0, 0.0, 0.0, 0.0, 0.0, 0.0, 0.0, 0.0, 0.0, 0.0, 0.0, 0.0, 0.0, 0.0, 0.0, 0.0, 0.0, 0.0, 0.0, 0.0, 0.0, 0.0, 0.0, 0.0, 0.0, 0.0, 0.0, 0.0, 0.0, 0.0, 0.0, 0.0, 0.0, 0.0, 0.0, 0.0, 0.0, 0.0, 0.0, 0.0, 0.0, 0.0, 0.0, 0.0, 0.0, 0.0, 0.0, 0.0, 0.0, 0.0, 0.0, 0.0, 0.0, 0.0, 0.0, 0.0, 0.0, 0.0, 0.0, 0.0, 0.0, 0.0, 0.0, 0.0, 0.0, 0.0, 0.0, 0.0, 0.0, 0.0, 0.0, 0.0, 0.0, 0.0, 0.0, 0.0, 0.0, 0.0, 0.0, 0.0, 0.0, 0.0, 0.0, 0.0, 0.0], "rewards": [1909.6447617175954, -172.64944782191486, -1454.6824882410283, -930.9842406547793, -278.48017637769465, 1056.857845538377, 1678.1412509532142, 2849.3255714967413, -1159.231463818463, -2682.251699603069, -420.21366156745916, 986.3961521787375, 604.4824023070795, 962.7811762596745, 78.10616228390023, 62.037160733344535, 418.1091066442266, -1116.2130819323538, -732.4982972291397, -684.2420496184234, 799.0401784844713, 467.9633346580764, -589.3821439852849, 180.35525465957255, -1210.4324517487817, -400.27124134861384, 165.05656250908555, 1895.369903727259, 1091.5505941486151, -1378.4116608167965, -1503.5853352973465, -983.6311635401892, 331.13655109462394, 1784.7639637904208, 1039.3185622380436, -1972.3455124865254, -1325.6810319303736, 31.87942103832122, 1266.8752945803453, 159.27898928658456, -994.8015280027117, -67.42663157822749, -1446.6982705470894, 738.4207518345808, 1448.42756663218, 1019.9718680706483, -1528.5636425099829, -1171.9579739240974, -844.7470834569285, -777.2663286470017, 914.0012783064044, 479.5389845817152, -349.2656344640262, -510.38529696121924, -2086.266180626079, -2423.940175205107, -321.5298098709704, 2059.5044392995424, -96.24881269055473, -506.81343174787116, 768.1747193172259, 1445.9765587319532, 162.71032530693753, -499.6126056828052, -2196.5895984084814, -524.7078934908042, 1376.4044547159447, 347.17747336856974, -799.7044178565193, -2051.2082956821982, -78.52849749326947, 1590.4371099360421, -339.79916313701085, -1082.9449996276396, -664.3991078965046, -1151.2455552981783, 440.0537292919031, 1995.3023359457568, 2458.351620462719, -879.2244549122114, -2824.3555171437156, -705.5124694216094, 2618.0772529664746, -305.37563013413984, -1109.542750402547, -1005.2789592092845, 899.426479686315, -31.37930154909663, -2515.2895760884076, 861.8981207025676, 2105.259493985828, 481.8336183045161, -1536.9938162360943, -2503.6882773188754, -2460.9356494943495, 74.03174786085307, 443.6031826206938, 339.0927737045274, 205.7876614078865, -1870.3931453250677, -2056.693494430725, 1535.7330990452876, 2788.2628623188393, -561.153015037654, -1233.3898183506012, -360.13928745048094, 980.2816601652443, -648.0838159918857, -970.1224068281402, 143.70595113162128, 365.11526388174326, 350.6752792124384, -548.273677580697, -434.29137441783234, -2603.934602283013, -2056.166164872995, -1628.1011172016501, 1561.1076043488063, 1487.6024942319987, 461.28311969592073, -1097.868879587954, -2458.265951292558, -2333.7941316092874, -376.813318459743, -40.17472606487193, -534.5838824682766, -833.7922886545495, -78.71292607488984, -701.5778326343408, -857.0955018338209, 96.51860009367185, 707.8165029717675, 1019.7837985472906, 561.8691279522305, -85.93622736301083, 184.88252387220658, -316.88937542069726, 477.6351122940724, 1065.01413356492, -2016.2533901365614, -1513.3833072849236, -627.9804854554719, -228.52768404575747, 1257.9815502882611, -37.4118855106744, -428.06363116698634, -603.7164754456911, 158.0887605189255, 1888.3515164044018, 2023.9307576024573, 65.69358985514923, -2428.6523351781484, -844.2256683476342, 1235.4705623957911, 1265.4132850942822, 1278.9476665348018, -934.6985936557916, -2661.1308189372594, 328.75624647796593, 401.6786839878263, 122.51507435611056, -1250.6035519972852, -1351.1201033706002, -16.693577094679664, 307.02948736320116, -1353.2141441975996, -3539.8530479584438, 297.4884904807102, 2591.1702112885855, 697.6473126100948, -2253.6127245044468, -2246.1075371557977, 717.0946449720144, 1651.4657398335582, -396.0893832190094, -2231.082633641042, -859.2524383102084, 3035.3724770633944, 1935.535049497384, -2213.3871310331187, -1936.2423223620442, -1075.443191825502, 1267.5322325090203, 2297.416192299225, 1143.2434550572518, -1270.0717812792307, -653.2318122843909, 1101.5033730787607, 1738.694653053256, 1098.958879279735, -896.7308510865539, -1077.0428533814138, -369.48772574461174, -707.8566012224419, 2129.1098225408127, -627.4803471545554, -1990.8430155717472, -1820.2754390744562, -358.62569006167445, 432.9968111991362]}, "Latent AR LinUCB s=2": {"actions": [0.0, 1.0, 1.0, 1.0, 0.0, 0.0, 0.0, 0.0, 0.0, 1.0, 1.0, 0.0, 0.0, 1.0, 0.0, 1.0, 0.0, 0.0, 1.0, 0.0, 0.0, 0.0, 1.0, 1.0, 0.0, 1.0, 0.0, 0.0, 0.0, 1.0, 1.0, 1.0, 0.0, 0.0, 0.0, 1.0, 1.0, 0.0, 0.0, 0.0, 1.0, 1.0, 0.0, 1.0, 0.0, 0.0, 1.0, 1.0, 0.0, 0.0, 0.0, 0.0, 1.0, 1.0, 1.0, 1.0, 1.0, 0.0, 0.0, 1.0, 1.0, 0.0, 0.0, 1.0, 1.0, 1.0, 0.0, 0.0, 1.0, 1.0, 1.0, 0.0, 0.0, 1.0, 1.0, 0.0, 1.0, 0.0, 0.0, 0.0, 1.0, 1.0, 0.0, 0.0, 1.0, 1.0, 0.0, 0.0, 1.0, 1.0, 0.0, 0.0, 1.0, 1.0, 1.0, 0.0, 0.0, 0.0, 1.0, 1.0, 1.0, 1.0, 0.0, 0.0, 1.0, 1.0, 0.0, 0.0, 1.0, 1.0, 0.0, 0.0, 0.0, 1.0, 0.0, 1.0, 0.0, 0.0, 0.0, 0.0, 1.0, 1.0, 1.0, 0.0, 0.0, 0.0, 1.0, 1.0, 0.0, 1.0, 1.0, 0.0, 0.0, 0.0, 1.0, 1.0, 0.0, 1.0, 0.0, 0.0, 1.0, 0.0, 0.0, 0.0, 0.0, 1.0, 1.0, 1.0, 0.0, 0.0, 0.0, 1.0, 1.0, 0.0, 0.0, 0.0, 0.0, 1.0, 1.0, 0.0, 0.0, 1.0, 1.0, 1.0, 0.0, 0.0, 1.0, 1.0, 0.0, 0.0, 1.0, 1.0, 0.0, 0.0, 0.0, 1.0, 1.0, 0.0, 0.0, 1.0, 1.0, 0.0, 0.0, 0.0, 0.0, 1.0, 1.0, 0.0, 0.0, 0.0, 1.0, 1.0, 1.0, 0.0, 1.0, 0.0, 1.0, 1.0, 0.0, 0.0],