{"Stationary": {"actions": [1.0, 0.0, 0.0, 0.0, 0.0, 0.0, 0.0, 0.0, 0.0, 0.0, 0.0, 0.0, 0.0, 0.0, 0.0, 0.0, 0.0, 0.0, 0.0, 0.0, 0.0, 0.0, 0.0, 0.0, 0.0, 0.0, 0.0, 0.0, 0.0, 0.0, 0.0, 0.0, 0.0, 0.0, 0.0, 0.0, 0.0, 0.0, 0.0, 0.0, 0.0, 0.0, 0.0, 0.0, 0.0, 0.0, 0.0, 0.0, 0.0, 0.0, 0.0, 0.0, 0.0, 0.0, 0.0, 0.0, 0.0, 0.0, 0.0, 0.0, 0.0, 0.0, 0.0, 0.0, 0.0, 0.0, 0.0, 0.0, 0.0, 0.0, 0.0, 0.0, 0.0, 0.0, 0.0, 0.0, 0.0, 0.0, 0.0, 0.0, 0.0, 0.0, 0.0, 0.0, 0.0, 0.0, 0.0, 0.0, 0.0, 0.0, 0.0, 0.0, 0.0, 0.0, 0.0, 0.0, 0.0, 0.0, 0.0, 0.0, 0.0, 0.0, 0.0, 0.0, 0.0, 0.0, 0.0, 0.0, 0.0, 0.0, 0.0, 0.0, 0.0, 0.0, 0.0, 0.0, 0.0, 0.0, 0.0, 0.0, 0.0, 0.0, 0.0, 0.0, 0.0, 0.0, 0.0, 0.0, 0.0, 0.0, 0.0, 0.0, 0.0, 0.0, 0.0, 0.0, 0.0, 0.0, 0.0, 0.0, 0.0, 0.0, 0.0, 0.0, 0.0, 0.0, 0.0, 0.0, 0.0, 0.0, 0.0, 0.0, 0.0, 0.0, 0.0, 0.0, 0.0, 0.0, 0.0, 0.0, 0.0, 0.0, 0.0, 0.0, 0.0, 0.0, 0.0, 0.0, 0.0, 0.0, 0.0, 0.0, 0.0, 0.0, 0.0, 0.0, 0.0, 0.0, 0.0, 0.0, 0.0, 0.0, 0.0, 0.0, 0.0, 0.0, 0.0, 0.0, 0.0, 0.0, 0.0, 0.0, 0.0, 0.0, 0.0, 0.0, 0.0, 0.0, 0.0, 0.0], "rewards": [522.6433286791977, -479.3989558215687, 346.2486032783425, 825.5845789101962, -340.6477958124775, -3313.992056654885, -3066.9537449259324, -353.3182640856678, 1701.862115662693, 1388.519582492371, 419.4766194795785, -1378.839487468572, 277.2023372986388, 786.2818440477047, 604.6218682173904, 2099.0061105497907, 849.6884925634687, 507.9369317800507, 431.3205719248703, -820.324632728175, 1913.141951943227, 1269.8163641389756, -105.78764408335857, -1562.2132193487892, -3408.138459616988, -1873.906316176517, -774.0302049856341, 1491.2188541178637, 1361.7832022623656, 332.8343140887942, -1674.2843367571486, -2949.964352104877, -813.1635364502721, 2227.278876526872, 936.6777579862035, -1073.872071480519, 260.1132561196346, -999.2551075908611, 1013.6816981825543, 1528.3047613730853, -664.5926915032454, -750.4975781694754, -188.36169471397508, -873.5010182524088, -54.00820281880197, -937.1072617746311, 34.06725822338363, 2048.175550793545, -471.7495527437292, -1074.773102529388, 711.9504290835937, 1670.4708716901102, 980.9110781313891, -298.5881279205978, 1645.172590280045, 199.1422195125006, 209.64380804193297, -725.1177653170977, 419.4125622171078, -574.5582946978042, -1929.7519344116638, -779.0271224569732, 890.0388418818106, -1018.2254262707086, -739.1507162855837, 1397.8558193526424, 1393.2837918584262, -177.7792913980551, -752.6552250267503, -1549.812138043014, -1182.1284179917616, 121.81896167206766, -408.66260641890653, -1324.7390691785017, 344.6651666411968, -256.7339206996961, 655.2315169696667, 137.83823651371938, -741.5683882083736, -858.9331562169958, 574.522122402449, 2879.0736421783135, -753.827737355949, -840.4003179462871, -687.3526222644127, -53.851615967693995, 174.95487726024197, -741.0495503970157, 401.77441118349947, 1413.3382684068572, 1277.9754519643093, 652.1499666530945, -401.64187562017685, -489.9012351296342, 119.40119201562611, -193.52969959939418, -1248.5211148895478, -208.1523042530045, 2829.4749687128938, 2209.341224241101, -753.1574272486358, -1123.6029616487335, 258.84683209699404, 984.7549696687689, 1114.4049607672798, 845.994072747524, -1366.2254900226835, -686.7802614125249, -596.4157060923868, 487.99381050465394, 946.6823501284683, 348.1979390609374, -2041.9721955386706, -1296.6679616663164, 1729.8429749672634, 2677.8720398986975, -97.16895984046624, -856.823949354282, -489.08492696464816, 447.25358771517483, 217.48807854828232, -217.85766856094025, -1758.7809762460718, 179.79148297477258, 2119.275432384676, 618.469552975579, -999.1797338111164, -282.08978818408116, 1449.2061191037083, 1388.2510991788845, 48.06679898756449, 740.391343150592, 875.4510923052616, 666.4096993870168, 1310.664658662908, 651.8380148237534, -1619.5292055742154, -876.4383501724502, 510.13280847789787, 666.973650307083, -1278.0472600781438, -1032.3837866838612, 1531.5832425697922, 1162.7093736170907, 1161.1587941355722, 1232.9338766202982, -829.0394524105723, -539.178328485706, -186.37471936978045, 482.78623055788444, 408.0166174021353, 77.49266972090462, -1109.7869304625256, -861.6219137072026, -671.4762164122574, -1603.3875155735898, -890.6258108285496, -1504.2011877143168, 39.744947458816114, -69.56667086490413, -771.1028745073877, -457.3575852881995, 748.9906668478924, 1650.3695927189658, 314.6576020030383, -938.8120000298818, -1667.9402813366255, -405.7063432090312, 1096.6234388038774, 1338.2040581118204, -435.6465650329347, -45.14649679189308, 1477.5186112638366, 287.2472486826411, -424.53205906353855, -1202.782929697279, -1277.3449347605101, -726.4492557637876, 1231.5001235409159, 2567.7238625883465, -617.4385430532539, -1268.5938955947488, -1698.8284798697935, 415.09415906707164, 561.8974171922538, 1009.7656747330975, -1158.8182887378139, 22.77051450019923, 1155.8212196847978, 1223.244009496215, -43.67964311260182, 567.120248929735, -654.5480037675991, 1297.2780781541253, 2182.388014607809, -311.18411725335585, 7.0714628749972865, 770.3947093243579, -425.07125955826587, -1611.6089515470826]}, "Latent AR LinUCB s=2": {"actions": [1.0, 0.0, 0.0, 0.0, 0.0, 1.0, 1.0, 0.0, 0.0, 0.0, 1.0, 1.0, 1.0, 0.0, 0.0, 1.0, 0.0, 1.0, 1.0, 1.0, 1.0, 0.0, 1.0, 1.0, 1.0, 1.0, 0.0, 0.0, 0.0, 1.0, 1.0, 1.0, 1.0, 0.0, 0.0, 1.0, 1.0, 0.0, 1.0, 0.0, 0.0, 1.0, 1.0, 0.0, 1.0, 0.0, 1.0, 0.0, 0.0, 1.0, 1.0, 0.0, 0.0, 1.0, 1.0, 0.0, 1.0, 1.0, 1.0, 0.0, 1.0, 1.0, 0.0, 0.0, 1.0, 0.0, 0.0, 1.0, 1.0, 1.0, 1.0, 0.0, 0.0, 1.0, 1.0, 0.0, 1.0, 0.0, 1.0, 1.0, 1.0, 0.0, 0.0, 1.0, 1.0, 0.0, 0.0, 0.0, 1.0, 0.0, 0.0, 1.0, 1.0, 1.0, 1.0, 0.0, 1.0, 1.0, 0.0, 0.0, 1.0, 1.0, 1.0, 0.0, 0.0, 0.0, 1.0, 1.0, 0.0, 0.0, 0.0, 0.0, 1.0, 1.0, 0.0, 0.0, 0.0, 1.0, 1.0, 0.0, 0.0, 1.0, 1.0, 1.0, 0.0, 0.0, 1.0, 1.0, 0.0, 0.0, 1.0, 1.0, 0.0, 0.0, 1.0, 0.0, 1.0, 1.0, 0.0, 0.0, 0.0, 1.0, 0.0, 0.0, 1.0, 0.0, 1.0, 1.0, 0.0, 0.0, 0.0, 1.0, 1.0, 1.0, 0.0, 0.0, 1.0, 0.0, 1.0, 0.0, 1.0, 1.0, 0.0, 0.0, 0.0, 1.0, 1.0, 1.0, 0.0, 0.0, 0.0, 1.0, 0.0, 0.0, 1.0, 1.0, 1.0, 1.0, 0.0, 0.0, 0.0, 1.0, 1.0, 1.0, 0.0, 0.0, 0.0, 1.0, 0.0, 0.0, 0.0, 1.0, 0.0, 1.0, 0.0, 0.0, 1.0, 0.0, 0.0, 1.0],