{"Stationary": {"actions": [0.0, 1.0, 0.0, 0.0, 0.0, 0.0, 0.0, 0.0, 0.0, 0.0, 0.0, 0.0, 0.0, 0.0, 0.0, 0.0, 0.0, 0.0, 0.0, 0.0, 0.0, 0.0, 0.0, 0.0, 0.0, 0.0, 0.0, 0.0, 0.0, 0.0, 0.0, 0.0, 0.0, 0.0, 0.0, 0.0, 0.0, 0.0, 0.0, 0.0, 0.0, 0.0, 0.0, 0.0, 0.0, 0.0, 0.0, 0.0, 0.0, 0.0, 0.0, 0.0, 0.0, 0.0, 0.0, 0.0, 0.0, 0.0, 0.0, 0.0, 0.0, 0.0, 0.0, 0.0, 0.0, 0.0, 0.0, 0.0, 0.0, 0.0, 0.0, 0.0, 0.0, 0.0, 0.0, 0.0, 0.0, 0.0, 0.0, 0.0, 0.0, 0.0, 0.0, 0.0, 0.0, 0.0, 0.0, 0.0, 0.0, 0.0, 0.0, 0.0, 0.0, 0.0, 0.0, 0.0, 0.0, 0.0, 0.0, 0.0, 0.0, 0.0, 0.0, 0.0, 0.0, 0.0, 0.0, 0.0, 0.0, 0.0, 0.0, 0.0, 0.0, 0.0, 0.0, 0.0, 0.0, 0.0, 0.0, 0.0, 0.0, 0.0, 0.0, 0.0, 0.0, 0.0, 0.0, 0.0, 0.0, 0.0, 0.0, 0.0, 0.0, 0.0, 0.0, 0.0, 0.0, 0.0, 0.0, 0.0, 0.0, 0.0, 0.0, 0.0, 0.0, 0.0, 0.0, 0.0, 0.0, 0.0, 0.0, 0.0, 0.0, 0.0, 0.0, 0.0, 0.0, 0.0, 0.0, 0.0, 0.0, 0.0, 0.0, 0.0, 0.0, 0.0, 0.0, 0.0, 0.0, 0.0, 0.0, 0.0, 0.0, 0.0, 0.0, 0.0, 0.0, 0.0, 0.0, 0.0, 0.0, 0.0, 0.0, 0.0, 0.0, 0.0, 0.0, 0.0, 0.0, 0.0, 0.0, 0.0, 0.0, 0.0, 0.0, 0.0, 0.0, 0.0, 0.0, 0.0], "rewards": [1409.770308960446, -127.24019309675943, -354.79892101520977, 2.5796935317024854, 2292.0845526619655, 529.7681379370225, -679.7106585410096, 278.5412694313974, -140.21191141218432, 170.68914317990206, 1327.540025199402, 703.6804932206065, -530.7082313844053, -236.7637006127332, -161.15436435816454, 286.4383443534361, -280.1567591650496, 325.28951954151177, 984.0203116107382, 1698.6225583474675, -898.5584947643546, -1342.2765611260968, 1323.0043409597788, 1109.5231293250508, 1309.702393897822, 643.5469174541885, -469.3013945014953, -870.5984905557689, 349.0501404106007, 1778.3923817314312, 1378.5109908590666, 197.9266118359377, -542.6032889076773, -227.18304410842688, 577.2274850321153, -1583.8390636678523, -796.3480024185837, 1156.4079952336294, 254.23478382168895, 580.2587251963002, -1060.4183214307875, -1004.5838247115616, 68.16408458733873, -727.164324179903, 185.07719705504752, 700.633690197608, -1240.6124992669138, -2070.2770907261392, -602.6839149088399, 699.1056637449321, 1606.7337927629123, 1234.279712472575, -1194.782394494026, -163.95174342832573, 1471.6319764997663, 682.9764506112657, -233.26269518583982, 141.85350351623956, -32.898696046711876, -989.8614549350402, -490.30870708739997, -50.12474300020652, 76.90850535567107, -844.0875422792593, -1445.3542640688465, 240.37906299794784, 1137.7435722455134, 700.2564532430874, -262.2329598856617, -160.24386338364596, -528.509600481884, -532.8381976370372, -0.20830278700420313, -1127.075868891016, -526.5760377848543, 1055.098601093542, 3453.448837208672, 1248.4251315921692, -168.87075089958458, -1494.1221803589904, -48.223261649251015, 1739.6815373072145, 562.3086965036905, 2877.6942589397577, 90.43591255715177, -1988.7381788536018, -268.8825286039123, 649.6649833861819, 419.73232262308414, 750.8119636285746, 327.38746626933704, 1102.1100369004566, -761.4216623628811, -994.827775677686, 875.9449510982167, 2106.4050821939613, 563.3027379285937, -2157.048401006538, -205.61781277178676, 1328.5367229090327, 4140.251710680218, 668.1467310646116, -1316.560928048847, 103.62394456161029, 898.8115188003053, -1003.2126311866723, -804.8632953620223, -36.25714014171342, 822.1578981799787, 1409.005029440828, 2513.033424035263, -520.2724639471456, -1246.9526614761962, -970.1548820768168, 1910.7092875599856, 1510.4639148260276, 667.6034024058574, 105.63675916079269, 1111.0691587198864, 1184.400008621116, 834.8008034044042, -1067.510780041481, -3681.75228961936, -2109.158991885849, -683.259543383677, 380.69986588034686, -1975.9556531531096, -1241.775945135056, 555.6856221051963, 639.0582030581985, 483.94291572550253, 649.8323273463386, -578.8122095878591, 743.8399110833872, 603.7654427928884, 24.173348795945635, 582.2344427673594, -239.355910407706, -1586.4829405936534, 156.62697447389917, 1552.4283339963863, 1430.562671679433, -614.6364878782776, 414.04540656420545, 2448.3192359298737, 1143.795860642979, -522.7524055284772, -1866.7277054693195, -741.5915673899968, 586.9512284871728, 1300.1002581405348, -1375.2569521440012, -2173.99571734747, -2447.05097317047, -594.3715200689792, 1166.5899516450525, 1997.468657570388, 716.1665377507084, -259.6607533669337, -1549.1766109988957, -509.0446068875654, 493.49341247822997, 1759.3311629693455, 1115.135970367113, -85.56194144964826, -390.13604592190586, 191.39374199663774, 342.2519138881197, -670.5868329745257, -359.3645013318884, 2306.9741663646723, 1654.5970796839986, -897.9519362480511, -1677.2808368576204, -936.8417207194033, 1329.5952127866274, 154.30953367530483, 2179.5240621874837, 2140.4025556587353, 240.67333353949394, -108.0085079923383, 1064.1612736763784, 682.369499098056, -426.38972373635295, -1304.8372568981517, -70.68020515176859, 1713.6150447537686, 2184.6044184177244, 21.691146964754413, 204.10400984389906, -2107.3041567710907, -1407.4262683921363, -591.2630710242497, 1580.1802032530943, 1164.8835084340963, -2569.893976301075, -1362.7023287077357, 19.60881981640111, 1233.6574727080913, 696.1878230378614]}, "Latent AR LinUCB s=2": {"actions": [0.0, 1.0, 1.0, 1.0, 0.0, 0.0, 1.0, 1.0, 0.0, 1.0, 0.0, 0.0, 1.0, 1.0, 0.0, 0.0, 0.0, 1.0, 0.0, 0.0, 0.0, 1.0, 1.0, 0.0, 1.0, 0.0, 1.0, 1.0, 1.0, 0.0, 0.0, 1.0, 1.0, 1.0, 0.0, 0.0, 1.0, 0.0, 0.0, 1.0, 0.0, 1.0, 0.0, 0.0, 1.0, 0.0, 0.0, 1.0, 1.0, 0.0, 0.0, 0.0, 1.0, 1.0, 0.0, 0.0, 1.0, 1.0, 0.0, 1.0, 1.0, 0.0, 0.0, 0.0, 1.0, 1.0, 0.0, 0.0, 1.0, 1.0, 0.0, 1.0, 0.0, 0.0, 1.0, 0.0, 0.0, 0.0, 1.0, 1.0, 1.0, 0.0, 0.0, 1.0, 0.0, 1.0, 1.0, 0.0, 0.0, 1.0, 0.0, 1.0, 0.0, 1.0, 1.0, 0.0, 0.0, 1.0, 1.0, 0.0, 0.0, 0.0, 1.0, 1.0, 0.0, 0.0, 1.0, 0.0, 0.0, 0.0, 0.0, 0.0, 1.0, 1.0, 0.0, 0.0, 1.0, 1.0, 1.0, 0.0, 0.0, 1.0, 1.0, 1.0, 0.0, 0.0, 0.0, 1.0, 0.0, 0.0, 0.0, 1.0, 0.0, 1.0, 0.0, 1.0, 1.0, 0.0, 1.0, 1.0, 0.0, 0.0, 1.0, 1.0, 0.0, 0.0, 1.0, 1.0, 1.0, 0.0, 0.0, 0.0, 1.0, 1.0, 1.0, 0.0, 0.0, 0.0, 1.0, 1.0, 1.0, 0.0, 0.0, 0.0, 1.0, 1.0, 1.0, 0.0, 0.0, 1.0, 0.0, 0.0, 1.0, 1.0, 1.0, 0.0, 0.0, 1.0, 0.0, 1.0, 1.0, 1.0, 0.0, 1.0, 1.0, 1.0, 0.0, 0.0, 0.0, 1.0, 0.0, 1.0, 0.0, 0.0, 0.0, 1.0, 1.0, 0.0, 0.0, 0.0],