{"Stationary": {"actions": [0.0, 1.0, 0.0, 0.0, 0.0, 0.0, 0.0, 0.0, 0.0, 0.0, 0.0, 0.0, 0.0, 0.0, 0.0, 0.0, 0.0, 0.0, 0.0, 0.0, 0.0, 0.0, 0.0, 0.0, 0.0, 0.0, 0.0, 0.0, 0.0, 0.0, 0.0, 0.0, 0.0, 0.0, 0.0, 0.0, 0.0, 0.0, 0.0, 0.0, 0.0, 0.0, 0.0, 0.0, 0.0, 0.0, 0.0, 0.0, 0.0, 0.0, 0.0, 0.0, 0.0, 0.0, 0.0, 0.0, 0.0, 0.0, 0.0, 0.0, 0.0, 0.0, 0.0, 0.0, 0.0, 0.0, 0.0, 0.0, 0.0, 0.0, 0.0, 0.0, 0.0, 0.0, 0.0, 0.0, 0.0, 0.0, 0.0, 0.0, 0.0, 0.0, 0.0, 0.0, 0.0, 0.0, 0.0, 0.0, 0.0, 0.0, 0.0, 0.0, 0.0, 0.0, 0.0, 0.0, 0.0, 0.0, 0.0, 0.0, 0.0, 0.0, 0.0, 0.0, 0.0, 0.0, 0.0, 0.0, 0.0, 0.0, 0.0, 0.0, 0.0, 0.0, 0.0, 0.0, 0.0, 0.0, 0.0, 0.0, 0.0, 0.0, 0.0, 0.0, 0.0, 0.0, 0.0, 0.0, 0.0, 0.0, 0.0, 0.0, 0.0, 0.0, 0.0, 0.0, 0.0, 0.0, 0.0, 0.0, 0.0, 0.0, 0.0, 0.0, 0.0, 0.0, 0.0, 0.0, 0.0, 0.0, 0.0, 0.0, 0.0, 0.0, 0.0, 0.0, 0.0, 0.0, 0.0, 0.0, 0.0, 0.0, 0.0, 0.0, 0.0, 0.0, 0.0, 0.0, 0.0, 0.0, 0.0, 0.0, 0.0, 0.0, 0.0, 0.0, 0.0, 0.0, 0.0, 0.0, 0.0, 0.0, 0.0, 0.0, 0.0, 0.0, 0.0, 0.0, 0.0, 0.0, 0.0, 0.0, 0.0, 0.0, 0.0, 0.0, 0.0, 0.0, 0.0, 0.0], "rewards": [-398.1926858775188, 725.2437020058906, -1950.4658908265371, -1006.6129898965971, 1205.047679643024, 970.0003709481166, -1020.0068411936111, 324.45554651573684, 567.9623334459745, 1235.846432578234, 2123.751420127618, -445.4422312442567, -1123.2283091088952, -510.87965459844236, -640.0541205012095, 536.4676354730076, 412.1951291519752, 1289.3963469804542, -174.65498386413176, -340.82697116300335, -623.257488777706, -587.5769515945597, -316.59639553464757, 1404.0863642690044, 2257.554019191799, -158.48950978373085, -2291.9653353168724, -548.1065217859936, -1962.727052559672, -1163.7777168812688, 754.6439445781745, -361.59614103187954, -58.24821316758414, -1545.8497953359886, -353.6928842812859, 1944.3122781899172, -43.40306461195944, -1253.7772499814093, -1057.9667948053457, 280.45495905912514, -132.67273179883838, 715.6023961700882, 784.0757190854173, 888.9708446208055, 1167.8970207792183, 1090.5910835427621, -61.56124831319947, 1492.2470825701812, 1269.0460814034152, -230.753493650321, -1035.0306462676056, -909.3696378186113, -111.65223300537973, 1082.4185819340205, 763.4371378921769, -413.05444954757945, -308.86433734006494, 1809.9017016686382, 1504.3623773566342, 1053.5422549906566, -934.1037960146615, -1271.9913553217698, -222.22478890381242, 1827.5980997710808, 237.4582377399617, 149.89738388809894, -895.1944491468374, -426.47087006805594, -20.80448673309103, -792.5107853858748, 247.71054048378517, 1383.137062638287, 2641.264957025454, 1624.2932369097218, -662.9861466388605, -127.04955797118765, -1123.7755551289097, -342.0537801854291, 687.6481876183575, 1306.2678968796554, -1189.2393395674194, -2681.672339737291, -426.1359509382321, -248.42151101524593, 452.1588539488126, 205.55782411780316, -191.21194933091945, -765.9266149598319, -988.3748608112669, -329.88797635287034, -484.36972254394465, 469.0677212112531, -852.3704054921491, -401.5991695738656, 233.4734309176508, 1123.459853113953, 532.8759657581238, 561.4319103940938, -591.717108188639, -995.5704234072881, -339.8026262965694, 1224.3129359232942, -1223.4271661849996, -1826.1916605618308, 1550.9262238937606, 1650.2455891162517, -599.9064559752976, -275.01869737863984, 323.16464444865255, 961.06744892193, 977.3190296129791, -270.4310879719522, -2201.1621647256184, 1182.4824034561996, 2591.3557715034904, -431.12121940853, -368.2248647430496, 235.6237575519097, 1814.071321394524, 390.51016768905134, -968.4446143821298, 207.43673276387506, 2226.5841403854324, 1378.3328894770652, 1108.6156898086233, 1188.825661239078, -999.7036322157771, -552.8382855575334, 257.73869687550905, 2219.7712966699723, 1733.471188326981, 328.8659521217461, -1542.0103280770809, 961.392819259263, 1330.007977380171, 552.7603509662141, -1377.2661590046707, -378.39313999505725, 1132.2872973240258, 2531.6055784021387, 819.5866091454872, -2150.2487358258936, -1556.6812762385844, -1101.6932298029367, -843.5390794904797, 819.045351203069, 2902.5123272487062, 3440.7939900351967, -484.394939119503, -262.99088953945187, 355.86850795208005, 300.1471440643623, 118.75443789133033, 1179.0250227410475, -113.96613641461161, -1754.563493132604, 541.5730523048487, 1982.8765198811354, 539.2921147193802, -19.512501305839333, 726.4108044619568, -837.628920823907, 1850.0727797361353, 2211.169078154465, -30.650089834397807, -166.3810917451133, 771.4485152085381, 1050.1623023373993, -1329.26088627996, -1332.6236495918888, -464.47325539365283, 254.42671349301506, -1.4444865222158656, 919.4906771041206, -508.4314291874528, -210.95017014843043, -621.8487545334737, -630.9967549029806, 1392.6555849675863, 143.745748973084, -185.45505713408693, 2266.2266052671084, 862.2957495438503, 404.5774605695517, -1022.5886820850857, 33.65746216743604, -269.98862191551194, 184.71953150888618, -586.641987603679, 181.57634774802517, -500.76116790364114, -793.8764793262575, 789.1306316881737, 1569.551238787933, -158.82853794307832, 875.9691828081179, 995.8721024388454, -41.61070259733751, -1356.488163927115, -1220.1410545087545]}, "Latent AR LinUCB s=2": {"actions": [0.0, 1.0, 1.0, 1.0, 0.0, 0.0, 1.0, 1.0, 0.0, 0.0, 0.0, 0.0, 1.0, 1.0, 0.0, 1.0, 0.0, 1.0, 0.0, 1.0, 1.0, 1.0, 0.0, 0.0, 0.0, 0.0, 1.0, 1.0, 0.0, 1.0, 0.0, 0.0, 1.0, 0.0, 1.0, 0.0, 0.0, 1.0, 1.0, 0.0, 0.0, 1.0, 0.0, 0.0, 0.0, 0.0, 1.0, 1.0, 0.0, 1.0, 1.0, 1.0, 0.0, 0.0, 0.0, 1.0, 1.0, 0.0, 0.0, 1.0, 1.0, 1.0, 1.0, 0.0, 0.0, 1.0, 0.0, 1.0, 0.0, 0.0, 1.0, 0.0, 0.0, 0.0, 1.0, 1.0, 0.0, 1.0, 0.0, 0.0, 0.0, 1.0, 1.0, 0.0, 0.0, 0.0, 1.0, 1.0, 1.0, 1.0, 0.0, 1.0, 0.0, 1.0, 0.0, 0.0, 0.0, 1.0, 0.0, 1.0, 1.0, 0.0, 0.0, 1.0, 1.0, 0.0, 0.0, 1.0, 0.0, 0.0, 0.0, 0.0, 1.0, 1.0, 0.0, 0.0, 1.0, 0.0, 0.0, 0.0, 1.0, 1.0, 0.0, 0.0, 1.0, 1.0, 0.0, 1.0, 0.0, 0.0, 0.0, 1.0, 1.0, 1.0, 0.0, 0.0, 1.0, 1.0, 0.0, 0.0, 0.0, 1.0, 1.0, 0.0, 0.0, 0.0, 0.0, 0.0, 0.0, 1.0, 0.0, 0.0, 1.0, 1.0, 0.0, 1.0, 1.0, 0.0, 0.0, 1.0, 1.0, 0.0, 1.0, 0.0, 0.0, 1.0, 1.0, 0.0, 0.0, 1.0, 0.0, 0.0, 0.0, 1.0, 0.0, 1.0, 0.0, 1.0, 0.0, 0.0, 1.0, 1.0, 0.0, 1.0, 1.0, 1.0, 0.0, 1.0, 0.0, 1.0, 0.0, 1.0, 1.0, 0.0, 0.0, 1.0, 0.0, 0.0, 1.0, 1.0],