{"k": 10, "sigma_z": 1, "mean reward 1": [211.51675648852648, -625.9779457461127, -845.9784857172307, 1063.5179235369721, -2076.028217704942, 1127.2121266495742, -2.4552091771828635, 37.70417457574886, 94.714239652306, -416.4740021935717, -382.0180930593459, 367.29422906187585, -35.09575830050462, -92.03444072729118, 7.620546519210877, -199.558751119331, -260.59748121647283, 287.9100696280702, -131.3091125489019, -51.5302681831775, 59.464003134691836, -118.06128672070342, -12.522962083135969, -38.453057089360364, -135.5411182461801, -77.16724912634247, 36.61065544221345, -28.020940596983884, 132.14619983677198, 29.051084308428155, -221.8307621342868, -79.36731589164391, 0.9456500602196272, -118.67274158282048, 65.10644795163593, -109.41397999117257, -51.24098808228619, 29.791446867972223, 4.5582445846855615, 149.25819749443338, 169.9199563272156, -131.2287521914885, 9.14652412964349, -83.99133689368823, -51.487036653592796, 24.022771725489903, -45.319477714890866, 8.335827934060102, -62.036079844256605, 116.95014915049175, -24.54297537364897, 160.8839891626858, 62.851879091596594, 61.387798666914925, -45.18997359546822, 102.0295138279336, -56.36110860525982, 25.51188474479475, -68.86081924036732, -9.848663692447564, -163.9702145416732, -10.717834482578265, -114.02129932441198, 18.100737411728264, -41.368200232254125, -14.55520131513558, -18.857123615122404, 67.09742342881562, 57.139868205218534, 111.94685258653321, -58.122215139013576, 7.125471664608166, 87.427928416047, -174.03043761632065, 53.78720734080713, 54.71939636038299, 50.13066954958387, 148.4458682185366, 136.70380165451058, 133.46586733431465, -219.40125836531493, -2.7199671325774943, -113.52234971851554, -111.31624335151716, -4.8751625408075485, -39.654342246523235, -121.78456987185626, 183.95119586156795, 17.345901663551693, 45.179788949103774, 68.36611446752562, 80.54443479801074, -68.47284634406967, -15.65359982318193, -0.014133513266789688, -245.23452685479424, -11.637497981550643, -92.41708085370803, 62.75878624329172, -65.4501216740051, 114.63054197992155, -58.40598675055926, 20.751994588116442, 76.66802114078884, -58.66427880259253, 96.97518240549823, 34.60571191694797, 123.42260809269393, 47.19202847417424, -105.04787794523023, 8.815480222449636, -93.59856890674139, -20.1759858182985, 24.147183322558373, -113.67054493858268, -107.07645734436267, -18.491508787497214, 121.38182167869583, -112.22853554418357, -42.67744853537222, -147.90301531690574, -76.63269596623641, -131.4305760334388, 111.0084389116011, 45.34800669085385, -25.89103506411069, 153.7510319772291, -132.5775699619258, -36.92284434717574, 140.4645697035038, -57.97717345781065, 246.3081276953917, -61.625162120994524, -28.624005187062153, -29.36760720437568, -86.97984540112597, -29.689757369343695, -12.786219870561698, 91.17359409269515, 64.12949617274944, 29.76637138869802, 20.171989576658333, -102.91634511343493, 151.53173500580309, -116.13533912454301, 136.69299851426106, 34.64628611630442, -107.87838039424196, 208.78859551449384, -157.16206049581382, 90.54339759110603, -96.36702671580272, -95.43773507586569, 122.63870775369294, 81.15874163217987, 202.3774582443838, -21.359250026030786, -123.07914387188043, 79.27958401784484, -23.52859288583986, 95.46757118447931, 68.09020965294198, 163.78277620628486, 16.28481678803619, 5.441063683622049, 78.79868336018549, -137.94374308399446, -126.51621367016563, -155.42348451504552, -106.92827292425018, 82.90762889668162, -37.41000710657583, -151.56178471909888, -113.41998461570898, 92.33640781182658, 74.54597015585193, 65.33891907599153, 29.721706428236562, -112.13242431897297, 103.27586260841572, 169.28463557329096, 73.54062288310851, -102.34660141828375, -13.018145737550322, -277.2004144857029, 87.47691677600109, 98.91520280433897, 57.54122943518515, 29.33764604476735, -24.249334158624585, -56.507986116114395, 108.06117232973808, -151.53801302119086, 35.430992249555764, -33.92384434031765, -50.69908766284459, 176.80493462151426, -141.4734753291286, 27.87648383101074, -115.6987363666169],