{"k": 10, "sigma_z": 1, "mean reward 1": [0.7786388336783476, -4.298922887975954, -6.235541414166491, -8.897726972030918, 6.034255472107665, 19.239451656634795, -1.0717223464734538, -13.87312926749228, 9.145495186648581, 6.509331670962269, -0.28116263624187277, -1.0723185301226428, 3.098395423977688, 4.1209591391958, -2.8410733323628716, -2.405804100055866, 0.6508949742827377, 2.5157728646375808, -0.6756294471452706, 0.039567883698108486, 0.8689065080004628, -0.40603768154164727, -1.112637667237147, -2.126446888080799, 1.5297134856579613, -1.782364766240298, -0.28512628999470285, -0.25661662299958543, 1.416924240840625, 0.039152438384690846, -0.35117982001581705, -1.3350018377693544, -1.9670082803696491, -0.5337318074134947, 1.2702546145493943, 0.8136232443927577, 0.977431422959899, -1.324870425600074, -0.9552764299301153, -1.0374973763183366, -0.35474508883040623, 1.0306075282385252, 0.7201727699444931, -1.019581602446833, -0.5652412334882846, -0.5625493215474437, -0.17214997548665967, 0.12449153347498369, 1.7269105873091193, -0.21994727264377678, -1.7314143689522972, -0.5852540067452437, 1.2455891960034335, 0.35967713284417246, 0.07743223488735662, -0.14709347026704506, 0.36222669688995307, 0.7727924676167909, -1.0197805551365071, -0.14937656290972756, 0.4942323989667484, 2.4090201452480224, 0.3406262592626278, -0.5558978101159465, 1.7315275967510175, 0.8765136121755851, 1.9908081548260121, 0.09424368492992552, 1.3151731382705227, -0.1251170383043568, 0.20311698880966977, -1.7273387845476396, 0.15984097942280767, 2.19551124833057, -0.13739226313388103, 0.6358677125414056, -0.5415728300891466, 0.7772250495540466, -1.03964890597688, -1.1155144554286451, 1.9443814443039165, 1.2759824644083766, 1.233555317596357, 0.35999896078303084, -0.8093085306013716, -1.3436376737910536, 1.305809350910793, 1.2214180780766788, 2.4904388541358875, -0.904950654299518, -1.468451129868951, -1.2441971843193271, 0.4736904742281637, 0.9467772899434755, 2.9666551959068785, 2.2279644693672465, -0.9651829839372839, 0.15068716451720054, -1.9657940256294812, 0.5532255535882973, 1.3722692898715105, 1.0406354034793828, 0.3496833833324428, -0.8245806439159936, 0.528687014857767, -1.0400052706365923, -0.9125895124291807, 1.3018703572743062, -0.7363487418887511, 0.5928726937397966, -0.8485432325441387, -0.8474757195339611, 0.15353650794350132, -0.47697748505905824, 0.7529863434162407, -0.2793730369272455, -0.5441621704548819, -0.8096554748780374, -1.729036880235276, 0.3290121047980657, -0.2983148449885462, -0.4510887162835815, -0.9431394426897369, 0.26831715196917494, -0.3985078345031494, 1.0145035322818874, 0.6880648457217666, -0.17374579255329564, -1.0097882913630611, -0.53632790310795, -1.2025736679658343, -1.0257620043359552, 1.5938556557298802, 1.2550489607687152, -1.278144350106901, -2.1619444437275277, -0.7449904490999576, -0.02838227107516683, 0.4388933990564736, 1.802417744464181, -0.030790006618981236, -2.3936390507851795, -1.11381238550205, 1.0258362387885738, 0.8150501253665805, 0.31779112709234963, 1.9836174076397561, 0.5520981948989121, -0.6245243935182039, -1.0600714959010513, -0.36595151483050925, 1.1768655965766437, -0.7469508950650312, 0.5929327331563864, 0.7748294527501606, -0.3741155002321156, 0.36938832672139443, -1.588441989242468, 4.534093309546942, 1.5529174937398849, -0.369688212614228, -0.932543768465429, -1.6654641343159475, 0.697788108040197, -0.2664221982952726, 0.7677481452579967, 2.2053271821098077, -0.48678807511265965, 1.2986526059675791, -1.0793322956711786, -0.22241570889330264, 1.122438295764044, 0.0510037107923863, 1.84207926272465, 0.5538883123496717, -0.18552920228794617, -1.884839103828821, 0.7226506751119901, 1.4962412050377085, 0.9163881944407721, 1.1110529546227133, -0.3355039815778709, -0.3927423325237892, -1.1101375237009434, 1.9647763550836057, 1.4883645826910046, 0.166756389030286, 0.6635487869828464, 0.4668173340844862, -1.2726347029833363, -1.8701667935926887, 0.7865910914242115, 0.5588554891014019, -0.4999833674968932, -1.2195138748856154, -0.6100375429228522, 1.204163869629019, -0.5151038929820277, 1.233472220141811, -0.14439742591800064],