{"k": 10, "sigma_z": 1, "mean reward 1": [-412.6323465630714, -576.3146503145763, 572.13561738059, 127.21048571706774, 1955.3736756332885, 1038.9175584829823, -906.107524793649, -2002.4587116822809, 86.5810242678643, -1235.7139633647485, 590.0568973215182, 217.96200843949478, -623.4570952442466, 125.67591225360763, 351.541391312368, -26.67681246014878, 458.30351111714106, -87.38102864292553, -372.86309158470215, 149.33288933541448, 14.191374030539277, 19.308485172143342, 69.01840989230514, 1.9267691372924722, -95.31221032689375, 202.77150448316718, -53.49834137160663, -155.16676032219286, -85.29792197938262, -142.71349554401084, 209.72443247363609, 108.66609447447841, 81.49276996717501, 40.97264485339731, -36.980745422347624, -103.43986057173483, -156.64125444228313, -17.8566803819294, -151.08062175705666, 27.068117243367517, -83.2225702302789, 232.70487830462466, -65.57017823692202, 41.03439729181901, 48.046145303272276, -96.67232758687547, -105.30242104891008, -28.746865589639103, -89.3648837720047, 45.84846685862494, -4.887838470089406, -110.87357683875516, -41.33381890694204, 63.65934062398696, -32.17973496535655, -18.769992420454212, -20.225292338852206, -30.55390547468656, 83.5898146599856, 61.04459760965302, -50.62881577249695, 140.3855342896686, 112.99384565042554, 157.75263712276006, 141.7706012711313, -15.39471574987567, 111.61816600557451, -159.61980405406678, 33.68641159724799, -158.16269494652485, -53.43566934123771, -78.24779640200616, 71.4883805878098, -10.753708898883213, 9.526898559841717, -148.81408974809267, 0.6337507204048625, -32.049063719111835, 20.787778231624728, -22.598160626319324, 63.55611770853869, 26.428513322792085, -91.92356495507339, -57.49494369690624, -76.31999771977773, -48.816565467041976, 166.44973506703855, -48.38129396507099, -124.46247311385781, -94.89174001990348, 44.268340516380384, 196.56321021457833, 194.45238388903869, 154.82499644687266, -69.6813194438306, -156.42273292836137, -18.3035238601092, 28.074412751698585, 107.27198660964656, 40.076710808360794, -216.01326797311322, 18.85898578005915, 179.65487145711162, -94.58992968194391, 130.4510188806069, 83.56703955411726, -42.6411384209525, 80.79820148383894, -128.65251174862428, 32.36943945422088, 46.32174990002266, 126.62206585927348, 69.2464216158641, 82.17310950796481, -245.7985954175564, -45.441978926858, -54.194093462897165, 93.27860280315558, -29.13176885353497, 51.42196695811937, -119.25205532891002, 161.85079348621994, 3.886670202993919, 35.23920048336815, 21.872862656967428, -160.54313972920832, -130.33607184014113, -254.91931310479958, -105.58509945675394, -122.40497897770727, -1.2566737507419559, 17.210369253163716, 191.660362992399, 144.47224260392974, 36.49839833917867, 13.867338880645855, -197.28031858458777, 26.769198511055297, 39.126521626539876, 153.96685168591844, -112.74971442386519, -114.5892329190775, -163.15109251355014, 165.42618198275778, 111.12015288062376, 87.80758118892523, -62.166636982740556, 24.28651661061493, -139.72084960314245, 105.39582519610533, -26.16126001109062, 74.43658375631661, -3.8980070883514073, 85.54075549197434, 23.63987326186912, -46.45955653254229, 26.593863556632456, -136.1167957721557, 110.29018333327876, -212.7835255592598, -90.05775475229119, -27.40453549115238, -81.47295129952215, 15.524692401344547, 104.55127696932244, -186.60817458913118, -104.32854091866561, 37.3816800216847, -66.44435193714929, -68.46571335208353, 152.7746188002694, 155.77286675351763, 136.1601714855058, 223.71377911136062, 121.97075238985792, 95.293896579054, -38.42101905628236, -109.96178466090383, 75.27240173529412, 40.303580676332764, -12.098049823046193, 70.82720025681046, 20.50088644990536, -5.885794417004078, -18.32437509786782, -13.348692287978386, -13.517447235971982, -21.087820419151694, 180.59432109281198, 95.20266406721345, 36.59786742830061, 77.51144865593392, 52.35548695736944, -93.27187287882612, 82.0295556123154, 77.81786972539922, -22.833430572965618, 166.38980437923206, 56.06992103840997, -42.62632281258716],