{"k": 10, "sigma_z": 1, "mean reward 1": [-14.043755451966843, 0.0401572947497585, 3.539722930722544, -0.6143490159665034, 1.3994672592803437, -9.367301751353372, -9.171327437778563, 2.683373487945447, 12.456569254634093, -5.498987449126083, -2.1279872338580055, -2.0441305410790336, -0.8794347014166751, -2.5612883680760077, -1.7703278577811457, 5.504658453040183, 1.9149660312668062, -0.7730234107343459, -2.436703192163669, -0.28342321879094967, 0.8514963897239998, 0.19361001357485294, -0.09863884841880166, -0.19763197376834263, -0.16656513906183829, -0.16021832515521128, -0.2483478159964282, 1.24608616662575, -0.22283838894749142, -1.0280097105861388, 0.44535538815807485, 1.063027114859575, 1.4655295985467989, -1.655377328820861, 0.49230551913628484, 0.9046836571338134, 1.0538222627753626, -0.3448843099086206, -1.3948602632886815, 1.164881317655127, 0.5992079305051369, 1.2018047220486427, -0.6146341054221489, -0.04202044309031221, -0.3911871116934154, -1.4923411602612469, 2.1308320122967794, 1.458562352758696, 1.2405827886339666, -1.170312353190952, 0.8465246242498892, -0.4766754406585356, -1.1195464650651876, 0.28872619087000195, 0.6347908883398473, 2.7750588720731786, -1.6059793026014049, 0.744111479258065, 0.004454402766385646, -0.42907208660379303, -1.0021581157257073, -1.1014758166331422, -1.1271698420750318, -0.060054807790425546, -0.5172788144595311, -0.8557228654684815, 0.2715158312317495, -0.6933627162749498, -1.0631332515190801, -1.1885796320372128, -0.28317826246351435, -0.8316472283364787, -1.0158714780689715, -0.9473193433306577, 0.7411238502043431, -0.6237556107234329, -1.4490380537097238, -1.3684632151028475, 0.5677690017561211, 1.5787858781542874, 0.4175340147017587, 1.227841895870804, 0.5124067478179934, -0.2536807468927474, 0.8777079197361222, 1.2353602094942895, -0.8198006772626576, -1.1467331402427718, 0.20373972575165744, 0.4417559985881505, -1.1722532023413816, 0.2332735080155922, -0.7802408977430291, -0.12148870340187684, -0.4700191604369418, -0.5625472097283645, -0.6346761327525698, 0.8732866461014911, 0.9792961270946527, 0.6139808012368887, 1.7466213129699202, -1.5707610724106462, 0.03018454310969637, 0.5368584537699918, 0.36624408013117243, 0.4878698215786649, 0.7382281142799865, 0.07566088568583296, -1.6158601374667199, -0.78578427569711, 0.737060214774824, 0.9411135992949959, 1.5960002203322574, 1.0790776834136047, -0.20924476234056094, -0.05351284863292438, -1.0050334668823242, 1.2027673683870082, 0.20629275551198656, 1.560703560724577, 1.3905346041969422, -0.48282196245157055, -1.34438236222242, 0.6810279133230985, 0.5535981101233003, 1.7423444767012666, 1.6052095658669878, 1.727858742556616, 0.01760419857889145, 1.4453147174598866, 0.4477030984676913, 1.360304801650113, 0.2871319237311632, 0.6097856969885792, 1.309447613754759, 0.37735402661957207, 0.36853572910650556, -0.3348511696910032, 0.8441035947762877, 0.5873400632522121, 1.1115705632322121, 1.3938466406976364, 0.9396371650231549, -0.25853601629536516, -2.817548839785216, -0.7817211500174338, -0.9919279887211844, 1.5048256868083987, 0.6335078203258926, -1.424716702415172, -0.02272845959231784, -2.4150086113528832, -0.7480355179881895, -0.26418557050928887, 1.4489674100663714, 1.530920739841889, -1.03895304866055, -1.022175047420684, -1.2463461738023451, -0.015154145447797973, 0.6236040830955341, 0.5498075286375779, -1.290628877143224, -1.8997760475920527, -1.3589132795698187, 0.42425620465535874, 1.2313323652560972, 1.1111890159911377, -0.9968005011338732, 0.09633694476726107, -0.6635087619208395, -0.2982786484361752, -0.029898732597657213, 1.4250316583769416, 0.022680243933980826, 0.31879316965823407, -1.2960139268270552, 0.7911882243393211, 1.1715820663665661, -0.8302963784454854, -0.8057171515814026, -0.8154197383314524, -1.1611021140072872, 1.0189871402701023, 1.4436361619376161, 0.8362332011741038, 0.5392009879639441, -2.4848554631357747, -1.5723247559934639, 0.6124364364001204, 0.8107686755992636, 0.5097384189382491, 0.25782592352793904, -1.93610793409585, -0.7676065939321477, -0.42052465114697, 2.103780395439796, 1.2063043763584655, 0.030130236700563334, -1.7093784119857927],