{"k": 10, "sigma_z": 1, "mean reward 1": [-477.3218047416219, -992.9419961665991, -16.363138076748424, -473.23009692396124, -182.45721548345097, -837.9685887199869, -2025.5661142156032, 106.41685276947408, -525.8666836324203, -456.42047922786634, 213.8099409605092, -88.64544364684974, -220.74313510064366, 250.04647789763013, -124.3962281668138, -236.77382935305738, 43.93906156967634, -42.767608092143604, -115.7441290523695, -20.518595660524298, 1.2823484998625567, 26.726698688440454, 95.16608236391163, -65.32438614371603, 6.707021921856643, -25.194415898950396, -139.6932016263022, -99.34538171531555, -55.63551835557586, -47.318249609743674, 212.52765341845583, -16.622573069803646, 78.94922972623945, 74.20521322001034, 52.08437968292641, 9.20572405079271, 4.9199400347426705, -100.69869617764986, -29.23677882578735, 33.7834046742059, 0.798951688190605, 20.329647886590948, -4.690694033092877, -33.698239962485005, -40.78740186479604, 176.99280967880517, 74.08706081159256, -51.47432193663175, 6.875712171093687, -50.972072171974325, 15.237590751964722, 168.40160572019911, 22.23164933860746, 204.8437103164372, -1.7333342162797218, 54.47999852344702, -159.82901325046637, 135.1931597439409, -18.768626531836453, 270.58080500429753, 32.11495323629463, -60.190546664497305, 188.53041810232017, -62.99248039412687, 60.81310798608146, 30.311222348095416, 132.19489976180023, -24.539868164592978, -14.00679053992796, -99.99146304199692, -49.85364333441432, 32.727610417371075, 70.20016237559942, -150.53444503990724, -64.14522638230706, 76.19412673424134, -135.48548684670658, 81.10367467911855, 39.58623718816597, -47.759272579319685, 24.439349322324826, -66.9109555329853, -29.351290378182693, -273.81294458476873, 87.28249976973498, 60.21202023598814, -126.37889644581071, 88.04843207680489, 56.86594901660564, -37.12307620148809, 279.70832332546996, -57.004693376690426, 51.981187859512936, 5.484414476129009, -127.88521096144181, -146.6544022519975, 175.3642091857756, -116.51443925695915, 20.389403084955642, 39.56618403499728, -135.19614299644218, -37.24902456847953, -37.80969830651671, -94.00657269131672, 171.49182790492927, 15.267890136175932, 34.79472873939532, 72.54781256540828, 223.14469156693022, -107.12897622609916, 236.21071708317425, 4.204578244592749, -33.03814562777022, 61.70451404634696, 78.41937621499865, -64.62109976477161, 99.23599187113585, -169.0988198315706, -81.13753097820378, 56.79955823534875, 37.4696687153477, -28.259074127540096, 149.21397607413428, -171.6275928079928, 162.02258311996133, -51.19507464984634, 52.67876938008862, -123.95392680900652, -12.533090271416276, -88.03791320105637, 112.39878377307319, -118.33113937617298, -116.36730083366966, -17.407409530778335, 62.058780929799774, 54.56153900127444, -45.37776733652341, -160.93288123761533, -138.1388241583735, 103.91566257849539, -55.52577074919088, 237.31336862452483, 164.7829467057948, -40.082491852074625, 245.67592274775626, -59.524351834449455, -41.82108616295261, 22.156353186912025, -174.38897600593333, -87.92500212602239, -27.32384812324741, -112.23961950251416, -38.65016612583131, -227.4303856843273, 108.87931072839474, -101.5963924777948, 138.57886502456952, 43.74309272904484, 120.89414838434833, -7.33013962505057, -30.782565465640037, -87.48617454046672, 38.5585731190147, 19.07703643752378, -10.200979416285834, 137.65889145828228, 11.526050212695067, 60.90646870667731, -17.68165447972756, 11.448440112279624, -57.057578640062026, 148.28878631059263, -124.10225738435913, 118.46454626215512, -52.59659835255538, -17.330073584897253, 123.79670570884458, 221.25652498166778, 29.481530395933618, 4.376793235523335, 56.45716854967634, -22.336992931635425, 42.74197712701275, -143.59892339301376, 136.038238690247, -93.6236083440207, 35.72043570460861, 180.50537662807685, 77.25656375831623, -51.24179317589166, 28.218495957623325, -108.98262794501773, 108.29057266866377, 152.09202472797685, 123.22623377460005, 177.97405835937275, 82.95717589069577, -26.91666997485342, -47.73712286484785, -119.91066346295105],