{"k": 10, "sigma_z": 1, "mean reward 1": [77.86388336783476, -429.8922887975954, -623.5541414166491, -889.7726972030919, 603.4255472107665, 1923.9451656634794, -107.17223464734538, -1387.312926749228, 914.5495186648582, 650.933167096227, 314.29102773385154, 859.0413020896085, -617.7087117535916, -455.25154571571073, 538.3601957851413, 9.295684515393162, -203.10667304024847, 105.44198428415339, -311.7993820857745, 68.45191635751986, 292.772492868122, -58.04989312863038, -59.27570813813677, -108.87600280845471, -26.023607866514702, -253.9205995795654, 93.57063100088565, -112.31290640149925, 84.10794091878402, 35.99895339147044, 100.77748629060488, -152.80012823855452, -125.6173754032798, -104.94041316461313, 63.219945612355446, -8.297900107341771, 132.67196394837018, -116.92042915085679, -10.654279785854426, -47.97508771932036, -32.47967166216062, 27.37208899476866, 9.483058259263109, -154.63854144116885, 35.37221421422497, -31.14566523430836, -9.221649647582096, 30.996616977897318, 130.47053048442874, -105.64423348713521, -69.71403260502422, 5.937521659432175, 66.92710584169215, -10.538549495944919, 65.75066287798865, -67.07420665017652, 15.442043385851353, 132.2166645955307, -54.105327941470996, -5.386483766240096, 7.145089976732491, 164.81419722025353, 38.986473916591436, 58.07098965452471, 174.7823713573616, 40.010898109082014, 243.36103856404537, 63.53257684419006, 97.84726960545498, -48.89728856262826, 69.33091204723371, -216.0116063592537, 31.689490089992546, 93.56277881229204, -72.69436749474355, 128.68189168571615, 9.745369325699373, 48.38348656238538, -34.31585730148872, -48.657083416156276, 92.54919322197193, 45.02691527076222, 128.1102529129568, 125.06634372254027, -63.9657441249745, -90.33888891475364, 169.53388689810046, -5.477936726066424, 220.6184294909847, -88.25827654608499, -98.88621889614116, -93.96766959243033, 76.18888567810835, -0.6275062685459215, 288.8772385220018, 123.52472867728966, -30.115727579614237, 201.79300518778342, -141.38211448454481, 23.630962952550064, 74.65154821736006, -52.34497593590597, -33.44426967221696, 29.56386500655978, 57.70654952188578, -48.7963684050903, -36.54768982501583, 63.68354723083252, -193.35370684459292, 100.77651906743709, -48.36905613043081, -98.16949637853827, 49.10457016128181, -45.01819404432806, 13.195877548021567, 10.487725872890962, -60.789828910236935, -70.60086903860497, -139.06325591961073, 12.959765565517653, -85.00938165923016, -64.54844140040582, -81.88823750094721, 28.90458175831808, -55.26159144927591, 186.07684884858247, 52.980841497065356, -9.413669086929364, -61.837589718577604, -17.718002118758037, -183.76093130089419, -85.52001287434149, 92.75728588162384, 10.35660580440937, -93.32481820015572, -68.74192357009956, -76.38093744423932, -51.61660790502859, 70.72048414111526, 135.17756501995547, -81.81146685608216, -158.16593825340553, 8.320423598527826, 60.854155808488464, 19.753412764118888, 56.439691278861574, 147.7194013446508, -2.0999366041437426, 84.6232178666632, 21.883387387772643, -86.3222909344133, 23.80597650580483, -130.52667859750727, 29.062052120364147, 62.19433408350816, -28.51489057142218, 114.37893970716506, -114.90165322832931, 423.65950512616166, 81.51800247440775, 55.42106033731358, 5.1790650542443135, -183.92694594244404, -25.046750940150137, 18.785259363270146, -51.74794294111131, 139.85815472638978, -56.30018366386502, 243.85087926283632, -1.7289968662674071, 26.1584818044449, 84.8412451619657, -65.49562705497164, 121.21319340518271, 84.92533653720727, -32.934726906955724, -118.4332380853451, 116.68905897485102, 24.771656081265814, 87.9742246985957, 142.63622823442628, -48.040517380402804, -20.200320995285992, -8.307680240251585, 172.37864270945977, 43.21008402388827, 20.524778801132477, 81.73527451708196, 50.49879678466688, -96.90074279629653, -71.5956733573655, 2.6450054430006253, -113.4413809485093, -54.10460966808959, -68.53542432762791, -80.98512847757438, 121.9482743078989, -6.995642238095689, 157.99762573525314, -34.889066022398815],