{"k": 10, "sigma_z": 1, "mean reward 1": [1830.9466569846284, 940.1759927377288, 1018.7170468931079, 2302.37828854235, 1621.0929776731057, 712.683273479498, -208.70362911251462, 137.6179913049609, -103.35216830067509, 848.3505668983572, -98.33402699821717, -37.88117150941098, -102.24523476471914, -7.6573431127916365, 237.0592936629115, 58.47089546393762, 91.18801337117166, -193.22041875804769, 88.74648498977047, -60.154131964651846, 119.32487025349106, -129.1476634183258, -100.521468207518, -137.29766038916117, 123.48447177908564, -155.21219456523988, 21.39506851958746, -95.62635534334028, -120.5388332128432, -198.3941579906674, 135.82074251340558, 47.01263708525097, 183.9235419549596, 126.8627923617391, -71.59950311719311, 105.50260098616626, -10.182875441457867, -72.93177642292747, 19.067530656703525, -0.7302699697039228, -140.14644003579184, 30.981883328758048, 34.120475977060934, 44.413221933516624, -91.2842142640158, -116.93792277723003, 10.639355888425772, 3.370562035958069, 36.86739219864793, -278.36360863742044, -76.74565607336218, -152.84495766585957, -42.27217695111592, 107.25011772829214, -35.34641075205659, 75.2290972326569, 11.689143392948818, 136.40191008362206, -43.09394185113796, 97.11897239617028, -93.40627065010388, -57.25121015120992, -73.01465210676444, 75.92143383558948, -106.50290475077703, -28.81137568497067, -90.811423364745, 0.30756267605780707, 6.075159021888997, -29.133386707239605, -25.793029854602256, 68.01259861667087, 48.64056007460088, -17.05623090357732, -33.070316469069375, -118.62243982760097, -6.37694133571779, -69.88372373153075, 51.02552612794692, 70.9524590051399, -86.21249951627239, -99.17124412966189, 0.9827458232694372, -104.87520197821325, 13.90556609293313, -71.18967190186716, -58.04558585729027, 260.6536902899168, -139.59528608934937, -50.157854092772126, 82.97357685061915, -114.67090688512793, 20.352978591031846, -74.71549751994205, 38.526807425575214, 146.47264793182578, -1.239429274434195, -179.0413863126155, -105.29290734976506, 9.813783003695708, -69.43405734440289, 50.04795616158641, 25.18708128641018, 150.97961128791317, 19.416562695354457, 32.81964859726501, -14.648855215001868, 51.66941567911427, 106.6116631575359, 50.43254247938589, -59.012478152848715, -54.77007843437638, -61.39743917574949, 108.23244325990096, 52.6752561546714, -30.458024926669026, -69.20214868762305, -37.84443718620463, -276.74226288589244, 98.63319635718038, 66.79834838831039, -42.786857603240406, 337.8006971387707, 10.022191569970875, 23.17523760957458, 44.99241136250309, 72.3397336684342, 61.33226595513419, 111.3242917430687, 80.78399945178509, 134.87229353934487, -36.003163391148576, -60.217851786316444, -84.50114936477817, 243.62979053541184, -24.445430311796727, 38.74784262019513, 26.884205402775734, -194.73605807832615, 39.10906114123114, 132.96156936172878, 124.68329791925647, 94.9343016927306, 117.97095583902717, -34.024347218253105, 55.34482041989727, 84.48813751995633, 155.4139792569374, -32.05811292630904, 51.8919046062223, 150.73238453793238, -76.46875535025724, -49.69212743085091, 32.5589807433645, 74.26140056715404, -84.94854245497676, 6.218031964999859, -136.53176395718503, -32.232874973922534, -36.7861194253707, 37.972574305832815, -104.58496259043937, 2.9357986198100647, 11.190361451618244, -1.3198102884204028, 234.31902668434032, 84.51233000867937, -126.8759199070427, -5.487711742149442, -41.92531017458921, 67.70479901363859, 76.93618421448367, -60.20298829460168, -61.864750622015826, 41.29106166984768, 11.013778499128072, 117.87357092686773, 142.32754975859964, 7.0546518367801205, 40.25144388947833, -88.26750384357372, 1.5515458810850882, 1.6315501347325982, -195.69467736843743, -51.72347543500927, -36.26149297603638, -102.59111163940942, 76.59533497488644, 54.62837589667168, 120.63558567842165, 147.5863420303509, 177.15907772352045, 41.322734984591634, 45.933200637915256, -127.96418993669721, -126.49723880766159, -212.74205869504507, -147.8065483196637, -68.57535629535167, -65.7575176412124],