{"Stationary": {"actions": [0.0, 1.0, 0.0, 1.0, 0.0, 0.0, 1.0, 0.0, 1.0, 1.0, 1.0, 1.0, 1.0, 1.0, 1.0, 1.0, 1.0, 1.0, 1.0, 1.0, 1.0, 1.0, 1.0, 1.0, 1.0, 1.0, 1.0, 1.0, 1.0, 1.0, 1.0, 1.0, 1.0, 1.0, 1.0, 1.0, 1.0, 1.0, 1.0, 1.0, 1.0, 1.0, 1.0, 1.0, 1.0, 1.0, 1.0, 1.0, 1.0, 1.0, 1.0, 1.0, 1.0, 1.0, 1.0, 1.0, 1.0, 1.0, 1.0, 1.0, 1.0, 1.0, 1.0, 1.0, 1.0, 1.0, 1.0, 1.0, 1.0, 1.0, 1.0, 1.0, 1.0, 1.0, 1.0, 1.0, 1.0, 1.0, 1.0, 1.0, 1.0, 1.0, 1.0, 1.0, 1.0, 1.0, 1.0, 1.0, 1.0, 1.0, 1.0, 1.0, 1.0, 1.0, 1.0, 1.0, 1.0, 1.0, 1.0, 1.0, 1.0, 1.0, 1.0, 1.0, 1.0, 1.0, 1.0, 1.0, 1.0, 1.0, 1.0, 1.0, 1.0, 1.0, 1.0, 1.0, 1.0, 1.0, 1.0, 1.0, 1.0, 1.0, 1.0, 1.0, 1.0, 1.0, 1.0, 1.0, 1.0, 1.0, 1.0, 1.0, 1.0, 1.0, 1.0, 1.0, 1.0, 1.0, 1.0, 1.0, 1.0, 1.0, 1.0, 1.0, 1.0, 1.0, 1.0, 1.0, 1.0, 1.0, 1.0, 1.0, 1.0, 1.0, 1.0, 1.0, 1.0, 1.0, 1.0, 1.0, 1.0, 1.0, 1.0, 1.0, 1.0, 1.0, 1.0, 1.0, 1.0, 1.0, 1.0, 1.0, 1.0, 1.0, 1.0, 1.0, 1.0, 1.0, 1.0, 1.0, 1.0, 1.0, 1.0, 1.0, 1.0, 1.0, 1.0, 1.0, 1.0, 1.0, 1.0, 1.0, 1.0, 1.0, 1.0, 1.0, 1.0, 1.0, 1.0, 1.0], "rewards": [-6.586744932317336, 3.713360912942571, -11.031769820069856, -7.079099782499767, 1.9095356709761018, -11.800753486014072, 9.035808926139959, 20.975730404856744, -7.654592676343643, -5.066919391760822, 2.2269156939698758, -1.8797575620498164, -0.6953299995022674, 5.630068031691549, -3.78879405083432, -7.132232344034404, -4.234725114615139, 3.471450808876004, 3.182493531699387, 0.07288970626062286, -1.4455976791943463, -2.2478414368417, -1.874328755705216, -0.314989052627086, 1.4682637219075632, 4.579105143770059, 0.5705934766297607, 0.5174872564306001, 0.9601403794195682, 0.059895522458169204, 1.4222105685211934, -1.1515424849941258, 0.6915488149276408, -0.9327116788274153, -1.27261422455927, -0.9780665069364237, -0.3852354689079669, 0.8297060025884643, -1.7428132077322256, -0.08670453529934372, 0.8103890146265874, 0.42552775585558145, -1.2525995298100545, -0.21444810230668476, -0.6289398193900285, 1.0953517851837569, -0.34744453495813254, -1.442271731125754, 0.8460488049394683, -3.023645965236105, -2.1818725778171375, 2.7850443254186077, 0.23115150310222388, -1.5125780457778273, -2.4928186671413752, -0.7660045374550772, 2.8816971588060016, -1.9818865157349665, -0.2977407899459601, -0.6169966594263548, 0.9189751905958177, -2.334155985511414, -1.8215869349112896, 2.4183995463466004, -0.292828293241038, -0.6261024125601033, -1.3878816710562536, 0.44634761627540104, 1.168824678477463, -1.6255532687977339, 0.08228925341159621, 0.5141036230772701, -0.9918378917092165, -4.111269422297072, -1.2200716138908838, 0.3219354411133156, -0.0962359068689791, 0.30778561648464503, -2.0862494369574085, -1.1123166887365652, -0.3103988645462802, -1.9374884583155993, -2.7772139064963763, -0.7187351684710848, 2.0675275915616482, -2.3584003083163534, -1.5141537301968262, 2.4678176343598817, 0.4087066108906741, -1.3259774043728358, -1.4148103538492998, -0.761394198598936, 0.7778663267997906, 0.35151347064459676, 1.675056847060776, 1.6211327134362596, -0.33101528994807133, -2.7994652287561865, -0.6589318220897674, 0.668147156544863, 1.9900537143938966, 1.4239875870705725, 1.8098076354736623, -1.8226030940678672, 1.128716505163852, 0.9697599412848171, 0.1824411683130825, 1.2193356562749953, -0.26063090768090524, -0.34763754897709387, -1.446094937676485, 1.6838133044512127, -0.17363901518325764, -2.7634623257731468, -1.1172959428355393, 0.17897327057275492, 1.9385738430106538, 1.1938933302821857, -1.942035765380247, 1.461831352798145, -1.4240698242422247, -1.7395335260861016, -0.49323483977654936, 2.30558135661035, 3.4987311304779625, 1.4788092511966013, 0.03946837672682052, 0.9599353556700408, -0.7647456189686452, -0.8583147377601741, 0.9626202743388914, -1.536324662195734, -1.7124517964758796, -0.41057119094410055, 2.071631568498404, 0.37294858794784846, 0.4185834261861612, -1.8392822117640002, 0.9199860619629511, 0.8445374264311548, 2.16882034052548, -1.6265632624391824, -1.0501701104127599, -0.6096986163194287, -0.33963229653584187, 0.9072950328036673, 0.7556616230160894, -0.3047731864213965, -0.20697666491309563, -1.8169036321868037, 3.0824739429962538, -0.20761774756370105, 2.0707273243822444, -0.4695683254316583, 1.9458417425906247, 1.1246317327114983, -0.3017358793732471, -0.7533238967875745, 2.0732410599154494, 1.6317158869956694, -2.243677415100561, 0.6332813099074515, 1.5857139352270773, 2.3527998303532622, 0.06928699340162336, -1.5418918598367601, 1.4707508693625684, 1.814779182957658, -0.42768048799333336, 0.18973428736441508, 1.224900484187345, 1.0015189721147086, -0.11017389094286073, 0.10362615413338894, -0.8442482089261243, 2.461845844300754, -0.7400122321818472, 0.57665009436878, -1.1085252753735966, -2.3320704527606377, -0.37828295520469746, 0.4187305033096955, 0.5396253126507451, -0.1417981831590457, -1.489642985636149, 0.09930304628878545, 1.495981637747804, 0.5966990635977546, 0.615174964688427, 0.3536196331803514, -0.16960446219762237, -0.6330636075504164, 1.8518168174336593, 0.16508333547520776, -3.348911897525684, -0.1067595755522619, -1.0194159550104893, -0.06383513136449726, -1.2371358984970138, 1.5398242551916155]}, "Latent AR LinUCB s=10": {"actions": [0.0, 1.0, 0.0, 1.0, 0.0, 0.0, 1.0, 0.0, 1.0, 1.0, 1.0, 1.0, 0.0, 1.0, 0.0, 0.0, 0.0, 1.0, 1.0, 0.0, 0.0, 1.0, 0.0, 0.0, 1.0, 1.0, 1.0, 0.0, 0.0, 1.0, 1.0, 1.0, 1.0, 1.0, 0.0, 0.0, 1.0, 1.0, 0.0, 1.0, 0.0, 1.0, 1.0, 0.0, 1.0, 1.0, 1.0, 1.0, 1.0, 1.0, 1.0, 1.0, 1.0, 1.0, 0.0, 1.0, 1.0, 0.0, 1.0, 1.0, 0.0, 0.0, 0.0, 1.0, 1.0, 0.0, 0.0, 0.0, 1.0, 1.0, 1.0, 0.0, 1.0, 0.0, 1.0, 1.0, 1.0, 0.0, 0.0, 0.0, 1.0, 0.0, 0.0, 1.0, 0.0, 0.0, 0.0, 1.0, 0.0, 0.0, 0.0, 0.0, 1.0, 1.0, 1.0, 1.0, 0.0, 0.0, 0.0, 1.0, 1.0, 1.0, 0.0, 0.0, 0.0, 0.0, 1.0, 1.0, 1.0, 1.0, 0.0, 1.0, 0.0, 0.0, 1.0, 1.0, 1.0, 1.0, 1.0, 0.0, 0.0, 1.0, 0.0, 1.0, 1.0, 0.0, 0.0, 0.0, 1.0, 1.0, 1.0, 1.0, 0.0, 0.0, 0.0, 1.0, 1.0, 0.0, 0.0, 0.0, 0.0, 1.0, 1.0, 1.0, 0.0, 0.0, 1.0, 1.0, 0.0, 0.0, 0.0, 1.0, 0.0, 0.0, 0.0, 1.0, 1.0, 1.0, 0.0, 0.0, 0.0, 0.0, 1.0, 1.0, 1.0, 0.0, 0.0, 1.0, 1.0, 0.0, 1.0, 1.0, 0.0, 0.0, 1.0, 1.0, 1.0, 0.0, 0.0, 1.0, 1.0, 1.0, 1.0, 1.0, 0.0, 0.0, 0.0, 0.0, 1.0, 1.0, 0.0, 0.0, 0.0, 0.0, 0.0, 1.0, 1.0, 1.0, 1.0, 1.0],