{"Stationary": {"actions": [0.0, 0.0, 1.0, 1.0, 0.0, 0.0, 1.0, 0.0, 0.0, 1.0, 1.0, 1.0, 1.0, 1.0, 1.0, 1.0, 1.0, 1.0, 1.0, 1.0, 1.0, 1.0, 1.0, 1.0, 1.0, 1.0, 1.0, 1.0, 1.0, 1.0, 1.0, 1.0, 1.0, 1.0, 1.0, 1.0, 1.0, 1.0, 1.0, 1.0, 1.0, 1.0, 1.0, 1.0, 1.0, 1.0, 1.0, 1.0, 1.0, 1.0, 1.0, 1.0, 1.0, 1.0, 1.0, 1.0, 1.0, 1.0, 1.0, 1.0, 1.0, 1.0, 1.0, 1.0, 1.0, 1.0, 1.0, 1.0, 1.0, 1.0, 1.0, 1.0, 1.0, 1.0, 1.0, 1.0, 1.0, 1.0, 1.0, 1.0, 1.0, 1.0, 1.0, 1.0, 1.0, 1.0, 1.0, 1.0, 1.0, 1.0, 1.0, 1.0, 1.0, 1.0, 1.0, 1.0, 1.0, 1.0, 1.0, 1.0, 1.0, 1.0, 1.0, 1.0, 1.0, 1.0, 1.0, 1.0, 1.0, 1.0, 1.0, 1.0, 1.0, 1.0, 1.0, 1.0, 1.0, 1.0, 1.0, 1.0, 1.0, 1.0, 1.0, 1.0, 1.0, 1.0, 1.0, 1.0, 1.0, 1.0, 1.0, 1.0, 1.0, 1.0, 1.0, 1.0, 1.0, 1.0, 1.0, 1.0, 1.0, 1.0, 1.0, 1.0, 1.0, 1.0, 1.0, 1.0, 1.0, 1.0, 1.0, 1.0, 1.0, 1.0, 1.0, 1.0, 1.0, 1.0, 1.0, 1.0, 1.0, 1.0, 1.0, 1.0, 1.0, 1.0, 1.0, 1.0, 1.0, 1.0, 1.0, 1.0, 1.0, 1.0, 1.0, 1.0, 1.0, 1.0, 1.0, 1.0, 1.0, 1.0, 1.0, 1.0, 1.0, 1.0, 1.0, 1.0, 1.0, 1.0, 1.0, 1.0, 1.0, 1.0, 1.0, 1.0, 1.0, 1.0, 1.0, 1.0], "rewards": [12.107649620366459, -7.9656543132814965, -0.7332100167130338, 9.38807000548563, 4.983472973949135, -10.132211150603743, -6.85301393829062, 7.4534851894324206, -14.85140981977988, -4.516265071694333, 2.1467255578128537, -4.583736986092912, 0.41666454221432936, 0.600751568847241, -0.4916326716674615, 1.6336070990187839, -1.0216703279118926, -0.2635582423074035, -1.8477054058911873, -0.3036668227302207, 0.27954914595721336, 1.6634172694868972, -0.38288430913139126, 0.20578393456313093, -0.4600727440432407, 0.44807882022136597, 0.45026657195809705, 1.768351635334702, -1.0580325603739238, 0.6556148118700498, -1.8748576680535087, -0.5500628783157764, 1.6927984774620186, 0.6965906589240451, 1.517576949639133, -0.21334517714556145, -3.2900929599344053, -2.1841682045600295, -0.02871707217441055, -0.07173644226606624, 1.3239475602778836, -0.47055117184356443, 0.9476334063155655, -0.15224184287313425, -0.4083041355621737, -0.8202741335519503, 1.2487785811665644, -0.4400940747305182, -2.026321074374442, -1.227568907187853, -1.6825240904483993, -0.35895395247660755, -0.380468808397166, -0.1407298041664523, -1.5725403056350618, 1.8357589583909935, -1.5318187741859006, -0.466175449930447, -0.69536658494794, -2.992072944478576, 1.2032601358195585, 0.3418093266979786, 2.3693283631337523, 0.05062688183485492, 0.4205862178147608, -2.586513062060209, -0.8389166082357017, -0.2878794270841879, 0.14440147614330934, -1.1901202166921019, -1.3462102709582955, 0.3328991831575343, -1.7463075412386442, 0.2661105232098338, -0.22915203734681888, 0.9545571247704778, -1.454378958029035, 2.3156602261853854, -2.3883206676605035, 2.3774312751446343, 0.3359473020678096, -3.2842603504757046, -1.2964945815963793, -0.33411170659070266, -2.041840607787972, 0.2450784894078102, -0.5508149231739362, -1.4238161413369774, 1.94836909833037, -0.44833051296618653, -0.4902746992039765, -0.22529269130063045, -1.1122724970928208, -0.10359242605492519, -1.9018839035172341, -1.8658044628166697, 0.8200736647801579, 0.6814241520168336, 0.6255095845465161, 2.112174768327861, 0.14196319522865192, -4.199264366412154, -1.6079061432197923, 2.6453663930245797, 1.634542721175751, -0.5569494913612953, 0.2651926092564467, 0.27147263242164865, 0.5078815095529529, -1.5362312542911367, -1.5727084741691981, 0.5651957759535788, 2.2050277158433538, 0.2873490322453224, -2.204868777401372, 3.376707642452193, 1.6140050834157464, -1.3305596234426502, -0.8185648587078452, 1.846341259893424, 1.5977521814836066, 0.4074415827475073, -0.9100137774536255, -0.421188006392882, 1.2796992120169555, 2.5624233979898, -0.09927662912016716, 0.33135562244516326, 0.6246080818469798, -1.0673890152745709, -0.08319247428737175, 1.0421176955841585, 0.50145285354022, -0.9750854919476227, -0.23470469285759976, -0.3329593748360823, -3.7221854212650856, -2.604488344842234, -1.3241309414349154, -1.3736192496682893, 1.6524132926970312, 0.726661402627396, -1.1638799215503635, -0.955368097539716, -1.736371815016017, 0.2065720994033547, -1.9011213157089566, -0.315901385773162, 0.7657866593477879, -1.046010888958946, 0.0872777970368091, -1.73347251380532, 0.6005861103100787, 2.524640196599277, -2.673089907954378, 1.0514542265192826, -0.8562974226837325, 2.2051734531492038, -0.8530319424548208, -1.162107718075085, -1.0656565109831195, -1.8720925414193337, -0.27921938489230524, -2.5553122504879706, -2.9786288779029353, 0.23323728674017352, 0.5994118957599914, 1.336765675692416, 0.9943341500231428, 0.4821882693751498, 1.578878585854798, -1.7780109672873199, -2.1593568636485685, 0.6853449318076869, 0.39696897601838754, 0.1483695921452825, 1.5553459250863932, 0.4388208742332539, -0.18561922417786048, 0.4668512538763879, 0.4373668855571673, -1.6253258797262988, -0.6874275474616262, -0.7542432232574852, 0.7748868092706998, 2.247443642436144, -0.7761687434820184, 1.080663640253431, 2.2345084592204545, 0.9075578572159436, -2.7915811546762486, 3.2860244300064005, -0.08609136187630545, -0.7501313984478213, -0.5083904403664684, 3.5182256256188165, 0.9299409638263294, 0.5389544881113706, 1.1441068360015985, -0.31760449586901823]}, "Latent AR LinUCB s=10": {"actions": [0.0, 0.0, 1.0, 1.0, 0.0, 0.0, 1.0, 0.0, 0.0, 1.0, 1.0, 0.0, 1.0, 1.0, 0.0, 1.0, 1.0, 1.0, 0.0, 0.0, 1.0, 0.0, 1.0, 1.0, 1.0, 0.0, 0.0, 1.0, 1.0, 0.0, 0.0, 0.0, 1.0, 1.0, 1.0, 0.0, 0.0, 0.0, 0.0, 1.0, 1.0, 1.0, 0.0, 0.0, 0.0, 1.0, 1.0, 1.0, 0.0, 0.0, 0.0, 0.0, 0.0, 1.0, 1.0, 0.0, 1.0, 0.0, 0.0, 1.0, 0.0, 0.0, 1.0, 0.0, 0.0, 1.0, 0.0, 1.0, 0.0, 1.0, 0.0, 1.0, 0.0, 0.0, 0.0, 0.0, 0.0, 1.0, 1.0, 0.0, 1.0, 1.0, 0.0, 1.0, 1.0, 0.0, 0.0, 1.0, 0.0, 0.0, 1.0, 0.0, 1.0, 1.0, 0.0, 1.0, 0.0, 1.0, 0.0, 0.0, 0.0, 1.0, 0.0, 1.0, 1.0, 0.0, 0.0, 0.0, 0.0, 1.0, 1.0, 1.0, 1.0, 0.0, 0.0, 0.0, 1.0, 1.0, 0.0, 1.0, 1.0, 0.0, 0.0, 1.0, 1.0, 1.0, 1.0, 1.0, 0.0, 0.0, 0.0, 1.0, 1.0, 1.0, 0.0, 0.0, 0.0, 0.0, 1.0, 1.0, 1.0, 1.0, 1.0, 0.0, 0.0, 1.0, 1.0, 1.0, 1.0, 1.0, 0.0, 0.0, 1.0, 1.0, 1.0, 0.0, 0.0, 1.0, 1.0, 0.0, 1.0, 1.0, 0.0, 0.0, 1.0, 1.0, 0.0, 0.0, 0.0, 1.0, 1.0, 0.0, 0.0, 1.0, 1.0, 1.0, 0.0, 1.0, 0.0, 0.0, 1.0, 1.0, 1.0, 1.0, 1.0, 1.0, 0.0, 0.0, 0.0, 1.0, 1.0, 0.0, 1.0, 0.0, 0.0, 0.0, 1.0, 1.0, 1.0, 0.0],