{"Stationary": {"actions": [1.0, 1.0, 1.0, 1.0, 0.0, 0.0, 1.0, 1.0, 0.0, 1.0, 1.0, 1.0, 1.0, 1.0, 1.0, 1.0, 1.0, 1.0, 1.0, 1.0, 1.0, 1.0, 1.0, 1.0, 1.0, 1.0, 1.0, 1.0, 1.0, 1.0, 1.0, 1.0, 1.0, 1.0, 1.0, 1.0, 1.0, 1.0, 1.0, 1.0, 1.0, 1.0, 1.0, 1.0, 1.0, 1.0, 1.0, 1.0, 1.0, 1.0, 1.0, 1.0, 1.0, 1.0, 1.0, 1.0, 1.0, 1.0, 1.0, 1.0, 1.0, 1.0, 1.0, 1.0, 1.0, 1.0, 1.0, 1.0, 1.0, 1.0, 1.0, 1.0, 1.0, 1.0, 1.0, 1.0, 1.0, 1.0, 1.0, 1.0, 1.0, 1.0, 1.0, 1.0, 1.0, 1.0, 1.0, 1.0, 1.0, 1.0, 1.0, 1.0, 1.0, 1.0, 1.0, 1.0, 1.0, 1.0, 1.0, 1.0, 1.0, 1.0, 1.0, 1.0, 1.0, 1.0, 1.0, 1.0, 1.0, 1.0, 1.0, 1.0, 1.0, 1.0, 1.0, 1.0, 1.0, 1.0, 1.0, 1.0, 1.0, 1.0, 1.0, 1.0, 1.0, 1.0, 1.0, 1.0, 1.0, 1.0, 1.0, 1.0, 1.0, 1.0, 1.0, 1.0, 1.0, 1.0, 1.0, 1.0, 1.0, 1.0, 1.0, 1.0, 1.0, 1.0, 1.0, 1.0, 1.0, 1.0, 1.0, 1.0, 1.0, 1.0, 1.0, 1.0, 1.0, 1.0, 1.0, 1.0, 1.0, 1.0, 1.0, 1.0, 1.0, 1.0, 1.0, 1.0, 1.0, 1.0, 1.0, 1.0, 1.0, 1.0, 1.0, 1.0, 1.0, 1.0, 1.0, 1.0, 1.0, 1.0, 1.0, 1.0, 1.0, 1.0, 1.0, 1.0, 1.0, 1.0, 1.0, 1.0, 1.0, 1.0, 1.0, 1.0, 1.0, 1.0, 1.0, 1.0], "rewards": [-411.61691851035806, -576.0991076378282, 571.1165322146248, 127.26553414605256, -1956.4283584320303, -1038.409386611417, -904.0253622064087, -2002.4131672204596, -85.33156447284239, -1235.6368915029623, 526.0218153108419, 151.0292273644401, -485.036831944086, -188.12757789829644, 306.56038914278685, -190.48613837620704, 262.89369042082757, -183.23933642363068, -272.76909974788197, -9.423049928106348, 250.8190820018053, 3.566604439630991, 74.93066886526016, 36.47724662660185, -92.90630422927008, -57.40546689669875, 20.66260684074142, -136.59144534021326, 65.92805868724282, -180.24179648714681, 58.038823214612265, -38.945774901132324, 184.34898954087956, -93.54972194395164, -82.72479533455784, -61.1764577402671, -171.7092013359583, 77.10107389333075, -10.014567735383743, -33.146235855052005, 0.12235157189445522, 145.61531349381886, 108.46519054187347, 46.88402626012743, -61.48731610403449, 35.01559350201094, -82.94226103599702, 141.7724702589448, -195.22368988233472, 87.28373177633685, 8.040277915720552, 115.10746365059808, -3.0251212064573716, -57.41497506782766, -128.03885145570084, -43.84065287994087, -12.386895691032844, -51.21091963411469, 27.64631111917413, -106.01661146027905, -53.966298970124036, 57.13660113132213, -119.32934819598881, 170.78331828033546, 61.221140932069865, 89.36339092851118, 54.51784299888232, 241.76131477015545, -124.16037173437812, 96.59549173066668, 17.061621709209003, 15.425891729511253, -34.12146715941936, 47.17255695664407, 20.93885306839449, -6.419204624217489, -60.586646263016625, -37.02966360916961, -27.185579539729122, 72.97580165074066, -126.40966170272434, -23.774373645383896, -133.10613806541824, -70.85478615701052, -71.33571182367844, -229.4101805475308, -70.68211471544981, 81.61246506966211, -64.04102417719925, 19.391705924991474, 31.513870283042902, -116.50405304602992, -116.05441495182885, -75.32428740395892, -103.87944060625136, 95.3931379530948, 167.48338546799243, -93.34818608192917, -5.312671491957504, -241.63720439658385, -157.98608560105774, 86.71005773121288, 2.8738094950363395, 8.762174624118497, 40.58671778803009, -35.25980722196248, 177.940230704121, -74.7505011809216, 40.63306707793481, -44.826236874091855, -123.1329795106845, 148.42180862510546, -89.40204597083614, -92.84140090011952, -26.502499155792126, -3.437383678337986, 71.16866075155859, 93.33889247003124, 1.6940846270739665, 169.38315200811581, 36.07339367965261, 69.27902712368027, 85.6029977490541, 3.626301731489894, 20.259861018590005, -99.31050696409409, -29.884224355160814, 59.35389090561972, -6.709035809740471, 27.239972238535533, -5.46817526972915, 51.43450450078742, 83.8180576448469, -23.419027470657305, 55.90082339999073, -178.60366232628147, 92.00988486071867, -51.728722563525864, 25.742080664918696, -18.58201401867374, 78.93466923326592, 117.37861434067835, 57.20784810599797, 199.72165555877186, -11.791789672409445, -134.5104149782583, -83.11723839356007, 4.644011161727155, -38.56437223722959, 200.22304263222088, -51.20165776456684, -264.3754919776155, 90.01529696897202, -25.767700848501647, -29.253211707263755, 155.14239265633623, -10.190053585707615, 65.07128144929844, 23.54089765422291, 21.445253995438264, 122.65230831195055, -3.8294893376048638, -37.306192497630185, 52.00048352964686, -47.10190773009287, 40.91485870093342, 33.04081772713963, 7.111915147900802, 56.613686816163806, -36.89215941214384, 98.03310292331052, -131.31166830217217, -169.70346367424736, -119.29622771187081, -142.71435178397593, -121.50891871734797, 50.13596174106286, -13.425140179962371, 99.7498312402709, -79.1582994302055, 126.15951411580943, -35.095796924323764, -121.16013569408832, -111.40048656054655, -236.01183505786477, -166.83992728046917, 133.13092772133308, 149.13073743037194, 168.66835402085843, 24.105887074774135, 65.2027383139635, -137.6959563048901, 121.5398570617365, -82.67564585265869, -403.0238630547102, 163.96635729821924, 0.40463716648044956, 20.140234082665355, 10.48979050730262, -104.56653177083714]}, "Latent AR LinUCB s=2": {"actions": [1.0, 1.0, 0.0, 0.0, 1.0, 0.0, 1.0, 1.0, 1.0, 0.0, 1.0, 0.0, 1.0, 1.0, 0.0, 0.0, 1.0, 0.0, 1.0, 1.0, 0.0, 1.0, 1.0, 0.0, 0.0, 1.0, 0.0, 0.0, 1.0, 1.0, 0.0, 1.0, 1.0, 0.0, 0.0, 1.0, 1.0, 0.0, 0.0, 1.0, 1.0, 0.0, 1.0, 1.0, 0.0, 1.0, 1.0, 0.0, 0.0, 1.0, 1.0, 0.0, 1.0, 1.0, 0.0, 0.0, 1.0, 1.0, 0.0, 1.0, 1.0, 0.0, 0.0, 1.0, 1.0, 0.0, 0.0, 1.0, 1.0, 0.0, 1.0, 1.0, 0.0, 0.0, 1.0, 1.0, 0.0, 0.0, 1.0, 1.0, 0.0, 1.0, 1.0, 0.0, 0.0, 1.0, 1.0, 0.0, 1.0, 1.0, 0.0, 1.0, 1.0, 0.0, 1.0, 1.0, 0.0, 1.0, 1.0, 0.0, 1.0, 1.0, 0.0, 1.0, 1.0, 0.0, 1.0, 1.0, 0.0, 0.0, 1.0, 1.0, 0.0, 1.0, 1.0, 0.0, 1.0, 0.0, 1.0, 1.0, 0.0, 0.0, 1.0, 1.0, 0.0, 0.0, 1.0, 1.0, 0.0, 1.0, 1.0, 0.0, 0.0, 1.0, 1.0, 0.0, 1.0, 1.0, 0.0, 1.0, 1.0, 0.0, 0.0, 1.0, 1.0, 0.0, 0.0, 1.0, 1.0, 0.0, 1.0, 1.0, 0.0, 0.0, 1.0, 0.0, 1.0, 1.0, 0.0, 1.0, 1.0, 0.0, 1.0, 1.0, 0.0, 0.0, 1.0, 1.0, 0.0, 0.0, 1.0, 1.0, 0.0, 0.0, 1.0, 1.0, 0.0, 1.0, 1.0, 0.0, 1.0, 1.0, 0.0, 1.0, 1.0, 0.0, 0.0, 1.0, 1.0, 0.0, 1.0, 1.0, 0.0, 0.0, 1.0, 1.0, 0.0, 1.0, 1.0, 0.0],