{"Stationary": {"actions": [0.0, 0.0, 1.0, 1.0, 1.0, 1.0, 0.0, 0.0, 1.0, 1.0, 1.0, 1.0, 1.0, 1.0, 1.0, 1.0, 1.0, 1.0, 1.0, 1.0, 1.0, 1.0, 1.0, 1.0, 1.0, 1.0, 1.0, 1.0, 1.0, 1.0, 1.0, 1.0, 1.0, 1.0, 1.0, 1.0, 1.0, 1.0, 1.0, 1.0, 1.0, 1.0, 1.0, 1.0, 1.0, 1.0, 1.0, 1.0, 1.0, 1.0, 1.0, 1.0, 1.0, 1.0, 1.0, 1.0, 1.0, 1.0, 1.0, 1.0, 1.0, 1.0, 1.0, 1.0, 1.0, 1.0, 1.0, 1.0, 1.0, 1.0, 1.0, 1.0, 1.0, 1.0, 1.0, 1.0, 1.0, 1.0, 1.0, 1.0, 1.0, 1.0, 1.0, 1.0, 1.0, 1.0, 1.0, 1.0, 1.0, 1.0, 1.0, 1.0, 1.0, 1.0, 1.0, 1.0, 1.0, 1.0, 1.0, 1.0, 1.0, 1.0, 1.0, 1.0, 1.0, 1.0, 1.0, 1.0, 1.0, 1.0, 1.0, 1.0, 1.0, 1.0, 1.0, 1.0, 1.0, 1.0, 1.0, 1.0, 1.0, 1.0, 1.0, 1.0, 1.0, 1.0, 1.0, 1.0, 1.0, 1.0, 1.0, 1.0, 1.0, 1.0, 1.0, 1.0, 1.0, 1.0, 1.0, 1.0, 1.0, 1.0, 1.0, 1.0, 1.0, 1.0, 1.0, 1.0, 1.0, 1.0, 1.0, 1.0, 1.0, 1.0, 1.0, 1.0, 1.0, 1.0, 1.0, 1.0, 1.0, 1.0, 1.0, 1.0, 1.0, 1.0, 1.0, 1.0, 1.0, 1.0, 1.0, 1.0, 1.0, 1.0, 1.0, 1.0, 1.0, 1.0, 1.0, 1.0, 1.0, 1.0, 1.0, 1.0, 1.0, 1.0, 1.0, 1.0, 1.0, 1.0, 1.0, 1.0, 1.0, 1.0, 1.0, 1.0, 1.0, 1.0, 1.0, 1.0], "rewards": [-361.0083828831537, 470.7370765628959, -670.2982322134324, 769.2794124185316, 561.6729990188763, -994.8202761327898, 44.83693752970232, 693.0706830561958, 212.3807109081801, 712.2719430653084, 170.2681336427307, -163.2127443893519, 77.86246013398333, -128.44496940997496, 9.287769718043974, 360.4673890343026, -512.212470817713, 36.65572986948469, 43.35727747439613, 17.22639933239995, 123.41295685027588, 13.250911443436717, -83.81586613160634, 3.920173726931252, 30.423475543227912, 74.21327465960279, 44.174537279734984, -5.304094897346157, -84.87621372188485, -5.347950073703781, -136.8436268779856, -61.18700705054399, -72.80708374687507, -37.62217282114361, 162.48717901827496, -163.8118819343089, 69.49232807614143, -154.68418428066244, -0.06325079435817338, -52.285644400769584, 248.54525154409603, -43.41997236425313, -29.670183142256484, -110.90374398445752, -205.5526751894793, -177.02815690950888, 19.247415457061123, -52.5531091390962, -16.124694659104712, 124.99218715913834, 26.765733567398716, -12.162937560331486, 128.97006878429747, -27.11284256228833, 116.80829504548755, 121.7054713959714, 11.773714498059244, 89.93759942519509, -129.64443547179073, -65.5199294408503, 21.125476745941874, -129.37777741531423, 71.54814054320713, 196.50426820894316, 49.26882209397927, 89.81659123548367, 229.94014525670468, 11.75244986816665, 215.77319102960132, 105.11970490587731, -31.729121044491922, -92.4019922865712, -27.037558174564683, -4.843698439922688, 36.814910597580194, 60.53448722722526, -284.3380115045326, 39.6002578457491, 0.4369514892610611, 134.486297393055, 139.92898508407734, 52.34815293885535, 14.55013102925168, -13.129228900796573, -15.142512548803571, -95.12841099930108, -68.11613299605933, -90.60018034523308, -23.935049501181215, 100.75758494460065, -179.42174817193484, -121.69134485224299, 43.531632129429646, -58.880009027709676, 66.9545925113516, 74.07842315901932, 79.55582387532259, 15.53928798593949, 132.16844197836485, 36.86414580932225, 12.837988310038723, 102.30297135124827, -112.79583190540666, -164.54735813889633, 92.58808705273262, -79.88085586599503, -80.92927798462811, 123.04460041536697, 28.557858101299747, 67.40566572327998, -13.148701209203857, -73.9517487068819, -19.853428821056017, 8.949801718328986, 53.41012880468951, -96.7395820809874, -210.55426351087206, -69.89004917049095, 151.42893057783616, 192.178753818065, -96.76045918245595, 87.34562157384705, -52.82131422074061, 30.85990290633076, 11.436426620221628, 85.15094712475744, -161.70259144627613, -27.78626589571088, 93.13105203803113, 156.696427663811, 104.94809269845355, 45.26339504360513, -108.93925395907773, 68.89442129337496, -25.6541513318653, -72.11781163948211, 8.497847352956246, 134.72565812612572, -85.58932617055478, 49.7946786569509, -26.85302302137561, 5.161850291261125, 83.05648062689089, 36.03018106240157, 90.8921733858034, 110.33129439621491, 118.6406709508124, -124.78196584116543, -119.1136236445726, 43.388488975509524, 110.04651725935258, 80.12282438478084, 7.662554683748188, 144.07209957423095, 59.930566607590926, 74.99549412727914, 27.740504313353167, 146.17320625303438, -147.57499303875483, 133.5956075523347, 17.080828427376584, 4.661747446390811, 23.150056981902203, 84.83931656732787, -49.42712433257715, 166.90941810077348, -31.075343157037537, -149.33050987250581, 28.514034665931415, -111.19452387682581, -17.64747081510356, 107.93726925717837, 16.089965102721916, -97.28435420099993, -61.24141572111485, 105.62922487319324, -89.82283199806315, -45.65196931465904, -39.2450904542484, -169.4765028513593, 7.745349861366723, -44.467906861758, 50.30994881870681, 75.48834420818156, 42.683271237065746, 27.85420417720108, -13.468094694358316, 197.42878147499783, -83.01092046111107, 45.49640983978442, 105.80160330640206, 84.03958172776635, -47.45797665934899, -81.60873826074678, -85.16025121291963, -157.23865661828594, 200.67925990038304, -21.545678192144145, -25.706161642607746, -50.12940933859867]}, "Latent AR LinUCB s=2": {"actions": [0.0, 0.0, 1.0, 0.0, 0.0, 1.0, 1.0, 0.0, 1.0, 0.0, 0.0, 1.0, 1.0, 0.0, 1.0, 0.0, 1.0, 1.0, 0.0, 0.0, 1.0, 0.0, 1.0, 1.0, 0.0, 1.0, 1.0, 0.0, 1.0, 0.0, 1.0, 1.0, 1.0, 0.0, 1.0, 0.0, 1.0, 0.0, 0.0, 1.0, 0.0, 1.0, 0.0, 1.0, 0.0, 1.0, 0.0, 1.0, 0.0, 1.0, 0.0, 1.0, 0.0, 1.0, 1.0, 1.0, 0.0, 1.0, 0.0, 1.0, 1.0, 0.0, 1.0, 0.0, 1.0, 1.0, 0.0, 1.0, 1.0, 0.0, 1.0, 1.0, 0.0, 1.0, 1.0, 1.0, 0.0, 1.0, 0.0, 1.0, 1.0, 0.0, 1.0, 0.0, 1.0, 1.0, 1.0, 1.0, 0.0, 1.0, 0.0, 1.0, 0.0, 1.0, 1.0, 0.0, 0.0, 1.0, 0.0, 1.0, 1.0, 1.0, 0.0, 1.0, 1.0, 0.0, 1.0, 0.0, 0.0, 1.0, 0.0, 0.0, 1.0, 1.0, 1.0, 1.0, 0.0, 1.0, 1.0, 1.0, 0.0, 0.0, 0.0, 1.0, 1.0, 0.0, 1.0, 0.0, 1.0, 0.0, 1.0, 0.0, 1.0, 1.0, 1.0, 1.0, 1.0, 0.0, 1.0, 1.0, 0.0, 1.0, 1.0, 0.0, 1.0, 0.0, 1.0, 1.0, 0.0, 1.0, 1.0, 1.0, 0.0, 0.0, 1.0, 1.0, 1.0, 0.0, 1.0, 1.0, 1.0, 0.0, 1.0, 0.0, 1.0, 1.0, 0.0, 1.0, 1.0, 0.0, 1.0, 1.0, 0.0, 1.0, 0.0, 1.0, 1.0, 1.0, 0.0, 0.0, 1.0, 0.0, 1.0, 1.0, 0.0, 1.0, 0.0, 1.0, 1.0, 1.0, 1.0, 0.0, 1.0, 0.0, 1.0, 1.0, 1.0, 0.0, 1.0, 0.0],