{"k": 10, "sigma_z": 1, "mean reward 1": [144.52540913894083, 1308.4794254536478, -625.3222331013823, 1218.6825748971128, 531.8908087309211, 379.34475997118307, 121.69874695855052, 1317.5482502876957, 489.9823733832771, -603.3794027685373, 161.64549872290377, -554.0006300497863, -225.94383901507365, 253.46598285676788, 29.854488070219798, -349.73191641436273, 173.86305205228118, 82.8476552482163, 42.58893594841389, 312.56831675563205, 44.09941082502773, -179.63106239332197, 212.96635897180502, -99.84930176775525, -101.15625972411794, 64.89291838893516, -126.1593326725486, 55.288068939152105, 236.91488420778612, -109.63485688693868, 73.11026266468559, 27.321126147125298, -2.97469717293482, -43.56021906031816, -163.06969390202858, 111.99110985824692, 95.07618919301406, -72.12383383442977, 188.6534907410144, 34.88825464135811, 110.96751401321727, 117.08512735285647, 89.09985213066403, -75.98562303627554, -92.80125667962187, 97.98010114735007, -64.24834361802762, -91.53550064997356, -127.26269994529152, -109.81005053897039, 166.09847585439755, -10.959900321021177, -32.76224918907728, 67.05152457924196, -121.50455655130953, -134.54074958649096, -21.76664729763063, -162.84301346962548, 21.472206731094627, 94.12384413140236, 11.155677254836343, 58.95640296697785, 33.191635399175254, -48.84911746140178, -85.6365037743158, -29.401910716939184, -196.74133264704133, 74.02045618019638, -6.990276591993447, 239.07958329913203, 131.079412709006, -47.956809982552606, 137.254689684428, -44.19950080609991, 48.21860097363866, 167.0473587471245, -11.78167264367258, 56.073649086151114, 105.46844015147516, -24.689270475838697, 64.37970190364304, 81.51445155625596, 30.18065839566336, 74.85415601271214, 14.892953223080557, -110.80079732936277, 59.42983923270495, -40.74417507514143, 24.805882786478662, -94.59530717276158, 232.01249310098115, -50.59255698896007, -9.96985991081858, 166.8481110992286, 3.1973586812132804, -104.79056795504414, 30.21292311087842, -5.957148976534887, 35.80939517879697, -9.687124795717494, -126.48180742266587, -65.06596051007676, 298.3928816533682, 94.27436094014105, 98.60082718340865, -124.91361095431961, -83.83042058060013, -68.84767519895388, 159.17909870824485, 58.05909328807803, -4.383806395915298, 27.552864569948106, -38.39666798273546, -213.2853724379896, 0.07865178050093236, -57.365587599298664, 56.92875217737511, -77.61176286892703, -55.78928486179011, 18.25893437427074, -163.00499307010193, 139.07415057713933, -68.9163488623539, 102.32649810826946, -39.35707888214204, 34.945435764279495, -159.34150427906354, 8.091908074585724, 105.7751271785642, -158.6210208399579, -67.67489786622463, -93.19411544791608, -185.22869520063801, 34.086840624806214, -83.77239080192597, -65.05763551825565, 147.96558093650697, 85.2166846910176, 7.101176736764645, -67.03120451902545, -81.11956584650785, -125.34127232213841, -125.21319925942922, -148.65301987324798, -20.587418416104697, -107.24006718355577, 108.70565148476973, -4.5468207528892215, 218.3006134168261, -61.34308935769668, 73.77984511674178, -15.806731703897354, -107.51532773648742, 24.76084275440835, -2.057628530120803, -142.69595843483302, 124.2652280065435, 22.897947459790103, 114.06937839609053, 193.73133911609492, 155.61806731370748, -6.242007125525665, -47.593990527684255, 64.49891214313665, -193.1925133734893, 2.3620416542688316, 111.05260789284124, -51.9993348617996, -22.238098214050282, -95.88109735899677, -77.30797949327052, 0.45982632195756545, 51.83752471811034, -15.09840837395155, 70.74731191585136, 4.570372143657178, 223.26629119331622, -97.68345648858244, 226.1040964777946, -15.773334490952267, 166.0993987744554, 277.10390486567843, 120.35919932909893, 58.54760733664192, -49.06729720828081, 63.7155134382692, -207.06066372279332, -67.43151667437802, 78.13735702958748, -255.4387106950524, 10.928224614474875, -0.6027392227119301, -153.17734594680735, 194.2885679043117, -186.33818339073494, 102.8728379032384, -52.14521682957224, -67.16379463310388, 4.229873703297485, 93.58063971416857],