{"k": 10, "sigma_z": 1, "mean reward 1": [-1426.555420520532, 1767.9599483110267, -475.37287513798213, 477.61018181755725, -1021.8859446413094, 794.5282396010823, -1873.1609776353014, 920.6151180549562, -35.36792487871091, 2110.6050536007097, 180.0045849020549, 496.3670764418648, -207.81748880697083, -52.164833713519876, -47.27596459839391, -4.022685140398929, -241.01825008355945, -166.3480820423387, -77.82105912774918, -67.85650919524278, 76.58084686344633, -193.83460647349182, 19.765723757576144, 25.292665659352725, 20.743528343668814, 13.181398240606274, -179.77886929116139, 99.46857019294794, 30.434601091120904, -44.00084696944692, 133.66110206797458, -82.93776931837856, 28.78180309600279, -26.78720817655203, 19.38720330277671, -67.60442173127753, 17.03346678366437, -228.82966819686536, -63.20667170371681, 36.42781780473118, -77.33549962260075, 0.11922447431963468, -99.4239565588205, -304.6983822783503, 91.01098708590666, -35.23293828479007, 90.64401111540722, -2.598785232221479, 127.38154684347064, -88.9167886940485, 109.50258400347101, 17.783726766031734, -199.13710546106324, 45.23320720100606, 75.44279992721248, 85.74686570182459, -44.009289737700556, -10.753480937692114, 112.54093742106322, -63.63290748009736, 39.6150223006066, -110.82596097866364, -78.04258280120006, -73.81118090253719, 273.40299427801, -126.95494006477568, 32.224311956259086, 65.49539832506028, 21.8784327178398, 154.12702762976758, 46.21061666994533, -153.9781222649463, -30.816988188793083, -166.15276626868683, 39.359498908475516, -133.11827161035114, -145.53194571356403, 295.5278295154795, 153.79249924416405, 146.33952171227585, 140.26410596093365, -76.20981486549381, 30.830347027103333, 150.2057434520604, 147.12109241532028, -141.11785853049372, -22.719751358593935, -59.95307896887954, 7.107373533855204, 478.0097802908044, 148.26783878113508, 59.54895414524526, -0.4559790295194266, -10.964454754582153, -78.70071888381143, 203.90139615167274, -108.10150966683364, 49.435597211788775, -143.0453983758816, 40.82164338519069, 90.62042599784083, -68.61603642009646, -111.38170726136032, -5.155837882338707, 55.44076090880763, -81.70502790691059, 46.202714616732074, 38.267353520957734, 31.194630084390262, -53.634439848112294, -158.652573230644, -75.11300471005605, -98.04569965264616, -41.69208664979498, 63.01764833296898, -47.35102543241889, 23.864417452447956, 24.969414193030268, 115.13092880674836, 118.47441234201379, 64.79427173956394, 11.509775260329738, -119.58159613791777, -258.01072392708033, -180.40226081467276, -172.55935832157135, -28.870264793902724, -8.790488760621715, -47.808811479768245, 65.73944836765526, -11.21261981901728, 37.59932238726129, -214.8842191026623, 35.80637323580733, -30.01421837699289, 11.445194845528581, -55.14739600687114, -53.693375864824475, -43.354542809608006, 4.441388166648344, -143.1104791224089, -100.56847304933758, -92.5996310967719, 84.23963854153016, 84.61436833804706, 191.11143957646323, -202.56076598218425, 19.666648461144916, -34.997798021496926, -120.73958863855081, 140.19949785212216, 163.97960130398036, -106.36385579546486, -45.586536170360034, -22.29508428171728, 24.79212349527229, -62.90804345013121, 60.64978401737182, -155.60132355894055, 78.11813831668957, 97.36818950829993, -147.60806498449725, -51.310400629625605, -51.551497609649275, -23.271287581889787, 5.387722232853082, 44.99678573246212, 13.965989036577241, 142.42585995174878, -40.466039505940174, 94.84759328937119, 60.59456906831805, 100.52585192146964, 84.58221630565373, 72.35733396008908, -64.51993602873989, 66.79531884928699, 145.77770081455753, 58.50576057115009, 40.80524594235716, -62.8166133562452, 124.28293914436266, 140.22686782214498, -96.63164685523765, -111.32349153760188, 71.42198054177564, -78.84641474048925, 111.63078210976929, 122.78294828320074, -74.4324313648175, 74.90206954429553, 136.25409750834194, 59.13116462466008, 24.277904843947873, 84.24612137459246, 14.311667964271868, 81.5970159009084, -92.63740973159743, 142.87948388802127, -157.59135172760378],