{"k": 10, "sigma_z": 1, "mean reward 1": [-298.75282840433175, 383.95496483071935, 1633.663179677324, 1268.9422494356663, 1727.4617558687685, -688.2574963975817, -538.4124987517648, 202.71065229132967, 430.0792738127967, -1381.8286958090728, 89.99426689551917, -435.98551236352455, -110.07087202298172, 707.5673545994689, 237.2254699587555, 16.591943951283472, 471.6586269553744, -173.8112275864, 52.1361645903428, 31.143710527855884, -119.76048592085111, 45.75686908310257, 99.6883873835327, -13.654866950180663, 52.69359396717369, 54.25218766279072, -1.2846270535310094, 59.957333236609124, -1.2372077347282047, -17.112312703000676, 103.78971044084871, -67.04590213179694, 129.6529996665894, -59.92419232192196, -17.34394158370906, 69.87585829525501, -168.75142833745718, -106.10233696258089, 43.67358564577903, 1.6439910192632357, -6.296523731465936, 126.83136174131253, -29.255622808619442, 59.88454687937272, 34.05249391909616, -20.04691693105397, 29.773864311340493, -134.14048117039582, 68.7218855450488, 80.1393521832439, -177.54588352222567, -97.52118678016883, -147.73399670113835, -140.81517801169164, 57.91210422248007, -157.35332035877806, 30.360036607896053, 93.12068190585, 13.056308167084484, 188.74655315951122, -8.453488145446073, 48.98978376854124, -65.22361468133916, -63.778680785979226, -10.375583600126737, 120.84834310358463, 38.8106822857192, 204.619566629915, -24.923146613501196, -14.038101898865673, 11.103407098701634, -90.85706526692405, -209.1373483532172, -67.81732863101409, 30.999023592682917, 188.68140962747003, 104.76032195967886, 56.65090602534233, -33.57877990547027, -33.482623125736055, 19.878482780280077, -44.96980876392079, -130.85088572428506, 67.0174219617812, -258.081925976616, -51.98781673297162, 2.396765356742047, -27.643073902395393, -171.54616375032322, -52.367003935021906, -28.304666303046893, 51.36505697384434, 266.7031735353212, -67.9719748492736, 100.17617202172279, -86.44469868218069, 159.21403335203505, -195.31354950925893, 5.929017592394431, -124.5870676311466, 103.8774037814319, -114.33155193703708, 134.47006336353206, 78.83349893094066, 93.42522019520825, 175.97076311575464, -86.24992190702655, -5.215081191172803, -13.477774693416864, 71.0217793511143, 10.674437907084824, -231.128276148676, -27.975849853749036, -94.28632324263995, -54.89463948785487, 34.60171196204907, 9.634183357562065, -188.20931792343148, 21.145808165379087, -32.309239538681325, 46.36457174996435, 9.411041473841768, 97.48173198283227, -100.96500827960175, -4.022023190229046, -208.88028101580832, -112.07021262496342, -35.36807960023186, -118.3554864830246, 66.25656943856723, 171.2745423892552, 53.38622380043293, 131.9826530897906, 8.080323064409727, -52.80063223588443, 38.02213587448657, 49.364676689788666, -21.097020717330455, 79.29173931962262, -130.8344719048705, -245.54731397051924, -43.587445617700574, 26.853294158566783, -141.96535377623752, 27.914959202556723, 159.6662476510542, -24.701516253567053, 112.14803877230759, 44.34465349498018, 78.14017016008412, -100.23041403297456, 245.28654367896624, -43.66040508934898, 4.974235353768669, 52.82531306560712, 86.74641579340673, -104.81168288975185, 78.56853003966981, -16.60733428335654, -210.96778301458193, 190.9061383894999, -43.80184246549299, 59.672387412569364, 112.42774535386535, -12.70741821532447, -16.0321069713348, 124.83630808568078, -53.9917559809076, 24.644706993271782, 33.306417369585425, -97.68800391972896, 131.34536493412864, -48.62062101957469, -29.63608018259245, -114.60612672107435, 64.70568288944533, -149.71598683551278, 162.58747839675775, 11.124577223202545, -61.185298015865555, 173.52765680316475, -13.663028251060105, -53.206664227901435, 114.84174945686819, -87.00356436818453, -183.85533278056772, 419.73230887823735, 12.262387460194901, 141.9781485973086, -176.39675459512176, -120.53059318259378, 17.65619099238308, 144.48406578327396, 102.33696253743459, -70.08218527187024, -21.908249682599205, -16.375695483372052, 26.09553654328562, 93.42571210802784, 55.944420285361005],