{"k": 10, "sigma_z": 1, "mean reward 1": [730.3575461745415, 906.8150418040767, -366.144289296082, 1848.7474127222238, 1401.7797468710362, -420.18114704803844, 1787.9052196285552, 111.53880387791824, -1509.480593349992, -116.58081839386504, -397.7406165120175, -496.72645388669724, 572.0668416940448, -21.338467467560726, -254.18180758566987, 383.1098134572933, 90.0156570067997, -6.927389170751319, 201.05783530114743, -117.56214889762747, -152.18096093676152, 228.79363530331364, -209.42389652177354, -74.79526684353857, 56.95547797092113, -174.61119762123457, 155.8323396185257, 259.5460260126906, -9.274018823230834, 153.9043007496395, 10.98834024622718, -119.32506585908673, 5.67932291568205, -11.014334082155228, 13.752083227675415, -3.92045235989682, -118.22201021664118, -45.46308523437217, 45.42235496546097, 87.08172115060773, -10.937027826995422, -54.905422961343966, -108.55798821167582, -16.993135589372873, 55.37978912438453, -8.103559439477227, -35.53791388098026, 61.60019909480372, -80.21028540262859, -27.872205160625967, 179.42251725817437, 56.53404597050717, -28.72695183359623, 109.80756081357288, 42.554461325681125, -121.60765873163133, -74.2943631933318, -82.29067877707045, -100.61314247705653, 25.81485640092071, 70.2749180637551, 97.3408003859093, 97.21629089621844, 157.79772508065244, 169.8361370209667, 53.590492195724515, -26.525613091419064, -109.3329257639795, -214.9624930357422, -256.9989871718624, -47.86855871272566, -54.927029313150534, 79.09143722133646, 40.62726243975124, -124.13322955646193, 19.83459167559711, -43.5664241092801, 58.05243128575617, 8.671094959039344, -71.15493983696263, 5.690858483880623, 15.782681818985708, 107.10239567412583, -75.42245592731645, -8.991107499221682, 52.236211569788836, -63.115440899694605, 94.52841933917617, -98.20843203961141, 104.05295714662488, 25.044838637951404, 160.82686950611466, -25.601452956231775, -3.739623883739329, 21.78507132491292, -84.81389302524384, 24.578571749968635, 62.180718472976125, -42.496572021904946, 39.73922969572655, -82.14196983119682, 77.75765099065543, 186.5100454639428, -4.773136344905512, 49.241266968503744, -53.87359679088162, 56.586002106488685, -36.43577739894379, -52.14889928421472, -68.30447503598502, 70.63946307119937, -133.6285176218262, -96.17594831220946, -163.59638448994718, 85.19852110909424, 35.93068161658605, 165.49659153923866, -176.89872456765218, 42.2887709895669, -52.804347220628586, 199.32265350102273, 227.81451441028997, -17.16127146275399, 236.89429720551303, 39.98022829806659, -140.60781549870686, 30.077401469177556, -60.01845808761432, 33.09459350997166, 120.48706884073358, 91.86357833102069, -79.74064207460128, 102.41537939622698, -109.25031819817634, 124.74681700185415, 89.3671039877376, 92.67116690055117, -212.6445090704292, 55.28302089750681, -157.77095691637496, 79.18328607422853, -116.908501691192, 109.85024582453649, -181.94638443785908, 144.05684628471346, -68.73249855448535, 23.089437660516186, -7.97527285248217, -5.868674666605746, -20.739537381108477, 55.43740298245099, -88.69126191201946, -74.57828157748756, 66.45996845655404, -96.6329284939084, -86.21492111603004, -122.19982773888019, -193.8324917192522, 61.205171665810894, 24.67658431799181, -7.7240869448402725, -6.705085165865135, 148.22860313744846, -113.68958796434761, 140.6525914849649, 32.570877855997274, 50.60701649371961, -27.82165856931198, -31.50478923064647, -73.66475444415495, 88.13862444129713, -36.11859756168433, 5.6362005646538265, 6.496617369834466, -56.050572540848776, 27.581901437362966, 126.96717975970988, -6.527183448254535, -138.3822631841901, 17.409393042599223, -2.3237917923752627, 8.988846300886495, 148.65936750203355, -136.76967861186117, -107.90711669044568, -68.2683510276669, -183.98237387488277, -221.3049011949946, 42.30539215179946, -258.76388539479694, 87.42771009900834, 60.86780733119964, -159.99362085619197, 22.009310018622717, -79.34486131563068, -42.1433633237343, -110.75404823543894, -0.7622840599394665, -79.4297720091701, 237.18847130826194],