{"k": 10, "sigma_z": 1, "mean reward 1": [-311.3237985379977, 1401.035091667941, -1473.4737274411518, -1569.3292499815848, -688.0000115107796, -638.2280819660302, -1294.1367010904428, 178.3851706305504, -1267.0888984596047, 1014.129269121681, 403.448899172072, 142.65896277020832, 235.60006442819557, 105.71969695566548, -63.64532610869227, 77.88987744683165, -85.72165466567972, -364.10891416474516, 145.23677981795927, -88.72577895490569, 107.22935743690378, 47.97978850836178, 136.29508956008485, -65.40829491521929, 190.61175051517137, -118.35410944344389, -99.69772790439477, -91.21755102619116, -213.94641637184623, -53.4727111736108, -11.10854361295667, 59.514166514949295, -76.60169480514031, 195.51111606095648, 81.74228334173715, -69.22933133794538, 103.85264518283857, -63.32534728688341, 2.9398745972444793, -130.42211839027152, -27.15829462679781, -62.22361187816753, -43.61286277784651, 1.7785148218505715, 74.87662886302505, 45.112770029638426, -58.076605312533445, -137.4560893677954, 130.97832319433306, 121.59295004426016, -69.7517734950886, 49.90034484453879, -153.89779401719127, 144.66046558963023, -4.269161854895071, 110.6023619063299, -175.96096771786185, -164.81963170055965, 64.87692538642446, -138.01828417862853, 110.90797935593501, 41.25908390032732, -36.65645361742439, -3.356145369551347, -88.74155535510688, -186.674151256774, -59.74430371617139, -11.6359831143658, -0.21353880572205775, 26.931442253627264, 97.11041842151701, -149.75474655412592, 122.95449453401137, -108.24872735273328, 75.89776859980817, -46.569876795130796, 95.4288405828673, 40.30595778205754, 196.05048258488452, 101.64411172094078, 58.11536405615533, 36.12964161896436, -79.70903866716054, 156.0082239871658, -91.48304234454334, 166.27978491273666, 59.118883301683454, -271.8317710801202, -33.755824335130036, -313.7709304245463, -227.90247029152692, 96.14556818219388, -94.8709898398314, 61.65003294955487, 71.17714505139901, 46.18302047277115, 116.63852912293451, 69.45269431681184, -222.14473676435827, -37.86581815391416, -36.09488312484693, -164.81228268858789, 71.48765938797115, -86.66997619595345, -145.62201711199495, -56.02353120876331, 66.95030676159097, 160.2231449142992, 159.822959382652, -64.3766380681364, -1.5841815552771255, -40.53379647308781, 115.79957767143829, -46.025857334906526, 62.42362561741695, -26.195656002264233, 9.200506955714124, 5.216683129483609, 93.39370308843458, -132.3298445453839, 53.26281517626518, -91.38725843752977, -32.844179470384645, -110.84206618056511, 52.96529671473748, -130.4256661563561, 23.297117280813218, -126.06344797455127, -154.8528718455481, -36.63883331106763, 171.2794389808458, -130.87507043518923, -53.69996528842106, -23.796639239222667, -122.31253738556961, 186.97662323235986, 260.12464351903503, 11.27131196360987, 12.307534939527859, 45.02800501801824, -206.5134331749555, 41.87255547795334, 78.93748803109168, -87.3963981151626, -41.0761582537987, 11.88947230779587, -106.61411846368934, 82.5287915204899, 37.64639136574762, -106.1886180651845, -154.40618465892942, 13.600493044636043, 87.61527764377968, -35.62297264560404, -20.080327974702005, 48.52798228103959, 156.56627267310452, 64.17537765513374, 178.62599272832173, -64.43355198198613, 4.244445419386955, -73.2554919407165, -157.39139403381037, -72.36711117939161, -76.62271495058137, -175.1095519663057, 25.865424958231632, -78.77031363901817, 107.57486554971119, 94.77524293030378, -35.711261619603206, 51.96136755063976, 11.042795603051857, 60.66535547598211, -135.35267238484184, -68.88318221422112, 7.900132651253644, -42.58932193672097, 17.584192130357255, -74.54470583798954, -40.878340579047, -37.356463267324614, 7.006785041878588, 55.32079267919548, -62.32559036023424, 127.45678936779987, -39.22388495899454, -61.75809406990393, 47.60964263474061, -197.06873318263538, 228.5249458711923, -169.4047613816996, 84.47152670534845, -106.91992698852727, -8.034654091973138, 3.4747814224607794, 43.97339572790769, -158.66761202023721, 28.612476589519108, 184.54846620488215], "mean reward 0": [311.3237985379977, -1401.035091667941, 1473.4737274411518, 1569.3292499815848, 688.0000115107796, 638.2280819660302, 1294.1367010904428, -178.3851706305504, 1267.0888984596047, -1014.129269121681, -403.448899172072, -142.65896277020832, -235.60006442819557, -105.71969695566548, 63.64532610869227, -77.88987744683165, 85.72165466567972, 364.10891416474516, -145.23677981795927, 88.72577895490569, -107.22935743690378, -47.97978850836178, -136.29508956008485, 65.40829491521929, -190.61175051517137, 118.35410944344389, 99.69772790439477, 91.21755102619116, 213.94641637184623, 53.4727111736108, 11.10854361295667, -59.514166514949295, 76.60169480514031, -195.51111606095648, -81.74228334173715, 69.22933133794538, -103.85264518283857, 63.32534728688341, -2.9398745972444793, 130.42211839027152, 27.15829462679781, 62.22361187816753, 43.61286277784651, -1.7785148218505715, -74.87662886302505, -45.112770029638426, 58.076605312533445, 137.4560893677954, -130.97832319433306, -121.59295004426016, 69.7517734950886, -49.90034484453879, 153.89779401719127, -144.66046558963023, 4.269161854895071, -110.6023619063299, 175.96096771786185, 164.81963170055965, -64.87692538642446, 138.01828417862853, -110.90797935593501, -41.25908390032732, 36.65645361742439, 3.356145369551347, 88.74155535510688, 186.674151256774, 59.74430371617139, 11.6359831143658, 0.21353880572205775, -26.931442253627264, -97.11041842151701, 149.75474655412592, -122.95449453401137, 108.24872735273328, -75.89776859980817, 46.569876795130796, -95.4288405828673, -40.30595778205754, -196.05048258488452, -101.64411172094078, -58.11536405615533, -36.12964161896436, 79.70903866716054, -156.0082239871658, 91.48304234454334, -166.27978491273666, -59.118883301683454, 271.8317710801202, 33.755824335130036, 313.7709304245463, 227.90247029152692, -96.14556818219388, 94.8709898398314, -61.65003294955487, -71.17714505139901, -46.18302047277115, -116.63852912293451, -69.45269431681184, 222.14473676435827, 37.86581815391416, 36.09488312484693, 164.81228268858789, -71.48765938797115, 86.66997619595345, 145.62201711199495, 56.02353120876331, -66.95030676159097, -160.2231449142992, -159.822959382652, 64.3766380681364, 1.5841815552771255, 40.53379647308781, -115.79957767143829, 46.025857334906526, -62.42362561741695, 26.195656002264233, -9.200506955714124, -5.216683129483609, -93.39370308843458, 132.3298445453839, -53.26281517626518, 91.38725843752977, 32.844179470384645, 110.84206618056511, -52.96529671473748, 130.4256661563561, -23.297117280813218, 126.06344797455127, 154.8528718455481, 36.63883331106763, -171.2794389808458, 130.87507043518923, 53.69996528842106, 23.796639239222667, 122.31253738556961, -186.97662323235986, -260.12464351903503, -11.27131196360987, -12.307534939527859, -45.02800501801824, 206.5134331749555, -41.87255547795334, -78.93748803109168, 87.3963981151626, 41.0761582537987, -11.88947230779587, 106.61411846368934, -82.5287915204899, -37.64639136574762, 106.1886180651845, 154.40618465892942, -13.600493044636043, -87.61527764377968, 35.62297264560404, 20.080327974702005, -48.52798228103959, -156.56627267310452, -64.17537765513374, -178.62599272832173, 64.43355198198613, -4.244445419386955, 73.2554919407165, 157.39139403381037, 72.36711117939161, 76.62271495058137, 175.1095519663057, -25.865424958231632, 78.77031363901817, -107.57486554971119, -94.77524293030378, 35.711261619603206, -51.96136755063976, -11.042795603051857, -60.66535547598211, 135.35267238484184, 68.88318221422112, -7.900132651253644, 42.58932193672097, -17.584192130357255, 74.54470583798954, 40.878340579047, 37.356463267324614, -7.006785041878588, -55.32079267919548, 62.32559036023424, -127.45678936779987, 39.22388495899454, 61.75809406990393, -47.60964263474061, 197.06873318263538, -228.5249458711923, 169.4047613816996, -84.47152670534845, 106.91992698852727, 8.034654091973138, -3.4747814224607794, -43.97339572790769, 158.66761202023721, -28.612476589519108, -184.54846620488215],