{"Stationary": {"actions": [0.0, 1.0, 0.0, 0.0, 0.0, 1.0, 1.0, 1.0, 1.0, 0.0, 1.0, 1.0, 1.0, 1.0, 1.0, 1.0, 1.0, 1.0, 1.0, 1.0, 1.0, 1.0, 1.0, 1.0, 1.0, 1.0, 1.0, 1.0, 1.0, 1.0, 1.0, 1.0, 1.0, 1.0, 1.0, 1.0, 1.0, 1.0, 1.0, 1.0, 1.0, 1.0, 1.0, 1.0, 1.0, 1.0, 1.0, 1.0, 1.0, 1.0, 1.0, 1.0, 1.0, 1.0, 1.0, 1.0, 1.0, 1.0, 1.0, 1.0, 1.0, 1.0, 1.0, 1.0, 1.0, 1.0, 1.0, 1.0, 1.0, 1.0, 1.0, 1.0, 1.0, 1.0, 1.0, 1.0, 1.0, 1.0, 1.0, 1.0, 1.0, 1.0, 1.0, 1.0, 1.0, 1.0, 1.0, 1.0, 1.0, 1.0, 1.0, 1.0, 1.0, 1.0, 1.0, 1.0, 1.0, 1.0, 1.0, 1.0, 1.0, 1.0, 1.0, 1.0, 1.0, 1.0, 1.0, 1.0, 1.0, 1.0, 1.0, 1.0, 1.0, 1.0, 1.0, 1.0, 1.0, 1.0, 1.0, 1.0, 1.0, 1.0, 1.0, 1.0, 1.0, 1.0, 1.0, 1.0, 1.0, 1.0, 1.0, 1.0, 1.0, 1.0, 1.0, 1.0, 1.0, 1.0, 1.0, 1.0, 1.0, 1.0, 1.0, 1.0, 1.0, 1.0, 1.0, 1.0, 1.0, 1.0, 1.0, 1.0, 1.0, 1.0, 1.0, 1.0, 1.0, 1.0, 1.0, 1.0, 1.0, 1.0, 1.0, 1.0, 1.0, 1.0, 1.0, 1.0, 1.0, 1.0, 1.0, 1.0, 1.0, 1.0, 1.0, 1.0, 1.0, 1.0, 1.0, 1.0, 1.0, 1.0, 1.0, 1.0, 1.0, 1.0, 1.0, 1.0, 1.0, 1.0, 1.0, 1.0, 1.0, 1.0, 1.0, 1.0, 1.0, 1.0, 1.0, 1.0], "rewards": [-754.5501603942438, 1091.0372255319871, -957.1511749268743, -399.0033492033852, 1881.3200561983515, -681.1126263656438, 1010.0516819663862, 822.3085392654851, -556.5110987021072, 512.610409707079, -693.1421219089935, -110.5901219393553, 518.6689014174419, 322.6741943464497, -277.1977784151158, -66.01340940576935, 21.560746397750542, -32.545536694553725, 130.05869182573358, -90.89558384287213, -316.12006780691473, 289.9904460061178, 32.978462176760075, -36.245436556249125, 153.18094056292327, -231.95202150652415, -149.68275567869392, 143.05451263179077, 37.95858820780363, -30.76296582581791, -83.82904294319351, -81.24437913106543, 79.76494920636301, 153.53775215917742, -77.20458777063395, 90.57190800089222, 103.27929385617797, 329.38219983849814, 16.75110389554533, -79.97154915218034, 25.457813867732636, -127.39554108998692, -44.19313309763445, 13.245626377796663, -15.785883701659438, 5.6949162823741935, 185.01136450239943, -32.37671633762238, 11.74340651613974, 144.0341172075862, -311.01320262354704, -7.433279779681697, 23.81162808821045, -43.61151525200515, -47.76911822840261, 37.82410662036379, -187.95871868862972, 49.69234931594026, -34.232171082739534, 27.282746640172707, -54.53425217455044, 51.859645408005726, 38.25528697549753, -53.8847867806018, -48.75920245925702, 116.75178198378113, -127.60618998914327, -0.8319641518923713, 166.97637259396686, -52.97890281635501, 112.94330192721898, 83.77808988725523, 12.841141201898289, -20.065124383055778, -1.7770343596181126, 52.52345260000879, 127.28055273319522, -5.853301395181848, -135.93660647252827, 113.42904743903948, 21.787901460228618, 58.42412609143023, 63.16877480019654, 66.43839750327884, 40.55380670575279, -25.499247834941922, 88.50603771803833, 5.243331080260014, -80.75512665887456, -121.93353807571378, 57.281615358099494, 84.0741968617219, 316.5315479818386, -112.80877393391464, -71.42777052033675, -33.312130890677956, -45.092634281309074, -12.070968141071846, 136.8704476078777, -169.36068875678095, 79.63411695025388, 79.21913160992128, 23.864681850322242, 147.55273409434955, 97.87019002902386, -141.05099330484447, 123.98707916459409, 7.942469621446396, -16.893133258912883, 181.43119547944843, 106.35304246864585, -2.323038210113853, -52.13199180626921, 4.632622650264039, -58.62720741948564, -144.37817774960354, -28.975291416237006, -153.059896255384, 153.98174945784928, 77.20044545704667, 270.04175654963854, 149.07491538512105, 32.9970129462713, 108.68747795827957, -56.439902271644, -83.87703049915169, -39.60586658436267, -21.28901972725566, 64.11662219107079, 66.38261119692747, -116.67967488665576, -61.77323292853999, -32.879585075928404, -10.950198663218059, -103.27293627201706, -186.46254661915577, 108.37996559799493, -50.80486500685427, 70.14216091470183, 74.70780664875912, -55.78687958930816, 64.79617454701639, -160.32635510328507, -65.92854780969387, 40.23453725387585, 22.404532700092673, -37.5958757079031, 118.80307462937917, -100.57286798678575, 115.90273046511919, 60.2371651909559, -68.04448376372638, 58.866623866452336, -192.35875084790968, -87.03873062233541, 155.6939964637135, -61.069694041629255, 32.700095732281014, -31.15629868253825, -69.09516006566686, -18.16715980282705, 237.18708025237606, -214.78956189941184, 158.53415251512843, 43.670785232117744, -99.57973299008385, -147.5737618901812, -17.09696728215511, -47.93446234437453, -8.532604543239653, 107.42482062109593, 70.94093037079116, -64.30587594746689, -143.20277199940705, -46.58610725460718, -116.51693195202586, 149.22542788756945, 46.8955511170061, -150.07487848611987, -15.482037421798712, -16.151465778603544, 36.99311338254148, 286.1205891175518, -51.476284429141685, 112.6145686918477, -15.134259524574258, -150.23992699219332, 0.6438918622230647, 93.15023051875576, -247.42219395612386, 102.99742031803065, 40.3417460973767, 40.37440399773154, 72.32535622860902, 59.0823345058577, -30.916310012383967, 59.83214955722787, -233.78692193968342, -25.464523139411703, -14.471473971824723]}, "Latent AR LinUCB s=2": {"actions": [0.0, 1.0, 0.0, 0.0, 1.0, 1.0, 0.0, 0.0, 0.0, 1.0, 1.0, 1.0, 0.0, 0.0, 1.0, 1.0, 0.0, 1.0, 0.0, 0.0, 1.0, 1.0, 0.0, 1.0, 0.0, 1.0, 1.0, 0.0, 1.0, 1.0, 0.0, 1.0, 1.0, 0.0, 0.0, 1.0, 1.0, 0.0, 0.0, 1.0, 0.0, 1.0, 1.0, 0.0, 1.0, 1.0, 0.0, 1.0, 1.0, 0.0, 1.0, 1.0, 0.0, 1.0, 0.0, 0.0, 1.0, 1.0, 0.0, 1.0, 0.0, 1.0, 1.0, 0.0, 0.0, 1.0, 1.0, 0.0, 0.0, 1.0, 1.0, 0.0, 1.0, 0.0, 0.0, 1.0, 1.0, 0.0, 0.0, 1.0, 1.0, 0.0, 0.0, 1.0, 1.0, 0.0, 0.0, 1.0, 1.0, 0.0, 1.0, 1.0, 0.0, 0.0, 1.0, 0.0, 1.0, 1.0, 0.0, 1.0, 1.0, 0.0, 1.0, 0.0, 0.0, 1.0, 1.0, 0.0, 1.0, 0.0, 1.0, 1.0, 0.0, 0.0, 1.0, 1.0, 0.0, 1.0, 1.0, 0.0, 1.0, 0.0, 0.0, 0.0, 1.0, 1.0, 0.0, 1.0, 1.0, 0.0, 0.0, 1.0, 1.0, 0.0, 0.0, 1.0, 1.0, 0.0, 1.0, 0.0, 1.0, 1.0, 0.0, 1.0, 1.0, 0.0, 0.0, 1.0, 1.0, 0.0, 0.0, 1.0, 0.0, 0.0, 1.0, 1.0, 1.0, 0.0, 0.0, 1.0, 1.0, 0.0, 1.0, 1.0, 0.0, 1.0, 0.0, 0.0, 1.0, 1.0, 0.0, 1.0, 1.0, 0.0, 0.0, 1.0, 1.0, 0.0, 1.0, 0.0, 0.0, 1.0, 1.0, 0.0, 0.0, 0.0, 1.0, 0.0, 1.0, 1.0, 0.0, 0.0, 1.0, 0.0, 0.0, 1.0, 1.0, 0.0, 1.0, 1.0],