{"Stationary": {"actions": [0.0, 0.0, 0.0, 1.0, 1.0, 0.0, 0.0, 0.0, 0.0, 0.0, 1.0, 1.0, 1.0, 1.0, 1.0, 1.0, 1.0, 1.0, 1.0, 1.0, 1.0, 1.0, 1.0, 1.0, 1.0, 1.0, 1.0, 1.0, 1.0, 1.0, 1.0, 1.0, 1.0, 1.0, 1.0, 1.0, 1.0, 1.0, 1.0, 1.0, 1.0, 1.0, 1.0, 1.0, 1.0, 1.0, 1.0, 1.0, 1.0, 1.0, 1.0, 1.0, 1.0, 1.0, 1.0, 1.0, 1.0, 1.0, 1.0, 1.0, 1.0, 1.0, 1.0, 1.0, 1.0, 1.0, 1.0, 1.0, 1.0, 1.0, 1.0, 1.0, 1.0, 1.0, 1.0, 1.0, 1.0, 1.0, 1.0, 1.0, 1.0, 1.0, 1.0, 1.0, 1.0, 1.0, 1.0, 1.0, 1.0, 1.0, 1.0, 1.0, 1.0, 1.0, 1.0, 1.0, 1.0, 1.0, 1.0, 1.0, 1.0, 1.0, 1.0, 1.0, 1.0, 1.0, 1.0, 1.0, 1.0, 1.0, 1.0, 1.0, 1.0, 1.0, 1.0, 1.0, 1.0, 1.0, 1.0, 1.0, 1.0, 1.0, 1.0, 1.0, 1.0, 1.0, 1.0, 1.0, 1.0, 1.0, 1.0, 1.0, 1.0, 1.0, 1.0, 1.0, 1.0, 1.0, 1.0, 1.0, 1.0, 1.0, 1.0, 1.0, 1.0, 1.0, 1.0, 1.0, 1.0, 1.0, 1.0, 1.0, 1.0, 1.0, 1.0, 1.0, 1.0, 1.0, 1.0, 1.0, 1.0, 1.0, 1.0, 1.0, 1.0, 1.0, 1.0, 1.0, 1.0, 1.0, 1.0, 1.0, 1.0, 1.0, 1.0, 1.0, 1.0, 1.0, 1.0, 1.0, 1.0, 1.0, 1.0, 1.0, 1.0, 1.0, 1.0, 1.0, 1.0, 1.0, 1.0, 1.0, 1.0, 1.0, 1.0, 1.0, 1.0, 1.0, 1.0, 1.0], "rewards": [-1596.115353847336, 755.022857318554, 1960.0413941849135, 772.7178551629402, 35.26276485289019, -1867.4332168987157, 1227.0144296855844, -1069.0516349378072, 211.12405940947502, -2704.7690537871663, 280.2494449625418, 407.0213293897563, -409.2624922837651, -170.7513457746112, -55.44832338267146, 253.41286584156092, -178.76416058016713, -150.19299152364044, -167.13585410258202, -1.3525615465385332, -216.88993802904687, 39.23784017713186, -86.55260349640908, -44.478919711296776, 194.68890699834083, 183.708787667516, -65.62415450174805, -239.79108679474697, 98.47615081461768, -185.3580346755528, 143.1845944436995, 52.279445078856675, -32.151907186260686, -13.35233389322245, 112.12166064745024, -18.07429044095063, -75.89231088743784, -61.816551581130646, -40.080698770767754, -108.92371902179619, 52.2544781235106, 201.5147138642699, 46.57654553036588, -108.45207193260552, -75.13515420419071, 118.0303606387212, 41.12889750279919, 27.81247331813263, 74.82991636524605, -97.737753031998, -101.67940951955597, 201.6926336991977, -3.2345291752911733, 94.3785041011182, 74.20969923096673, -4.6652923233500525, 93.56110927387226, 194.22647207862198, 57.316404794168236, -44.690505251412525, 84.97895118343182, -135.3266203256905, 48.73519824747482, 61.808468996416444, -275.00830859754245, -42.62799660537311, 53.12841394161116, 111.329713504341, 15.174039032948961, -93.32499424311276, -33.272890632058505, 10.915637905543406, 6.720828084566687, -95.4704410553176, 184.96489654127998, -87.59372292835702, 15.962173035257615, -48.152487377420265, 26.49338448179714, -179.45625248127126, 192.8468467439656, 12.158687212961306, -63.565558147443596, -98.62516317626611, -129.06879793275152, 94.90500541839756, -38.21198802530007, -14.106700353950549, -108.54914125934701, 39.1805113852662, -97.66052663715486, -51.89347470363563, -291.55642984594226, 37.07870315506801, 67.15520588800426, 158.31726929899983, 8.91804687328978, 25.758447826605845, -57.31073956266117, 53.30491576269761, -48.73798308667723, -15.231323798964372, -96.21581907521123, -241.9890743285188, 80.08947448388122, -3.013545807234603, 194.60356923401707, 119.13217722706099, 45.41406666263168, -62.37992267321809, 66.20101554662898, -139.27410180131852, 155.7371257901037, -45.45609410298733, 40.29467568575479, 49.89388791085562, 91.61160048289366, -27.94083641853182, -45.58729019742303, -35.49485083979014, -21.477223091847524, 151.22451156933627, 139.28444817850718, -59.724750859158405, -141.90547920467915, 1.448688337737837, -10.603359676968848, -54.67562723755937, 54.09514870302613, -74.50111125345126, 63.17326141217309, -22.42545202225904, 34.82779868775168, -61.80485267425391, 82.92860602599133, -1.7579875294877119, 18.618075871904093, 157.39874778457727, 134.63212206358332, 33.06593431728877, -148.58879010412096, -147.27394524192135, -143.86445611337763, -163.88623265538286, 4.007527709796185, 69.86094767685758, 17.79951443148649, -22.53413581269625, 279.30933514526794, -50.23496696496637, 98.3906857790706, 85.40681040679836, -81.02210117580425, 127.45425069618238, -18.14212988956213, 63.7836888668567, -57.705113588343295, -57.701711477694666, 111.54619453217047, -57.481873591236145, 50.274086877113895, -114.88047037778196, 85.0212914404275, -115.69935001018519, -2.7451983408938876, 20.116386204678037, -135.85409709336628, -103.70849340155107, -24.467375802758415, -5.532991762432928, 77.5869077826068, -77.38112385416441, -41.476314305219795, -252.87950352615547, 44.72885566792202, -13.783494048962204, 71.6290661403002, -20.62004578830046, 171.99342295508856, -111.08338895177215, 155.99978778922335, 23.4929750857943, 1.7615913131735386, 79.43796101284775, -91.90880303136323, 133.48720064028103, -134.03510248125588, 32.531020817678005, 116.18669787961444, 158.73623471510246, 9.713083250989582, -71.09653011509945, -140.14617634354224, 44.410168123390285, -200.32512739193282, -11.508807862066181, 8.675965723344623, 73.06323275717111, 102.32684866478841, 82.86883615019181]}, "Latent AR LinUCB s=2": {"actions": [0.0, 0.0, 1.0, 1.0, 0.0, 1.0, 0.0, 1.0, 0.0, 1.0, 0.0, 1.0, 1.0, 1.0, 0.0, 0.0, 0.0, 1.0, 1.0, 0.0, 0.0, 1.0, 1.0, 0.0, 1.0, 1.0, 0.0, 0.0, 1.0, 1.0, 0.0, 1.0, 0.0, 1.0, 0.0, 0.0, 1.0, 1.0, 0.0, 1.0, 1.0, 0.0, 0.0, 1.0, 1.0, 0.0, 1.0, 1.0, 0.0, 0.0, 1.0, 1.0, 0.0, 1.0, 1.0, 0.0, 1.0, 1.0, 0.0, 1.0, 1.0, 0.0, 0.0, 1.0, 1.0, 0.0, 0.0, 1.0, 1.0, 0.0, 0.0, 1.0, 1.0, 0.0, 0.0, 1.0, 1.0, 0.0, 0.0, 1.0, 1.0, 0.0, 0.0, 1.0, 0.0, 1.0, 1.0, 0.0, 1.0, 0.0, 1.0, 1.0, 0.0, 0.0, 1.0, 1.0, 0.0, 0.0, 1.0, 1.0, 0.0, 0.0, 1.0, 1.0, 0.0, 0.0, 1.0, 1.0, 0.0, 1.0, 0.0, 0.0, 1.0, 1.0, 0.0, 1.0, 0.0, 1.0, 1.0, 0.0, 0.0, 1.0, 1.0, 0.0, 0.0, 1.0, 1.0, 0.0, 1.0, 1.0, 0.0, 1.0, 1.0, 0.0, 0.0, 1.0, 1.0, 0.0, 0.0, 1.0, 1.0, 0.0, 0.0, 1.0, 1.0, 0.0, 1.0, 1.0, 0.0, 0.0, 1.0, 1.0, 0.0, 1.0, 1.0, 0.0, 1.0, 0.0, 1.0, 1.0, 0.0, 1.0, 1.0, 0.0, 0.0, 1.0, 1.0, 0.0, 0.0, 1.0, 1.0, 0.0, 0.0, 1.0, 1.0, 0.0, 0.0, 1.0, 0.0, 1.0, 1.0, 0.0, 0.0, 1.0, 0.0, 1.0, 1.0, 0.0, 1.0, 0.0, 1.0, 1.0, 0.0, 0.0, 1.0, 1.0, 0.0, 0.0, 1.0, 1.0],