{"k": 5, "sigma_z": 1, "mean reward 1": [14.586809742007308, 5.49150668472282, -2.291480876372787, -3.03203360037433, 16.394895982338788, 6.920250474157923, -0.264240877997775, -4.014515295224637, -2.0148530895382772, 3.538893153722349, 3.785560334232388, -0.6244277348353808, -1.7965381698417069, -1.4293125253255956, 1.8408336720625744, -0.16384098185767293, -2.0732871373230126, -2.063670833282302, -0.19772873560805257, 1.0285863354847113, 0.7536868481616954, -1.3284300673897067, -1.9024498978190314, -0.4112859928440027, 1.3059005528135295, 0.4115536863203044, 1.7379019001739082, -0.02569820174933346, 0.34532827281014755, 2.0321873797098684, 0.5014039093301981, -0.7498499363885358, -0.967006306605504, 0.3765130842830877, 1.6818043612239393, 0.8373344994393037, 0.49953986191925237, -1.764742027290616, -0.016972106586350733, -1.0045657387181912, 2.1498933341091124, 0.4878331147789837, -1.1024590958578484, -2.692990833480587, -0.31126712894980385, 0.36296297342594763, 1.0973835917042147, 0.18131255892852682, -2.209525580180919, -0.059171161430608965, -0.4005416304654742, -0.6301109222281231, 0.0853320841173876, -1.444628358703537, -0.26077281836408844, -0.4569280795466396, -0.5568760554897184, -0.6326251318552678, -0.8211720583129855, 1.2681634482762367, -0.15720108932041565, 0.7194249000886198, -1.6408004243503087, 0.8869311809304812, 0.3832626296660939, 0.7030059989326876, -1.6260679102698459, -0.6840011604487861, -0.7349753896711244, 2.2721353667666024, 0.9305442139190856, -1.5773114831333381, -0.53121873424033, 0.39036625484852094, 1.9636395821543768, 0.6468380654372007, 0.6050020510571107, -1.6041350965455028, -0.3817231513310965, 0.034869659018279875, 1.0015793753709143, 0.7919550287461925, 0.42949309972036137, -2.9400328274097944, -2.901478794474559, 1.2533688398956637, 1.2886854737964848, 1.086371586436372, -0.8493391739756355, -0.6477528036110868, -0.9765782891526545, 0.1895452434182055, -0.5237175095793767, -0.062079649563714055, -0.18737985013520136, -0.47677649694081037, 1.0500914214775077, 0.5346387070015709, -2.163673660664772, -1.5020935274983125, -0.43687670895310393, 1.4886031050359276, -0.7663769938729079, -1.5731542820390305, -1.7891954602116296, -1.0690541679162762, 1.609332489930915, 0.007708337867271431, 1.0010708636014167, -0.9404791660033957, -2.1418871972613482, 0.3529656735310711, 0.2025824915590616, -0.9124703406464731, -1.6338862196453219, -0.5273011054613468, 0.06094280586222067, 0.7468736422057325, -0.13138581243782926, -0.28158700826307614, 2.2796744594228953, 1.7439364141294866, -1.0849077953086395, -2.459738690336146, -0.10695606946795277, 0.3805631353375176, 1.052587141626333, -1.1917032531969867, -1.6113104203787796, -0.849656517906555, -1.0336185541791831, -0.2883470118284259, -1.2837618978267527, -0.8626507434640249, -0.25322360358976415, 0.34030538870281046, 0.43810330279663057, -0.9541704988933797, -0.7275604716425108, 0.06160982072307242, 1.7138432953704608, 0.8143679390331284, -0.6451165276278744, 0.6712227503176766, 1.1755017619205514, -0.06168309693427998, 0.10423613178813856, -1.0574893720593053, 0.14077612361986594, -0.09741065311417563, 0.2189007397884006, 0.33749788925699514, -2.7934403890735116, 1.0733687704810855, 1.4949796572885616, 1.45044636616936, 0.8963625045226375, -0.9535150023638751, -1.3716953306490214, 0.23425034073504925, 0.3408954232675966, 0.9099763324821271, -1.5517462846893197, -1.6188344035092248, 1.5023460755025189, 1.437730989774844, 0.3557345266740266, -0.22742579695492404, -1.857650610905203, -0.16196658442597534, 1.1137684636685998, 1.4969620947000029, -0.12823074592900074, -0.6996955332250578, 0.012870805418881748, 2.7314740446655836, 1.6214168645910776, 1.0374302424000883, -2.271879848129492, -0.21787409448328787, 0.15922266674405805, 1.6124268122428178, 0.009041963685975096, 0.47527509400514634, -1.413310153845281, 0.8491360351429421, 0.027778982941111474, -0.3329620256273183, -0.6945806363498279, -0.3397978758043871, -0.7295047199130738, -0.835704569993064, 0.21430245278749413, -0.5859536258841749, -1.2702236958413478, -1.583619475671458, 0.7565732566369177, 0.022777649716046122, -1.051915770882851, -0.4034844466338638],