{"k": 5, "sigma_z": 1, "mean reward 1": [-4.013086078093167, 6.928246299007068, -15.35453512078368, -4.396571010185562, -17.75459693679033, 0.5503759191811497, 7.039746731834928, 1.1786170483236982, -2.637192499207944, -7.230054089633849, 0.8676142992123304, 5.2033537622602895, 3.79495391979128, -1.4736361807046108, -4.397832630846299, -0.8753007797997678, 4.337340695419748, 3.824616575639306, 0.8368716353748749, -2.4707803952820555, -1.3650552426198739, 2.625812713714173, 2.858164658386236, 1.201750958196158, -3.273463009568795, -2.136731129447917, 1.0881786578171293, 1.183194748167039, 0.6619520159237007, -2.8043280198107015, -0.9747257319911131, 0.5979558756076792, 1.7186899059531469, 0.5291967011569492, -2.087525023165543, -0.12006007790984374, 0.3087996220797675, 0.8379629441280906, 0.3961539300263378, -0.18712936710466538, -0.9541401184113176, 0.9382956195674903, -0.9118109516447594, -2.4200857834194482, -4.478596981599861, 0.031644848488214194, 1.1995113795145504, -1.420941385085323, -2.1107435588001646, 0.11213114848248651, -0.345177394157545, 0.6992194013878157, -0.7982234272264359, -0.6616817393076828, -0.27496920574822126, 0.07563434299907518, 0.6755700580210338, -2.4670126164789687, -0.013036278249246802, -0.9959392762419547, 1.3927273853980142, -1.0552988466310602, -1.9792528058538728, -1.7457326506760014, 0.9619988573757073, 1.7196997610993565, -0.25677917833551317, -2.197664439989713, -1.266090846679503, 1.0364692022941404, 3.962080252188006, -0.8052272504804603, -2.0722924044247346, -2.8216334868819724, 0.7221602720089484, 3.4914493190568368, 1.3897170389857918, -2.0407323823880823, -2.7116924455754106, 0.5196496309509341, 2.093471999775773, 0.4152668013792088, -1.7054991117065261, -2.1857317550478013, -0.6438787523038241, 2.220498346470198, 1.211191048408935, -0.648280710391499, -3.0587483588535807, -1.866116559693391, 1.2048956936976112, 1.3355872529569544, 0.23131187423515623, -0.6586092591050138, -2.3173974866625766, -0.2550224533782074, 0.4384135715002736, 0.7366641834244958, -0.09320851269179639, -0.9236550102694583, 1.357782138733813, 2.027583252834174, -0.5166325112995604, -0.951419880610161, -0.3063250162642317, 1.2120311183561363, 1.832293749907917, -0.3164897545305276, -2.318285299914675, -0.7766036017962373, 0.5194511802965045, 2.836013143093086, 0.725783160647794, -1.4440313782043268, 0.33153248721233775, 1.688636637536636, -0.06728658559649658, -1.4976298162023944, -0.5251897773811662, 1.6920781850599398, 2.281345827418477, -1.5313834133017834, -2.137112242946791, -2.0182264137446992, 1.3545744443897316, 2.178341157354836, -0.7378383124491597, -3.0571722162037025, -2.992454968093136, 1.8168986527692224, 1.4796102177160038, 0.8114121839278832, -2.105788913573507, -0.9450952935212626, -0.2976462201356983, 2.9765269498997284, 3.22310492867481, 0.1381579626097853, -1.1162384266115688, -0.37740468863608057, 0.7825520280620448, 0.5443037637688518, -0.4139848326737253, -1.26038517921906, 0.2718263183999564, 1.339113587833673, 0.192647912897787, 0.421364447403191, -1.000377639125488, -2.161123950732625, 0.41323709109326684, 0.28919225870892384, 0.4926152116463872, 0.41123022996997566, -0.2840663107826499, -0.12175596740854674, 0.5911260560024659, 1.6481354679369988, -0.39620500829122873, 0.13160014637219952, -1.9440449550630805, 1.7936308027151704, -0.6624442191369977, 0.520688439218882, -0.07392853671309657, -0.05654560960132518, 0.829979609449154, -0.06109091488568649, -0.8764010179886818, -0.8901262337287877, -0.9912478027663546, 0.9990400959162076, -0.10843615754844993, -1.997303316783328, -1.1642530260964759, -1.1440008550980982, 1.1956953987478907, 0.5865616656996632, 0.37755246996157843, -1.608078115500327, -1.0064862080483084, 1.6058916199102378, 0.6821936529756829, 0.7407342264844681, -2.1913118754951313, -0.7797822515221987, -0.15563295164444346, 1.4455088258542617, -0.05691273946029085, -0.7488610202298402, -2.3169178124559258, -0.17430682595347563, 0.9030839155332452, 0.836814187050969, -1.5885149168103754, -1.893169103724104, -0.7523790488836912, 1.1403629593666953, 1.0006629656811548, 0.27179259825135754],