{"k": 5, "sigma_z": 1, "mean reward 1": [2.018753042112036, -4.582916644496206, -9.521259621332362, 9.030221625389867, -3.7464893386002123, 1.6759284067754967, -1.6243006761888488, -1.0674995579567599, 2.6438595893834735, 1.9015040789721185, 0.3594856613816831, -2.135347884394765, -1.7886103380503195, 0.6332655413771189, 0.9995124841645345, -0.47023407393920247, -0.7512336607261771, -0.9827224284208915, 1.700683785941402, 1.6638583826502091, 1.010358954316304, -0.4064117382873556, -1.3963580071224653, -2.0174180923405762, 0.4798845481485496, 1.608809595881693, 1.9270451227266845, 0.44961539556530894, -1.4177458000299148, -1.2291502935837832, -0.6236334161800414, 2.45836962169151, 0.7763488638882543, 0.997280725925598, -1.947735737412658, 0.4666338294700837, 2.160142719870979, 0.324683666347654, 1.806057236007761, -0.2413831935282461, -0.6051964131642222, 2.0870279841173516, 1.7543362135577891, 0.8704933704655079, -2.498517231612646, -0.7927695807026893, 1.1411424856336811, 1.3140519817864929, 1.9601089574538095, -2.041798478531689, 0.4546386180382931, -0.9691879316442318, 0.7451835405299961, 0.24249599980197378, -0.5040143563120566, 0.7103872950646049, -0.109340543671301, 0.04166958271246099, -0.5638236437180576, -0.7864582089615405, 0.9382854846645106, 1.1463692606826057, -0.3575229167563796, -0.5076174046996107, 0.12085720943182154, 1.2607656961994556, 0.5867769884264029, 1.7801959132721317, -1.0913160765797743, -0.16955865325622976, -0.3388509309532104, 0.2705908749751412, 2.4674026264334854, -1.7033003690191115, -1.4184012876587024, -0.962550919334568, -0.33118625968094584, 0.8935126570697561, -0.37728665717840865, 0.31243353037538124, -0.5111031495024921, 1.5235783256039288, 2.27408709464072, 0.4302249884692265, -1.3409420526255627, -2.0516583472028618, 2.9988103346251234, 2.3610182387149696, 0.27149040859584916, -1.5013113599052583, -2.381906824624795, 2.1205698288007735, 2.100624644372234, 0.04351435692375649, -2.379601683080347, -1.3353073272734604, 1.4571865627373448, 3.5364980245247786, 1.2245951989858652, -1.1202903917789262, -2.4873729587423936, 0.29545876717095804, 1.8988999428792954, 2.450116328670366, -0.2349319243245818, -1.8748473984410796, -0.8939271153072896, 0.6459176612453912, 3.4032307952932177, 1.4433573564239035, -1.128145901098196, -2.362362212051005, -0.19738931616121946, 2.3881659152669164, -0.20759748484215468, -0.8464183290923784, -0.3447300544121277, 1.1920262510281439, 1.9156241474191025, -0.03963582548110001, -1.593951810845216, -2.2437532127147106, 0.9627384288980829, 0.1400002262215485, 0.646828281631287, -1.6577777232347122, 0.0038373648502749713, 0.9722117387419098, -1.4907494989830627, -0.9051287359072825, -0.7868801920592402, 0.4697430338832478, 1.4976726995204388, 1.5942252207576542, -1.2214195539659647, -1.790924278518835, -1.9238841203048116, 0.933772077721403, 0.23184690483889447, -0.7505032343586493, -0.7167935935621326, 0.30197455788692656, 0.9893571574756655, 0.49492176414158745, 0.6937715053575507, 0.159837752890174, 2.519997783261384, 1.3098710568400274, -0.6626698393702055, 0.6041070458016673, -0.8801399732338705, -0.44905071604725555, 0.4247642209456127, 0.23675103166494998, 1.0237756758868333, -0.17792543840035005, -1.3060422470694506, 0.17883524201021084, 1.0910911877130336, 1.5453501323309329, -0.26108571695327176, -1.7411047749308919, 1.0332790984252949, 0.6099751008683014, -0.2345144734347041, 0.15153068973892225, 0.8069318401927676, -0.5142022581609986, 0.5065823179921327, -0.37418076136627304, -1.6718164804120426, 0.4664300410351698, 1.6017526653043612, 0.46619875631775476, -0.6496262695504856, -1.786928531632657, 1.5030493251615245, 3.0681153747442576, 0.6673287651825209, -0.7864196620222949, 0.5077200286899635, 1.6596707207074608, -0.8824289932247118, 0.3883089511670128, -1.1210556020373823, 0.6350217562221904, 1.9443324136817475, 0.7351930781972811, -1.0702708289515017, -2.0067155723522583, -0.8257004409837113, 1.1854349423412032, 0.7876135538205042, 0.6766349530946745, -1.4793275830350163, -2.0306694245007715, -1.4562291843865918, 0.8544576086886765, 2.5452647023533905, -0.2883669271213313],