{"k": 5, "sigma_z": 1, "mean reward 1": [3.622627015747249, -12.711128250711376, -17.589242665228713, 8.561799924703823, 8.634439487100039, 4.602320143765244, -6.9708218266024184, -8.860406410119237, -0.31386714469424404, 4.108940329725515, 5.457239107379044, -1.1045241365180034, -3.9426605598160234, -2.945476199447654, 2.1187026412194814, 3.217179195978723, 2.0021167803909643, -1.5252684224618678, -2.7329218968341458, 0.8971137130050599, 2.5336204590085316, 2.2752612438162187, -2.0042083218408093, -3.0180811997561676, -0.030638568320681847, 1.2508721086891776, 2.7954135928189565, -0.8439129782757829, -2.850464936062744, -0.40491094440770103, 1.3715113703707207, 1.0514383476941709, 0.9704712332173834, -2.6812266649145795, -0.0951585653140844, -0.14632748137174922, 2.284081156038294, 0.6675730675248647, -2.4037333485902126, -1.5465114506366036, 0.002889571430055221, 0.737461105388209, -1.0529226814479833, -1.0901116312475683, -2.3385951307859103, 3.3470827909746723, 2.1522337330194237, -1.9404442602826235, -1.2052930523153496, -1.7367214476548032, 1.3560186541074701, 1.5859053835925818, 0.9556211368934129, -1.3960567210127155, -1.677853184307156, -0.42783793870121856, 3.5107099272446107, 1.4461267783217366, -1.6846730812398425, -3.454472065598001, -0.5952264710986784, 3.074237267429309, 0.16334027451352506, -1.4254884102087773, -0.23257625266651294, 0.07013112237751443, 3.38633510012309, 0.21809270664413416, -1.1660527192825125, -0.5983999466629206, 0.8748976699059947, 0.5904645364937243, 0.153116671817844, 0.12219202578961919, -0.8825163612878857, 0.15375411116766258, 0.8806365007494739, 0.9505040192386434, -0.47070064672076856, -0.3681848238190548, 1.3833411157572277, -0.4878407409725751, 0.6414421833525308, -1.33018245956894, 1.9924822003321674, 1.261645468563612, -0.21812265950093238, -3.9253311553284562, -1.4628765067089142, -0.22318161699322325, 0.5691870118374804, -0.7861855183611663, -1.2470128295468772, -0.0020622873059881197, 1.1429104728207942, 0.9373761356673407, -1.925321113747986, -0.6608797718879509, -1.7627549544691306, 1.2832951652233473, -0.5384030876779156, 0.13951376155307604, -0.529314567122388, 0.13964873049845772, 0.9442889394953797, 1.2172833690377007, -0.7718715020170442, -0.675770997172765, 1.3170019529359467, 0.5450940137869844, -1.8188933142272892, -1.3152862604398874, -0.2990263245051278, 1.3629467490493552, 0.40077236029079394, -0.14717511511831954, -1.3982285530658003, -0.7372618034160808, 0.4834721447845675, 1.4959801179200833, 0.9261403509085275, 0.6046115743354283, -0.2399979531714329, -0.27760897203879564, -0.6936346949793823, -0.5826132273850382, 0.15768337559412468, 0.4067398436480957, 1.1682540839310016, -1.276550077934375, -2.0190567174272176, 0.14650585345322942, -0.022250294976056906, -0.8932042073575004, -2.102953163321163, -0.6345987172273176, 0.4453245761173873, 0.8376726620476401, -0.8881460615902408, -1.385738338575365, -1.4531447160249797, 0.8419008518669819, 0.34436581220681317, -0.32959567534520456, -0.7049600727015606, 0.33032955430004024, 0.8491871222795387, 0.036874127346183894, -0.39413884066881016, -0.8354796152886647, -1.282670448493628, -0.46412039196883415, 1.6530782078341146, -0.32927719178967774, -0.3195136525036414, -0.9281798392037782, -0.08202733003997204, 0.6662781291591211, -0.10735055491337442, -0.7968575980326739, -0.8035006206300054, 0.5909531530606744, -0.6812007128936929, -0.4694914304565474, -1.3922918710006584, 1.4380718226343716, 1.2212696692025744, -0.5649530636626396, -1.984069234093675, -0.6352188171686892, -0.7282140855749839, 1.9305281283550901, 0.6981506259347132, 1.637038541276426, -1.8438341802416063, -0.045948214388665365, -0.5574500546638036, -1.2219419007732166, 0.5190534963969318, 0.0980474084162754, -0.6378495515582973, -1.3852402327375288, 0.7510884406061685, -0.013084376502801698, 0.06108631361061381, -0.07295219997992797, -0.43895037501365286, -0.8001965924634794, -1.3667435445323788, -0.28811178817445604, -0.12337052212162997, 1.3584629826169283, -0.14508410039006236, -1.895895827600989, 1.0457817412431816, 0.7727427799170947, 1.9532641147247616, 0.1919769197588564, -1.0568483991337347, -0.019577285248847054],