{"k": 5, "sigma_z": 1, "mean reward 1": [1.8729937255721874, -4.948403548107774, 10.133640069631262, 18.43285870680174, 4.913826527098144, -7.37174296539095, -7.820840026858281, 1.2674916082597778, 8.53500683027377, 3.9252243033344474, -4.79845282361064, -5.597268974112238, 0.955559664929815, 4.565157259726586, 4.415063674591187, -0.6580956028259213, -4.155994708813394, -0.7425960696414353, 2.6155865113229484, 2.561705930767159, -1.3303649036191614, -1.336065228496636, -0.08257672700187224, -0.10200370190413555, 1.8472249877167937, -0.8672558704397549, 0.26987907684743684, -1.539746033464406, 0.4365587174748565, 1.0235182253487567, 0.5291140162765189, 1.1641527472321513, 0.5372607857391242, -1.3243200759601548, -2.1189080986033115, -0.9153523409109683, 1.3191014085493646, -0.127416686413244, -0.6245337698117769, -2.4407804718549864, -0.05052141153790357, 0.801090990348972, 1.5558588429143234, 0.9355251451667304, -0.5608716005001337, -0.8873060062554392, 0.3267140883683902, 1.1386909081664085, 3.3656845183560637, 2.0542564254646916, -1.0476343043530978, -0.7823548846617252, 0.4663513608583292, -0.24280889266416605, 1.9243139803228713, 0.8107219374283456, 0.5953829517262486, -1.5414296054776022, -0.3030812977127047, -0.9363684046716927, 0.08849515427971238, 0.8675473036597857, 2.051424808267945, 2.1046174255581924, -1.6615864262684759, -1.3431468084367892, -0.6195802205932638, 3.5296850630533934, 3.1281264097541976, -1.727686765756558, -4.030830707171767, -1.8046869156070353, 0.9179541515526874, 0.9247813830050742, 0.3898856959271196, -1.556174048573344, -1.537356858390651, 1.216657349292994, 1.7746696346094872, 1.2590995444463127, -0.47491828057719504, -1.4589731357938605, 0.7670383404848873, 0.9345857191133431, 0.792835272795023, -2.1379220730943667, 0.011168640844905209, 0.9001192124892832, 0.20469992543705318, 0.9188718607738975, -1.037360053633786, 1.1004796472753624, 0.47960906446967566, 0.9145931349679198, 0.1209185467973293, -1.490402228802755, 0.271831417473735, 1.4647545741199566, 0.9386545108315381, 0.264870186792378, -1.1876798121075172, -1.268800373612717, 0.576053828620716, 1.2844010136037851, 0.5528506391660748, 0.19713055162281257, -0.9042934083718486, 0.1831086441053315, -0.12251091514110946, 0.7059736470166014, -0.06470567066936786, -3.3440733325076453, -0.6819259642368493, -0.5465708428094176, 1.4895168110814083, 0.9083093066952108, -0.30052044059601357, -0.6325030090118244, -0.021641385779479327, -0.34737251787953183, 1.1348176322794448, 0.9305658175511864, -0.2035423015852641, -0.7569767403213773, 0.38959246074057596, 0.021469088840652795, 1.8088583464351076, -0.8513819942268231, -0.7999350297050284, -0.11329509094288936, -2.3743807987921475, 1.721153966057693, -2.2858889051201725, -0.7002464969760545, -0.4088346161065519, 1.9321562052129395, 0.08082061119903516, 0.6508779702845463, -1.9943622046636817, -0.7460649427276244, 1.0203813041755279, 1.7028681617816293, 0.43183034992907293, -0.6132340553697542, -1.9012296169504102, -0.919369611736249, 1.6217173571511414, 2.0493693677402605, -0.1527327172959788, 0.41487829922209984, -1.218881580113162, 0.8858969161921932, 1.6662270968868542, -0.8519568648013334, -1.4050268516822184, 0.31045102388642254, 0.30139375299622884, 1.1519746649000506, 0.40128659427978214, -2.4857683946893836, 0.11558656187668936, -0.07653947322066645, 0.06232779068619654, -1.0280628124756654, -0.6433282353363141, -0.5025965091241458, -0.22216596710691433, 0.9377472582082524, -0.5419821560085076, -0.7520958174607706, -0.8502274596236961, 2.220195990414315, 1.269206194478643, 0.6866757366017291, -0.7965829804115022, -1.6743227171932702, 1.2314624422278562, 0.7327728003589984, 0.1302773223008481, -1.7077733066781713, -1.7750485871776793, 2.706188579093589, 0.8184731492900826, -0.3105941637051441, -0.1382887143521332, -1.671732336000904, -0.8400968161302367, 0.21303709298716292, 0.774452455721344, -0.1524384412707934, -0.16874224545846284, 0.03551453971581908, 0.006560460413893993, 2.5518663433998507, -0.5777003095194524, 1.0831481241865637, -1.4112221722144953, -1.093049261449064, 0.9771050928419422, 1.6877581198914386],