{"k": 1, "sigma_z": 0.001, "mean reward 1": [524.2083021838118, 471.6789433255231, 424.43535737533205, 382.1474707481515, 344.06863174141006, 309.69037144165355, 278.83060528170853, 251.09106677403824, 225.9763558165508, 203.31762677617058, 182.9226027758028, 164.62178910814137, 148.10073490600928, 133.19029001963614, 119.9057639900477, 107.88845846593506, 97.24003807051382, 87.58362291421358, 78.91643958872604, 71.07043318763215, 63.91423634227807, 57.32050869996447, 51.59201360015615, 46.479019018242084, 41.961537196579165, 37.862957300957014, 34.057165668002845, 30.60170677448949, 27.43782947801849, 24.838646756121463, 22.330498335815914, 20.257418025038024, 18.134371198916693, 16.45235558368175, 14.936925842285723, 13.362169618095116, 12.248178391424327, 11.071968293156548, 9.93464719739528, 9.155755293005354, 8.3339349503805, 7.538895512379456, 6.623129002130054, 6.004227118710008, 5.445442101756687, 4.874950348036689, 4.552821629367758, 3.9760354555804835, 3.758360292447617, 3.2522483585555215, 2.9324673002534642, 2.6054987308482076, 2.323556631154104, 2.1940182205619765, 1.9628953199670194, 1.7556885166619227, 1.537680713368656, 1.322555367091374, 1.27346433262395, 1.210370392049691, 1.0303437698388578, 0.9531805333795549, 0.9178649117208093, 0.8999737790014201, 0.806003483999391, 0.9334276047397703, 0.7531309439571061, 0.7290807385035032, 0.6191588355101338, 0.5330670183196108, 0.6734410261403397, 0.40699008259548447, 0.32763874825117834, 0.266632566008229, 0.12751932018367526, 0.10240490235962112, 0.04934583073824939, 0.13243883421187583, 0.10274015158388905, 0.2543277525347169, 0.4033600509214235, 0.3844938099827237, 0.2912344648105553, 0.16143414423479505, 0.42215552792042915, 0.415197483558424, 0.3572006783672914, 0.3447388175083793, 0.20629396254624338, 0.33874188326715726, 0.319603879908936, 0.22992437374453506, 0.12239617416780094, 0.1296719055813408, 0.1778873668423963, 0.33793657471306904, 0.359750803947821, 0.36772751856384417, 0.2545591013103975, 0.2661636215023774, 0.24777398190626831, 0.3427920384641576, 0.3241385918474962, 0.27246629345286166, 0.24088648992015815, 0.1940092039110701, 0.3733945765343951, 0.41453582885883045, 0.3716472046797391, 0.2661882267484314, 0.2503884899953211, 0.29717480336445856, 0.09890797513070544, 0.09541744408573656, 0.18787115688953748, 0.26195134511037743, 0.3165694413894937, 0.2670320295913152, 0.17893899980413755, 0.024120292312365784, 0.09003916164697831, -0.06347050469134899, -0.027196611555656898, -0.12356386518234112, -0.011283420561601035, 0.0455867856610759, -0.18186561777545324, -0.20712617759173266, -0.21288255084544447, -0.19556704778669856, -0.09280463800123441, 0.07273618189066136, -0.018376271808425434, -0.0774471816479522, -0.2261916720886035, -0.1876170752488688, -0.28778719483684007, -0.33369318110784224, -0.2721396537962954, -0.17019079281769656, -0.12044816521637627, -0.09420403609038197, 0.02603163691213432, 0.07850920361179067, 0.33566987578687474, 0.37745092857297535, 0.2901946880011728, 0.4178387244194528, 0.2794265366350994, 0.15329287546585632, 0.1608039561358859, 0.13691763347913327, 0.20833182875138728, 0.18852387205202892, 0.07988747427991508, 0.13069399097105336, 0.17795910316421873, 0.2362584995321569, 0.19480870602160474, 0.10060461181952626, 0.2575214550400665, 0.19132539718581804, 0.07517841526513214, 0.14623925499124682, 0.25577480177284667, 0.13101999551119603, 0.18839548604170694, 0.13754159474737654, -0.04710350377711537, 0.02940351131395444, 0.13881461431808206, 0.09164748269285528, 0.07432823630987652, -0.006707566499564036, 0.16039619747224113, 0.322298965843938, 0.26823074224355353, 0.2836983514852216, 0.4563582727340677, 0.5148488633112618, 0.25405009044419435, 0.3255300292277259, 0.21545312116135829, 0.24316329791255026, 0.3527409380193831, 0.3510702146048582, 0.25140392539116807, 0.14118297943085464, 0.057655240339094305, 0.06410098523173588, 0.02622444997342045, 0.1140920562658157, 0.04270606619852088, -0.08432506347093637, -0.22462201027099665, -0.1945665624666041, -0.0346493702622503, -0.08924620299284024, -0.15107379785035954, -0.2363254503908496],