{"Stationary": {"actions": [0.0, 1.0, 1.0, 1.0, 1.0, 1.0, 1.0, 1.0, 1.0, 1.0, 1.0, 1.0, 1.0, 1.0, 1.0, 1.0, 1.0, 1.0, 1.0, 1.0, 1.0, 1.0, 1.0, 1.0, 1.0, 1.0, 1.0, 1.0, 1.0, 1.0, 1.0, 1.0, 1.0, 1.0, 1.0, 1.0, 1.0, 1.0, 1.0, 1.0, 1.0, 1.0, 1.0, 1.0, 1.0, 1.0, 1.0, 1.0, 1.0, 1.0, 1.0, 1.0, 1.0, 1.0, 1.0, 1.0, 1.0, 1.0, 1.0, 1.0, 1.0, 1.0, 1.0, 1.0, 1.0, 1.0, 1.0, 1.0, 1.0, 1.0, 1.0, 1.0, 1.0, 1.0, 1.0, 1.0, 1.0, 1.0, 1.0, 1.0, 1.0, 1.0, 1.0, 1.0, 1.0, 1.0, 1.0, 1.0, 1.0, 1.0, 1.0, 1.0, 1.0, 1.0, 1.0, 1.0, 1.0, 1.0, 1.0, 1.0, 1.0, 1.0, 1.0, 1.0, 1.0, 1.0, 1.0, 1.0, 1.0, 1.0, 1.0, 1.0, 1.0, 1.0, 1.0, 1.0, 1.0, 1.0, 1.0, 1.0, 1.0, 1.0, 1.0, 1.0, 1.0, 1.0, 1.0, 1.0, 1.0, 1.0, 1.0, 1.0, 1.0, 1.0, 1.0, 1.0, 1.0, 1.0, 1.0, 1.0, 1.0, 1.0, 1.0, 1.0, 1.0, 1.0, 1.0, 1.0, 1.0, 1.0, 1.0, 1.0, 1.0, 1.0, 1.0, 1.0, 1.0, 1.0, 1.0, 1.0, 1.0, 1.0, 1.0, 1.0, 1.0, 1.0, 1.0, 1.0, 1.0, 1.0, 1.0, 1.0, 1.0, 1.0, 1.0, 1.0, 1.0, 1.0, 1.0, 1.0, 1.0, 1.0, 1.0, 1.0, 1.0, 1.0, 1.0, 1.0, 1.0, 1.0, 1.0, 1.0, 1.0, 1.0, 1.0, 1.0, 1.0, 1.0, 1.0, 1.0], "rewards": [603.3782448673904, -542.9243499418242, -488.74192703983607, -439.7668911263544, -395.7427204336001, -356.2985907792878, -320.6327171745591, -288.5583045379248, -259.77270911043786, -233.79187190660176, -210.24427064649166, -189.32511891540062, -170.45738990727097, -153.35978343161966, -138.04793438961286, -124.0030001944359, -111.54017987131401, -100.4024779903523, -90.31450852789291, -81.34735083230365, -73.13081429233172, -65.89921427250349, -59.23556721018998, -53.377123155497785, -48.1509727860382, -43.346469548788164, -38.99618011453885, -35.22896263776521, -31.909350684276163, -28.901981648550688, -25.94732758812897, -23.347936978918696, -20.93174101070224, -18.7669747304994, -16.939342558837325, -15.261154005761291, -13.713788968067599, -12.536250205366937, -11.396354892950129, -10.28082682037643, -9.483247104459382, -8.565929866077708, -7.790843551518796, -7.027716870457078, -6.359884716430326, -5.557181760072646, -5.054730858454766, -4.5890432376632, -4.094794920535171, -3.893290009580811, -3.720838564674168, -3.2821056469033483, -2.96490355769729, -2.69947791850404, -2.6123244687342413, -2.2595570704172334, -2.045293088525368, -1.700298446969999, -1.750017926858355, -1.4517788694443006, -1.3639330374278078, -1.3113790484057608, -1.083277797294274, -0.9765938500965016, -1.10624314621063, -1.0337414402552498, -0.8913849541308005, -0.8009896742226743, -0.6653026036686341, -0.463117739636123, -0.46146437618343744, -0.2746022952464358, -0.1922015970175936, -0.23073026118421527, -0.33546232188011615, -0.4576027842000063, -0.4222395520419025, -0.45774170147187776, -0.4079824518034881, -0.32322474528841294, -0.37996432893273624, -0.19755563642815593, -0.050012760372324036, -0.013290045555178431, -0.01646226947668094, 0.09828784843717024, 0.1018467092788855, 0.08649208022701536, 0.15171557777908135, 0.22840578099863695, 0.3261599524669357, 0.2599459191119033, 0.320019934248579, 0.41325148588537985, 0.3960372647739981, 0.4593966304207779, 0.5319016785198751, 0.38859756223125785, 0.4429313847546305, 0.48791212229428754, 0.37600568422359576, 0.3725934250993221, 0.3475545981960534, 0.38018000649445555, 0.5539161586896196, 0.30984289337035, 0.18271763393739043, 0.1519870482949129, 0.12692202272839137, 0.31131711053543254, 0.36480479701351043, 0.26061802927816635, 0.044740203241398664, -0.03765777932376926, -0.11178931712602264, -0.16968318247035655, -0.17973626550267516, -0.07843068268978007, 0.16509206290373468, 0.1812783078151462, 0.23452541406478264, 0.22395494747833963, 0.1158272881943115, 0.08099846429543599, -0.01854446619965388, 0.06616111205773015, 0.0485379652605567, -0.1070461410828984, 0.10206774581715745, 0.17537737693537003, 0.08393411141880276, 0.05737845010118944, 0.2873520432904943, -0.0046006712678999815, 0.02916349062695817, 0.06161938390680699, -0.024654368607462507, -0.010502552379666172, -0.18276139687686652, -0.0171074312627642, 0.007309938024335352, -0.018389382872494246, 0.10218544728964574, 0.09505335051657307, 0.0987348949853532, 0.031438193085657734, 0.020283259292806353, -0.0078392489220363, 0.16612206928932768, 0.28437548320461237, 0.191234774251652, 0.1914135039441648, 0.24091656944377532, 0.16707016210757686, 0.17144408855868545, 0.1413986938788617, 0.22580571384464282, 0.2700704315030739, 0.24977354124243098, 0.20099112691537777, 0.08848973250433947, -0.023732311411009243, 0.04570736085252743, 0.07992779573933555, 0.27827928400723795, 0.3219562633630406, 0.4127015360663322, 0.3668570162715514, 0.20061999973068415, 0.1975880447928223, 0.17655461948811918, 0.2836306916716945, 0.36749007893189534, 0.3219521799387009, 0.2897976086129545, 0.1898746764682618, 0.27070319103097634, 0.09415059308513414, 0.0698755831508642, -0.0025207104038640817, 0.07525597820235795, 0.13667068490744275, 0.009330180068358578, -0.11440875615076532, -0.010470515822330002, 0.08834008476611507, 0.15741135730564018, 0.06072260140523188, 0.07509291188355902, -0.15465303410446288, -0.1381458220887333, -0.17170242850949446, -0.14990840076878903, -0.14544959320834308, -0.09315278023682896, -0.023283502247683552, -0.03023255480461637, -0.05273442779305233, -0.19014314965286705, -0.06884984571802659]}, "Latent AR LinUCB s=2": {"actions": [0.0, 1.0, 0.0, 0.0, 0.0, 0.0, 0.0, 0.0, 0.0, 0.0, 0.0, 0.0, 0.0, 0.0, 0.0, 0.0, 0.0, 0.0, 0.0, 0.0, 0.0, 0.0, 0.0, 0.0, 0.0, 0.0, 0.0, 0.0, 0.0, 0.0, 0.0, 0.0, 0.0, 0.0, 0.0, 0.0, 0.0, 0.0, 0.0, 0.0, 0.0, 0.0, 0.0, 0.0, 0.0, 0.0, 0.0, 0.0, 0.0, 0.0, 0.0, 0.0, 0.0, 0.0, 0.0, 0.0, 0.0, 0.0, 0.0, 0.0, 0.0, 0.0, 0.0, 0.0, 0.0, 0.0, 0.0, 0.0, 0.0, 0.0, 0.0, 0.0, 0.0, 0.0, 0.0, 0.0, 0.0, 0.0, 0.0, 0.0, 0.0, 0.0, 0.0, 0.0, 0.0, 0.0, 0.0, 0.0, 0.0, 0.0, 0.0, 0.0, 0.0, 0.0, 0.0, 0.0, 0.0, 0.0, 0.0, 0.0, 0.0, 0.0, 0.0, 0.0, 0.0, 0.0, 0.0, 0.0, 0.0, 0.0, 0.0, 0.0, 0.0, 0.0, 0.0, 0.0, 0.0, 0.0, 0.0, 0.0, 0.0, 0.0, 0.0, 0.0, 0.0, 0.0, 0.0, 0.0, 0.0, 0.0, 0.0, 0.0, 0.0, 0.0, 0.0, 0.0, 0.0, 0.0, 0.0, 0.0, 0.0, 0.0, 0.0, 0.0, 0.0, 0.0, 0.0, 0.0, 0.0, 0.0, 0.0, 0.0, 0.0, 0.0, 0.0, 0.0, 0.0, 0.0, 0.0, 0.0, 0.0, 0.0, 0.0, 0.0, 0.0, 0.0, 0.0, 0.0, 0.0, 0.0, 0.0, 0.0, 0.0, 0.0, 0.0, 0.0, 0.0, 0.0, 0.0, 0.0, 0.0, 0.0, 0.0, 0.0, 0.0, 0.0, 0.0, 0.0, 0.0, 0.0, 0.0, 0.0, 0.0, 0.0, 0.0, 0.0, 0.0, 0.0, 0.0, 0.0],