{"Stationary": {"actions": [0.0, 1.0, 1.0, 1.0, 1.0, 1.0, 1.0, 1.0, 1.0, 1.0, 1.0, 1.0, 1.0, 1.0, 1.0, 1.0, 1.0, 1.0, 1.0, 1.0, 1.0, 1.0, 1.0, 1.0, 1.0, 1.0, 1.0, 1.0, 1.0, 1.0, 1.0, 1.0, 1.0, 1.0, 1.0, 1.0, 1.0, 1.0, 1.0, 1.0, 1.0, 1.0, 1.0, 1.0, 1.0, 1.0, 1.0, 1.0, 1.0, 1.0, 1.0, 1.0, 1.0, 1.0, 1.0, 1.0, 1.0, 1.0, 1.0, 1.0, 1.0, 1.0, 1.0, 1.0, 1.0, 1.0, 1.0, 1.0, 1.0, 1.0, 1.0, 1.0, 1.0, 1.0, 1.0, 1.0, 1.0, 1.0, 1.0, 1.0, 1.0, 1.0, 1.0, 1.0, 1.0, 1.0, 1.0, 1.0, 1.0, 1.0, 1.0, 1.0, 1.0, 1.0, 1.0, 1.0, 1.0, 1.0, 1.0, 1.0, 1.0, 1.0, 1.0, 1.0, 1.0, 1.0, 1.0, 1.0, 1.0, 1.0, 1.0, 1.0, 1.0, 1.0, 1.0, 1.0, 1.0, 1.0, 1.0, 1.0, 1.0, 1.0, 1.0, 1.0, 1.0, 1.0, 1.0, 1.0, 1.0, 1.0, 1.0, 1.0, 1.0, 1.0, 1.0, 1.0, 1.0, 1.0, 1.0, 1.0, 1.0, 1.0, 1.0, 1.0, 1.0, 1.0, 1.0, 1.0, 1.0, 1.0, 1.0, 1.0, 1.0, 1.0, 1.0, 1.0, 1.0, 1.0, 1.0, 1.0, 1.0, 1.0, 1.0, 1.0, 1.0, 1.0, 1.0, 1.0, 1.0, 1.0, 1.0, 1.0, 1.0, 1.0, 1.0, 1.0, 1.0, 1.0, 1.0, 1.0, 1.0, 1.0, 1.0, 1.0, 1.0, 1.0, 1.0, 1.0, 1.0, 1.0, 1.0, 1.0, 1.0, 1.0, 1.0, 1.0, 1.0, 1.0, 1.0, 1.0], "rewards": [-110.53695671428768, 99.47498078195602, 89.57403029090727, 80.52970344295771, 72.57539967341637, 65.36814873892594, 58.84608151321726, 52.884063505363486, 47.344132466987645, 42.551460109422, 38.22156803328457, 34.44173492501157, 30.96059315978923, 27.839070735157385, 24.898260405981688, 22.47213037748036, 20.309756144050024, 18.313784664416822, 16.476098671562227, 14.768759933746187, 13.364047788465504, 11.980468976273324, 10.82782082891142, 9.78897216703588, 8.900081745405737, 7.943688182146102, 7.16195714583213, 6.481710319875275, 5.816256543013268, 5.17720644424698, 4.748924404774725, 4.383627665923234, 3.8786243488805563, 3.5521035264090055, 3.16453068024991, 2.9872688506002056, 2.5637957894794248, 2.348737161451781, 2.0734616991109487, 1.734792382088247, 1.4976047070012435, 1.4786782992321885, 1.3995354576161894, 1.1930754509190598, 0.9759603549184178, 0.7983989842397926, 0.7910405955725384, 0.8814614597555744, 0.7587544223630318, 0.766160880653312, 0.6038887203446732, 0.5769251049930127, 0.42762941219190626, 0.3368447431230122, 0.2707025236377412, 0.16464836083241796, 0.28129774211199154, 0.2729832957156394, 0.21609274991244903, 0.17327718941048303, 0.08762624755827968, -0.1074971460693459, -0.20801542380786026, -0.4406302171829569, -0.4402295086668164, -0.5075128900715636, -0.5343315541920414, -0.44647141657955614, -0.2640635687402673, -0.13888388191820003, -0.19428046827293405, -0.2874665335021575, -0.20767091217191525, -0.0370353522902957, -0.06566659779806536, -0.01867127176092726, 0.09135481923994491, 0.10093076903278285, 0.08703624094937676, -0.07629624332574557, -0.04857989405967022, 0.03896862325320552, 0.033542400930804774, -0.061535259548400986, 0.11911757784427718, 0.13727916146493346, 0.16821017426771834, 0.0670341723135067, -0.04880728949711605, -0.03904783736311078, 0.0630862449017257, 0.31767782773335074, 0.29547911187010795, 0.5181412593340148, 0.5099342085950082, 0.4328845541441772, 0.3296277184367305, 0.3535305593926809, 0.43937872267616124, 0.5061573476128283, 0.49738933380684347, 0.2669765386426597, 0.2586386514190999, 0.1873852802959478, 0.2945666207698564, 0.36812294330650086, 0.2648413371191955, 0.18388486765511233, 0.2125198011234016, 0.4111623164326125, 0.23054830546600225, 0.2796060312315364, 0.07647420442445313, -0.025362675127810708, -0.10241860217125999, -0.12018224138492813, -0.14227497703621939, -0.10551739332544254, -0.14564517227739185, 0.02711600474402465, -0.08174833206748258, -0.1062260312810739, -0.09355359799808811, 0.024093975513602886, 0.03490601488891535, -0.004889528971406184, 0.1028594374888448, 0.10806302971292456, 0.08763564960923781, 0.07201292980088848, 0.08685086789063504, 0.07557774120160825, -0.012840171922113914, -0.08220114104716623, -0.1935242148313435, -0.30887963547407543, -0.24010077899247334, 0.03370739698508805, 0.00018832291249261672, 0.2512317360218557, 0.25367114081753994, 0.21321186494357722, 0.12566141688267626, 0.19180802953808584, 0.1207226054563217, 0.01583915480951881, -0.12904699192343477, -0.025952388783922746, -0.1910425583830787, -0.17434423185597298, -0.1690438700303729, -0.09567379866199024, 0.0370898736824253, 0.11579316722628634, 0.026704814602403214, -0.01310594341569712, 0.03906417352259474, 0.06800252401889151, 0.1761064117100902, 0.06066830027893816, 0.09777046761974283, 0.18345381911650285, 0.17476981889172283, 0.06513717998063619, -0.00971239947716813, -0.20298872370579796, -0.16623781591216027, -0.04246521049014922, 0.04604085872669396, 0.01567825838570862, 0.035006091346008496, -0.07185174121733302, 0.043289772203344054, 0.1502942324312796, -0.029913645795383147, -0.040501471911784936, -0.1056538810551267, -0.213145237739971, -0.2069578742947958, -0.24419568444405643, -0.21564223788965597, -0.08200728512992654, -0.1402628188449539, -0.08751298650405129, 0.018703861890629808, -0.09018942488186464, -0.22040450895012897, -0.17560703262124291, -0.26058672875488, -0.18242609969516485, -0.19726482519503533, -0.05980775981108877, -0.13589752328999766, -0.18576047746849983, -0.21268814400455346, -0.16759278759998847, -0.0661826733955514, -0.17870514167328824, -0.09179117103443901, -0.07183962086035883]}, "Latent AR LinUCB s=2": {"actions": [0.0, 1.0, 0.0, 0.0, 0.0, 0.0, 0.0, 0.0, 0.0, 0.0, 0.0, 0.0, 0.0, 0.0, 0.0, 0.0, 0.0, 0.0, 0.0, 0.0, 0.0, 0.0, 0.0, 0.0, 0.0, 0.0, 0.0, 0.0, 0.0, 0.0, 0.0, 0.0, 0.0, 0.0, 0.0, 0.0, 0.0, 0.0, 0.0, 0.0, 0.0, 0.0, 0.0, 0.0, 0.0, 0.0, 0.0, 0.0, 0.0, 0.0, 0.0, 0.0, 0.0, 0.0, 0.0, 0.0, 0.0, 0.0, 0.0, 0.0, 0.0, 0.0, 0.0, 0.0, 0.0, 0.0, 0.0, 0.0, 0.0, 0.0, 0.0, 0.0, 0.0, 0.0, 0.0, 0.0, 0.0, 0.0, 0.0, 0.0, 0.0, 0.0, 0.0, 0.0, 0.0, 0.0, 0.0, 0.0, 0.0, 0.0, 0.0, 0.0, 0.0, 0.0, 0.0, 0.0, 0.0, 0.0, 0.0, 0.0, 0.0, 0.0, 0.0, 0.0, 0.0, 0.0, 0.0, 0.0, 0.0, 0.0, 0.0, 0.0, 0.0, 0.0, 0.0, 0.0, 0.0, 0.0, 0.0, 0.0, 0.0, 0.0, 0.0, 0.0, 0.0, 0.0, 0.0, 0.0, 0.0, 0.0, 0.0, 0.0, 0.0, 0.0, 0.0, 0.0, 0.0, 0.0, 0.0, 0.0, 0.0, 0.0, 0.0, 0.0, 0.0, 0.0, 0.0, 0.0, 0.0, 0.0, 0.0, 0.0, 0.0, 0.0, 0.0, 0.0, 0.0, 0.0, 0.0, 0.0, 0.0, 0.0, 0.0, 0.0, 0.0, 0.0, 0.0, 0.0, 0.0, 0.0, 0.0, 0.0, 0.0, 0.0, 0.0, 0.0, 0.0, 0.0, 0.0, 0.0, 0.0, 0.0, 0.0, 0.0, 0.0, 0.0, 0.0, 0.0, 0.0, 0.0, 0.0, 0.0, 0.0, 0.0, 0.0, 0.0, 0.0, 0.0, 0.0, 0.0],