{"Stationary": {"actions": [1.0, 1.0, 1.0, 1.0, 1.0, 1.0, 1.0, 1.0, 1.0, 1.0, 1.0, 1.0, 1.0, 1.0, 1.0, 1.0, 1.0, 1.0, 1.0, 1.0, 1.0, 1.0, 1.0, 1.0, 1.0, 1.0, 1.0, 1.0, 1.0, 1.0, 1.0, 1.0, 1.0, 1.0, 1.0, 1.0, 1.0, 1.0, 1.0, 1.0, 1.0, 1.0, 1.0, 1.0, 1.0, 1.0, 1.0, 1.0, 1.0, 1.0, 1.0, 1.0, 1.0, 1.0, 1.0, 1.0, 1.0, 1.0, 1.0, 1.0, 1.0, 1.0, 1.0, 1.0, 1.0, 1.0, 1.0, 1.0, 1.0, 1.0, 1.0, 1.0, 1.0, 1.0, 1.0, 1.0, 1.0, 1.0, 1.0, 1.0, 1.0, 1.0, 1.0, 1.0, 1.0, 1.0, 1.0, 1.0, 1.0, 1.0, 1.0, 1.0, 1.0, 1.0, 1.0, 1.0, 1.0, 1.0, 1.0, 1.0, 1.0, 1.0, 1.0, 1.0, 1.0, 1.0, 1.0, 1.0, 1.0, 1.0, 1.0, 1.0, 1.0, 1.0, 1.0, 1.0, 1.0, 1.0, 1.0, 1.0, 1.0, 1.0, 1.0, 1.0, 1.0, 1.0, 1.0, 1.0, 1.0, 1.0, 1.0, 1.0, 1.0, 1.0, 1.0, 1.0, 1.0, 1.0, 1.0, 1.0, 1.0, 1.0, 1.0, 1.0, 1.0, 1.0, 1.0, 1.0, 1.0, 1.0, 1.0, 1.0, 1.0, 1.0, 1.0, 1.0, 1.0, 1.0, 1.0, 1.0, 1.0, 1.0, 1.0, 1.0, 1.0, 1.0, 1.0, 1.0, 1.0, 1.0, 1.0, 1.0, 1.0, 1.0, 1.0, 1.0, 1.0, 1.0, 1.0, 1.0, 1.0, 1.0, 1.0, 1.0, 1.0, 1.0, 1.0, 1.0, 1.0, 1.0, 1.0, 1.0, 1.0, 1.0, 1.0, 1.0, 1.0, 1.0, 1.0, 1.0], "rewards": [-1341.813048007029, -1207.6782327117319, -1086.736793012635, -978.1678660958753, -880.3598270464554, -792.3048918863263, -713.077429944888, -641.8475502673093, -577.8090032963379, -520.1359636690802, -468.14624482385, -421.3734491799274, -379.22519422505104, -341.307665016619, -307.2899896464905, -276.4814325067603, -249.1118404486463, -224.28002428399338, -201.72355896070624, -181.62029076919848, -163.41114104316193, -147.07044203168545, -132.31023070859868, -119.15191148959649, -107.1789659714189, -96.49504970716976, -86.85266775994367, -78.16846374300805, -70.36354621415636, -63.197941423889745, -57.0086492218989, -51.41453720865605, -46.336870960678155, -41.561833976612945, -37.42009686949808, -33.70664947700845, -30.15839835952615, -27.044324243940196, -24.440499936287722, -22.05248844509039, -19.88659847142638, -17.831402171842164, -16.09490347507796, -14.388568687635043, -12.876098688589453, -11.295542663174444, -10.032098382186206, -8.791471846687452, -7.848805571982231, -6.974127291368175, -6.266311364500431, -5.517428312898208, -5.041736926139212, -4.559741389477645, -4.0581662763514466, -3.650861428250273, -3.3331172785936056, -2.990645775200543, -2.628984869257395, -2.465293751534109, -2.2307580022622586, -2.1197099582853633, -1.837419122747064, -1.5744666241267486, -1.520037588040841, -1.3255449314493541, -1.266737337461988, -1.0371537681513152, -1.0906462142485882, -1.116018547283251, -0.9584947050684175, -0.731997273145918, -0.5119241087613011, -0.42892601289500504, -0.5997189166721566, -0.5537670440467582, -0.45149179589798233, -0.2636197210638861, -0.27754503958675986, -0.08319288876230219, 0.046611153477997054, 0.0546337344383787, 0.09910731476088888, 0.03297546132546124, -0.006474961896693314, -0.027917521796127515, 0.0735469838027096, 0.060765725769810666, 0.12134595323521366, 0.07093239492810235, 0.0953388052081492, 0.20747115191308121, 0.31976274584437936, 0.31143571073435233, 0.16738746995853188, 0.2768318478110307, 0.20520228414497851, 0.2609079109506458, 0.2234402112627076, 0.23004302785237582, 0.15511605291335784, 0.19147630707259414, -0.02025664347675346, 0.20189062181383113, 0.20940214347764466, 0.30862859813874, 0.24286059596688042, 0.13273300010959918, 0.19077169677121908, 0.08700967669455159, 0.1712261316177704, 0.3963692190860362, 0.18859574004372748, 0.3053312905856209, 0.2950048479128854, 0.3592308146740927, 0.46357491674593254, 0.27945679891317127, 0.25582663444537457, 0.16683982261685887, 0.07104595775143727, 0.18913168230878372, 0.11205715930143433, 0.1897392473035801, 0.17815400901040587, 0.08976052645766361, 0.14604317727901223, 0.2801182615639898, 0.25028724678505526, 0.26456288727595323, 0.09436151102963668, -0.03684372395183362, -0.10685841236155781, -0.2105006465156032, -0.26592427267637636, -0.38735877623836684, -0.27437863720727396, -0.3025579512497037, -0.5343641550946611, -0.31218660794993586, -0.25988006659547674, -0.2102099437317907, -0.23972007748452528, -0.17616019019735715, -0.20585832687211272, -0.11283829320441457, 0.06909629209905248, 0.08033898153538858, -0.06584621964165498, -0.22022029422800118, -0.04158200975032652, 0.13702141104075963, 0.24595799245608319, 0.11745200048724103, 0.12613818189007503, -0.005336112418846654, 0.0687749377039223, 0.04942596155323175, 0.09197922547456372, 0.04839694321563243, -0.07229912368500908, -0.024541394134127356, 0.010927962141721275, 0.05052758618376035, -0.1852966872721728, -0.1959281293659274, -0.1515151921492793, -0.16752514845535948, -0.1446382477562867, -0.016180510612009712, 0.13632928700789473, 0.25018632986606304, 0.14911162677841275, -0.17555825236266154, -0.02421769063339313, -0.04964946797322859, -0.08293020810936398, -0.08573150746985958, -0.05548590283583271, -0.2196751761089162, -0.32983784717141684, -0.42282684445344026, -0.37828623482526436, -0.2167228368019105, -0.2206065113921722, -0.022361585821608434, -0.1474885290469696, -0.20824592280011398, -0.18306260112533104, -0.2768052601790338, -0.3681751202318589, -0.4568462012594043, -0.43645014807704924, -0.279470216456962, -0.3251635984441342, -0.28673009444002, -0.14875914169916205, -0.05050892042875505, 0.021166125479539093, 0.010244902858144828]}, "Latent AR LinUCB s=2": {"actions": [1.0, 0.0, 0.0, 0.0, 0.0, 0.0, 0.0, 0.0, 0.0, 0.0, 0.0, 0.0, 0.0, 0.0, 0.0, 0.0, 0.0, 0.0, 0.0, 0.0, 0.0, 0.0, 0.0, 0.0, 0.0, 0.0, 0.0, 0.0, 0.0, 0.0, 0.0, 0.0, 0.0, 0.0, 0.0, 0.0, 0.0, 0.0, 0.0, 0.0, 0.0, 0.0, 0.0, 0.0, 0.0, 0.0, 0.0, 0.0, 0.0, 0.0, 0.0, 0.0, 0.0, 0.0, 0.0, 0.0, 0.0, 0.0, 0.0, 0.0, 0.0, 0.0, 0.0, 0.0, 0.0, 0.0, 0.0, 0.0, 0.0, 0.0, 0.0, 0.0, 0.0, 0.0, 0.0, 0.0, 0.0, 0.0, 0.0, 0.0, 0.0, 0.0, 0.0, 0.0, 0.0, 0.0, 0.0, 0.0, 0.0, 0.0, 0.0, 0.0, 0.0, 0.0, 0.0, 0.0, 0.0, 0.0, 0.0, 0.0, 0.0, 0.0, 0.0, 0.0, 0.0, 0.0, 0.0, 0.0, 0.0, 0.0, 0.0, 0.0, 0.0, 0.0, 0.0, 0.0, 0.0, 0.0, 0.0, 0.0, 0.0, 0.0, 0.0, 0.0, 0.0, 0.0, 0.0, 0.0, 0.0, 0.0, 0.0, 0.0, 0.0, 0.0, 0.0, 0.0, 0.0, 0.0, 0.0, 0.0, 0.0, 0.0, 0.0, 0.0, 0.0, 0.0, 0.0, 0.0, 0.0, 0.0, 0.0, 0.0, 0.0, 0.0, 0.0, 0.0, 0.0, 0.0, 0.0, 0.0, 0.0, 0.0, 0.0, 0.0, 0.0, 0.0, 0.0, 0.0, 0.0, 0.0, 0.0, 0.0, 0.0, 0.0, 0.0, 0.0, 0.0, 0.0, 0.0, 0.0, 0.0, 0.0, 0.0, 0.0, 0.0, 0.0, 0.0, 0.0, 0.0, 0.0, 0.0, 0.0, 0.0, 0.0, 0.0, 0.0, 0.0, 0.0, 0.0, 0.0],