{"Stationary": {"actions": [1.0, 1.0, 1.0, 1.0, 1.0, 1.0, 1.0, 1.0, 1.0, 1.0, 1.0, 1.0, 1.0, 1.0, 1.0, 1.0, 1.0, 1.0, 1.0, 1.0, 1.0, 1.0, 1.0, 1.0, 1.0, 1.0, 1.0, 1.0, 1.0, 1.0, 1.0, 1.0, 1.0, 1.0, 1.0, 1.0, 1.0, 1.0, 1.0, 1.0, 1.0, 1.0, 1.0, 1.0, 1.0, 1.0, 1.0, 1.0, 1.0, 1.0, 1.0, 1.0, 1.0, 1.0, 1.0, 1.0, 1.0, 1.0, 1.0, 1.0, 1.0, 1.0, 1.0, 1.0, 1.0, 1.0, 1.0, 1.0, 1.0, 1.0, 1.0, 1.0, 1.0, 1.0, 1.0, 1.0, 1.0, 1.0, 1.0, 1.0, 1.0, 1.0, 1.0, 1.0, 1.0, 1.0, 1.0, 1.0, 1.0, 1.0, 1.0, 1.0, 1.0, 1.0, 1.0, 1.0, 1.0, 1.0, 1.0, 1.0, 1.0, 1.0, 1.0, 1.0, 1.0, 1.0, 1.0, 1.0, 1.0, 1.0, 1.0, 1.0, 1.0, 1.0, 1.0, 1.0, 1.0, 1.0, 1.0, 1.0, 1.0, 1.0, 1.0, 1.0, 1.0, 1.0, 1.0, 1.0, 1.0, 1.0, 1.0, 1.0, 1.0, 1.0, 1.0, 1.0, 1.0, 1.0, 1.0, 1.0, 1.0, 1.0, 1.0, 1.0, 1.0, 1.0, 1.0, 1.0, 1.0, 1.0, 1.0, 1.0, 1.0, 1.0, 1.0, 1.0, 1.0, 1.0, 1.0, 1.0, 1.0, 1.0, 1.0, 1.0, 1.0, 1.0, 1.0, 1.0, 1.0, 1.0, 1.0, 1.0, 1.0, 1.0, 1.0, 1.0, 1.0, 1.0, 1.0, 1.0, 1.0, 1.0, 1.0, 1.0, 1.0, 1.0, 1.0, 1.0, 1.0, 1.0, 1.0, 1.0, 1.0, 1.0, 1.0, 1.0, 1.0, 1.0, 1.0, 1.0], "rewards": [-1298.2813716134128, -1168.3448758460206, -1051.588326559011, -946.3056418663366, -851.6270031323885, -766.5423934773786, -689.7678099610011, -621.0738454680346, -558.879329258607, -503.0185269136984, -452.678257126048, -407.54204785747754, -366.77505520816374, -330.01093229264285, -297.2740713971369, -267.36802242392645, -240.5879562739086, -216.63373386352407, -195.00737557205068, -175.52815386153281, -157.87881756829657, -142.11034275337488, -127.88018814638266, -115.10650374838998, -103.69167431278153, -93.35002933932458, -84.11156231204755, -75.67098689819665, -68.23757856532, -61.30792309162772, -55.117422680469296, -49.65734615989014, -44.827013190425106, -40.31514896616892, -36.248916887563254, -32.37101606504494, -29.107416329577944, -26.314541586851036, -23.468086463762194, -21.078140287808782, -18.98536673008159, -17.150978207111628, -15.385432511511752, -13.706425464987628, -12.308105845184075, -11.096980451196222, -10.03982292723866, -8.94959500471837, -8.189609468545534, -7.382624790693619, -6.493866879550695, -5.996011955251494, -5.163158066903503, -4.848351278753023, -4.506985187148517, -4.0913759971178285, -3.614224235234841, -3.0710083023292825, -2.6065076565343435, -2.319358219234011, -2.089809899306407, -1.7697367357065419, -1.6412593081309312, -1.557787676318688, -1.3910003919271763, -1.2983799749166387, -1.2751439936485471, -1.0754927819666729, -0.9573539938489558, -0.8600489536616344, -0.7994231936081159, -0.4639436579763281, -0.29460364261427274, -0.14679033080592424, -0.1840777866568482, -0.10508137065906292, 0.004613637321670038, 0.17094413404321074, 0.13729178347905113, 0.16696258513506246, 0.17210583508512056, 0.1684400381690842, 0.30123378832920145, 0.2462609175197524, 0.1611203876035371, 0.17317145316680643, 0.22889890328968823, 0.22031426683821226, 0.2525459380745404, 0.2838724398273109, 0.22536579058127035, 0.21934332083487104, 0.20938415775495006, 0.16247495328850634, 0.149964934908563, 0.08000715859730774, -0.03910010130054513, -0.09516364837475884, -0.11598408970237793, -0.16233098336412086, -0.3153220635949931, -0.3234486267243013, -0.20652533575468027, -0.08160930585907268, -0.2656315608404061, -0.22546842525882202, -0.20715422753730262, -0.09590315028367752, -0.061183159190186194, -0.07639580673316981, -0.1654777530342667, -0.35164265385357385, -0.365217873640016, -0.4123709826920934, -0.2486977917296651, -0.30807530637276204, -0.1698705466343282, -0.2146433153179401, -0.2879065723957029, -0.34119854401100264, -0.303178351356549, -0.01561147788379928, -0.06431301925002966, -0.06000595719551679, 0.04789469861139447, 0.006826347377147534, -0.07938765305861377, -0.1312217665582568, -0.10393736625269286, 0.03231283940337182, -0.030556920115840287, -0.11967625089323394, -0.16822427207691024, -0.10278011583983807, -0.016240353729414334, -0.1511361277508003, -0.04149954542390779, -0.05187552673099658, 0.15390345435515126, 0.0596489842853972, 0.049367750678878115, 0.08443952704684166, 0.1865207006768201, 0.09285392886448773, 0.04890075276117078, 0.07378838404307744, 0.28593283559924654, 0.3027615569606854, 0.1435063734549433, 0.17864478400911477, 0.15301133724661986, 0.18964706558967478, 0.09434894041058747, 0.08377880908544548, 0.0352815579223377, 0.13311047829063954, 0.20095151889707522, 0.3086171231993433, 0.2914649172286227, 0.2829987098789568, 0.21982937274959363, 0.16301197976282433, 0.1994917150280032, 0.31756869509122687, 0.3064616311852951, 0.2060904241496421, 0.06474790905007805, 0.01846901326491348, 0.04722980583100333, 0.06322047343233836, 0.003190199570582303, 0.13265979084139184, 0.0013828637919261711, 0.030835391135680835, -0.16851087663090092, -0.24522428670276153, -0.2052512045505195, -0.051909023415209046, -0.02712315590376622, -0.0428068955535259, 0.00010694514160962247, 0.05553043398600542, 0.11096950060430262, 0.07095417170797556, 0.13924756893292517, 0.30421826950947484, 0.06851297878429596, 0.11632109551013692, 0.044714434480108714, 0.17483390465578744, 0.14664825793838399, 0.21308299127911337, 0.291708966943785, 0.2910018736507035, 0.3286904330198681, 0.29480382894308216, 0.35154059255686126, 0.32274253211238424, 0.3571283067765388, 0.27432756264071806]}, "Latent AR LinUCB s=2": {"actions": [1.0, 0.0, 0.0, 0.0, 0.0, 0.0, 0.0, 0.0, 0.0, 0.0, 0.0, 0.0, 0.0, 0.0, 0.0, 0.0, 0.0, 0.0, 0.0, 0.0, 0.0, 0.0, 0.0, 0.0, 0.0, 0.0, 0.0, 0.0, 0.0, 0.0, 0.0, 0.0, 0.0, 0.0, 0.0, 0.0, 0.0, 0.0, 0.0, 0.0, 0.0, 0.0, 0.0, 0.0, 0.0, 0.0, 0.0, 0.0, 0.0, 0.0, 0.0, 0.0, 0.0, 0.0, 0.0, 0.0, 0.0, 0.0, 0.0, 0.0, 0.0, 0.0, 0.0, 0.0, 0.0, 0.0, 0.0, 0.0, 0.0, 0.0, 0.0, 0.0, 0.0, 0.0, 0.0, 0.0, 0.0, 0.0, 0.0, 0.0, 0.0, 0.0, 0.0, 0.0, 0.0, 0.0, 0.0, 0.0, 0.0, 0.0, 0.0, 0.0, 0.0, 0.0, 0.0, 0.0, 0.0, 0.0, 0.0, 0.0, 0.0, 0.0, 0.0, 0.0, 0.0, 0.0, 0.0, 0.0, 0.0, 0.0, 0.0, 0.0, 0.0, 0.0, 0.0, 0.0, 0.0, 0.0, 0.0, 0.0, 0.0, 0.0, 0.0, 0.0, 0.0, 0.0, 0.0, 0.0, 0.0, 0.0, 0.0, 0.0, 0.0, 0.0, 0.0, 0.0, 0.0, 0.0, 0.0, 0.0, 0.0, 0.0, 0.0, 0.0, 0.0, 0.0, 0.0, 0.0, 0.0, 0.0, 0.0, 0.0, 0.0, 0.0, 0.0, 0.0, 0.0, 0.0, 0.0, 0.0, 0.0, 0.0, 0.0, 0.0, 0.0, 0.0, 0.0, 0.0, 0.0, 0.0, 0.0, 0.0, 0.0, 0.0, 0.0, 0.0, 0.0, 0.0, 0.0, 0.0, 0.0, 0.0, 0.0, 0.0, 0.0, 0.0, 0.0, 0.0, 0.0, 0.0, 0.0, 0.0, 0.0, 0.0, 0.0, 0.0, 0.0, 0.0, 0.0, 0.0],