{"Stationary": {"actions": [0.0, 1.0, 1.0, 1.0, 1.0, 1.0, 1.0, 1.0, 1.0, 1.0, 1.0, 1.0, 1.0, 1.0, 1.0, 1.0, 1.0, 1.0, 1.0, 1.0, 1.0, 1.0, 1.0, 1.0, 1.0, 1.0, 1.0, 1.0, 1.0, 1.0, 1.0, 1.0, 1.0, 1.0, 1.0, 1.0, 1.0, 1.0, 1.0, 1.0, 1.0, 1.0, 1.0, 1.0, 1.0, 1.0, 1.0, 1.0, 1.0, 1.0, 1.0, 1.0, 1.0, 1.0, 1.0, 1.0, 1.0, 1.0, 1.0, 1.0, 1.0, 1.0, 1.0, 1.0, 1.0, 1.0, 1.0, 1.0, 1.0, 1.0, 1.0, 1.0, 1.0, 1.0, 1.0, 1.0, 1.0, 1.0, 1.0, 1.0, 1.0, 1.0, 1.0, 1.0, 1.0, 1.0, 1.0, 1.0, 1.0, 1.0, 1.0, 1.0, 1.0, 1.0, 1.0, 1.0, 1.0, 1.0, 1.0, 1.0, 1.0, 1.0, 1.0, 1.0, 1.0, 1.0, 1.0, 1.0, 1.0, 1.0, 1.0, 1.0, 1.0, 1.0, 1.0, 1.0, 1.0, 1.0, 1.0, 1.0, 1.0, 1.0, 1.0, 1.0, 1.0, 1.0, 1.0, 1.0, 1.0, 1.0, 1.0, 1.0, 1.0, 1.0, 1.0, 1.0, 1.0, 1.0, 1.0, 1.0, 1.0, 1.0, 1.0, 1.0, 1.0, 1.0, 1.0, 1.0, 1.0, 1.0, 1.0, 1.0, 1.0, 1.0, 1.0, 1.0, 1.0, 1.0, 1.0, 1.0, 1.0, 1.0, 1.0, 1.0, 1.0, 1.0, 1.0, 1.0, 1.0, 1.0, 1.0, 1.0, 1.0, 1.0, 1.0, 1.0, 1.0, 1.0, 1.0, 1.0, 1.0, 1.0, 1.0, 1.0, 1.0, 1.0, 1.0, 1.0, 1.0, 1.0, 1.0, 1.0, 1.0, 1.0, 1.0, 1.0, 1.0, 1.0, 1.0, 1.0], "rewards": [-673.0459588010668, 605.8923090334325, 545.3882322393774, 490.8802562011111, 441.8069742787385, 397.7535978246141, 358.03694708933136, 322.3448217530709, 290.0583513495755, 261.0811458475783, 234.87815980444697, 211.31594542699622, 190.13745553502912, 171.23451080596345, 154.12293566787824, 138.73001240191766, 124.80337043721865, 112.40816942756203, 101.1883943457725, 91.20210246548174, 82.01145402434896, 73.94018864177217, 66.44931025138625, 59.761547003231136, 53.646972286664486, 48.321488970391094, 43.51470292613781, 39.08962678976762, 35.23053089837952, 31.841128457433765, 28.56021169167769, 25.71466677780101, 23.164002647498236, 20.721043809752324, 18.75283068732888, 16.911631693404683, 15.187267998484241, 13.712425995553303, 12.12163026288137, 10.934736728102541, 9.791465446379592, 8.686184850566525, 7.8020428031253575, 7.008529149885472, 6.279550009872075, 5.704713263905492, 5.0195196695685835, 4.402875525114463, 3.880051042213543, 3.3187234502018796, 2.8200953503464725, 2.4583078363810023, 2.2370662876722096, 1.9810708637241852, 1.745853121246196, 1.5788052087926925, 1.5287874011421054, 1.313804835766339, 1.2597125709626107, 1.141011992458536, 1.1588453337537556, 1.136347520617965, 0.8645641746627241, 0.7730410413462225, 0.717489073482587, 0.5679751352440491, 0.5235213542212134, 0.5135386133460639, 0.41175469124038316, 0.2760389031186647, 0.3332791304934277, 0.29547030198330954, 0.25440208436556877, 0.10000295176732477, 0.16367260782335338, -0.09470309247856201, -0.044565706733427156, 0.016261783708069834, -0.10361886031643633, -0.14777920686782337, -0.2099223882032975, -0.30019098433019686, -0.2776723891156119, -0.14771242641561017, -0.18688185737316526, -0.015626144102984327, 0.07614123045075313, 0.02559221691299938, 0.07231565874724992, 0.23039813630642803, 0.22504684101612735, 0.15559116262194705, 0.12075221747466554, 0.08551659647244174, -0.05904158860931642, -0.09393710540971148, -0.0460306376310102, 0.015116261640711852, 0.16178534606850786, 0.13798518157490633, 0.05599298441867953, -0.0008931192817096151, -0.03406863919394976, -0.05172852732269832, -0.11831543656573844, -0.06870144101476913, -0.14124257465352563, 0.056951064301019434, 0.13429284639182829, 0.2687427209647803, 0.10507179835191906, -0.006074979574328683, 0.0395429371153095, -0.03277847425646921, 0.06856940197458782, 0.019192336579655227, -0.1391327449662188, -0.10490687026753595, -0.18971176832894684, -0.32008243512713763, -0.08226624169118232, -0.2408377023805091, -0.265141096765286, -0.21657870493582693, -0.16713810005617694, -0.11741208786300487, -0.38273297021383207, -0.38163999662539944, -0.23349668908494084, -0.191454602152552, -0.3608527464925987, -0.23487598654395325, -0.25493829705654836, -0.2783358886054514, -0.3056284706157615, -0.2642680256804163, -0.1978728415198368, -0.06318240668076965, -0.1628291124769263, -0.01529436420774762, -0.0004537859645772323, 0.10630545149736831, 0.12389749882833923, 0.23830807656792524, 0.18084041676732615, 0.28291880133250547, 0.31087128607773057, 0.3955978641608427, 0.4629253782707581, 0.43502103314996887, 0.5024982670325774, 0.5283138554778626, 0.5194887514068061, 0.5818837830200816, 0.5606300162485806, 0.4718332063270357, 0.38758256897685966, 0.34381579620710667, 0.177123319322095, 0.01612731303600038, -0.134967292665348, -0.3288142677606457, -0.30710686032490175, -0.33461383796724914, -0.387250496971862, -0.40977636582136706, -0.26317288804994166, 0.013526037659105337, -0.04288529472894495, -0.041927199839653324, 0.0812548223574416, 0.0009479947887952551, -0.15644007637689866, -0.0054484948526487996, -0.07165764775093586, -0.08853636040247452, -0.18108791221716525, -0.3435549836860777, -0.23832931232792792, -0.25528563592307285, -0.1388435120719846, -0.2514499798832153, -0.29698315248475166, -0.43325194839148057, -0.4301903525181773, -0.49424355663742187, -0.5520731901746657, -0.44845363879512085, -0.42112921838095424, -0.4778710960355948, -0.37327029854647664, -0.36383364611206603, -0.23106712428655576, 0.013408946103961648, 0.16704162221736849, -0.0004784379276954085, -0.04968699687639975, -0.0006203975229275283, 0.2529255151660148, 0.17908278636021352]}, "Latent AR LinUCB s=2": {"actions": [0.0, 1.0, 0.0, 0.0, 0.0, 0.0, 0.0, 0.0, 0.0, 0.0, 0.0, 0.0, 0.0, 0.0, 0.0, 0.0, 0.0, 0.0, 0.0, 0.0, 0.0, 0.0, 0.0, 0.0, 0.0, 0.0, 0.0, 0.0, 0.0, 0.0, 0.0, 0.0, 0.0, 0.0, 0.0, 0.0, 0.0, 0.0, 0.0, 0.0, 0.0, 0.0, 0.0, 0.0, 0.0, 0.0, 0.0, 0.0, 0.0, 0.0, 0.0, 0.0, 0.0, 0.0, 0.0, 0.0, 0.0, 0.0, 0.0, 0.0, 0.0, 0.0, 0.0, 0.0, 0.0, 0.0, 0.0, 0.0, 0.0, 0.0, 0.0, 0.0, 0.0, 0.0, 0.0, 0.0, 0.0, 0.0, 0.0, 0.0, 0.0, 0.0, 0.0, 0.0, 0.0, 0.0, 0.0, 0.0, 0.0, 0.0, 0.0, 0.0, 0.0, 0.0, 0.0, 0.0, 0.0, 0.0, 0.0, 0.0, 0.0, 0.0, 0.0, 0.0, 0.0, 0.0, 0.0, 0.0, 0.0, 0.0, 0.0, 0.0, 0.0, 0.0, 0.0, 0.0, 0.0, 0.0, 0.0, 0.0, 0.0, 0.0, 0.0, 0.0, 0.0, 0.0, 0.0, 0.0, 0.0, 0.0, 0.0, 0.0, 0.0, 0.0, 0.0, 0.0, 0.0, 0.0, 0.0, 0.0, 0.0, 0.0, 0.0, 0.0, 0.0, 0.0, 0.0, 0.0, 0.0, 0.0, 0.0, 0.0, 0.0, 0.0, 0.0, 0.0, 0.0, 0.0, 0.0, 0.0, 0.0, 0.0, 0.0, 0.0, 0.0, 0.0, 0.0, 0.0, 0.0, 0.0, 0.0, 0.0, 0.0, 0.0, 0.0, 0.0, 0.0, 0.0, 0.0, 0.0, 0.0, 0.0, 0.0, 0.0, 0.0, 0.0, 0.0, 0.0, 0.0, 0.0, 0.0, 0.0, 0.0, 0.0, 0.0, 0.0, 0.0, 0.0, 0.0, 0.0],