{"k": 5, "sigma_z": 1, "mean reward 1": [80.42673576917392, -103.06082128924949, -135.7697560038817, -26.650186502997112, -17.129279758504133, -28.804299471516785, 35.92674151119242, 1.0953568121515134, 14.32171723861418, 13.89155113902794, -5.9153462241943044, 16.167990280465578, -12.619803894172417, 0.4946353266317016, 9.655047865703548, -2.619205115925118, -3.9221844716377308, -2.608765044993863, -7.46316178593756, -5.629403996583707, -0.6378513409371246, 12.267689435813956, 11.406267533005892, -7.231794781323359, 9.22277249215487, -15.351380536432108, 3.033415815617016, -19.24100186312476, 10.527562269107065, -4.134710299944706, 7.2022280950472854, -8.758089906694945, 10.691880786445179, 6.670890993970028, 1.6108488803940961, -5.340586816334171, 18.433503581564462, -12.564865711660467, 12.12030932733403, -1.4462135690713, 13.076904759723345, -10.9298141205402, -10.805829447472288, -21.840948260577505, 15.67830457689604, -20.919412701885236, 19.7430194637184, -6.9404355740402135, 7.400944391979383, -12.689498186166045, 9.338534250960617, -22.003229666667615, 11.358361317529813, -9.34093513400051, -0.798017038104154, -1.5669846664620697, 20.23560092737469, -5.923604862416713, -8.834844571064746, 10.126372583472127, -2.147657574653766, -0.8027141693155164, 4.01153199620418, 1.6183267214877082, 17.72645773661251, -1.3699271750996793, 5.928731673336855, 2.8717464647355624, 0.9052164860908032, -11.901482869627406, 17.756454993039497, -9.858878111290696, 5.517958570656351, 7.375532982246645, 1.786063252402201, -6.509337137713517, 6.5663485215767885, -0.5654654903351353, -6.367205822438736, -6.792942003838947, 7.130800870494327, -2.524711984307451, -6.933502261366709, -1.1334652345342362, -9.244950579234679, 17.305112261736188, 10.539901427377343, 15.035508476292494, 13.78146859201025, -0.30938309413584775, 9.23346142668311, -2.4973982104179897, 0.829939535267604, 11.665063905388603, -1.0185860374662778, -12.502679181843712, 3.050957013628492, -18.36045888870554, 0.4779285221516191, -22.518530576184475, 4.186824383757596, 7.049205079449672, 5.655876631041712, 21.800494483707524, -0.44367301324556185, -6.05089607233264, -12.116104294378857, -15.399059426609487, 5.436934366770052, -7.428373103041333, 4.119138630000881, 4.627564452086551, -15.250147702327247, -16.001292978771087, 1.2887792370915483, 6.164642911620922, 2.1001916913260628, 4.0003392016763115, -7.101032887967984, 7.466717469187305, -11.990072279666283, -3.019030768216192, -1.851465908002863, 10.319544622434409, -4.950442272850964, -0.3395836416982845, 3.3743180758825786, -1.2303444006202267, -4.99070965895278, 16.229446920008787, -13.136167037972829, 4.10457660479832, 11.718933940661174, 10.090435175922172, -2.9084242271192826, 8.376953462947036, -4.80046888814289, 12.022494003161668, -0.5457316152780245, -11.416265891132822, 6.322641664405282, -11.219572968652587, -15.759270625674336, -7.58417427476397, 2.9327322242246403, 0.31974272502878875, 4.876955753672502, 22.32854126537399, 15.587095144080978, 13.38981501598225, -1.8384890269262777, 19.57698059130248, -18.98464677525316, 6.845199669473451, -12.104398542866745, 9.853925378239051, -5.607606579949767, 18.783980883223386, -7.699732904517031, -8.705845292144055, -11.217099646749062, -1.613991399537986, 7.86095732676446, -19.326619033906457, -0.479470497409763, -2.8613115501070823, 0.9852248058729527, -3.758373816332561, -6.987615222891298, -4.663685021239231, 14.45072470322276, 8.092628040552043, 22.09801173936122, 8.760742311746714, 11.878183970967516, -16.71326939705045, 6.788055137076644, -26.10778956198275, 3.0516508740559445, -7.778344362685406, -2.028517745480483, -14.738194041485054, 12.114366981128946, 0.2606283709929169, 26.147465881311078, -1.0789964775249348, 10.119895091829804, -5.5241956005936395, -11.749551938134983, 0.8408282696691394, 0.9067879521327515, -9.669565136361292, 9.685468065985203, 7.08578389038959, -12.320332489784747, -9.236465439148805, -5.7256926474361505, -15.644419681659672, 2.383104706134518, 2.4614299407535967],