{"k": 5, "sigma_z": 1, "mean reward 1": [-140.8913193193723, -37.55345397115208, 11.047624247890294, -38.35401306430736, -19.957898077294413, 29.423039693442202, -23.22606236389693, 4.713735401112366, 13.118263293335634, -2.5648438880019686, 5.169226545012933, -2.047000845146838, 6.5118791921949075, -17.712204778366406, 1.203543496350864, -2.559318559319662, 7.634279623365227, -21.191737541138487, -11.818218322833523, 4.402982491927286, -15.827256107704098, 21.539210264641042, -14.567006093081476, 2.549787385251452, -5.1529142346020596, -1.1581744787758441, -13.308655144200646, 22.535856485929497, 7.493621900866836, 6.316055362426854, 5.265531025420604, 15.262922259741973, -0.04014773405258465, -5.6085112923555265, 6.205619080581948, -3.7335915687340475, 13.761598511418086, 8.710853975906458, 11.018181026213941, 4.245024941271385, 7.075330579615602, 6.588207334666443, -0.3104691479590657, 18.916653724055912, -19.772908349623506, 18.72635225336772, -14.705816151366358, -4.905730144553653, 1.309613574292945, -26.40401542188887, 4.309851853764491, -3.6271702358868736, 4.522557047578337, 19.00157510513983, -25.678337658168253, 18.773083968798613, -12.533805509925632, 10.744673252160531, -2.5762652837081386, 7.476223443198022, -13.846079907801967, -13.582426799304752, 10.877649756887296, -10.183154293858312, 12.112005619930654, -7.25666295451182, 8.889370808948613, -9.219972455180896, -2.2254865633883005, -1.850239395222627, 14.994747768011646, 7.458530506313547, 0.4457262457514166, 18.15458313559574, -0.5102220610920177, 9.725923159997754, -11.144233744627392, 17.285697298565314, -21.48092722335278, 3.109791813765023, -11.638316543755277, 5.7986188719056395, -9.0902957189863, 17.148388206831598, -14.798354107906892, 9.788883338570487, -17.460473371513576, 4.252924559695389, -1.693496463359223, 3.1319532439573123, -7.189583288947593, -6.224152315668537, -3.9650013354159936, 5.299336998242792, -20.700551776912626, 7.3443872799673695, -9.055758129655862, 2.704685210950518, -0.8398580461888663, 2.752267559916141, 12.807149873034106, -7.524672354235225, -1.6537604390571403, 1.0499640893344804, -1.027925336663222, -7.703423938916448, -7.084621187989781, -4.785493715491938, 24.622570426347934, 1.623763885203473, -2.971877107189591, 4.8449720703140535, 14.27678555719149, -10.060316780344898, 0.5402041179862094, 12.487834232256375, 4.419295440541189, 0.5348439379165237, 5.8520878976566335, 0.41164900680310396, 2.5151297909325896, 10.648527137166251, 6.099568980241919, 6.1348484155078165, 6.715751244143773, 13.604914391164302, -1.1788571714061495, -4.575397303002912, 0.23660294623861294, -35.28049916819554, 24.427968769677612, -9.355815381698587, -9.258734281288751, 12.724818167362887, 0.38034422389780886, 1.7469573922160928, 3.6290470970633364, -16.988827642937117, 5.257060348562112, -24.205666892497018, -9.278288796390246, -3.333934734601014, -2.992635452460106, -1.7969017810557708, 0.31199598012222773, 6.897041709261819, -7.08079508871449, 11.130308219272882, -19.879437648537216, 16.823693604451293, -12.479243257620706, 12.259942679218705, 5.091685489859575, 14.058084847443038, 2.8801419081328676, -12.255710189936703, 15.9968618887873, -21.81220250500143, 6.492836730722268, -2.6196394829570697, -10.103765943885254, -0.8571707028144476, -32.08030544089912, -9.44154814955512, 5.550118125648524, -3.8326405300775725, 9.80731437824127, 20.34351391885497, 5.783014608766197, 21.60294383085791, -14.237292398508014, 4.952352942018166, -26.51161026827183, 6.458860941188829, -32.67055625812179, 13.444256467943351, -15.214882755247281, -5.316794865658176, 11.109672704562158, -8.505303188922886, -10.805344503204052, 7.358042567384926, -11.106898851302807, -3.509610858427503, -9.470796331203113, 11.627183831369925, -1.3484834514720079, -6.004000363532613, 11.61391918709743, -10.495169261347668, 13.906747097132934, -10.515550625955964, -1.734957075603688, 4.731372440878213, 3.7914977506894774, 8.163581162107223, 0.1907584859445749, -1.527804573458199, -13.378421502328328, 11.329237981007278],