{"Stationary": {"actions": [1.0, 0.0, 0.0, 1.0, 1.0, 0.0, 0.0, 0.0, 0.0, 0.0, 0.0, 0.0, 0.0, 0.0, 0.0, 0.0, 0.0, 0.0, 0.0, 0.0, 0.0, 0.0, 0.0, 0.0, 0.0, 0.0, 0.0, 0.0, 0.0, 0.0, 0.0, 0.0, 0.0, 0.0, 0.0, 0.0, 0.0, 0.0, 0.0, 0.0, 0.0, 0.0, 0.0, 0.0, 0.0, 0.0, 0.0, 0.0, 0.0, 0.0, 0.0, 0.0, 0.0, 0.0, 0.0, 0.0, 0.0, 0.0, 0.0, 0.0, 0.0, 0.0, 0.0, 0.0, 0.0, 0.0, 0.0, 0.0, 0.0, 0.0, 0.0, 0.0, 0.0, 0.0, 0.0, 0.0, 0.0, 0.0, 0.0, 0.0, 0.0, 0.0, 0.0, 0.0, 0.0, 0.0, 0.0, 0.0, 0.0, 0.0, 0.0, 0.0, 0.0, 0.0, 0.0, 0.0, 0.0, 0.0, 0.0, 0.0, 0.0, 0.0, 0.0, 0.0, 0.0, 0.0, 0.0, 0.0, 0.0, 0.0, 0.0, 0.0, 0.0, 0.0, 0.0, 0.0, 0.0, 0.0, 0.0, 0.0, 0.0, 0.0, 0.0, 0.0, 0.0, 0.0, 0.0, 0.0, 0.0, 0.0, 0.0, 0.0, 0.0, 0.0, 0.0, 0.0, 0.0, 0.0, 0.0, 0.0, 0.0, 0.0, 0.0, 0.0, 0.0, 0.0, 0.0, 0.0, 0.0, 0.0, 0.0, 0.0, 0.0, 0.0, 0.0, 0.0, 0.0, 0.0, 0.0, 0.0, 0.0, 0.0, 0.0, 0.0, 0.0, 0.0, 0.0, 0.0, 0.0, 0.0, 0.0, 0.0, 0.0, 0.0, 0.0, 0.0, 0.0, 0.0, 0.0, 0.0, 0.0, 0.0, 0.0, 0.0, 0.0, 0.0, 0.0, 0.0, 0.0, 0.0, 0.0, 0.0, 0.0, 0.0, 0.0, 0.0, 0.0, 0.0, 0.0, 0.0], "rewards": [-69.85838445951848, -150.72611531292884, 127.3726295978881, -120.3021046806145, 172.8436804840974, 98.99996338157253, -64.85665850099282, -3.7735573042894237, -28.595058797142062, 33.943951737309526, -32.40110930925187, 39.43161778395599, -20.831524032436715, 10.237662677454795, 6.506169713492689, -12.126325376107701, 1.5376533012906466, -24.062687391684445, -15.121046561050152, 15.268379684022218, -4.058427463074934, 11.97079534459505, 15.28629360446769, 4.336887144117385, 23.635502339242144, 2.964775495534193, 4.139138803417488, -0.1831049223587697, -5.5095641051447295, -9.680459675021003, -13.564316758215007, 2.8933118349819793, -23.64151573931891, 8.647628074070694, -14.080073807452091, -9.217587193544135, -22.50997027706606, 18.84872656982191, -9.379396832401147, 0.4221391882834923, 7.837561962844013, 2.3100566648466776, 7.987652929329887, 0.37743683066748923, -13.194645566237908, -0.7523444204888864, -6.738295142275503, 8.25941265557845, -11.421334712321064, 13.602231795874953, 7.609628027678607, 6.843122772119945, 8.305647532009997, -2.892668680227677, 7.061025283732314, -25.970150126404747, 0.5358411754983776, -0.5849228272281413, -5.2957672241958695, 2.772602680128511, -4.377114507605012, -8.588566185073883, 2.7084311957031155, 4.723755806075167, -19.733169041462276, -6.269671875916435, -2.86246976029769, -10.766925179616978, -8.131409342102726, 7.228347973930447, 6.599679863632497, 12.061843236851447, 7.761857396119876, -12.39396421767731, 10.392192451149345, 10.371387254297579, -6.026484156632674, 8.634646043223276, 22.805118433787154, -20.035358291678705, 27.93811461780074, -13.184803165523169, -5.801634183718615, -21.78566875793554, 6.0807628874479684, -14.387577242033979, 11.733574791213977, -1.615533301837429, -2.459579791735261, -0.6779370984906004, -10.997652457865609, 24.837716443531757, 3.8017894861607666, 3.6910266290830096, 12.866752960221831, -5.9427000816511715, -4.757034531484011, 7.055829352432631, -3.11714711916202, 18.625012442302985, -2.0549552687395316, 10.710012396847858, -9.836498204979135, 2.5321295665419616, -4.178913273980816, 2.3757343532680704, -7.796892490362881, 4.582902557233687, -0.22111464483806742, 3.962690205460404, 9.669038117559433, 16.135789655989505, 6.190764355242438, 16.62153937348528, -5.421913923673591, -4.625802878670237, -2.486723616623703, -14.920657416773231, 0.3604114227351673, 4.086732798721028, -6.715325003008674, 7.01543262128548, -3.089783377630022, -3.1147783456969167, -7.916239044955384, -9.71291323307022, -3.4550435826392887, -10.150312348079247, -8.74719277282805, 15.713262457305333, 0.11103868974334952, 10.693590892044888, 17.870222689188466, -9.424719398330435, -3.015212185002409, -4.840799769648616, 1.2493417884082403, -5.246676095135125, -1.9107205302183374, 14.91321194244973, 8.649679771546259, 18.980104403698736, 18.612112536033713, -1.3256781002501945, 18.43977687385339, 7.4905579690337545, 2.758108531772308, -0.08124213336669234, 0.25592237420687924, -15.605230747842855, 1.7320132648616542, 0.41880137976935927, 19.130423443861066, -5.296746879452365, 24.280583331673995, -7.605154266698362, 5.150269769843975, -7.699116236800995, 8.291200397876118, 1.0201915939969375, -11.845436784386456, -1.254312818023947, 11.873326341019801, -2.106163693041249, 18.60047683680474, -26.841260693748826, 20.39394719081187, -21.092166626595706, -1.1123617944496076, 6.71126738241563, -3.9395798092005196, -13.495515047332457, 11.284255636946831, -17.25311326931394, 1.1670924311065487, -14.204162035435164, 0.7013793369361602, 7.429299907291757, 2.4820320260274733, -1.3642285190265033, -13.31694899106618, 0.297622782728614, -17.293818149844725, -9.347892308949678, 0.15380567696556757, -19.016715324945405, -2.3886240145267292, -14.070854206323602, 13.45165532024792, -9.58323367256866, 17.45222845888938, -13.428915076370282, 14.575385064820047, -10.662867818880672, 5.824284591601112, -1.4938002155439503, -2.425602526603601, -5.869948237863192, 1.333622254863602, 19.237151098866722]}, "Latent AR LinUCB s=5": {"actions": [1.0, 0.0, 0.0, 1.0, 1.0, 0.0, 1.0, 1.0, 1.0, 0.0, 1.0, 0.0, 1.0, 0.0, 1.0, 0.0, 1.0, 1.0, 0.0, 1.0, 1.0, 0.0, 0.0, 0.0, 0.0, 1.0, 0.0, 1.0, 1.0, 1.0, 1.0, 1.0, 1.0, 0.0, 1.0, 0.0, 1.0, 0.0, 1.0, 0.0, 0.0, 1.0, 0.0, 0.0, 0.0, 0.0, 1.0, 1.0, 1.0, 0.0, 1.0, 0.0, 0.0, 0.0, 0.0, 1.0, 0.0, 1.0, 1.0, 0.0, 0.0, 0.0, 1.0, 1.0, 1.0, 0.0, 1.0, 1.0, 0.0, 0.0, 1.0, 0.0, 0.0, 0.0, 0.0, 1.0, 1.0, 0.0, 1.0, 1.0, 0.0, 1.0, 0.0, 1.0, 0.0, 1.0, 0.0, 1.0, 0.0, 0.0, 0.0, 1.0, 1.0, 0.0, 0.0, 1.0, 1.0, 1.0, 1.0, 0.0, 1.0, 0.0, 1.0, 0.0, 1.0, 1.0, 1.0, 0.0, 1.0, 0.0, 1.0, 1.0, 0.0, 0.0, 1.0, 0.0, 1.0, 1.0, 0.0, 1.0, 1.0, 0.0, 0.0, 0.0, 1.0, 0.0, 1.0, 1.0, 0.0, 1.0, 1.0, 0.0, 0.0, 0.0, 0.0, 1.0, 1.0, 1.0, 0.0, 0.0, 1.0, 0.0, 0.0, 0.0, 0.0, 1.0, 1.0, 0.0, 0.0, 1.0, 0.0, 1.0, 1.0, 1.0, 0.0, 1.0, 0.0, 1.0, 0.0, 1.0, 0.0, 0.0, 1.0, 1.0, 0.0, 1.0, 0.0, 1.0, 0.0, 1.0, 1.0, 0.0, 0.0, 1.0, 0.0, 1.0, 0.0, 1.0, 0.0, 0.0, 0.0, 0.0, 1.0, 0.0, 1.0, 1.0, 0.0, 1.0, 0.0, 1.0, 0.0, 1.0, 0.0, 1.0, 0.0, 1.0, 0.0, 1.0, 0.0, 1.0],