{"Stationary": {"actions": [0.0, 1.0, 0.0, 1.0, 1.0, 0.0, 0.0, 0.0, 0.0, 0.0, 0.0, 0.0, 0.0, 0.0, 0.0, 0.0, 0.0, 0.0, 0.0, 0.0, 0.0, 0.0, 0.0, 0.0, 0.0, 0.0, 0.0, 0.0, 0.0, 0.0, 0.0, 0.0, 0.0, 0.0, 0.0, 0.0, 0.0, 0.0, 0.0, 0.0, 0.0, 0.0, 0.0, 0.0, 0.0, 0.0, 0.0, 0.0, 0.0, 0.0, 0.0, 0.0, 0.0, 0.0, 0.0, 0.0, 0.0, 0.0, 0.0, 0.0, 0.0, 0.0, 0.0, 0.0, 0.0, 0.0, 0.0, 0.0, 0.0, 0.0, 0.0, 0.0, 0.0, 0.0, 0.0, 0.0, 0.0, 0.0, 0.0, 0.0, 0.0, 0.0, 0.0, 0.0, 0.0, 0.0, 0.0, 0.0, 0.0, 0.0, 0.0, 0.0, 0.0, 0.0, 0.0, 0.0, 0.0, 0.0, 0.0, 0.0, 0.0, 0.0, 0.0, 0.0, 0.0, 0.0, 0.0, 0.0, 0.0, 0.0, 0.0, 0.0, 0.0, 0.0, 0.0, 0.0, 0.0, 0.0, 0.0, 0.0, 0.0, 0.0, 0.0, 0.0, 0.0, 0.0, 0.0, 0.0, 0.0, 0.0, 0.0, 0.0, 0.0, 0.0, 0.0, 0.0, 0.0, 0.0, 0.0, 0.0, 0.0, 0.0, 0.0, 0.0, 0.0, 0.0, 0.0, 0.0, 0.0, 0.0, 0.0, 0.0, 0.0, 0.0, 0.0, 0.0, 0.0, 0.0, 0.0, 0.0, 0.0, 0.0, 0.0, 0.0, 0.0, 0.0, 0.0, 0.0, 0.0, 0.0, 0.0, 0.0, 0.0, 0.0, 0.0, 0.0, 0.0, 0.0, 0.0, 0.0, 0.0, 0.0, 0.0, 0.0, 0.0, 0.0, 0.0, 0.0, 0.0, 0.0, 0.0, 0.0, 0.0, 0.0, 0.0, 0.0, 0.0, 0.0, 0.0, 0.0], "rewards": [100.23081464788753, -122.53209138892207, 33.76522618095897, 38.320079044110265, 67.92150271921334, -42.66590874318608, -61.50424001587741, -21.085226850846475, -6.735942180857861, 9.40640813241422, -7.9839482935491946, 25.46227754942374, -3.230357466836149, 28.331458762337896, -14.835562574343099, 13.215922150436937, -3.7905404413947266, 21.306323476564305, -11.022435918562852, 6.192947350167385, -5.917845631510007, 7.330564156292061, -19.853043535767142, 24.662729546518378, -11.038177076271836, 0.93880544722948, -5.845422303179677, 9.947812907509205, 1.432758736434052, -13.087708387263653, 12.361704460986344, 1.3405317294808055, 3.478730321646046, 14.25863426155836, -10.949604032491562, 5.505900290784135, 7.6830179021257345, 15.149533468102732, 6.0870775299575826, 14.599981789068138, 2.321544197639197, 11.373861327888799, -19.28032994781472, 5.133726411135071, -13.210536783678126, 10.746921370849838, 0.230823093726363, -8.349421026542755, -6.877551025273394, -2.0754504245243925, -3.9484132464647574, 18.661249551938756, -10.14856398367481, 28.182632768289416, -13.413540380891146, 15.348552806746214, 10.73155304422867, 18.026958420200565, -1.9389838218050874, 9.514061767636742, 2.8550084620413543, -10.326782168363504, 9.655400963980757, 3.911908157990929, -3.6011013162188528, 1.9335668460892932, 1.2173955409095751, 2.490696525192769, -4.539501879003651, -2.498272448454298, -1.5748944179115945, -17.141286573645132, -11.5643966800004, -3.945882149029324, -15.003214638545375, 19.812129276466447, -5.676955580627237, 22.264311354633723, 5.285400285332484, 23.883421866819894, -13.454957391076702, 30.22502460685849, -23.193055847023082, 24.546087068948435, -17.198275952698243, 19.118541654398214, -16.224130165725946, 20.551032371783307, -12.853124860507414, 18.200891373004332, -13.218167340995839, 7.782652165575222, 4.165395251551695, -4.531588834638523, -17.62568678058325, 27.43027586527937, -12.716664430450074, 8.23665845723642, -8.432009367421296, -7.8053742735447456, -9.157400982000553, -4.678849315173106, -4.557357456289544, -1.8185459427480375, 1.9868022609402518, 0.14874424950238396, 5.970699081126986, -1.943746445071357, -1.3256462138828442, 2.0156947940611247, 8.394318555862986, -6.497484826201223, 14.157395686801603, 1.8992018406689064, 0.5824003240459994, -13.90408952182973, 6.148327054944893, 2.0320887045757665, 2.7437653277620537, 3.5133150760412004, 24.392544555351762, -4.02614362510002, 13.928986771407004, 4.986457464814688, -3.424519755663187, 12.203530318773735, -11.437479445829446, 16.049128197709685, 14.492609743107014, -35.65885203787307, 7.8799108165743625, -4.094078366730515, -5.037826567868442, 1.6876150353282315, 3.763743824267404, 11.360051022066024, -12.7293595525726, 11.053486019183419, -8.910337686028528, 1.9383588933884546, -12.44501271489805, 3.8249901434131965, -3.7813835506016047, -1.4504187686338743, 0.6694191818548515, -13.963366658895644, -1.5756924550995925, 4.53587093812856, -0.19006788480009318, -22.491064063074063, 15.63912744072767, -36.88542919172251, 0.6399372190379915, -12.599528539960321, 10.151543296706995, -6.335520930514708, -1.104617075632548, -9.329353489678242, -11.077350793893928, -16.80034929716338, -3.5794664900792688, -4.02618385613795, 12.235666049302464, 14.887476760680519, 16.498689907387007, -6.8186177248259625, 35.78334505896727, 0.06477320139917031, 6.041428081170237, 2.1445588387076953, -1.5326841554299493, -22.39412086975999, 15.428367201792446, -16.314323891043664, -12.400482745207388, 8.788570823771567, -9.471948659710979, 8.9683570389045, 12.671377758357226, 7.141599787883935, 9.856518507114725, -16.96618974208435, -11.853876550981504, -18.324070402335902, -20.93537544474069, -7.8933804461676385, -3.848691328086028, 3.4215850279669553, 7.447549177950431, 13.4978725180724, -14.990096842750905, 15.762534317178048, -7.838803580973764, 8.00048786108231, 17.393088352363705, 14.83492369182372, 5.269482590372165, 10.796551332970276, 5.3348114228650685, 0.662525470198575]}, "Latent AR LinUCB s=5": {"actions": [0.0, 1.0, 0.0, 1.0, 1.0, 1.0, 1.0, 1.0, 1.0, 0.0, 0.0, 0.0, 0.0, 0.0, 1.0, 0.0, 1.0, 0.0, 1.0, 0.0, 1.0, 1.0, 1.0, 0.0, 1.0, 0.0, 1.0, 0.0, 1.0, 0.0, 0.0, 1.0, 0.0, 0.0, 1.0, 0.0, 1.0, 1.0, 1.0, 0.0, 0.0, 0.0, 1.0, 0.0, 1.0, 0.0, 1.0, 0.0, 0.0, 1.0, 1.0, 1.0, 1.0, 0.0, 1.0, 0.0, 1.0, 0.0, 1.0, 0.0, 1.0, 1.0, 0.0, 1.0, 1.0, 0.0, 0.0, 1.0, 1.0, 0.0, 1.0, 1.0, 0.0, 1.0, 1.0, 0.0, 1.0, 0.0, 1.0, 0.0, 1.0, 0.0, 1.0, 0.0, 1.0, 0.0, 1.0, 0.0, 1.0, 0.0, 1.0, 0.0, 1.0, 0.0, 0.0, 0.0, 1.0, 0.0, 1.0, 0.0, 1.0, 1.0, 1.0, 0.0, 0.0, 0.0, 0.0, 0.0, 0.0, 1.0, 1.0, 1.0, 0.0, 1.0, 0.0, 0.0, 0.0, 1.0, 1.0, 0.0, 0.0, 1.0, 0.0, 1.0, 0.0, 1.0, 1.0, 0.0, 1.0, 0.0, 0.0, 1.0, 1.0, 0.0, 0.0, 1.0, 0.0, 0.0, 1.0, 0.0, 1.0, 0.0, 1.0, 0.0, 0.0, 0.0, 0.0, 1.0, 1.0, 0.0, 0.0, 1.0, 0.0, 1.0, 0.0, 1.0, 0.0, 0.0, 0.0, 1.0, 1.0, 1.0, 0.0, 0.0, 0.0, 0.0, 0.0, 1.0, 0.0, 1.0, 1.0, 1.0, 0.0, 1.0, 0.0, 1.0, 1.0, 0.0, 1.0, 0.0, 0.0, 0.0, 0.0, 1.0, 1.0, 1.0, 1.0, 1.0, 0.0, 0.0, 0.0, 0.0, 1.0, 0.0, 1.0, 1.0, 0.0, 0.0, 1.0, 1.0],