{"Stationary": {"actions": [1.0, 0.0, 1.0, 0.0, 0.0, 0.0, 0.0, 0.0, 0.0, 0.0, 0.0, 0.0, 0.0, 0.0, 0.0, 0.0, 0.0, 0.0, 0.0, 0.0, 0.0, 0.0, 0.0, 0.0, 0.0, 0.0, 0.0, 0.0, 0.0, 0.0, 0.0, 0.0, 0.0, 0.0, 0.0, 0.0, 0.0, 0.0, 0.0, 0.0, 0.0, 0.0, 0.0, 0.0, 0.0, 0.0, 0.0, 0.0, 0.0, 0.0, 0.0, 0.0, 0.0, 0.0, 0.0, 0.0, 0.0, 0.0, 0.0, 0.0, 0.0, 0.0, 0.0, 0.0, 0.0, 0.0, 0.0, 0.0, 0.0, 0.0, 0.0, 0.0, 0.0, 0.0, 0.0, 0.0, 0.0, 0.0, 0.0, 0.0, 0.0, 0.0, 0.0, 0.0, 0.0, 0.0, 0.0, 0.0, 0.0, 0.0, 0.0, 0.0, 0.0, 0.0, 0.0, 0.0, 0.0, 0.0, 0.0, 0.0, 0.0, 0.0, 0.0, 0.0, 0.0, 0.0, 0.0, 0.0, 0.0, 0.0, 0.0, 0.0, 0.0, 0.0, 0.0, 0.0, 0.0, 0.0, 0.0, 0.0, 0.0, 0.0, 0.0, 0.0, 0.0, 0.0, 0.0, 0.0, 0.0, 0.0, 0.0, 0.0, 0.0, 0.0, 0.0, 0.0, 0.0, 0.0, 0.0, 0.0, 0.0, 0.0, 0.0, 0.0, 0.0, 0.0, 0.0, 0.0, 0.0, 0.0, 0.0, 0.0, 0.0, 0.0, 0.0, 0.0, 0.0, 0.0, 0.0, 0.0, 0.0, 0.0, 0.0, 0.0, 0.0, 0.0, 0.0, 0.0, 0.0, 0.0, 0.0, 0.0, 0.0, 0.0, 0.0, 0.0, 0.0, 0.0, 0.0, 0.0, 0.0, 0.0, 0.0, 0.0, 0.0, 0.0, 0.0, 0.0, 0.0, 0.0, 0.0, 0.0, 0.0, 0.0, 0.0, 0.0, 0.0, 0.0, 0.0, 0.0], "rewards": [-51.959721419849004, 267.2951774552231, 27.536348700646958, 15.114913762635707, 117.60223461639862, -48.723192871550964, 2.311834156200593, 2.651149998290533, -30.733666555899795, -31.143145457226726, 25.119191540686778, -23.33521618774748, 14.063559379993993, -1.2790852596789994, 13.065193323444948, -5.808476291245418, 12.275200326625688, 12.060147710357201, 5.384791944338914, -4.1579509154395256, 11.0363822412931, 8.143600600147995, -9.642424658074155, -4.8106046735194194, -9.978041580018886, 6.295668706041344, -11.558279324575393, 1.323895256264838, -1.0680814058852508, -1.9706266487079092, 9.466841856565786, -13.61007084826535, -14.731238265488303, 7.627934077320447, -17.504176257811878, -1.6889006852222366, 20.29201142897659, 10.907076108695126, -18.85884090723406, 13.88402332305515, 4.260070568194942, -15.757324643275883, -4.213364748344198, -19.99791963787967, -16.40122616404207, -4.9787653479010805, 5.2568296235155145, -11.782856572412694, 18.636176968986092, -21.016640178246472, 5.8116861196354055, -8.262730025992187, -0.9903606794338915, -24.448753382681176, -2.244413056479318, -19.64521179800781, 10.454369627578835, -14.53353516759613, 21.605486478219873, 1.4847836723767867, 18.129686845136867, 19.373724048356816, 7.27438644269293, 11.553727528373244, 28.03833888972007, -4.089708157729628, 11.732385452626737, -5.048345374482527, -3.765906007944635, -20.01915493437878, 14.045204702317365, -18.972020421326803, 0.8616675109920617, 8.323717043457417, -0.7821032542996176, -2.349507190358721, 3.9674851172800274, -19.402754192999247, -8.492523345098551, 2.5498437251326536, -9.58940752789012, 11.052482921652052, 2.6556403916873643, 19.427516436089597, 14.618796625824677, 8.981631596990354, -6.055423225629501, -8.890367941960427, 5.995430456354341, 9.827761938970857, -2.4976142449678824, 10.309880893492252, 6.751706106572908, 7.013464997708735, -12.14181236809532, -29.512592346171623, -4.391971068930486, -6.364643620038155, 10.899164255491439, -8.418939310577045, -0.9826744202348371, 1.2012143233271295, -10.421807341636091, -2.953942329711508, -11.762696753682661, -19.347519828136974, 6.114064196556691, -15.606548284639459, -13.644263021603747, 2.0769828189284363, 17.383437480785418, 9.374807882042397, 10.64976752001477, -1.0905748542260458, 7.457213997565797, -8.111119050658724, 0.5555429773376445, -2.351274701837612, -9.674736087569766, 14.571126400682772, -2.342931355723884, 1.735077148867693, 6.031398077146486, 8.353265001374508, -14.093975264261253, -1.2250547652400132, -8.341278289063125, 1.5188133691665122, -0.16892278786111659, 20.20202577863454, -0.8767437177064414, 1.185930365960549, -16.685122001746006, -5.0027703291130585, -35.105179914273954, 2.3165565897474285, -14.995639272830507, 11.289799903120631, 2.4292379876806165, -14.592216657885384, 3.4472603263716337, 2.0666103351168683, -12.73165887490905, 4.702412232558046, 10.144067515575749, -4.699099096264996, 3.781945106963844, 9.416564781600021, -21.06411047056441, -4.337048842271716, -5.372469546086669, -6.5929787566119025, -1.5784729568429288, -5.363367823364213, 12.285865099727982, 5.047539528887799, 1.7937919356023362, 8.182835986058034, -0.23722406490214476, 2.8486749523405135, -2.290573720336253, -21.063832056000493, 1.2182932424234645, -13.154694078922855, 15.570740824791319, -4.276208485682341, 13.576985740536378, -1.9290265039215777, 6.1813402689729005, -22.01239758489861, -8.939892681570594, -9.990000747121252, -0.7784976759328821, -24.233557225528646, 2.300601623707091, -10.19044679014201, 6.170348593089207, -21.73142642817871, 5.640990820908221, -14.128451283986443, 16.122921285422578, -18.33327432877611, 25.17531085636083, 6.778829087073689, 10.543781163676494, 5.276044815514636, 15.200517043465114, -9.03570093652026, 7.591077714708032, -10.759939578157725, -16.59931775596661, -8.087564936827198, -12.863072822161438, 15.322108349523274, -24.48813371501665, -3.3421345470417005, -9.076781947653098, -30.2865204593237, -7.046425917656521, -10.2118919066771]}, "Latent AR LinUCB s=5": {"actions": [1.0, 0.0, 1.0, 0.0, 0.0, 1.0, 0.0, 1.0, 1.0, 1.0, 0.0, 1.0, 0.0, 0.0, 0.0, 1.0, 0.0, 1.0, 1.0, 0.0, 0.0, 1.0, 1.0, 0.0, 1.0, 1.0, 1.0, 0.0, 1.0, 0.0, 0.0, 1.0, 0.0, 1.0, 1.0, 0.0, 1.0, 1.0, 0.0, 0.0, 1.0, 1.0, 0.0, 1.0, 1.0, 1.0, 1.0, 0.0, 0.0, 1.0, 0.0, 1.0, 0.0, 1.0, 0.0, 1.0, 0.0, 1.0, 0.0, 1.0, 0.0, 1.0, 0.0, 0.0, 0.0, 1.0, 0.0, 1.0, 1.0, 1.0, 0.0, 1.0, 0.0, 1.0, 1.0, 0.0, 0.0, 1.0, 0.0, 1.0, 1.0, 0.0, 1.0, 0.0, 0.0, 0.0, 0.0, 0.0, 1.0, 1.0, 1.0, 0.0, 1.0, 1.0, 0.0, 0.0, 1.0, 1.0, 1.0, 0.0, 0.0, 1.0, 1.0, 0.0, 1.0, 1.0, 0.0, 1.0, 0.0, 0.0, 1.0, 1.0, 0.0, 0.0, 0.0, 1.0, 0.0, 1.0, 1.0, 1.0, 1.0, 0.0, 0.0, 1.0, 1.0, 0.0, 1.0, 1.0, 1.0, 0.0, 1.0, 0.0, 0.0, 0.0, 1.0, 0.0, 1.0, 0.0, 1.0, 0.0, 0.0, 1.0, 1.0, 0.0, 1.0, 1.0, 0.0, 0.0, 1.0, 0.0, 1.0, 1.0, 0.0, 0.0, 0.0, 1.0, 0.0, 0.0, 1.0, 0.0, 1.0, 1.0, 0.0, 1.0, 0.0, 1.0, 0.0, 1.0, 0.0, 1.0, 0.0, 1.0, 1.0, 1.0, 0.0, 1.0, 0.0, 1.0, 0.0, 1.0, 0.0, 1.0, 0.0, 1.0, 0.0, 0.0, 0.0, 1.0, 0.0, 1.0, 0.0, 1.0, 1.0, 1.0, 1.0, 0.0, 1.0, 1.0, 0.0, 1.0],