{"Stationary": {"actions": [0.0, 0.0, 0.0, 0.0, 0.0, 0.0, 0.0, 0.0, 0.0, 0.0, 0.0, 0.0, 0.0, 0.0, 0.0, 0.0, 0.0, 0.0, 0.0, 0.0, 0.0, 0.0, 0.0, 0.0, 0.0, 0.0, 0.0, 0.0, 0.0, 0.0, 0.0, 0.0, 0.0, 0.0, 0.0, 0.0, 0.0, 0.0, 0.0, 0.0, 0.0, 0.0, 0.0, 0.0, 0.0, 0.0, 0.0, 0.0, 0.0, 0.0, 0.0, 0.0, 0.0, 0.0, 0.0, 0.0, 0.0, 0.0, 0.0, 0.0, 0.0, 0.0, 0.0, 0.0, 0.0, 0.0, 0.0, 0.0, 0.0, 0.0, 0.0, 0.0, 0.0, 0.0, 0.0, 0.0, 0.0, 0.0, 0.0, 0.0, 0.0, 0.0, 0.0, 0.0, 0.0, 0.0, 0.0, 0.0, 0.0, 0.0, 0.0, 0.0, 0.0, 0.0, 0.0, 0.0, 0.0, 0.0, 0.0, 0.0, 0.0, 0.0, 0.0, 0.0, 0.0, 0.0, 0.0, 0.0, 0.0, 0.0, 0.0, 0.0, 0.0, 0.0, 0.0, 0.0, 0.0, 0.0, 0.0, 0.0, 0.0, 0.0, 0.0, 0.0, 0.0, 0.0, 0.0, 0.0, 0.0, 0.0, 0.0, 0.0, 0.0, 0.0, 0.0, 0.0, 0.0, 0.0, 0.0, 0.0, 0.0, 0.0, 0.0, 0.0, 0.0, 0.0, 0.0, 0.0, 0.0, 0.0, 0.0, 0.0, 0.0, 0.0, 0.0, 0.0, 0.0, 0.0, 0.0, 0.0, 0.0, 0.0, 0.0, 0.0, 0.0, 0.0, 0.0, 0.0, 0.0, 0.0, 0.0, 0.0, 0.0, 0.0, 0.0, 0.0, 0.0, 0.0, 0.0, 0.0, 0.0, 0.0, 0.0, 0.0, 0.0, 0.0, 0.0, 0.0, 0.0, 0.0, 0.0, 0.0, 0.0, 0.0, 0.0, 0.0, 0.0, 0.0, 0.0, 0.0], "rewards": [-20.62403048676558, -69.52383519392794, -40.35604587961744, 31.386191862918736, 25.46560927390448, 22.196899750707196, 29.55170298283263, 14.720945159297978, -5.866309460887799, 9.417114199918903, -18.86114740395186, 4.54046192055946, -5.1807520853444995, 11.139022240622923, 13.849083967686695, 2.535449452797647, 1.2272885918940357, -9.155922849346496, -10.57719658072826, -6.617266374498779, -3.312646848652018, -12.491240783523738, 9.553052625298456, -19.447504178000866, 2.0318469310662275, -10.485409191473424, 18.261368081799397, -7.370518248978493, 27.207933568425247, 2.6935624781071565, 2.9979979268639534, 2.916521824452192, -4.051294547921131, 11.224588188545095, -14.631110012381697, -9.445034641418895, -12.36876696275894, -1.0874981681567428, -17.044225597730154, 2.1149081050628658, -8.951530345148555, -4.2531022789351836, -13.15826458490998, 16.997341313915797, -12.120310838402123, 1.504826334232185, 3.5899752538258496, -11.375812946603515, 9.720880038519871, -9.214249533207996, 3.9389684811469667, -21.704739220532744, 3.2907029239373564, -24.162722496037443, 8.599828188067486, -23.548749473893295, 16.98206335084382, -10.093591089810056, 24.383389760572612, -2.976969862482156, 5.489847911177857, 6.849337061865701, 0.17461386820852245, -9.153768681548225, -9.59818435918869, 10.656977709695777, 5.574043397665824, 13.628000742789949, -12.878824908628461, 7.960872865483071, -10.30891101737348, -5.947642497796645, 3.463404280811954, -35.4981225448875, 15.451475493166246, -24.32935219177185, 11.861429567325924, -10.01174889825505, 27.074827870032344, -2.09346876557995, 28.979821716479545, 2.283832597358167, 22.989552052758956, -7.816052799090259, -9.792804483340154, -23.57108972323718, -6.127224631133848, -18.085153358822005, 3.9550940485206714, -0.6989402601973164, -1.3636134652421017, 5.653702441345014, -9.728914892725703, -2.3825882283464055, -7.832872336867963, -11.221226084364933, -6.768366264015959, -17.38151581654451, -4.069890204052985, -12.171772287123893, 11.010338248572765, -2.8483689432037607, 13.205763484035831, -6.459100735275211, 11.180438312181368, 0.8099751337529175, 8.744770130581902, -8.625243189085612, 2.0700936670292496, -2.6805944193444686, 13.224185656651029, 5.3255143961145, 3.4551694237823254, -0.35630883568113997, 2.6395336294769143, -22.79200499608689, -5.786603747144515, -13.912363134968997, -14.494218590037821, 12.17874547420058, -1.3804182140239742, 13.738008225950288, 0.3338483497196208, -1.2947895986344693, 3.8329370075250306, 5.853789268468718, 5.874989231746663, 6.642145253297674, 1.677075771626459, 4.59795913762487, -12.720912731810703, -0.31863372152404756, -20.199661929070686, 7.54896720599585, 2.4757612423725277, -4.406933482762838, 8.881718024012093, 18.554195544193597, -14.729505171473013, 10.362133343820433, -4.461558154395761, -6.4292908472813375, 4.673553160107102, -4.736396234208081, 1.2082967233434518, 3.1207092114309405, 2.339666525700852, -4.303760167621196, -6.712980172966607, -0.5245551102293422, -8.936645934662579, -10.995850788823716, 7.9589069482515375, -18.912648268369054, -1.6333497063355282, -6.1039107016965115, -4.670363972670197, 16.216418966471952, 11.192503010741403, -9.945828145505242, -7.828705084339091, -14.229976692117955, -14.657244224836077, -5.709014010583117, 5.669044955435908, -14.452744965397478, 8.813965916788689, -11.82869152122926, 7.124060157371178, -12.166077912890621, 24.54310400329441, -20.97753941397701, -12.681547375472247, 9.766496714032176, -11.610158758351291, -15.336620789439506, 21.258407761678153, 6.522196158195399, 2.599339624516386, 6.620581845427713, 2.025252536148976, 3.239665056689881, 8.77757134240687, -17.13315406492033, 7.6067989744283455, -11.632832592641696, 12.890606642606473, 1.6509336300267852, 11.39590912868326, 9.713464963834413, -3.0821305163246326, 7.635362308210153, -9.500029829422749, -8.58910851793072, 3.646128936757227, -12.787499778405849, -17.02630784728254, -4.2647844512631075, -11.434752200301746, 0.3837023594605504]}, "Latent AR LinUCB s=5": {"actions": [0.0, 0.0, 0.0, 0.0, 0.0, 0.0, 0.0, 0.0, 0.0, 0.0, 1.0, 1.0, 1.0, 0.0, 1.0, 0.0, 0.0, 0.0, 1.0, 1.0, 1.0, 1.0, 0.0, 1.0, 0.0, 1.0, 0.0, 1.0, 0.0, 1.0, 0.0, 0.0, 1.0, 1.0, 1.0, 0.0, 1.0, 1.0, 1.0, 0.0, 1.0, 0.0, 1.0, 0.0, 1.0, 0.0, 1.0, 1.0, 0.0, 1.0, 0.0, 1.0, 0.0, 1.0, 0.0, 1.0, 0.0, 1.0, 0.0, 1.0, 0.0, 1.0, 1.0, 1.0, 0.0, 1.0, 1.0, 0.0, 0.0, 0.0, 1.0, 0.0, 1.0, 1.0, 0.0, 1.0, 0.0, 1.0, 0.0, 1.0, 0.0, 1.0, 0.0, 1.0, 0.0, 1.0, 1.0, 1.0, 0.0, 1.0, 0.0, 0.0, 0.0, 0.0, 1.0, 0.0, 1.0, 1.0, 0.0, 1.0, 0.0, 1.0, 0.0, 0.0, 0.0, 1.0, 0.0, 1.0, 0.0, 1.0, 1.0, 1.0, 0.0, 0.0, 0.0, 1.0, 0.0, 1.0, 1.0, 1.0, 1.0, 0.0, 0.0, 0.0, 1.0, 1.0, 1.0, 0.0, 0.0, 0.0, 1.0, 0.0, 1.0, 0.0, 1.0, 0.0, 0.0, 1.0, 1.0, 0.0, 1.0, 1.0, 1.0, 1.0, 0.0, 1.0, 1.0, 0.0, 0.0, 1.0, 1.0, 0.0, 0.0, 1.0, 0.0, 1.0, 1.0, 0.0, 1.0, 0.0, 0.0, 1.0, 1.0, 1.0, 1.0, 1.0, 0.0, 1.0, 0.0, 1.0, 0.0, 1.0, 0.0, 1.0, 1.0, 0.0, 0.0, 1.0, 0.0, 0.0, 0.0, 1.0, 1.0, 1.0, 0.0, 1.0, 0.0, 1.0, 0.0, 1.0, 0.0, 0.0, 1.0, 0.0, 1.0, 1.0, 0.0, 0.0, 1.0, 1.0],