{"Stationary": {"actions": [1.0, 1.0, 0.0, 0.0, 0.0, 0.0, 0.0, 0.0, 0.0, 0.0, 0.0, 0.0, 0.0, 0.0, 0.0, 0.0, 0.0, 0.0, 0.0, 0.0, 0.0, 0.0, 0.0, 0.0, 0.0, 0.0, 0.0, 0.0, 0.0, 0.0, 0.0, 0.0, 0.0, 0.0, 0.0, 0.0, 0.0, 0.0, 0.0, 0.0, 0.0, 0.0, 0.0, 0.0, 0.0, 0.0, 0.0, 0.0, 0.0, 0.0, 0.0, 0.0, 0.0, 0.0, 0.0, 0.0, 0.0, 0.0, 0.0, 0.0, 0.0, 0.0, 0.0, 0.0, 0.0, 0.0, 0.0, 0.0, 0.0, 0.0, 0.0, 0.0, 0.0, 0.0, 0.0, 0.0, 0.0, 0.0, 0.0, 0.0, 0.0, 0.0, 0.0, 0.0, 0.0, 0.0, 0.0, 0.0, 0.0, 0.0, 0.0, 0.0, 0.0, 0.0, 0.0, 0.0, 0.0, 0.0, 0.0, 0.0, 0.0, 0.0, 0.0, 0.0, 0.0, 0.0, 0.0, 0.0, 0.0, 0.0, 0.0, 0.0, 0.0, 0.0, 0.0, 0.0, 0.0, 0.0, 0.0, 0.0, 0.0, 0.0, 0.0, 0.0, 0.0, 0.0, 0.0, 0.0, 0.0, 0.0, 0.0, 0.0, 0.0, 0.0, 0.0, 0.0, 0.0, 0.0, 0.0, 0.0, 0.0, 0.0, 0.0, 0.0, 0.0, 0.0, 0.0, 0.0, 0.0, 0.0, 0.0, 0.0, 0.0, 0.0, 0.0, 0.0, 0.0, 0.0, 0.0, 0.0, 0.0, 0.0, 0.0, 0.0, 0.0, 0.0, 0.0, 0.0, 0.0, 0.0, 0.0, 0.0, 0.0, 0.0, 0.0, 0.0, 0.0, 0.0, 0.0, 0.0, 0.0, 0.0, 0.0, 0.0, 0.0, 0.0, 0.0, 0.0, 0.0, 0.0, 0.0, 0.0, 0.0, 0.0, 0.0, 0.0, 0.0, 0.0, 0.0, 0.0], "rewards": [-146.73803480968758, 18.49445809815816, 25.994662974860294, 236.70074702767798, -45.54227568476758, 78.17502916120827, -24.430443493044272, -7.970652253219643, -41.54021307395289, 4.066453750379331, -39.1807008731428, 20.785137961862738, -16.328613677413355, 8.271142493717177, -5.229566433643734, 11.38234362751602, -18.138515278798973, 12.013984996776061, -13.6140392109357, 14.92230682406707, -25.107660934370337, 14.349345315917285, -7.933374801113417, 3.0274628182616183, 14.621391034969376, -10.005319343027388, -1.9881399161903481, 5.224331663397017, -25.12281481206914, 5.623530205549957, -4.749333438022421, 9.45009008566416, -2.6337670115530774, 13.368283201149012, -8.266143053444189, -6.8949137178589375, 8.885146991010426, -11.88702703514438, 12.163836093211486, -20.07658272601435, 5.075262728641234, -18.37194070816681, 20.221949118951493, 5.862731087390682, -2.45912725086413, 8.705683528921027, 3.424543028588461, -7.284852204090077, -10.590950316742994, -21.799012115116174, -8.804192223852628, -14.658199901181685, -1.104260853774618, 17.775954329597713, -10.534355823855572, 8.631155314749746, 15.560788890213347, 8.06450635524296, -1.1335414319019712, 10.332831283046358, -7.443871257086069, 11.818070687617741, -16.684610441901004, -2.2442292346448385, -3.1118587075904105, -1.9313466104375232, 9.358488248264488, 19.17001509383822, 4.181036349289001, 8.418760353556461, -7.513016166853783, 18.754733897766858, -7.43747731954528, 26.96785488055427, -12.211357703309032, -9.361962704349832, -2.9979428695321992, -10.615955488085557, -13.175753949139505, 7.09682842095479, -2.41379246061951, 3.5509272198777593, -2.828722946514496, 13.067990772941078, -9.808107273481495, 6.363907971262664, 3.653439559891292, -9.940467122575162, -4.967336952935926, 2.107040489168399, 5.0121067056710675, 11.792589987372168, 12.656716219903233, 5.087793703821924, 9.471890010598669, -4.370367974494602, -1.125525217717014, 2.2469375373201688, -1.397177622809548, -11.39363485232873, 9.690961694494964, -6.472703685950988, -1.9611732365706527, 1.7403512226366917, -8.083595570225443, 8.344205568851304, -11.921482501430663, -9.226561355180142, 9.079209849275836, -0.8711362214219179, -8.019579182440316, 5.6579344486319645, -4.574171875164068, -7.839907513923219, 25.17452139893912, -19.26227711658547, 15.175399302035755, -5.699881990111149, 12.918170377013583, -12.635050442561374, 4.7823877186486765, -12.629411332474122, 0.6925999800102756, -8.295070229866237, -5.357779048712286, -2.369563086248893, 5.742839003905764, -2.073439661117116, -0.24883800387023358, 14.167495445656183, 17.423670677056016, 15.448858926237877, 18.28089963339147, 9.853517149885358, 10.55908681638041, 1.2515864814341846, 8.308431158117768, -18.66782410900674, -10.2568024745496, -6.883881377625278, -19.235997975121442, 4.973803664983889, -3.5790483498339727, 0.9943838084339852, 1.5162762700030912, 7.938914403233642, 7.144176557979094, -1.8267404487893313, 10.749017134163273, -0.5857378870073124, -0.5521671022986862, -16.787481266982166, 2.4402631387024725, 4.947770101460458, -2.9515032585742174, 0.1196120264366249, 2.598580397104665, -3.0517050132475485, 11.016768488535472, 2.02696153324508, 5.187838581435281, -10.240329044368297, 4.67401126402733, -4.252296350968762, 14.996668340181017, 7.880789709491008, 10.372670447473547, 4.769521984503148, -6.976074419532562, 9.604852912508134, -28.60879012226745, -11.366071319892368, -4.552323363924777, -8.379411247829827, 21.564480175843656, -6.812042176782079, 5.314886369433036, -7.4341277497792175, 4.795443673392301, -2.6819427779522536, 8.92479807316785, 14.288747720129793, -9.060942049749475, 13.043467614009579, -5.472452347030222, -12.956518674067762, 13.88316964550047, -3.2101525109997846, 12.07370316847711, -2.8334354364245264, 9.469401218028864, -7.9140010874579305, -7.020575388008301, 3.0945274021414217, -17.572243041232777, 3.5839780028255017, -9.804855324862244, -8.385412927688346, -14.710506325060408, -0.08368134773168709]}, "Latent AR LinUCB s=5": {"actions": [1.0, 1.0, 0.0, 0.0, 0.0, 0.0, 1.0, 1.0, 1.0, 0.0, 1.0, 0.0, 1.0, 0.0, 1.0, 0.0, 1.0, 0.0, 1.0, 0.0, 1.0, 0.0, 1.0, 0.0, 1.0, 0.0, 0.0, 1.0, 1.0, 0.0, 1.0, 0.0, 1.0, 0.0, 1.0, 0.0, 1.0, 1.0, 0.0, 1.0, 0.0, 1.0, 0.0, 1.0, 0.0, 0.0, 1.0, 1.0, 0.0, 1.0, 1.0, 1.0, 1.0, 1.0, 0.0, 0.0, 1.0, 1.0, 0.0, 0.0, 1.0, 0.0, 1.0, 0.0, 1.0, 1.0, 1.0, 0.0, 0.0, 0.0, 0.0, 0.0, 1.0, 0.0, 1.0, 0.0, 1.0, 1.0, 1.0, 0.0, 1.0, 0.0, 0.0, 0.0, 1.0, 0.0, 1.0, 1.0, 0.0, 1.0, 1.0, 1.0, 0.0, 0.0, 0.0, 1.0, 0.0, 1.0, 1.0, 1.0, 0.0, 1.0, 0.0, 0.0, 1.0, 0.0, 1.0, 0.0, 1.0, 1.0, 0.0, 0.0, 1.0, 0.0, 0.0, 1.0, 0.0, 1.0, 0.0, 1.0, 0.0, 1.0, 0.0, 1.0, 0.0, 1.0, 0.0, 1.0, 0.0, 0.0, 1.0, 0.0, 0.0, 0.0, 0.0, 1.0, 1.0, 1.0, 0.0, 1.0, 1.0, 0.0, 1.0, 0.0, 0.0, 0.0, 1.0, 0.0, 0.0, 1.0, 0.0, 0.0, 0.0, 1.0, 1.0, 0.0, 0.0, 1.0, 1.0, 1.0, 0.0, 0.0, 0.0, 1.0, 1.0, 1.0, 0.0, 0.0, 0.0, 1.0, 1.0, 0.0, 1.0, 1.0, 0.0, 0.0, 0.0, 1.0, 0.0, 1.0, 0.0, 1.0, 0.0, 0.0, 1.0, 0.0, 0.0, 1.0, 0.0, 1.0, 0.0, 1.0, 0.0, 1.0, 1.0, 0.0, 1.0, 0.0, 1.0, 0.0],