{"Stationary": {"actions": [0.0, 1.0, 0.0, 0.0, 1.0, 0.0, 0.0, 0.0, 0.0, 0.0, 0.0, 0.0, 0.0, 0.0, 0.0, 0.0, 0.0, 0.0, 0.0, 0.0, 0.0, 0.0, 0.0, 0.0, 0.0, 0.0, 0.0, 0.0, 0.0, 0.0, 0.0, 0.0, 0.0, 0.0, 0.0, 0.0, 0.0, 0.0, 0.0, 0.0, 0.0, 0.0, 0.0, 0.0, 0.0, 0.0, 0.0, 0.0, 0.0, 0.0, 0.0, 0.0, 0.0, 0.0, 0.0, 0.0, 0.0, 0.0, 0.0, 0.0, 0.0, 0.0, 0.0, 0.0, 0.0, 0.0, 0.0, 0.0, 0.0, 0.0, 0.0, 0.0, 0.0, 0.0, 0.0, 0.0, 0.0, 0.0, 0.0, 0.0, 0.0, 0.0, 0.0, 0.0, 0.0, 0.0, 0.0, 0.0, 0.0, 0.0, 0.0, 0.0, 0.0, 0.0, 0.0, 0.0, 0.0, 0.0, 0.0, 0.0, 0.0, 0.0, 0.0, 0.0, 0.0, 0.0, 0.0, 0.0, 0.0, 0.0, 0.0, 0.0, 0.0, 0.0, 0.0, 0.0, 0.0, 0.0, 0.0, 0.0, 0.0, 0.0, 0.0, 0.0, 0.0, 0.0, 0.0, 0.0, 0.0, 0.0, 0.0, 0.0, 0.0, 0.0, 0.0, 0.0, 0.0, 0.0, 0.0, 0.0, 0.0, 0.0, 0.0, 0.0, 0.0, 0.0, 0.0, 0.0, 0.0, 0.0, 0.0, 0.0, 0.0, 0.0, 0.0, 0.0, 0.0, 0.0, 0.0, 0.0, 0.0, 0.0, 0.0, 0.0, 0.0, 0.0, 0.0, 0.0, 0.0, 0.0, 0.0, 0.0, 0.0, 0.0, 0.0, 0.0, 0.0, 0.0, 0.0, 0.0, 0.0, 0.0, 0.0, 0.0, 0.0, 0.0, 0.0, 0.0, 0.0, 0.0, 0.0, 0.0, 0.0, 0.0, 0.0, 0.0, 0.0, 0.0, 0.0, 0.0], "rewards": [-173.79373533164855, -180.19566501147634, 69.22448700214063, -15.568607300758353, 124.3236175123303, 37.82882627316481, -99.87750565286555, 20.80947054659917, -15.437967542301083, 26.457110513079726, -1.2351341090956598, 18.225136920401123, -0.7024004847886566, 7.154379487717297, -2.91435193225542, 10.683793762880551, -21.72668358162593, 20.44637019271394, -22.78613499081526, 9.625916848242412, -3.378289522756755, 9.263213233389191, -19.160448233589307, 15.583462483514886, -0.4234617403525507, 16.54702315321426, 7.246908165710452, 16.541243114371028, -7.373688633916797, 20.04385939031869, -14.007307615356634, 15.710397614693537, -4.8044038219508725, 8.197861478257803, 13.796054281684341, -7.146150060180768, 5.627122702472369, -17.59538317613684, 4.132808879386125, 4.921285701387715, 2.8982461037047034, 2.7452680799125413, 8.470457495402618, 1.2967203941220329, 0.4762633131789142, -11.339072945442274, -5.895034500621659, -13.752817358285432, 2.26564641699977, 2.454076172941752, 0.7574605523929996, 2.06210800133582, -3.9214986459574996, -6.6514137667004665, 14.835535000825347, 16.7538837334714, 5.90668832649398, 1.9680356949217672, 8.165222564809156, -4.298920629189501, 6.644755650382127, -13.04314795520706, -4.2522281234329125, -16.378393929588878, -6.718050195511563, -10.071359170688954, -4.461085314502298, 4.772811512561132, 6.474384272161064, 15.619064056237754, -13.063847756516354, -6.002997836396842, -4.306791171819245, 6.056923815042769, -20.637336172937168, 18.388037742141446, -5.3090780488126414, -0.5868612843720589, 6.266214100400484, -16.37101766452485, -13.169122265970014, -15.3659820990665, 4.261232486324561, 0.711322648498129, 20.01496802520431, 19.236771305658824, -9.24117895238581, 4.054175644806742, -33.788790638095854, -7.852916195836338, -5.2610439876901625, -11.934020353944966, -1.1370350981234636, -14.598858294432054, 4.945184224658208, 7.818273004309721, 2.282710858961523, -19.594484008201167, 1.4848325825134798, -28.446124774930666, 8.401591461552357, -6.471040221916439, 4.718293533596745, 15.935264184157571, 9.501400306368502, -6.904252365312061, 17.23287933612744, -34.25743696720871, 10.351268278719674, -17.228120991965277, 7.828778161281243, 7.199273194873775, 1.477752512631449, 17.1774011187714, 0.6871092413871687, 7.373971257868515, -25.48056667957023, -5.123785518799378, 1.437283492883633, -6.837276067023327, -18.862895215130415, 15.911587933401144, -20.7882788012821, 16.68434233838029, -3.3705550806530407, 12.047494318538092, 1.5294063487045026, 8.709324716915967, -7.256406801435744, -5.006830091974945, -3.747832851575421, 2.1107776039253046, -4.3858358334619325, -9.941423356909334, 6.5693425435184665, -16.621372376570406, -6.547174165899878, 9.529492879131041, -19.355615560058016, -3.0439272051382558, 4.702492184748882, 1.1640447447825188, 23.37200315084143, 7.911265399877463, -5.768857245891887, -3.9803007025844583, -22.981995412590933, -9.778231012664257, -5.024461971567031, -1.0954502288050287, 0.43026884300514057, 12.052021654308996, 6.495572207710428, 5.977578723489769, 10.954207769379465, -22.618343368288944, 3.480392302927402, -21.38578389338459, 8.594932361091953, -9.883500113133449, 22.785704952536687, -13.739227937388389, 13.554524978080229, 7.186469108506724, 0.8827744901948359, 7.992735254945501, 0.7844655090924137, 4.208604222846752, -19.624871554270634, -1.6741492404651797, 3.4882979274673214, 2.3271070205737514, 10.122009418984963, -1.2473054539480335, 0.7137022069494552, 0.4395633947003469, -4.632654806755198, -3.7305083081534987, 4.705220700887368, -18.41807819785085, 9.889062643285278, -1.4291096670418302, 3.6894705359448614, -3.4925827891748455, 16.151796458797385, -3.7947715265354405, -0.30820614228596, -2.511526267209534, 11.482903345820743, 3.791567744042818, 8.069517904098483, -9.253756087806817, -1.066360352337134, -11.163771574160945, 12.96438172412045, -14.666216846551615, 5.443362304086826, -27.092312305338577, 14.541183372486245, -13.864577209331294]}, "Latent AR LinUCB s=5": {"actions": [0.0, 1.0, 0.0, 0.0, 1.0, 0.0, 1.0, 0.0, 1.0, 0.0, 1.0, 0.0, 1.0, 0.0, 1.0, 0.0, 1.0, 0.0, 1.0, 0.0, 1.0, 0.0, 1.0, 0.0, 1.0, 0.0, 1.0, 0.0, 1.0, 0.0, 1.0, 0.0, 1.0, 0.0, 1.0, 0.0, 0.0, 1.0, 0.0, 1.0, 0.0, 0.0, 0.0, 1.0, 0.0, 0.0, 0.0, 1.0, 1.0, 1.0, 0.0, 0.0, 0.0, 0.0, 0.0, 1.0, 0.0, 0.0, 0.0, 1.0, 0.0, 1.0, 0.0, 1.0, 1.0, 1.0, 0.0, 1.0, 0.0, 0.0, 0.0, 0.0, 1.0, 1.0, 1.0, 0.0, 1.0, 0.0, 0.0, 1.0, 0.0, 1.0, 1.0, 1.0, 0.0, 0.0, 0.0, 0.0, 1.0, 0.0, 1.0, 1.0, 0.0, 0.0, 0.0, 1.0, 0.0, 0.0, 0.0, 1.0, 0.0, 1.0, 0.0, 1.0, 0.0, 0.0, 0.0, 1.0, 0.0, 1.0, 0.0, 1.0, 0.0, 0.0, 0.0, 0.0, 1.0, 0.0, 1.0, 1.0, 0.0, 0.0, 1.0, 0.0, 1.0, 0.0, 1.0, 0.0, 1.0, 0.0, 1.0, 1.0, 1.0, 0.0, 0.0, 1.0, 0.0, 1.0, 1.0, 0.0, 1.0, 1.0, 0.0, 1.0, 0.0, 0.0, 1.0, 1.0, 1.0, 1.0, 0.0, 0.0, 0.0, 0.0, 0.0, 1.0, 0.0, 1.0, 0.0, 1.0, 0.0, 1.0, 0.0, 1.0, 0.0, 0.0, 0.0, 1.0, 1.0, 0.0, 1.0, 1.0, 0.0, 0.0, 0.0, 1.0, 1.0, 1.0, 1.0, 1.0, 0.0, 1.0, 0.0, 0.0, 0.0, 1.0, 0.0, 0.0, 1.0, 1.0, 0.0, 0.0, 0.0, 1.0, 1.0, 1.0, 0.0, 1.0, 0.0, 1.0],