{"Stationary": {"actions": [0.0, 1.0, 0.0, 1.0, 0.0, 0.0, 0.0, 0.0, 0.0, 0.0, 0.0, 0.0, 0.0, 0.0, 0.0, 0.0, 0.0, 0.0, 0.0, 0.0, 0.0, 0.0, 0.0, 0.0, 0.0, 0.0, 0.0, 0.0, 0.0, 0.0, 0.0, 0.0, 0.0, 0.0, 0.0, 0.0, 0.0, 0.0, 0.0, 0.0, 0.0, 0.0, 0.0, 0.0, 0.0, 0.0, 0.0, 0.0, 0.0, 0.0, 0.0, 0.0, 0.0, 0.0, 0.0, 0.0, 0.0, 0.0, 0.0, 0.0, 0.0, 0.0, 0.0, 0.0, 0.0, 0.0, 0.0, 0.0, 0.0, 0.0, 0.0, 0.0, 0.0, 0.0, 0.0, 0.0, 0.0, 0.0, 0.0, 0.0, 0.0, 0.0, 0.0, 0.0, 0.0, 0.0, 0.0, 0.0, 0.0, 0.0, 0.0, 0.0, 0.0, 0.0, 0.0, 0.0, 0.0, 0.0, 0.0, 0.0, 0.0, 0.0, 0.0, 0.0, 0.0, 0.0, 0.0, 0.0, 0.0, 0.0, 0.0, 0.0, 0.0, 0.0, 0.0, 0.0, 0.0, 0.0, 0.0, 0.0, 0.0, 0.0, 0.0, 0.0, 0.0, 0.0, 0.0, 0.0, 0.0, 0.0, 0.0, 0.0, 0.0, 0.0, 0.0, 0.0, 0.0, 0.0, 0.0, 0.0, 0.0, 0.0, 0.0, 0.0, 0.0, 0.0, 0.0, 0.0, 0.0, 0.0, 0.0, 0.0, 0.0, 0.0, 0.0, 0.0, 0.0, 0.0, 0.0, 0.0, 0.0, 0.0, 0.0, 0.0, 0.0, 0.0, 0.0, 0.0, 0.0, 0.0, 0.0, 0.0, 0.0, 0.0, 0.0, 0.0, 0.0, 0.0, 0.0, 0.0, 0.0, 0.0, 0.0, 0.0, 0.0, 0.0, 0.0, 0.0, 0.0, 0.0, 0.0, 0.0, 0.0, 0.0, 0.0, 0.0, 0.0, 0.0, 0.0, 0.0], "rewards": [-113.40424143403494, 96.97621899369452, 217.75903727116406, -69.32163297929733, 44.24229560699199, 81.92921108860807, 12.942449674140715, -11.044300854396084, 2.521944399623293, -23.62384964990935, -13.17255983396236, -5.295651820085951, 1.9235154250571347, 16.936074249839397, 10.290727730856927, 0.19298829867002398, -5.001812131874775, -26.808187842478485, 0.41603423639290593, -27.126912748174213, -5.127828825924581, -2.9038836320519184, 4.031173472171126, -15.390120851863056, 10.37271041416, -16.79714390606735, 3.07080416802912, 6.0839716032065985, 16.38258494956916, 3.0107820308806503, 18.515810685068967, -12.407820626944304, -3.4434695715200556, -15.99433113885574, 1.6706801941713136, -6.481890462303009, 10.316100823289405, 6.288526001362728, 1.5564673890938532, 10.662833334799155, 10.3115400781105, -15.862047615823522, 8.046621357836816, -15.778282351973022, -17.00308042250136, -6.261278874325425, 0.7894373392287263, -15.153768941159859, 19.625271240219508, -7.839141407105807, 24.068963378767737, 4.597329415708166, -2.259419557550531, -0.6243639042683525, 7.817242306377005, -17.49641299862718, 18.68357089585441, -17.002316631563446, -1.7887436515977049, -7.910319999061424, 6.112811634948622, -9.725490652304538, 0.5608490180178775, -1.6900080895189276, -8.663737149424993, -7.456517125006976, 1.4573445172538828, -0.4580640897129312, -3.5270170478077927, 0.04256357347755224, 9.70968592231121, -4.307724691887751, -1.0456574345613205, -15.123171520510212, -3.669690689364698, 17.96171638622147, 2.396839424786548, 14.35155636977771, -10.285145398433057, 10.317515693976924, -13.676125598196684, 3.500454844297217, -7.339539028681285, 0.4572508975060965, -5.835570604660175, 4.957365075979475, -10.680835427146176, 5.4660724684579725, -0.915878388865326, -4.011885545756267, 4.950528225948102, -14.232595453544215, 1.569925509082957, 0.7798859031674495, 20.109208492333128, 8.336507061299507, 4.195705566512233, 21.848062917323006, -23.727321850635786, 0.2607872223903661, -11.628141327193237, -1.060711414750442, -14.791446963757188, 33.861471894264795, -5.393421631873168, 17.355066657215808, -2.7430224084745616, 4.988242545693781, -26.309171850401405, 1.7648335208035681, -4.057408878114556, -7.214972737509004, -9.98086495879084, 14.504293329450432, 0.7008737714822675, -5.373679059242717, 6.58473819411852, 11.895921891492698, -2.4573443508817516, -12.850295739300169, 3.342739869207523, -17.778416144108892, 3.665921608247273, -4.652800376234063, 6.95633477545187, 6.077310747693009, 7.758470413689529, 14.752153513044089, 6.405732980457504, 6.338573858917876, 19.189125810613394, -5.777618173876301, -3.122003213445366, 5.779508167194929, -22.884988759793313, -5.924056766635752, 7.292637299378398, 14.115980064700313, -11.21842093128924, 19.903372281558465, -4.7613405037533845, 4.206948844102755, 5.7195791316039495, 9.18456737247034, 11.892031603408233, -19.277873890687495, -0.04585949594429084, -8.139242338061779, 5.652901975311188, 7.352564275549065, -22.337035375432905, 13.007999444820683, -10.079415559547591, -0.2881195569234719, 10.049332097962747, 2.8794284842625375, 3.510552004527491, -4.077799988702382, -1.7858123550559648, -1.787677029996799, -8.63866999837762, -2.6113141856079993, 14.437200386615164, -13.288019216914597, 6.253378275006343, -7.747943650202402, 1.9311903167043911, 4.885195826500099, -17.39433739504804, 13.593005975772037, 4.427179588382117, -1.1630268155267645, 6.846318904346415, -10.47631986404004, -3.3698984585160505, -19.64225640973794, 5.053297866735969, -7.968383886556656, 18.148552967038103, -19.53202760537391, 19.5835950789841, -9.627006255499436, 14.819029089844609, -5.684894539563774, 13.405177721079925, -15.461966320959103, -1.7389982453596038, 11.122850524487017, 3.227355612354893, 10.299150071523474, 15.578491052597984, -6.794610350860877, 10.168529585284123, -16.26282146627461, -6.783233360413299, -6.952996334438896, -10.275592556078252, -15.527330520302884, 7.914633634364404, 6.870926524429509]}, "Latent AR LinUCB s=5": {"actions": [0.0, 1.0, 0.0, 1.0, 0.0, 0.0, 0.0, 1.0, 1.0, 1.0, 1.0, 1.0, 1.0, 1.0, 0.0, 0.0, 0.0, 1.0, 1.0, 1.0, 0.0, 1.0, 0.0, 0.0, 0.0, 1.0, 0.0, 1.0, 0.0, 0.0, 0.0, 1.0, 0.0, 1.0, 1.0, 1.0, 0.0, 1.0, 0.0, 0.0, 1.0, 1.0, 0.0, 1.0, 0.0, 1.0, 1.0, 1.0, 0.0, 1.0, 0.0, 1.0, 0.0, 0.0, 1.0, 1.0, 0.0, 1.0, 0.0, 1.0, 1.0, 1.0, 0.0, 1.0, 0.0, 0.0, 1.0, 1.0, 0.0, 0.0, 1.0, 1.0, 0.0, 0.0, 0.0, 1.0, 1.0, 0.0, 0.0, 0.0, 1.0, 0.0, 1.0, 0.0, 1.0, 0.0, 1.0, 0.0, 1.0, 0.0, 0.0, 1.0, 0.0, 1.0, 1.0, 1.0, 0.0, 0.0, 1.0, 0.0, 1.0, 1.0, 1.0, 0.0, 1.0, 0.0, 1.0, 0.0, 1.0, 0.0, 1.0, 1.0, 0.0, 0.0, 1.0, 0.0, 0.0, 1.0, 1.0, 0.0, 0.0, 1.0, 0.0, 1.0, 0.0, 1.0, 0.0, 0.0, 0.0, 0.0, 0.0, 1.0, 0.0, 1.0, 1.0, 0.0, 1.0, 1.0, 1.0, 0.0, 1.0, 0.0, 1.0, 0.0, 1.0, 0.0, 0.0, 1.0, 1.0, 1.0, 0.0, 0.0, 1.0, 0.0, 1.0, 0.0, 0.0, 0.0, 0.0, 1.0, 1.0, 0.0, 1.0, 1.0, 0.0, 1.0, 0.0, 1.0, 0.0, 0.0, 1.0, 0.0, 0.0, 0.0, 0.0, 1.0, 0.0, 1.0, 0.0, 1.0, 0.0, 1.0, 0.0, 1.0, 0.0, 1.0, 0.0, 1.0, 1.0, 0.0, 0.0, 0.0, 0.0, 1.0, 0.0, 1.0, 1.0, 1.0, 0.0, 1.0],