{"k": 1, "sigma_z": 1, "mean reward 1": [-30.825700918254874, -25.139913812202877, -24.66893148136521, -48.17082463579883, -52.086788610341216, -37.52705431045799, -31.178389216878884, -20.04128433442846, -22.98767521522948, -20.436465834962515, -33.86155107066641, -44.413522687159286, -36.64584887488354, -16.278265783679217, -7.919149559650686, -23.669862114178038, -24.32202831176681, -10.779964883656394, 3.0821275146434903, 6.316942163105503, 1.4407596739144446, 7.08712537609652, -2.0349904970378327, -3.3003184628332582, -5.675854862101934, -18.51085009165358, 0.9751570429663614, -8.200475473503976, -7.426044631859109, -22.583489007945477, -19.266514441990847, -24.478623558054366, -10.000442828028643, -7.3610593118048415, -8.894021883426383, -4.863520900833579, 2.1444727691880425, 13.777487357866198, 24.564746508845303, 24.321191631326194, 39.31791221895995, 29.49064251596893, 26.01939669335675, 27.727985307846545, 18.349272653698968, 14.418917350744971, -1.4091863417836215, -6.94261157977127, -16.550232750123314, -11.176912069641972, -0.4193893452469333, 3.9102098578564553, 10.820052588980191, 24.883822443303004, 19.133046501189497, 0.3484944942509349, -5.977902070287832, 19.085820819961107, -0.87912011086138, -11.027069902955551, -11.935069419189032, -13.12723448209084, -25.603261939618854, -41.16735575640338, -19.448572735518002, -7.722423919735824, -20.627121750781203, -23.744039054004617, -18.144550933755102, 13.606243917911032, 9.454158383639065, 18.33033419387657, 19.75859813704357, 16.90699353981745, 10.49855469363151, 7.84632608053728, -1.8649859635686294, -1.9357970490663452, -4.670640012230836, 10.011508446316945, 10.409711857607586, 17.902484467019836, 28.260523706380706, 26.750877402110508, 37.15938323113919, 27.624209518095242, 19.620747352763054, 23.004394430422067, 25.504898305962783, 18.733552375452568, 21.991762975094463, 11.824218419526854, -3.0755855730154247, 4.181880380682908, 20.551988749702158, 27.289228292572375, 33.5321567671896, 42.033244428918515, 13.559555190040138, 20.118703591237875, 8.283290262214825, 12.93512533334674, 24.587207573537366, 6.152737090165088, 4.555770564819356, 19.365706833141548, 26.67573404842747, 17.572197787031545, 24.446800076986538, 19.520558609504302, 4.728999148906943, -1.6985006432845395, -4.22365635535897, -8.617004626972088, -8.219758619489252, -9.180626763874477, -1.6393144245825697, -2.0943920944565866, 10.377289354807411, 21.110159139238938, 26.94294266803629, 11.302354183833181, 9.727250762665156, 24.183624096681434, 9.551997800335563, -3.8437306437620586, -3.1853313822148612, -8.201142918996599, -5.306928847385684, 26.24401918821825, 16.358285122102867, 2.6546204663728745, 4.142861310303067, -0.2775401883010953, -12.890535921619728, -8.383465788830454, -13.312902572575474, -17.761442684770515, -39.325705456808286, -40.291120287146725, -39.02156840230664, -28.337565958544015, -1.9198670329100809, -5.092852128124438, -0.5199565835166714, 8.922853737420386, 16.231007991464335, 21.626149101207616, 20.353930501954814, 25.923636986346015, 22.901456561461245, 28.122341385247612, 23.368262718429072, 41.62855259638615, 33.37092587536898, 43.76624838851466, 28.63915339693321, 35.13466217118713, 30.31853924702959, 20.541064224353413, 4.980279321756258, -4.278501436322645, -15.724119908667058, -17.51351080424769, -11.880240022398779, -20.75590035716577, -30.633097560759865, -30.03193332350362, -0.8593160909303466, -21.338673325109696, -13.580289248098385, -9.400201613954952, -1.3563053480381793, -11.402328632986356, -13.740112513620701, 3.817192922510142, -5.0867026285601575, 1.1833028018923342, -25.970677026726, -25.197504861999327, -23.335229940083217, -28.454253963162884, -37.614855786392965, -33.4121326176397, -24.405793043613926, -24.642562895977782, -29.237910257299053, -30.57094375812958, -42.411152362196916, -47.08968872307983, -46.29718538395024, -42.72164818113117, -41.8051509391521, -36.46699377016887, -22.743754314097906, -26.96996872629994, -28.5718947416459, -34.61243223951223, -11.911737358926214, -24.59369289052587],