{"Stationary": {"actions": [0.0, 1.0, 1.0, 1.0, 1.0, 1.0, 1.0, 1.0, 1.0, 1.0, 1.0, 1.0, 1.0, 1.0, 1.0, 1.0, 1.0, 1.0, 1.0, 1.0, 1.0, 1.0, 1.0, 1.0, 1.0, 1.0, 1.0, 1.0, 1.0, 1.0, 1.0, 1.0, 1.0, 1.0, 1.0, 1.0, 1.0, 1.0, 1.0, 1.0, 1.0, 1.0, 1.0, 1.0, 1.0, 1.0, 1.0, 1.0, 1.0, 1.0, 1.0, 1.0, 1.0, 1.0, 1.0, 1.0, 1.0, 1.0, 1.0, 1.0, 1.0, 1.0, 1.0, 1.0, 1.0, 1.0, 1.0, 1.0, 1.0, 1.0, 1.0, 1.0, 1.0, 1.0, 1.0, 1.0, 1.0, 1.0, 1.0, 1.0, 1.0, 1.0, 1.0, 1.0, 1.0, 1.0, 1.0, 1.0, 1.0, 1.0, 1.0, 1.0, 1.0, 1.0, 1.0, 1.0, 1.0, 1.0, 1.0, 1.0, 1.0, 1.0, 1.0, 1.0, 1.0, 1.0, 1.0, 1.0, 1.0, 1.0, 1.0, 1.0, 1.0, 1.0, 1.0, 1.0, 1.0, 1.0, 1.0, 1.0, 1.0, 1.0, 1.0, 1.0, 1.0, 1.0, 1.0, 1.0, 1.0, 1.0, 1.0, 1.0, 1.0, 1.0, 1.0, 1.0, 1.0, 1.0, 1.0, 1.0, 1.0, 1.0, 1.0, 1.0, 1.0, 1.0, 1.0, 1.0, 1.0, 1.0, 1.0, 1.0, 1.0, 1.0, 1.0, 1.0, 1.0, 1.0, 1.0, 1.0, 1.0, 1.0, 1.0, 1.0, 1.0, 1.0, 1.0, 1.0, 1.0, 1.0, 1.0, 1.0, 1.0, 1.0, 1.0, 1.0, 1.0, 1.0, 1.0, 1.0, 1.0, 1.0, 1.0, 1.0, 1.0, 1.0, 1.0, 1.0, 1.0, 1.0, 1.0, 1.0, 1.0, 1.0, 1.0, 1.0, 1.0, 1.0, 1.0, 1.0], "rewards": [42.02297125410217, -30.258581927110768, -42.79601717627982, -29.19058875729321, -29.987003495933422, -30.241849165969114, -19.75872794015818, -19.52435514013186, -33.38411240902328, -17.841708603103775, -24.064605271667077, -19.670930192496268, -6.969992366979847, -10.272947600912886, -25.290812822472017, -20.087658201887, -11.59566672087567, 0.6440519836756522, -10.088870488535447, -2.935326859628377, -1.261470241919818, 4.841836295494396, 2.9447677813935496, 2.5674242196896966, 5.600157354891313, -0.26902494952306055, -0.473789303746086, 6.283163134444218, 25.819552997941948, 12.48160808282701, 21.52206576275611, 26.72431502292012, 27.98649877003737, 30.721164452619828, 21.905865398915836, 18.629448131263747, 7.492402574263565, 3.269610188010022, -2.949820661217403, 20.515536050397174, 24.862310725447443, 15.76853554811106, 14.331439030579528, 16.95575534792689, 5.198810982454342, -3.5239439976483298, 1.4253638235893455, 6.825193755908645, -1.6445579925650422, -13.00830681404521, 10.091275618171256, -9.591479567447628, -9.225955120045514, -15.228215646007609, -21.91988383264542, -10.178725447352646, -15.897269840720087, -6.116751227867932, -4.6184941712809175, -20.3685192993772, -23.259876344078613, -21.952921562017902, -23.86689924400342, -15.367660134701836, -8.374837897237557, 7.348203888138562, 0.718566555177524, -4.440797946589659, 0.20253274822609102, -0.29480158572042126, 1.0146978395791966, 4.620074383829102, 16.69030237562328, 20.207187371054573, 9.518023091714943, -4.567591293703082, -18.463962055751953, -3.4188047502338508, 7.7826684850112, 13.419256884989457, 18.648454590226407, 16.6795548265365, 1.8735342853540096, -5.668364552525699, 6.458506936723377, -0.005178153564557975, -15.10467949954807, -17.174203876791793, -17.481119385196582, -19.82224533600673, 0.749541790334916, -10.80357138066448, -14.937757009243384, -14.187227086037149, -3.1781391888995825, 4.376546998889092, -9.949867142171488, -19.303035088657747, -3.1967699253521173, -3.477222290069272, 2.1503899702700853, 4.4802814413727186, -7.3609773761112285, -8.908355919539908, -15.964847650454791, -6.5249879919794616, -9.137948730606931, -11.948234539620781, -19.944824064915753, -14.296407005368144, -18.68786653198018, -15.283044652498816, -33.25821919981257, -28.743610754430957, -25.587065540722794, -7.016141443963698, -2.377152297629596, 12.985846073110606, 21.85142313566998, 39.41073575697016, 37.875340920132956, 40.56524074421247, 47.68889680806449, 53.800462423519946, 40.11527292937102, 38.75444712065632, 52.6845955091608, 53.14318638904913, 53.57769642041335, 49.596517079668104, 48.38953392160698, 41.28289975238311, 41.351389930207645, 20.46656622007546, 45.19503926845712, 23.230432585000912, 27.465067365478788, 27.979318855065333, 29.963701864296677, 32.1375129247635, 19.511199008007953, 4.691273332358486, 8.385285164587735, 12.795478572551913, 24.105094102082, 25.92262794273588, 26.79644859982547, 15.514583933327328, 29.48683402468302, 25.325536311033428, 14.629724478183425, -0.2450858625807516, 12.459161729465926, 0.5944596338030765, 1.9363696652736615, -14.49743810286259, -22.404013307189043, -18.78725548451235, -18.086084092516863, -29.140740380635286, -26.022050923562496, -22.417161800678688, -37.23520409848094, -45.802620551402526, -36.37077132673301, -19.56428049977057, -13.888432174097543, -15.970024220950183, -9.119651758729773, -10.83136962046307, -9.19420754250282, -0.16692746585280727, 13.684041167043222, -9.445055711221542, -6.241073865393522, -12.980826714078857, -23.610194751621165, -28.731014200456002, -20.17396072206042, -27.634394863990913, -32.36908757751941, -30.05847715767612, -51.987255121474085, -48.94598997647751, -32.28146524886226, -17.792837806213214, -4.813572308441516, -18.40486990660853, -16.51427020246461, -13.509462845285961, -19.079541015996817, -17.558628762530468, -38.566763234466165, -35.616573202086826, -41.89437111825306, -39.01228104788066, -28.477312105571556, -27.08369929178305, -30.91915067115654, -23.59157401587388]}, "Latent AR LinUCB s=1": {"actions": [0.0, 0.0, 0.0, 0.0, 0.0, 0.0, 0.0, 0.0, 0.0, 0.0, 0.0, 0.0, 0.0, 0.0, 0.0, 0.0, 0.0, 0.0, 1.0, 0.0, 0.0, 1.0, 1.0, 1.0, 1.0, 1.0, 0.0, 1.0, 1.0, 1.0, 1.0, 1.0, 1.0, 1.0, 1.0, 1.0, 1.0, 1.0, 1.0, 0.0, 1.0, 1.0, 1.0, 1.0, 1.0, 1.0, 0.0, 1.0, 1.0, 0.0, 0.0, 1.0, 0.0, 0.0, 0.0, 0.0, 0.0, 0.0, 0.0, 0.0, 0.0, 0.0, 0.0, 0.0, 0.0, 0.0, 1.0, 1.0, 0.0, 0.0, 1.0, 1.0, 1.0, 1.0, 1.0, 1.0, 0.0, 0.0, 0.0, 1.0, 1.0, 1.0, 1.0, 1.0, 0.0, 1.0, 1.0, 0.0, 0.0, 0.0, 0.0, 1.0, 0.0, 0.0, 0.0, 0.0, 1.0, 0.0, 0.0, 0.0, 0.0, 1.0, 1.0, 0.0, 0.0, 0.0, 0.0, 0.0, 0.0, 0.0, 0.0, 0.0, 0.0, 0.0, 0.0, 0.0, 0.0, 0.0, 1.0, 1.0, 1.0, 1.0, 1.0, 1.0, 1.0, 1.0, 1.0, 1.0, 1.0, 1.0, 1.0, 1.0, 1.0, 1.0, 1.0, 1.0, 1.0, 1.0, 1.0, 1.0, 1.0, 1.0, 1.0, 1.0, 1.0, 1.0, 1.0, 1.0, 1.0, 1.0, 1.0, 1.0, 0.0, 1.0, 1.0, 1.0, 0.0, 0.0, 0.0, 0.0, 0.0, 0.0, 0.0, 0.0, 0.0, 0.0, 0.0, 0.0, 0.0, 0.0, 0.0, 0.0, 0.0, 1.0, 0.0, 0.0, 0.0, 0.0, 0.0, 0.0, 0.0, 0.0, 0.0, 0.0, 0.0, 0.0, 0.0, 0.0, 0.0, 0.0, 0.0, 0.0, 0.0, 0.0, 0.0, 0.0, 0.0, 0.0, 0.0, 0.0],