{"Stationary": {"actions": [1.0, 1.0, 1.0, 1.0, 1.0, 1.0, 1.0, 1.0, 1.0, 1.0, 1.0, 1.0, 1.0, 1.0, 1.0, 1.0, 1.0, 1.0, 1.0, 1.0, 1.0, 1.0, 1.0, 1.0, 1.0, 1.0, 1.0, 1.0, 1.0, 1.0, 1.0, 1.0, 1.0, 1.0, 1.0, 1.0, 1.0, 1.0, 1.0, 1.0, 1.0, 1.0, 1.0, 1.0, 1.0, 1.0, 1.0, 1.0, 1.0, 1.0, 1.0, 1.0, 1.0, 1.0, 1.0, 1.0, 1.0, 1.0, 1.0, 1.0, 1.0, 1.0, 1.0, 1.0, 1.0, 1.0, 1.0, 1.0, 1.0, 1.0, 1.0, 1.0, 1.0, 1.0, 1.0, 1.0, 1.0, 1.0, 1.0, 1.0, 1.0, 1.0, 1.0, 1.0, 1.0, 1.0, 1.0, 1.0, 1.0, 1.0, 1.0, 1.0, 1.0, 1.0, 1.0, 1.0, 1.0, 1.0, 1.0, 1.0, 1.0, 1.0, 1.0, 1.0, 1.0, 1.0, 1.0, 1.0, 1.0, 1.0, 1.0, 1.0, 1.0, 1.0, 1.0, 1.0, 1.0, 1.0, 1.0, 1.0, 1.0, 1.0, 1.0, 1.0, 1.0, 1.0, 1.0, 1.0, 1.0, 1.0, 1.0, 1.0, 1.0, 1.0, 1.0, 1.0, 1.0, 1.0, 1.0, 1.0, 1.0, 1.0, 1.0, 1.0, 1.0, 1.0, 1.0, 1.0, 1.0, 1.0, 1.0, 1.0, 1.0, 1.0, 1.0, 1.0, 1.0, 1.0, 1.0, 1.0, 1.0, 1.0, 1.0, 1.0, 1.0, 1.0, 1.0, 1.0, 1.0, 1.0, 1.0, 1.0, 1.0, 1.0, 1.0, 1.0, 1.0, 1.0, 1.0, 1.0, 1.0, 1.0, 1.0, 1.0, 1.0, 1.0, 1.0, 1.0, 1.0, 1.0, 1.0, 1.0, 1.0, 1.0, 1.0, 1.0, 1.0, 1.0, 1.0, 1.0], "rewards": [-191.86955184295107, -170.28584354107636, -148.73736940327976, -132.60093109090369, -106.6359505889146, -109.24064720310689, -111.02470905054975, -88.0485979763535, -84.2024103651657, -55.507620172917676, -39.674601148910604, -50.61241033992929, -45.41451686594284, -41.44622819288221, -41.25405082923178, -34.63669278358671, -21.70014076280695, -36.33616166211998, -35.601070283809875, -27.668231233366527, -45.064482860069965, -28.948623284486654, -30.610914814821676, -39.411503573779356, -27.145296868890306, -19.58837518114909, -5.925031622664979, -19.682863028803606, -6.892216746721429, -20.872093301480838, -21.007318704581568, -22.929934472085925, -25.809735651730062, -26.28345792279949, -33.46144146439815, -21.606087015628958, -9.219711114781571, 0.3040133004164708, -3.2999112338811285, 17.337498493685068, 13.996106483816341, 11.384736969072494, 0.2969552828294807, -4.04563751083306, 13.210454433041166, 1.9649961356253987, 11.621388888614023, 28.08269596691988, 19.379990005482668, 18.498866084801186, 20.66539524555341, 8.6648993049116, -16.136108769736765, 2.669254013468681, 13.234355053468802, 3.1063086692663937, -5.523530249363148, -10.963866245809356, 10.429567208636481, 4.2976798787935895, -7.720501504861486, -9.906016606515564, -10.18510787340999, -14.708693132910598, -31.767827335309025, -42.200924824242804, -36.972432599733786, -33.160859551319675, -39.84929452390593, -25.201273691825026, -22.115392228724353, -20.970326408463908, -13.275521987355475, -13.573992372889814, 5.209335778446908, 6.343586389233785, 12.379242758796888, 16.891012425657696, 25.263545648756626, 22.47769311524431, 44.91765393938609, 56.36387911998271, 56.83788291772117, 46.25469272322318, 27.046007522027605, -11.143111215154578, 1.3136674509490551, -14.097800728779067, -13.36615532740358, -11.075751803155294, -2.0288476008319587, -2.981171699795677, -13.53009706848705, -10.98007971874876, -12.92458360608363, -26.15809763401431, -24.17636304320878, -10.413554043320707, 6.700165243299253, -1.1863480995299829, 9.239940795337743, 8.522080783347551, 4.712432406090231, -3.7509788444235244, 9.569644799209328, 5.215523490037626, -8.63513744600684, 3.070152310906205, -9.423187398348356, -9.310054984005221, -8.453652802921306, 14.347045029584788, 14.455299278672584, 17.338015231337433, 34.53225922126906, 37.16829938500416, 28.230564283374697, 13.675136742142467, 22.655672895039526, 31.38161169645559, 13.41908174862288, 8.14293864638995, 18.877385024238194, 27.09237869580432, 17.179764841509197, 23.834005774303936, 9.43654469896396, 33.46569117849519, 24.181581317654224, 29.97822777113931, 21.747302497228365, 6.3876113923528175, 16.973942971872756, 19.81757782155729, 3.8376953791759467, 22.00986303254705, 31.40282272703438, 31.80620881098679, 15.637116974756948, 10.659456804501716, -1.5253483844253453, -23.62187631482932, -21.323948605352108, -12.592438742066896, -14.719481535943741, -8.837277992643326, 9.440414611246979, 9.58520991667271, 6.639744940821704, 3.079169696310319, 0.9105494260333569, 5.4082971851931925, 8.252578128572374, 4.20259324456656, 1.6624942512472711, -17.09800985686054, -7.568969893263796, -14.767838032242471, 4.50769184919864, 18.854727727225775, 18.119206100844142, 22.70464119986827, 15.42912015200779, 4.520533893942862, 3.9299369139515505, 10.932507296270158, 24.05464486421558, 30.401308514669118, 48.323720199814524, 42.15659419443652, 37.17665143292064, 54.00295349436951, 42.77333745192013, 31.993842534315878, 37.12924683674151, 41.14302836557862, 38.28544672317074, 34.53148376530287, 44.85103205020419, 33.757224039228156, 39.0527009173025, 39.368907699622305, 26.72617428127156, 15.918336644878934, 32.43195482758751, 16.04672501654833, 30.983072199062875, 23.709090469181366, 34.62277634218002, 46.50308691481821, 27.271438691704, 15.075903470164471, 29.81813097655397, 30.358111396575023, 15.862618722186316, 0.4561978039859227, -1.6001190934040417, 1.7560645022613495, 15.183055250407744, 11.68382764112252]}, "Latent AR LinUCB s=1": {"actions": [1.0, 0.0, 0.0, 0.0, 0.0, 0.0, 0.0, 0.0, 0.0, 0.0, 0.0, 0.0, 0.0, 0.0, 0.0, 0.0, 0.0, 0.0, 0.0, 0.0, 0.0, 0.0, 0.0, 0.0, 0.0, 0.0, 0.0, 0.0, 0.0, 0.0, 0.0, 0.0, 0.0, 0.0, 0.0, 0.0, 0.0, 0.0, 1.0, 0.0, 1.0, 1.0, 1.0, 1.0, 0.0, 1.0, 1.0, 1.0, 1.0, 1.0, 1.0, 1.0, 1.0, 0.0, 1.0, 1.0, 1.0, 0.0, 0.0, 1.0, 1.0, 0.0, 0.0, 0.0, 0.0, 0.0, 0.0, 0.0, 0.0, 0.0, 0.0, 0.0, 0.0, 0.0, 0.0, 1.0, 1.0, 1.0, 1.0, 1.0, 1.0, 1.0, 1.0, 1.0, 1.0, 1.0, 0.0, 1.0, 0.0, 0.0, 0.0, 1.0, 0.0, 0.0, 0.0, 0.0, 0.0, 0.0, 0.0, 1.0, 0.0, 1.0, 1.0, 1.0, 0.0, 1.0, 1.0, 0.0, 1.0, 0.0, 0.0, 0.0, 1.0, 1.0, 1.0, 1.0, 1.0, 1.0, 1.0, 1.0, 1.0, 1.0, 1.0, 1.0, 1.0, 1.0, 1.0, 1.0, 1.0, 1.0, 1.0, 1.0, 1.0, 1.0, 1.0, 1.0, 1.0, 1.0, 1.0, 1.0, 1.0, 0.0, 0.0, 0.0, 0.0, 0.0, 0.0, 1.0, 1.0, 1.0, 1.0, 1.0, 1.0, 1.0, 1.0, 1.0, 0.0, 0.0, 0.0, 1.0, 1.0, 1.0, 1.0, 1.0, 1.0, 1.0, 1.0, 1.0, 1.0, 1.0, 1.0, 1.0, 1.0, 1.0, 1.0, 1.0, 1.0, 1.0, 1.0, 1.0, 1.0, 1.0, 1.0, 1.0, 1.0, 1.0, 1.0, 1.0, 1.0, 1.0, 1.0, 1.0, 1.0, 1.0, 1.0, 1.0, 1.0, 0.0, 1.0, 1.0],