{"Stationary": {"actions": [0.0, 1.0, 1.0, 1.0, 1.0, 1.0, 1.0, 1.0, 1.0, 1.0, 1.0, 1.0, 1.0, 1.0, 1.0, 1.0, 1.0, 1.0, 1.0, 1.0, 1.0, 1.0, 1.0, 1.0, 1.0, 1.0, 1.0, 1.0, 1.0, 1.0, 1.0, 1.0, 1.0, 1.0, 1.0, 1.0, 1.0, 1.0, 1.0, 1.0, 1.0, 1.0, 1.0, 1.0, 1.0, 1.0, 1.0, 1.0, 1.0, 1.0, 1.0, 1.0, 1.0, 1.0, 1.0, 1.0, 1.0, 1.0, 1.0, 1.0, 1.0, 1.0, 1.0, 1.0, 1.0, 1.0, 1.0, 1.0, 1.0, 1.0, 1.0, 1.0, 1.0, 1.0, 1.0, 1.0, 1.0, 1.0, 1.0, 1.0, 1.0, 1.0, 1.0, 1.0, 1.0, 1.0, 1.0, 1.0, 1.0, 1.0, 1.0, 1.0, 1.0, 1.0, 1.0, 1.0, 1.0, 1.0, 1.0, 1.0, 1.0, 1.0, 1.0, 1.0, 1.0, 1.0, 1.0, 1.0, 1.0, 1.0, 1.0, 1.0, 1.0, 1.0, 1.0, 1.0, 1.0, 1.0, 1.0, 1.0, 1.0, 1.0, 1.0, 1.0, 1.0, 1.0, 1.0, 1.0, 1.0, 1.0, 1.0, 1.0, 1.0, 1.0, 1.0, 1.0, 1.0, 1.0, 1.0, 1.0, 1.0, 1.0, 1.0, 1.0, 1.0, 1.0, 1.0, 1.0, 1.0, 1.0, 1.0, 1.0, 1.0, 1.0, 1.0, 1.0, 1.0, 1.0, 1.0, 1.0, 1.0, 1.0, 1.0, 1.0, 1.0, 1.0, 1.0, 1.0, 1.0, 1.0, 1.0, 1.0, 1.0, 1.0, 1.0, 1.0, 1.0, 1.0, 1.0, 1.0, 1.0, 1.0, 1.0, 1.0, 1.0, 1.0, 1.0, 1.0, 1.0, 1.0, 1.0, 1.0, 1.0, 1.0, 1.0, 1.0, 1.0, 1.0, 1.0, 1.0], "rewards": [50.71084926083531, -40.506783816750435, -24.11490579660655, -24.130705749981676, -24.443223073445168, -31.564237398552752, -30.052605479650374, -31.877091121887798, -29.16342245665137, -33.984251639438625, -29.9262271944162, -29.5270881481012, -9.000775669412095, 5.696778301819576, -5.454922269027183, -2.5819192199021668, -12.997491234873635, -20.629717463077597, -21.319232581574468, -18.281703053899772, -3.587548991949607, -6.480828072364776, 7.655512045808715, 33.00656888213006, 46.34730201799927, 40.6471145801571, 44.31296937636351, 35.46395951330536, 27.640670787150537, 19.257638302964317, 23.970462867918272, 23.34312549810369, 22.655773423808373, 31.94351942833491, 22.4858350096578, 29.907109159258724, 32.66824441201148, 41.002446711505506, 44.969794714297876, 42.97441080696072, 37.05173486918047, 44.80641542675007, 44.815466991175946, 28.36628071950989, 28.845513143401064, 32.62466131387446, 30.869977893019392, 37.924288781439465, 24.25836224231407, 7.874324831677689, 14.576798508306318, 4.539815981406261, 7.578366882918267, -2.028734443772753, -12.489493628342577, -15.431500119112712, -21.728725834316638, -26.91092599368011, -9.715471723941473, -8.185880489171746, -19.407750416436098, -12.274702529935608, -7.620356016126383, -7.766527641848711, -0.1208608723704363, 19.102122577426186, 27.35251393256169, 18.64604558375951, 10.291857449474058, 9.94136955154507, 3.5136046144692417, 9.276872211774037, 7.001980865655621, 15.969754301992133, 3.675585813291261, 15.183872728061509, -10.934735613308208, -1.8480610826398842, 7.734748051352622, 8.614309146040199, 3.104352001586541, 6.622706811102089, 10.772912250773368, 12.598912199054999, -0.06890827394876461, 1.818445119772142, -0.8061756807906936, 7.863770124806477, 19.443146393153288, 4.566814387093963, -1.3349894422678015, -5.49287917071588, -14.785061123780752, -4.084804676392906, -20.644566178352544, -18.616764496577197, -32.235136149533815, -25.008681110088578, -12.359040558528028, -24.878564194422584, -19.21711277891706, -31.51944616589675, -27.51487369644001, -25.262581588551328, -18.09267625498153, -10.633770042912984, 3.038457879907551, -2.490998082860026, -20.973912514407083, -35.033924297074655, -17.45679612923859, -24.32917997816948, -26.765220266596206, -33.54915422483182, -25.44680279935222, -27.343715300555086, -22.552167921265116, -22.63450607821758, -0.16320495187140716, 13.096872265789388, 13.415827960337692, -6.0814663448569215, -10.24211855187939, -12.194146680527187, -24.315333106462216, -18.279618049618115, -36.0380777563886, -21.481131140404095, -29.259165352659075, -28.18673813218291, -17.619921682937466, -13.855156792663601, -18.5022449823522, -23.338761375908767, -23.307594661625295, -27.313257909997812, -11.006529800997917, -17.116139436792363, -6.6794462459244075, -7.065563548619639, 8.554439744513358, 17.259498420985345, 24.277219464378614, 25.30450678721928, 28.14854929883438, 27.6343316198501, 30.93143463672964, 21.220772600513005, 16.817440165043287, 26.538467502888963, 39.50073955423628, 49.35390450840518, 26.23688751636125, 38.26522937621017, 31.03084474078137, 45.688932499703014, 55.701582849618404, 55.00528096429363, 33.967792184476714, 41.88346318758025, 25.03283320802256, 31.844695828253467, 3.092479110834129, 3.639191560744141, 0.41165715339128767, 10.684456499719241, 10.856846888870457, -21.538169739099185, 0.6939226441965922, 3.7505240937786213, 20.725321990623016, 22.868918415913996, 19.69487925133022, 16.072233467349314, 11.374747115456962, -1.11841097644722, -15.735209838775837, -18.038118195981568, -4.134435396947101, 16.512519535878404, 3.944442297827199, -9.043686114096285, -9.489524785927161, -28.137074024582166, -17.852029305658498, -10.338538030997524, -1.2444243867704579, -25.160170257735558, -29.778085575697474, -30.841069309860785, -24.173614311245725, -21.71042945754576, -31.663631357220783, -36.099991996683976, -40.943355031105554, -43.03428936092026, -45.365070618007636, -53.00596752619284, -52.8706041865137, -60.566953108720945]}, "Latent AR LinUCB s=1": {"actions": [0.0, 0.0, 0.0, 0.0, 0.0, 0.0, 0.0, 0.0, 0.0, 0.0, 0.0, 0.0, 0.0, 0.0, 1.0, 0.0, 0.0, 0.0, 0.0, 0.0, 0.0, 0.0, 0.0, 1.0, 1.0, 1.0, 1.0, 1.0, 1.0, 1.0, 1.0, 1.0, 1.0, 1.0, 1.0, 1.0, 1.0, 1.0, 1.0, 1.0, 1.0, 1.0, 1.0, 1.0, 1.0, 1.0, 1.0, 1.0, 1.0, 1.0, 1.0, 1.0, 1.0, 1.0, 0.0, 0.0, 0.0, 0.0, 0.0, 0.0, 0.0, 0.0, 0.0, 0.0, 0.0, 1.0, 1.0, 1.0, 1.0, 1.0, 1.0, 1.0, 1.0, 1.0, 1.0, 1.0, 1.0, 0.0, 1.0, 1.0, 1.0, 1.0, 1.0, 1.0, 1.0, 1.0, 1.0, 0.0, 1.0, 1.0, 1.0, 0.0, 0.0, 0.0, 0.0, 0.0, 0.0, 0.0, 0.0, 0.0, 0.0, 0.0, 0.0, 0.0, 0.0, 0.0, 0.0, 1.0, 0.0, 0.0, 0.0, 0.0, 0.0, 0.0, 0.0, 0.0, 0.0, 0.0, 0.0, 1.0, 1.0, 1.0, 0.0, 0.0, 0.0, 0.0, 0.0, 0.0, 0.0, 0.0, 0.0, 0.0, 0.0, 0.0, 0.0, 0.0, 0.0, 0.0, 0.0, 0.0, 0.0, 1.0, 1.0, 1.0, 1.0, 1.0, 1.0, 1.0, 1.0, 1.0, 1.0, 1.0, 1.0, 1.0, 1.0, 1.0, 1.0, 1.0, 1.0, 1.0, 1.0, 1.0, 1.0, 1.0, 1.0, 1.0, 1.0, 1.0, 0.0, 1.0, 1.0, 1.0, 1.0, 1.0, 1.0, 1.0, 0.0, 0.0, 0.0, 0.0, 1.0, 1.0, 0.0, 0.0, 0.0, 0.0, 0.0, 1.0, 0.0, 0.0, 0.0, 0.0, 0.0, 0.0, 0.0, 0.0, 0.0, 0.0, 0.0, 0.0],