{"Stationary": {"actions": [1.0, 1.0, 1.0, 1.0, 1.0, 1.0, 1.0, 1.0, 1.0, 1.0, 1.0, 1.0, 1.0, 1.0, 1.0, 1.0, 1.0, 1.0, 1.0, 1.0, 1.0, 1.0, 1.0, 1.0, 1.0, 1.0, 1.0, 1.0, 1.0, 1.0, 1.0, 1.0, 1.0, 1.0, 1.0, 1.0, 1.0, 1.0, 1.0, 1.0, 1.0, 1.0, 1.0, 1.0, 1.0, 1.0, 1.0, 1.0, 1.0, 1.0, 1.0, 1.0, 1.0, 1.0, 1.0, 1.0, 1.0, 1.0, 1.0, 1.0, 1.0, 1.0, 1.0, 1.0, 1.0, 1.0, 1.0, 1.0, 1.0, 1.0, 1.0, 1.0, 1.0, 1.0, 1.0, 1.0, 1.0, 1.0, 1.0, 1.0, 1.0, 1.0, 1.0, 1.0, 1.0, 1.0, 1.0, 1.0, 1.0, 1.0, 1.0, 1.0, 1.0, 1.0, 1.0, 1.0, 1.0, 1.0, 1.0, 1.0, 1.0, 1.0, 1.0, 1.0, 1.0, 1.0, 1.0, 1.0, 1.0, 1.0, 1.0, 1.0, 1.0, 1.0, 1.0, 1.0, 1.0, 1.0, 1.0, 1.0, 1.0, 1.0, 1.0, 1.0, 1.0, 1.0, 1.0, 1.0, 1.0, 1.0, 1.0, 1.0, 1.0, 1.0, 1.0, 1.0, 1.0, 1.0, 1.0, 1.0, 1.0, 1.0, 1.0, 1.0, 1.0, 1.0, 1.0, 1.0, 1.0, 1.0, 1.0, 1.0, 1.0, 1.0, 1.0, 1.0, 1.0, 1.0, 1.0, 1.0, 1.0, 1.0, 1.0, 1.0, 1.0, 1.0, 1.0, 1.0, 1.0, 1.0, 1.0, 1.0, 1.0, 1.0, 1.0, 1.0, 1.0, 1.0, 1.0, 1.0, 1.0, 1.0, 1.0, 1.0, 1.0, 1.0, 1.0, 1.0, 1.0, 1.0, 1.0, 1.0, 1.0, 1.0, 1.0, 1.0, 1.0, 1.0, 1.0, 1.0], "rewards": [-163.02409425415246, -136.28307677035224, -120.73708193521252, -111.2078069221686, -96.44948901135677, -71.5437083030544, -57.59053550311652, -52.59686783509788, -39.44137899959209, -26.834736072103695, -34.42639396730422, -30.53916848640705, -47.258296838979795, -39.735354814073126, -27.995223741558096, -17.245480171956125, -9.4334030392407, -0.7259960009502194, -0.973748215148863, 1.64817260182518, 15.735008105558068, 8.827798337624102, 8.888136668840703, 4.130571443211825, 6.704149755175584, -4.032722546684386, -2.403759772467167, -7.100106231945963, 1.9290004909139324, 5.8666344660379135, 4.827826245411099, -6.74356243378797, -12.149012757547544, 5.592196089120134, -2.070898952050395, 4.486640572364598, -1.457678705003014, -9.728376946838015, 2.8756369878028494, 9.486094639624767, 17.176855511321826, 22.314279293579165, 25.786913054786865, 29.219641796339275, 8.019727578604678, 21.647223511604356, 6.897190253264468, 0.040916601646445505, -7.293082647942229, -12.499948462040232, -20.22253931508985, -0.894800295895306, -22.533906868653343, -19.889266793440324, -39.030127558435986, -44.98609028687451, -34.30449244242044, -26.350974609770716, -20.93912675400319, -15.020669357483028, -26.206177261164306, -22.108190874826946, 7.666770853485028, 9.898257596417158, 15.931434678261589, 23.211267007309324, 20.504395306216978, 21.89399980278856, 14.232506378330019, 20.107321053971283, 26.187831075793, 35.4149600342193, 37.05231961842151, 39.31127128642796, 23.728635020496508, 18.663859342423955, 3.7164554966591687, -11.48572267916848, -9.709512747117031, 7.134622797683775, 0.8128206939181868, -7.466537521400149, -5.603115808809408, -1.8359093606868317, -6.125369681968518, -3.452732991997643, -1.7704378926085773, 1.8309340503566152, -12.837307828482144, -18.742328994659278, -5.874283834740268, -0.7135107172904716, -9.17677842050761, -15.886991249200015, -23.501267821538516, -27.246230879296153, -20.577784672165766, -14.252041951021418, -19.8520919622601, -22.656835980158053, -3.5329215811355668, 11.686868112751682, 6.712572048954262, -6.581800966889433, -19.26193871516443, -12.766242166137511, -0.1143911797612277, 1.9113899506612044, 14.41563104198049, 26.321644430739568, 19.81462511591093, 15.099873811748745, 27.970847632423514, 13.613253067632312, 20.211708446529524, 6.905117304218513, 7.958092073594733, 14.445873630779445, 35.057642359723275, 19.52918550796474, 26.817682332641542, 54.463737101516266, 55.67377327720657, 52.49542055448598, 44.85258775106143, 47.04104944319129, 27.925977946779305, 18.254367247509283, 8.67515254201016, 12.784201872561436, 7.48284637601296, 2.918570647611955, 21.476406956216746, 1.9384162521783377, -13.369174806047186, -10.538464605952448, -17.558899145111763, -19.25968701349721, -7.023362791069268, -22.778631634951534, -8.847986348674537, -17.747021607779953, -0.6982439538581797, -9.796367037217172, -18.51414661712628, -1.82945373489386, 5.053200202202897, 14.317155857373006, 13.054905699171977, 5.372621446914588, -0.07241278615474189, 8.434638931426777, -8.199516256153398, -20.358775020882668, -11.125983378536446, -12.220006974380391, -4.320560121325483, -8.519071456800855, -2.2024791905266543, -6.04359476856804, -8.98443069722764, -10.68322730882432, -5.471977548032199, -15.68359778291475, -1.966671495275086, -12.71985425828786, 5.247069532013957, 20.695797137769294, 6.002653021936737, 1.9735990054028587, -5.70433797286025, -10.887360128282024, -13.73113584667823, 9.445473365244554, 6.401505620465833, 2.9491790762312338, 16.50139878783416, 17.246254078319406, 23.679685566940726, 39.29793974043332, 43.871451672000084, 45.70462581625432, 55.80132583996987, 38.80625062719998, 41.88506060984575, 29.727894340753096, 34.06630824430897, 20.33268897970334, 28.7361962774965, 13.69466666437288, 21.696731643696346, 25.403294493293778, 23.548545499716422, 29.870784785221076, 24.687303961420213, 23.964870772153642, 39.81229752008001, 47.2832362300037, 56.60866769799599, 55.30351171436988]}, "Latent AR LinUCB s=1": {"actions": [1.0, 0.0, 0.0, 0.0, 0.0, 0.0, 0.0, 0.0, 0.0, 0.0, 0.0, 0.0, 0.0, 0.0, 0.0, 0.0, 0.0, 0.0, 0.0, 0.0, 1.0, 1.0, 1.0, 1.0, 1.0, 1.0, 0.0, 0.0, 0.0, 1.0, 1.0, 1.0, 0.0, 0.0, 1.0, 0.0, 1.0, 0.0, 0.0, 1.0, 1.0, 1.0, 1.0, 1.0, 1.0, 1.0, 1.0, 1.0, 1.0, 0.0, 0.0, 0.0, 1.0, 0.0, 0.0, 0.0, 0.0, 0.0, 0.0, 0.0, 0.0, 0.0, 0.0, 1.0, 1.0, 1.0, 1.0, 1.0, 1.0, 1.0, 1.0, 1.0, 1.0, 1.0, 1.0, 1.0, 1.0, 1.0, 0.0, 0.0, 1.0, 1.0, 0.0, 0.0, 0.0, 0.0, 0.0, 0.0, 1.0, 0.0, 0.0, 0.0, 0.0, 0.0, 0.0, 0.0, 0.0, 0.0, 0.0, 0.0, 0.0, 0.0, 1.0, 1.0, 0.0, 0.0, 0.0, 0.0, 1.0, 1.0, 1.0, 1.0, 1.0, 1.0, 1.0, 1.0, 1.0, 1.0, 1.0, 1.0, 1.0, 1.0, 1.0, 1.0, 1.0, 1.0, 1.0, 1.0, 1.0, 1.0, 1.0, 1.0, 1.0, 1.0, 1.0, 0.0, 0.0, 0.0, 0.0, 0.0, 0.0, 0.0, 0.0, 0.0, 0.0, 0.0, 0.0, 1.0, 1.0, 1.0, 1.0, 1.0, 1.0, 0.0, 0.0, 0.0, 0.0, 0.0, 0.0, 1.0, 0.0, 0.0, 0.0, 0.0, 0.0, 0.0, 0.0, 1.0, 1.0, 1.0, 1.0, 0.0, 0.0, 0.0, 1.0, 1.0, 1.0, 1.0, 1.0, 1.0, 1.0, 1.0, 1.0, 1.0, 1.0, 1.0, 1.0, 1.0, 1.0, 1.0, 1.0, 1.0, 1.0, 1.0, 1.0, 1.0, 1.0, 1.0, 1.0, 1.0],