{"Stationary": {"actions": [0.0, 1.0, 1.0, 1.0, 1.0, 1.0, 1.0, 1.0, 1.0, 1.0, 1.0, 1.0, 1.0, 1.0, 1.0, 1.0, 1.0, 1.0, 1.0, 1.0, 1.0, 1.0, 1.0, 1.0, 1.0, 1.0, 1.0, 1.0, 1.0, 1.0, 1.0, 1.0, 1.0, 1.0, 1.0, 1.0, 1.0, 1.0, 1.0, 1.0, 1.0, 1.0, 1.0, 1.0, 1.0, 1.0, 1.0, 1.0, 1.0, 1.0, 1.0, 1.0, 1.0, 1.0, 1.0, 1.0, 1.0, 1.0, 1.0, 1.0, 1.0, 1.0, 1.0, 1.0, 1.0, 1.0, 1.0, 1.0, 1.0, 1.0, 1.0, 1.0, 1.0, 1.0, 1.0, 1.0, 1.0, 1.0, 1.0, 1.0, 1.0, 1.0, 1.0, 1.0, 1.0, 1.0, 1.0, 1.0, 1.0, 1.0, 1.0, 1.0, 1.0, 1.0, 1.0, 1.0, 1.0, 1.0, 1.0, 1.0, 1.0, 1.0, 1.0, 1.0, 1.0, 1.0, 1.0, 1.0, 1.0, 1.0, 1.0, 1.0, 1.0, 1.0, 1.0, 1.0, 1.0, 1.0, 1.0, 1.0, 1.0, 1.0, 1.0, 1.0, 1.0, 1.0, 1.0, 1.0, 1.0, 1.0, 1.0, 1.0, 1.0, 1.0, 1.0, 1.0, 1.0, 1.0, 1.0, 1.0, 1.0, 1.0, 1.0, 1.0, 1.0, 1.0, 1.0, 1.0, 1.0, 1.0, 1.0, 1.0, 1.0, 1.0, 1.0, 1.0, 1.0, 1.0, 1.0, 1.0, 1.0, 1.0, 1.0, 1.0, 1.0, 1.0, 1.0, 1.0, 1.0, 1.0, 1.0, 1.0, 1.0, 1.0, 1.0, 1.0, 1.0, 1.0, 1.0, 1.0, 1.0, 1.0, 1.0, 1.0, 1.0, 1.0, 1.0, 1.0, 1.0, 1.0, 1.0, 1.0, 1.0, 1.0, 1.0, 1.0, 1.0, 1.0, 1.0, 1.0], "rewards": [60.97936030306625, -55.35209954794427, -25.633153642741206, -24.861563206903615, -13.229481899719012, -0.9342558894808617, 4.018894885791775, 15.41220550013524, 16.19614613748041, 20.022901902659537, 13.659545368148441, 3.475160173664432, 1.655694249897095, 0.33381429554276165, -3.3003979201160383, -14.971558515042638, -4.28199216719869, 0.38234478056301, -2.3049689969458464, 16.339927880343996, -8.716290425033353, -13.192058580156052, -36.72176314646548, -23.279868822124847, -8.162349724430372, -7.834849196420429, 14.435606804782601, 19.82542116787688, -2.000954788503567, -10.902459249196076, -14.248628443270034, -36.10876584021588, -55.8282090040412, -58.65055899738845, -54.125048577687984, -50.40863598211458, -42.766713417486656, -49.76215118420693, -49.4225773814592, -58.140154279670966, -73.24799955594935, -65.04528187182706, -44.00048792670237, -38.127914667813435, -23.797799157990607, -10.1024273841146, -41.505295548197466, -46.609478297017326, -18.89217046241229, -15.072191000472374, 0.26939763635649105, -24.884337047901536, -25.660407823134282, -29.950406086438427, -46.10507315160316, -28.804999091984214, -32.549111347668386, -34.68301719313102, -34.89831515085961, -36.916682816992406, -39.23178908667869, -13.39727233613066, -13.709317645278084, -19.783740721546234, -10.10894842225567, 9.976183768723285, -0.33185200951618743, -7.521645257474976, 8.115292644862306, 13.448699446190448, 14.065206067504928, 20.3643763003299, 32.67453876112719, 9.51629436345359, 0.7449438393643, 18.77749137426272, 18.74990338350655, 15.393840875847902, 14.904270909394628, 30.29351296503746, 19.58125362694351, 21.761829940705795, 21.91258687797594, 21.867230381241303, -5.7944862064099, -1.1274490431686883, 2.0374831498205284, 2.7150222839752756, -5.060189893133358, -8.827741106124181, -7.217286296318591, -31.309877073045712, -22.47557352483968, -21.363410351444212, -14.575749470204773, -21.67679944833325, -17.16952957941744, 8.007400372759694, -1.42753198791824, 23.830803300358564, 34.03181415299381, 32.362441711013965, 27.121394878608413, 13.686807329456313, 12.934903628361152, 8.677428185738986, -0.2226121345061084, -4.992182394740538, -11.418946969091241, 8.51519988608764, -10.809395406537984, -10.334198259887174, -6.476302670676979, -4.193279500153738, -4.4480180644387906, 7.624499123003288, 15.659152297474817, 12.70888732226708, 8.185569273753527, 2.800131561221385, 9.640725743595302, -0.9353763764159193, 18.65322183795644, 10.123144699717763, 9.75975449605658, -2.6158687765455, 3.392601859493111, 4.3789825165644825, 12.596627280532383, 23.14991042903447, 19.835655913813795, 21.042714653711307, 36.98309171386871, 31.21417972057991, 30.784322766933645, 17.96220089989864, 23.219578429367445, 20.747290940587778, 32.15108701881686, 36.32876075616539, 26.62841236459633, 21.17682081023618, 14.238792240043344, 15.957984911163557, 32.15738173292076, 22.467445667528192, 15.262304967297878, 18.65957106009005, 29.20518275328051, 22.717019528363675, 9.84259504037892, -13.240002516512925, -15.07082959327652, 0.7517136940442831, -0.8623226006959968, 3.6810611232496475, -13.643059030248608, -15.012021939936792, -6.596425848082123, -6.070557212452542, 2.2381954340307906, 1.1793319107094535, 15.53367700207721, 20.778391280084694, 19.293873345997717, 11.362743679380511, 25.180650193812397, 31.578369519541575, 39.41743063888483, 26.32402236252515, 17.915776095614472, 19.15545255185833, 22.896677628281097, 16.845314230159097, 29.483277156960806, 29.251628871230608, 23.892824672808622, 13.185247313279003, 9.053049969845445, 17.41047787839022, 3.9426261985865865, -2.3364384657479906, 12.698223487608317, 7.643815914130159, 9.278687837672758, 21.18429834770958, 26.31313564411258, 17.64105955571593, 17.661324203172704, 28.385606574841983, 17.10030331021063, 20.22014044067482, 4.370133263915374, 11.034353043644993, -14.878378758466285, -31.33586622631214, -19.781995501541513, -22.234819833662808, -14.466098258146145, -5.8593788930299375]}, "Latent AR LinUCB s=1": {"actions": [0.0, 0.0, 0.0, 0.0, 0.0, 0.0, 1.0, 1.0, 1.0, 1.0, 1.0, 1.0, 1.0, 1.0, 1.0, 0.0, 0.0, 0.0, 1.0, 0.0, 1.0, 0.0, 0.0, 0.0, 0.0, 0.0, 0.0, 1.0, 1.0, 0.0, 0.0, 0.0, 0.0, 0.0, 0.0, 0.0, 0.0, 0.0, 0.0, 0.0, 0.0, 0.0, 0.0, 0.0, 0.0, 0.0, 0.0, 0.0, 0.0, 0.0, 0.0, 0.0, 0.0, 0.0, 0.0, 0.0, 0.0, 0.0, 0.0, 0.0, 0.0, 0.0, 0.0, 0.0, 0.0, 0.0, 1.0, 0.0, 0.0, 1.0, 1.0, 1.0, 1.0, 1.0, 1.0, 1.0, 1.0, 1.0, 1.0, 1.0, 1.0, 1.0, 1.0, 1.0, 1.0, 0.0, 0.0, 1.0, 1.0, 0.0, 0.0, 0.0, 0.0, 0.0, 0.0, 0.0, 0.0, 0.0, 1.0, 0.0, 1.0, 1.0, 1.0, 1.0, 1.0, 1.0, 1.0, 0.0, 0.0, 0.0, 1.0, 0.0, 0.0, 0.0, 0.0, 0.0, 1.0, 1.0, 1.0, 1.0, 1.0, 1.0, 0.0, 1.0, 1.0, 1.0, 0.0, 1.0, 1.0, 1.0, 1.0, 1.0, 1.0, 1.0, 1.0, 1.0, 1.0, 1.0, 1.0, 1.0, 1.0, 1.0, 1.0, 1.0, 1.0, 1.0, 1.0, 1.0, 1.0, 1.0, 1.0, 1.0, 0.0, 0.0, 0.0, 1.0, 1.0, 0.0, 0.0, 0.0, 0.0, 1.0, 1.0, 1.0, 1.0, 1.0, 1.0, 1.0, 1.0, 1.0, 1.0, 1.0, 1.0, 1.0, 1.0, 1.0, 1.0, 1.0, 1.0, 1.0, 1.0, 1.0, 0.0, 1.0, 1.0, 1.0, 1.0, 1.0, 1.0, 1.0, 1.0, 1.0, 1.0, 1.0, 1.0, 0.0, 0.0, 0.0, 0.0, 0.0],