{"Stationary": {"actions": [1.0, 1.0, 1.0, 1.0, 1.0, 1.0, 1.0, 1.0, 1.0, 1.0, 1.0, 1.0, 1.0, 1.0, 1.0, 1.0, 1.0, 1.0, 1.0, 1.0, 1.0, 1.0, 1.0, 1.0, 1.0, 1.0, 1.0, 1.0, 1.0, 1.0, 1.0, 1.0, 1.0, 1.0, 1.0, 1.0, 1.0, 1.0, 1.0, 1.0, 1.0, 1.0, 1.0, 1.0, 1.0, 1.0, 1.0, 1.0, 1.0, 1.0, 1.0, 1.0, 1.0, 1.0, 1.0, 1.0, 1.0, 1.0, 1.0, 1.0, 1.0, 1.0, 1.0, 1.0, 1.0, 1.0, 1.0, 1.0, 1.0, 1.0, 1.0, 1.0, 1.0, 1.0, 1.0, 1.0, 1.0, 1.0, 1.0, 1.0, 1.0, 1.0, 1.0, 1.0, 1.0, 1.0, 1.0, 1.0, 1.0, 1.0, 1.0, 1.0, 1.0, 1.0, 1.0, 1.0, 1.0, 1.0, 1.0, 1.0, 1.0, 1.0, 1.0, 1.0, 1.0, 1.0, 1.0, 1.0, 1.0, 1.0, 1.0, 1.0, 1.0, 1.0, 1.0, 1.0, 1.0, 1.0, 1.0, 1.0, 1.0, 1.0, 1.0, 1.0, 1.0, 1.0, 1.0, 1.0, 1.0, 1.0, 1.0, 1.0, 1.0, 1.0, 1.0, 1.0, 1.0, 1.0, 1.0, 1.0, 1.0, 1.0, 1.0, 1.0, 1.0, 1.0, 1.0, 1.0, 1.0, 1.0, 1.0, 1.0, 1.0, 1.0, 1.0, 1.0, 1.0, 1.0, 1.0, 1.0, 1.0, 1.0, 1.0, 1.0, 1.0, 1.0, 1.0, 1.0, 1.0, 1.0, 1.0, 1.0, 1.0, 1.0, 1.0, 1.0, 1.0, 1.0, 1.0, 1.0, 1.0, 1.0, 1.0, 1.0, 1.0, 1.0, 1.0, 1.0, 1.0, 1.0, 1.0, 1.0, 1.0, 1.0, 1.0, 1.0, 1.0, 1.0, 1.0, 1.0], "rewards": [59.32415416147271, 42.94691525998894, 23.08853701163825, 9.591214618689863, 11.972754884775954, 17.276837772584187, 9.482639362059423, 6.922554879646258, 18.68250508781523, 17.579096798803374, 19.525673395931022, 22.23934322209124, 13.089470099893086, 3.953149582489102, 14.728836602966137, 20.918947991703863, 15.248906958560722, 25.289081605890278, 35.48924130698747, 38.75153257011891, 27.77103363651552, 14.695610361318444, 10.175040680036517, 4.965879916129951, 0.5988361616766126, -8.25723656113312, -0.8803317736455469, 9.466998202818953, -1.2209491311555971, 19.804601055714738, 1.453753775419845, -7.922429877880633, -7.725285203696233, -2.5021793555382867, -9.103528411879694, -9.069456026771748, -9.143790309529093, 2.2841496009260744, 19.10433580021284, 22.385045757377743, 13.885091062655095, 5.622195039561856, 3.684413002308486, -1.8955140008529074, -0.4618782563775239, 5.7061981922907545, 0.9950129302074007, -14.383817980804226, -16.86699173777941, -9.501385189743228, -13.290257745416469, -3.510262979321787, -7.082001494417093, -9.077296218932252, -12.050520768317165, 1.3896222997133252, 6.390506788668749, 31.509064265483097, 16.89646864250758, 13.55887330722715, 25.324811216010346, 24.505840710955237, 20.810868929868487, 21.29054891084495, 42.208845966722166, 34.705879307087265, 22.043831688103182, 14.927666813939021, 9.936761748060409, 11.699929526971868, 10.464792886537222, 22.17930436113337, 21.92798687416908, 10.169366438328652, 10.50008676012726, 4.417241174320305, -1.609375868294462, -6.535306313624321, -6.752995142679525, -11.220955026813765, -17.096088129372827, -13.271668289615642, -17.717117665110564, -23.49650622137043, -13.071998753422665, -8.13510555085888, -14.351160987638897, 4.036235788201818, 3.30197852589556, -1.6095217257230914, 5.388376452808424, 10.556214919000357, 10.021406765130697, -3.0460583862121786, 1.8644581122921773, 0.2781052570570349, -7.080510284783044, -17.395829633357508, -11.544065495278469, -18.64627777093205, -21.783615607523757, -7.56382932406948, -20.944272340727267, -24.44286964403646, -25.326941969048452, -38.35551535654151, -19.188943040237294, -4.83732706565676, -9.001055436272582, 1.1085845547295856, -13.037823837186094, -12.329826732709412, -7.363313992188835, 8.74611307765888, -2.420748022473692, -0.16161001819013932, -3.9063273593220966, 4.952209132644212, 7.816547471688537, 7.551858106268056, 0.5896363362938337, -16.914464503405835, -30.278625387447818, -37.15921580770913, -48.65164264954435, -44.301712732963885, -54.59803263887895, -59.12451585539065, -57.98301449375047, -47.0036445374485, -43.758799861037005, -53.50374865502651, -44.73349331031193, -46.132173062778236, -22.037530524170137, -24.34156796288368, -35.96832340615988, -38.85205297974755, -41.81061602015282, -38.861834429195014, -38.87154978356982, -17.084121922567963, -13.063106053424146, -14.180588612461543, -19.06724089119414, -3.786612097282494, 5.170248701754147, 3.6672977804668507, 12.69076229300682, 13.428978630804119, 26.761344864163334, 19.56050979336024, 19.37451872903499, 20.051155692610944, 14.773611053344865, 28.103866508045268, 35.57133837832474, 11.81397529597096, 13.282544077504532, -0.07322235746134956, 19.673492524215465, 39.376692925832245, 40.63823403799471, 35.92113803776773, 28.931003779704696, 37.5261212887573, 17.3179847919221, 8.313323737560463, 10.20381858493067, 0.7935272820603236, -0.6129404559034544, -12.7131864144959, 3.034066483671241, -7.473623269409938, 10.744661960563096, -9.914886442770081, -20.996946422391463, -28.749336219424347, -56.06905103560571, -53.50427769458532, -54.91078232507943, -32.16541916367038, -37.42927805538524, -38.073680627385045, -33.30775196869002, -36.58735397464471, -23.04656030338553, -26.228833393575755, -17.687420326084165, -32.69608913916167, -25.588870714120933, -18.0623175729605, -4.746658494048761, -3.805312550851985, -2.4556866329574794, -15.459948666877144, -15.232638257597735, -14.033282835990118, -3.8566897325436456, -17.635717365666782]}, "Latent AR LinUCB s=1": {"actions": [1.0, 1.0, 1.0, 1.0, 1.0, 1.0, 1.0, 1.0, 1.0, 1.0, 1.0, 1.0, 1.0, 1.0, 1.0, 1.0, 1.0, 1.0, 1.0, 1.0, 1.0, 1.0, 1.0, 1.0, 1.0, 1.0, 0.0, 0.0, 1.0, 0.0, 1.0, 1.0, 0.0, 0.0, 0.0, 0.0, 0.0, 0.0, 1.0, 1.0, 1.0, 1.0, 1.0, 1.0, 0.0, 0.0, 1.0, 1.0, 0.0, 0.0, 0.0, 0.0, 0.0, 0.0, 0.0, 0.0, 1.0, 1.0, 1.0, 1.0, 1.0, 1.0, 1.0, 1.0, 1.0, 1.0, 1.0, 1.0, 1.0, 1.0, 1.0, 1.0, 1.0, 1.0, 1.0, 1.0, 1.0, 0.0, 0.0, 0.0, 0.0, 0.0, 0.0, 0.0, 0.0, 0.0, 0.0, 0.0, 1.0, 1.0, 0.0, 1.0, 1.0, 1.0, 0.0, 0.0, 1.0, 0.0, 0.0, 0.0, 0.0, 0.0, 0.0, 0.0, 0.0, 0.0, 0.0, 0.0, 0.0, 0.0, 0.0, 0.0, 0.0, 0.0, 1.0, 0.0, 1.0, 0.0, 1.0, 1.0, 1.0, 1.0, 0.0, 0.0, 0.0, 0.0, 0.0, 0.0, 0.0, 0.0, 0.0, 0.0, 0.0, 0.0, 0.0, 0.0, 0.0, 0.0, 0.0, 0.0, 0.0, 0.0, 0.0, 0.0, 0.0, 0.0, 0.0, 1.0, 1.0, 1.0, 1.0, 1.0, 1.0, 1.0, 1.0, 1.0, 1.0, 1.0, 1.0, 1.0, 0.0, 1.0, 1.0, 1.0, 1.0, 1.0, 1.0, 1.0, 1.0, 1.0, 1.0, 0.0, 0.0, 1.0, 0.0, 1.0, 0.0, 0.0, 0.0, 0.0, 0.0, 0.0, 0.0, 0.0, 0.0, 0.0, 0.0, 0.0, 0.0, 0.0, 0.0, 0.0, 0.0, 0.0, 0.0, 0.0, 0.0, 0.0, 0.0, 0.0],