{"Stationary": {"actions": [1.0, 1.0, 1.0, 1.0, 1.0, 1.0, 1.0, 1.0, 1.0, 1.0, 1.0, 1.0, 1.0, 1.0, 1.0, 1.0, 1.0, 1.0, 1.0, 1.0, 1.0, 1.0, 1.0, 1.0, 1.0, 1.0, 1.0, 1.0, 1.0, 1.0, 1.0, 1.0, 1.0, 1.0, 1.0, 1.0, 1.0, 1.0, 1.0, 1.0, 1.0, 1.0, 1.0, 1.0, 1.0, 1.0, 1.0, 1.0, 1.0, 1.0, 1.0, 1.0, 1.0, 1.0, 1.0, 1.0, 1.0, 1.0, 1.0, 1.0, 1.0, 1.0, 1.0, 1.0, 1.0, 1.0, 1.0, 1.0, 1.0, 1.0, 1.0, 1.0, 1.0, 1.0, 1.0, 1.0, 1.0, 1.0, 1.0, 1.0, 1.0, 1.0, 1.0, 1.0, 1.0, 1.0, 1.0, 1.0, 1.0, 1.0, 1.0, 1.0, 1.0, 1.0, 1.0, 1.0, 1.0, 1.0, 1.0, 1.0, 1.0, 1.0, 1.0, 1.0, 1.0, 1.0, 1.0, 1.0, 1.0, 1.0, 1.0, 1.0, 1.0, 1.0, 1.0, 1.0, 1.0, 1.0, 1.0, 1.0, 1.0, 1.0, 1.0, 1.0, 1.0, 1.0, 1.0, 1.0, 1.0, 1.0, 1.0, 1.0, 1.0, 1.0, 1.0, 1.0, 1.0, 1.0, 1.0, 1.0, 1.0, 1.0, 1.0, 1.0, 1.0, 1.0, 1.0, 1.0, 1.0, 1.0, 1.0, 1.0, 1.0, 1.0, 1.0, 1.0, 1.0, 1.0, 1.0, 1.0, 1.0, 1.0, 1.0, 1.0, 1.0, 1.0, 1.0, 1.0, 1.0, 1.0, 1.0, 1.0, 1.0, 1.0, 1.0, 1.0, 1.0, 1.0, 1.0, 1.0, 1.0, 1.0, 1.0, 1.0, 1.0, 1.0, 1.0, 1.0, 1.0, 1.0, 1.0, 1.0, 1.0, 1.0, 1.0, 1.0, 1.0, 1.0, 1.0, 1.0], "rewards": [109.11581466169861, 94.53866458693658, 69.88906793788979, 77.95128216627221, 63.08450343531683, 53.01693440224974, 47.249530358384526, 28.83834553744041, 22.362169451998092, -6.168006266594909, 0.4486012466169542, 3.456614752916857, -2.9656184947069644, 3.152801951431147, -0.6989040729075247, -8.633263136610438, -16.001811363430352, -9.979672036130372, -7.992763215262733, -1.5027860472220882, -14.019683847737786, -12.575903225132068, -9.692892449265734, 10.860688530900422, 17.748946350907957, 16.612769771081794, 4.060628137075348, 24.389868930176004, 14.054236738329234, 29.74569973024724, 22.169372632591614, 9.470449568188966, 17.618809313367667, 13.92811479428163, 0.9253699640006325, 4.573364475625746, -14.257515643348864, -8.374302823714364, -11.445183964806498, -13.346293793879378, -4.690229422390279, 0.6367265972039392, 5.399394939303473, 3.1490365323298146, 9.233248045966974, 8.692132274125868, 4.4194417549179565, 0.3799526517933605, 18.679857501539693, 15.006224664422145, 21.48846455007208, 5.27235551860762, -7.992982504861503, -4.986608867563355, -17.848932663556027, -22.248847298802364, -19.64356449701065, -2.629807255566675, -3.8049725032266926, -2.321465305962816, 1.8577051647605316, -4.2259902075436715, -8.312584657739366, -18.80124905566234, 2.8831259655781123, 0.1342497068387774, 5.098547144538611, 16.761570024662927, 17.849031341548216, -6.502271408550872, -0.8907183675844206, -6.064674002934119, -14.77978991812958, -15.181279629726323, -9.174158874860577, -2.4286433469179958, -1.8139392668824685, -0.7936161130017936, -4.164795251043739, 3.90651319501463, 9.078104773894191, 13.649156447594905, -1.701933137550552, 4.541407204702722, 0.8696579847904218, 16.312214164048413, 18.900646712160352, 19.643041196014757, 35.13421084702866, 13.448396939590703, -9.045240498800034, -1.4436430244652638, -10.198330103740654, 12.278613600190981, 34.61271525154286, 21.0797334845005, 13.285351245462673, 1.4834296806787672, 14.507224371104506, 22.849559660577867, 16.858471400627227, 14.28824864641318, 23.58006804106747, 42.17696986095729, 55.77591842413666, 45.625830519905335, 41.90064545779353, 45.616696364717306, 30.758494725498547, 36.317219653606664, 26.016915200651706, 28.426730240497605, 15.622842440373963, -13.250241660824939, -27.876010286366423, -22.282726806450096, 1.4070777020993699, 10.501706723522425, 6.055244112138126, -11.070888776100148, -16.8875189184133, -17.498536999868744, -13.062358667568354, -15.206987634936858, -10.51785543861151, 4.3304060263067505, 8.00819757786106, 5.679978985129626, 16.916340229857674, 15.516048253506264, 27.638644146587442, 30.714515950649684, 45.69258251511076, 36.207726848389214, 40.61296090378009, 35.55619485416722, 38.99190401307623, 30.279865108397335, 37.79801957662892, 39.465704825035964, 38.593874918083415, 40.830847660354316, 34.19716244071933, 22.478451584537577, 21.93603789126435, 21.04009195397539, 23.625875605453817, 19.389217665155495, 27.44463427638327, 19.026918245619424, 19.920963624232183, 21.464737702870927, 36.65844062151565, 43.24374555686535, 42.45330229333445, 42.43913614575878, 27.615990775015124, 32.991499905788295, 34.50230354134365, 18.93218978117525, 15.867290080915787, 21.554809583067048, 15.891056013339492, 16.300658752891454, 9.696265980668704, -6.493562516715709, 5.220114192751225, 18.087442842769267, 28.10657080728394, 38.52460023868689, 23.02260501360404, 14.065378127162155, 23.466731893326607, 27.462171209703005, 41.32928800312377, 31.700932000544174, 23.38584956751486, 17.11715645427552, 36.18217635981696, 49.78365286251665, 53.29988352914492, 21.341464417349993, 11.695575797482693, 18.75341628941374, 1.0126178655453841, 1.430951606850423, -10.076701446924305, -13.67862710874958, -0.3966887046016041, 10.914347547856298, 27.07782344878399, 37.69604733146278, 23.069326590003627, 25.967106620324433, 33.001953364934906, 23.980679312517367, 12.136057178553372, 1.9192228961823803, 2.9420048581964107, 9.417909889023628]}, "Latent AR LinUCB s=1": {"actions": [1.0, 1.0, 1.0, 1.0, 1.0, 1.0, 1.0, 1.0, 1.0, 1.0, 0.0, 1.0, 1.0, 0.0, 1.0, 0.0, 0.0, 0.0, 0.0, 0.0, 0.0, 0.0, 0.0, 0.0, 1.0, 1.0, 1.0, 1.0, 1.0, 1.0, 1.0, 1.0, 1.0, 1.0, 1.0, 1.0, 1.0, 0.0, 0.0, 0.0, 0.0, 0.0, 1.0, 1.0, 1.0, 1.0, 1.0, 1.0, 1.0, 1.0, 1.0, 1.0, 1.0, 0.0, 0.0, 0.0, 0.0, 0.0, 0.0, 0.0, 1.0, 1.0, 0.0, 0.0, 0.0, 1.0, 1.0, 1.0, 1.0, 1.0, 0.0, 0.0, 0.0, 0.0, 0.0, 0.0, 0.0, 0.0, 1.0, 0.0, 1.0, 1.0, 1.0, 0.0, 1.0, 1.0, 1.0, 1.0, 1.0, 1.0, 1.0, 0.0, 0.0, 0.0, 1.0, 1.0, 1.0, 1.0, 1.0, 1.0, 1.0, 1.0, 1.0, 1.0, 1.0, 1.0, 1.0, 1.0, 1.0, 1.0, 1.0, 1.0, 1.0, 1.0, 0.0, 0.0, 0.0, 0.0, 1.0, 1.0, 0.0, 0.0, 0.0, 0.0, 0.0, 0.0, 1.0, 1.0, 1.0, 1.0, 1.0, 1.0, 1.0, 1.0, 1.0, 1.0, 1.0, 1.0, 1.0, 1.0, 1.0, 1.0, 1.0, 1.0, 1.0, 1.0, 1.0, 1.0, 1.0, 1.0, 1.0, 1.0, 1.0, 1.0, 1.0, 1.0, 1.0, 1.0, 1.0, 1.0, 1.0, 1.0, 1.0, 1.0, 1.0, 1.0, 0.0, 1.0, 1.0, 1.0, 1.0, 1.0, 1.0, 1.0, 1.0, 1.0, 1.0, 1.0, 1.0, 1.0, 1.0, 1.0, 1.0, 1.0, 1.0, 1.0, 1.0, 0.0, 0.0, 1.0, 1.0, 1.0, 1.0, 1.0, 1.0, 1.0, 1.0, 1.0, 1.0, 1.0],