{"k": 1, "noise_std": 10, "mean reward 1": [212.9884357323697, -274.2477783817001, 160.69328245297777, 146.68952711362815, -1622.7037319431552, -859.9348428292905, -945.4896197420826, -1112.2970729595213, -2454.30877815436, -2084.9969950518853, -3403.0218274165372, -2908.3841092185253, -588.4734775355611, -1980.3048289285798, -4070.589448007445, -4080.004821726719, -2599.5342079785514, -1804.1514308546057, -2285.8956274359534, -595.3304374788341, -865.2111456440158, -958.6764323319645, -1615.645985520233, -3257.1800454479508, -683.8669880954562, -1140.0849086867631, -788.7745711808932, -457.31937850748636, -721.0637812456182, -147.3332799400155, 1060.4859703979967, -951.932505172271, 842.7980420916368, -131.33862313827632, -1168.221571899822, -2231.3815081680455, -2290.878593426621, -623.5512133502027, -773.9290590327433, 38.49043124789073, -1743.3714648354069, -674.6820135313335, -1530.7584688914178, -1968.4524408654127, -474.72200405219843, 242.16838976268252, 894.5805403423, 729.4590248210037, 600.6456722888295, 1409.6204343137722, 796.7317387488736, 1091.4289146115618, -460.8356338505326, -984.2243409839764, -728.957923181395, -1114.1889237492649, -702.9616791044386, -66.7830225665889, 122.79598130483676, -318.55221038163893, 1460.8802500051695, 468.8695878768447, 552.6056063514134, 1278.6468567667646, 1512.9721720411808, 1645.311378671853, 1118.498012384944, 1216.3702681230502, -737.6927254178311, -2000.4440028317422, -1427.06881873188, -788.2365146196161, -1831.3752513632344, -2163.164948930622, -2770.308538053753, -4029.3799804608525, -5420.090724215146, -4180.787542014055, -2048.3285409435584, -1084.770486294717, 4.263547172720905, 415.6340235714277, -1123.2030211423103, 101.40776663100297, 674.2372932538581, -205.3950175032667, 7.452183065979012, 960.8221724814459, 733.4643051408027, 1220.8950468616677, 1764.0092271332126, 1972.9948423145406, 2995.0142420517154, 841.706946338838, 1488.6906371323448, 2477.8006335131736, 1480.9548342163303, 525.4616692655367, 2536.711053401831, 2919.452807040967, 2774.5733894384625, 3512.1309859555063, 1817.2893224694892, 2424.0649643395377, 2992.4267536931025, 2521.0007917678327, 1952.0352593683733, 1457.0036794564164, 738.0290599612554, 703.3948036927131, 1225.4405659248998, 2843.2428047252342, 2331.66587449641, 2121.2772544659556, 1168.853887612998, 1770.525259031535, 1074.3354319801554, 1063.9214543384044, 2128.9227591150825, 1568.826300729552, 1696.2526039887284, -373.2339756924922, -316.5492506239865, -1457.8108898417577, -1900.2926069198886, -3111.6880159552766, -3030.3231470505207, -2288.7860895896492, -1084.1248555356028, -1971.7282786964067, -1146.1874145229822, -217.64723750674565, 181.17584430414476, 225.63462622041052, 512.2320162913287, 1100.1219805662495, 2383.109912506128, 1420.9142346598514, 2214.8345114249773, 1567.5566577873492, 2314.2069809740497, -39.563189156046974, -258.5570266859436, -321.7659428273733, -1391.0889752697071, -366.2592710762654, -360.1421939100467, -1275.3184326067726, -121.41525853332915, -100.84813271346353, -693.2739343854261, -797.7701239636968, -460.02027652446935, -562.2852728132358, 886.870571397408, -699.4048041696103, -1826.0871098234456, -1333.789281306582, -1814.8895166561808, -2243.4906110839406, -1714.834380046671, -1321.6691034675314, -2348.689263184673, -2168.0105228887514, -780.2084772658034, -943.1418456448582, -617.3678726878687, -1903.9435455790087, -3152.635762234364, -4278.5796548618655, -3986.366227930865, -4652.112914721698, -4833.078929022344, -4939.533502202374, -3673.6027229797864, -4042.916622261575, -1656.4396295508686, -3782.2156456905873, -3331.4863974864993, -2924.505900162908, -3417.766594596306, -2070.6415550094416, -1634.0976389625198, -2257.293398254878, -1508.142499359759, -3570.9980110722013, -4810.45602323312, -2550.3841896853723, -3485.0957753754074, -1966.1246724936977, -1229.773713302283, -1155.7986358106352, -1987.5664694129398, -3306.810316433084, -3151.391301086729, -2962.9390091860246, -1878.8463166266886, -1978.1195841179824, -807.4148377130466, -236.85121680981504],