{"k": 1, "noise_std": 10, "mean reward 1": [104.66315672914428, 37.930013829900375, 1674.4078208518993, 665.2196731105054, -646.5903808077768, -1490.9389576538485, 950.3629509264936, -262.5987892796726, -832.4986101581724, 425.75247035793586, 392.20247429546737, 196.54805648129695, -811.8857979364545, -966.8812489954103, -2057.8054104811536, -2005.5200651099874, 426.39873028761565, 496.485362075503, 1806.470688540549, 781.609915856632, 1245.8014964199979, 1892.2330848474096, 3434.1944423431373, 2755.097659584976, 2527.558485494667, 2362.5128553535314, 1745.1690523028283, 1496.1813841785645, 2624.9424760325765, 2870.8444711127504, 725.1476378779781, 520.303975653437, 794.277011475074, 761.1048334692636, -754.4446766162811, 56.27936711054957, 893.1077119708347, 870.285949919896, 2367.744411323583, 2039.5173473005666, -197.90093355210382, -255.32950554985058, 1018.4163656021685, -467.9439374939131, 796.7360893117686, 1067.950974468338, 1527.4313184639602, 2781.3844282789346, 3544.0699388417697, 2972.5276762127137, 331.67171759148033, 684.5825934359268, 1049.2168887490252, 3529.590067938672, 3617.3209335599145, 2672.1742456249153, 1844.7223148246267, 1069.2778078727188, 445.4661333528602, -527.9724045062451, -1948.3484118555061, -1321.1178696903494, -765.1813748554338, 573.9504259549298, -477.205599759154, -2194.402768058994, -2473.1366851748535, -1634.1564959296888, -450.8861169674827, 440.51438657134526, 522.9671232207171, 218.89629252882133, -1885.64527246901, -726.219425181836, -1082.610801173497, -276.93344877921805, -245.58061318682692, -2290.6348145335946, -1638.0744326373626, -1748.5090782371526, -2021.159046606083, -880.8794706713304, -2047.5118307170521, -1086.2585045927947, -480.207005208778, 388.93457262401137, -1635.8046584310348, -698.1421591832324, -1504.307420930304, -1668.4941144932047, -352.1441353259018, -14.30038561521263, 501.50037041175716, 1081.9723006477016, 635.7572932267036, 1194.4019783719662, 1833.3321277015393, 942.5780273675987, 2652.7968662105645, 2940.68145374732, 2317.610873671882, 1659.327315449424, 2994.8314991610596, 1608.257774402512, 2182.3166647032126, 1855.5681743139069, 2000.4994208814367, 450.4473761277486, 645.3538367878602, 880.3452662892325, -48.13227283118735, 2101.3590435629685, 1044.394387264778, -398.6339313302226, 11.534304550039787, 912.5602695356258, 1796.8136548106283, 954.9232775353169, 411.2561264374166, 2196.124970928344, 1899.8729098381405, -315.7079729802607, -588.8037605318917, 19.023175343916243, 395.9153235164993, 21.479665707130778, 557.7559619270368, 661.0688523845525, 653.4819024267687, 452.65394788090975, 2311.764462273072, 2745.9222939679917, 1618.9882678827746, 437.4403416185679, -540.1343539601822, -1923.2643507949438, -2406.5997047162796, -2818.8708793829305, -2888.2462525374103, -1230.405602882701, -1466.839501739461, -2851.2666591579555, -2298.1674167635283, -2207.6425578558014, -3627.4385268750634, -2030.6599928229823, -2549.4737196505876, -3365.322673322702, -2736.3583386604964, -2950.6530489863117, -3050.9341452544886, -2153.0339339479156, -2619.2611850171497, -2424.2661105119523, -1757.085827185466, -2212.4959270520158, -3612.9201373281453, -2751.6883596252833, -3473.479210736933, -3803.4917814063137, -4878.50204824393, -1229.685873873654, -3020.2405047833736, -2168.8319888458664, -1803.599546559794, -214.40560794133975, -1993.6810879331272, -2027.2099801885915, -2197.8277951062, -1783.876319937352, -1625.8759797156965, -1395.9749693921053, -838.7847419266308, -329.3000566406368, 1805.8592164759955, 2160.831645411966, 1986.7061100677627, 2099.7332057232074, 824.8320050721734, 1049.874331262217, 3615.224142935689, 2007.97517558777, 1230.5667277439586, 1049.6627923276626, 2413.0286458145456, 998.5701597903071, 734.1980865178209, 508.66059106522255, 793.8604836085586, 265.14583453137845, 2768.366125291688, 2359.847109510675, 2237.9162764869666, 2323.9709262230213, 1775.7457904283501, 2086.6678773239355, 2818.177082329271, 4838.737662638694, 5067.547169854322, 4698.410444173852],