{"k": 1, "noise_std": 10, "mean reward 1": [-144.43654461219367, -1398.7432709058767, -2062.8263756132737, -1462.1499070714472, -656.1985419827628, 875.2103386734159, 2253.9952087758693, 2536.338181709488, 1926.0627521545389, 1500.8787603334533, -397.4616912170468, 882.0798949240846, 251.0548727883389, 1545.7772097706818, 1443.016803981388, 932.7148794640758, 12.877977866681256, -390.2802165543218, -417.40947879342576, -382.96655901112484, -630.3735829031783, 545.2832187634923, 2256.692774787005, 1965.6595283861677, -506.846461631406, 1291.9600184767712, 2891.143773416618, 2509.683681108187, 2367.37142785097, 2833.92869791155, 2709.092633201259, 1568.893424869004, 2432.4539701894487, 1632.024494819078, 1360.750407709143, -443.85967472525164, -512.8780453530114, -111.71281895554763, 93.1104798193288, 390.77422295329984, -687.5357000506641, -1964.7880246735945, -109.08329932656216, -71.78077503287163, 354.5014100702681, -119.5478324116491, -837.5218481129748, -1086.6857421119907, -1870.7681435140494, -1550.9163797953706, 1269.3194582441806, 646.7666928908242, 1670.3557966768492, 472.29837570019504, -461.28792566234597, 983.497731455208, -945.943469535902, -1286.9739771783466, -1674.3636379023794, -466.2224761455139, -1318.409373820379, -1298.0107803733538, 553.4899216376728, 1522.4236213198758, 538.656015464992, 956.7848007639057, 1132.3351173696838, 2215.5129920145646, 2993.0517166768727, 1895.642036639854, 1812.310359943877, 925.445601762635, 89.82402772915749, 186.62971640053118, 820.50381256397, -677.3300231682373, 26.06131646640648, -2575.656598410951, -2344.9969799037553, -1963.1549617514747, -3814.435605742723, -4296.41420015884, -3835.9605635971284, -3782.2274206440056, -4004.2767977295916, -1722.2514057954907, -1120.6315855498387, -1825.954850662255, -1934.7410590451816, -2739.2166008061936, -2395.366106205665, -781.5034583289732, 541.8466350761884, 2112.874967326061, 1667.7070886671365, -377.97031035309453, 280.71554784103927, -639.7663445809642, 1060.6529912189462, -30.2312419474001, 630.19371994654, 1548.5267240567894, 201.9795166444128, 1571.2235007524282, 2041.5008721453457, 2794.7372290878284, 1671.9652664723817, 348.9035592495586, 481.9078446629616, -1044.2815061898982, -1075.8513493502371, -2256.03333418268, -3621.149727052822, -4074.9402444780358, -4844.0037462674045, -5890.855567519109, -4231.703352892682, -2519.2500814378773, -3038.1634381966, -4704.208152531634, -3099.532774256754, -3664.760692381621, -2933.4086734643465, -4497.916721381547, -4995.598826248863, -6549.214546034128, -6358.92757807172, -4380.144149113583, -3930.81776183957, -2211.439561112149, -673.8474895147837, -468.16774880384264, -405.5709278276824, 846.0912407054136, 1029.2062598200985, 2033.0606802061968, 2444.987532906516, 2233.2332546198973, 2653.585662145604, 2443.451917388143, 3173.785055091567, 2244.5167135501933, 2033.8148093220732, 1523.0518021928888, 2156.8994556598263, 711.9630173366099, 1297.612373771749, 711.2642978349968, 243.11655613265594, -320.3329033608011, -136.0493392428229, -471.7375595102445, 206.07667137437957, -20.628646354758338, 511.199126403043, -610.9929082275919, -1492.968412454718, -2022.936613644709, -3212.054291939321, -4069.7690288312288, -4352.106789515878, -2641.770249595778, -3516.8289074295117, -1475.4274387584999, -1641.9046737582512, -246.1277127888767, -40.098912735639544, -76.13926988572513, -717.4116223886292, -685.5363430465342, -155.47912512543007, 43.63184222373495, 122.93940935064973, 1522.1866892996547, 734.9061995534621, 1782.4917124061933, 1987.3067639013384, 1793.252421818216, 2815.6463230530617, 3367.37866027468, 2590.5827030211917, 2045.5959150720125, 2978.7131404155657, 3080.6692943308067, 3542.533256326385, 3365.048008841926, 2199.857544825156, 3106.6808701986374, 4293.763404938593, 4089.5745275073828, 4891.329116406245, 3571.631183280465, 3806.0290890205406, 3879.0610772735663, 4589.734308017337, 3219.1684072516737, 3604.057015575342, 4108.8175545483655, 2221.6825519656713, 1746.9959733594476],