{"k": 1, "noise_std": 10, "mean reward 1": [64.01554686227217, -402.8330707357608, -1692.1980090215357, -2255.8497333552964, -2258.78370498475, -3897.265278139244, -1405.6762099884609, -853.6450260534615, -1198.749578797099, -508.2059959078272, -75.43279243759598, -1296.3132767856318, -1482.3735413410423, -2581.4264453050046, -2904.6278768539205, -3449.9216929077447, -2929.694784016802, -3717.815135572174, -3921.606935579132, -3889.079877501894, -5389.7716970026195, -4666.510185397126, -3067.267793789665, -2655.5768574412473, -2918.323588149373, -4595.709025971479, -5478.534574697559, -5108.6241166955815, -5473.739595458251, -3701.0126786423953, -4331.781052229928, -1041.2313763525704, 1356.479524310332, 720.9890040635094, -536.0598359890483, 620.7874093435925, 814.2775495949438, 519.008252876659, 439.96588334769797, -1089.0429127367047, -2384.9411834455527, -1924.2766030587734, -1740.8731557264523, -2951.5988926963737, -4750.191562124683, -2030.9730012073444, -3266.927824271415, -3331.1227737846516, -2469.260035962086, -3884.733313843944, -1864.1724223346212, -2673.0536950580968, -2586.6550608594985, -1578.2694362532843, -2450.378723377475, -1123.0504679821313, -1237.4059552894983, -3469.922337765916, -4813.56795775133, -4486.829111205413, -5181.6048520742725, -5152.440231123155, -3781.506433906779, -5736.256958937361, -5705.025765999037, -6006.126200679637, -5523.503564902308, -5356.817949630384, -5192.553960736929, -6025.506344074964, -6330.215128128553, -3539.1596341560858, -2345.326957460022, -1846.8879941990956, -2048.0418605864033, -2686.83164060062, -883.6188703516118, -800.3954801322717, 1524.1297273026796, 941.65417109439, 375.7760601105444, 1510.144116840157, 1018.840111694054, 1505.633362713131, 3080.3222126809637, 4439.195247250135, 4836.688034365802, 4953.5701434100965, 6030.9088389061535, 5176.199237969126, 5274.66885636276, 4612.526386267013, 3418.574188122053, 1518.8204271730556, 643.2478142091093, 663.7279409353082, -407.15141334651406, 179.34683662607603, 1400.091666135466, -241.35067597953892, -1407.0390932351127, -456.97614463618163, -1394.694686058842, -4040.890557652291, -2509.8495641741843, -1332.5366619024694, -1853.6269830617766, -2334.077736893795, -3159.0283388501202, -4423.434333358836, -4880.069265417713, -4378.633961045483, -4242.0233132944195, -5168.674085843077, -3528.52102680427, -2107.543308965203, -1931.234587381137, -2308.068152016557, -3428.984446790674, -3461.149699216339, -3327.674224498439, -2219.446943169671, -3317.287015382415, -3997.834832871882, -5900.453014341096, -6274.453759060057, -6516.3779542446155, -5891.069853946674, -5962.411944864638, -4488.065520045648, -1721.021806834347, 19.740986037477803, -712.5255111874363, -574.9276846215218, 1165.6103881788529, -774.4346137775686, 425.5233971396679, 488.5043656634361, 126.56903162740916, 878.8645162227558, -1067.5392724951007, -129.160862158224, -1825.0720602866909, -1509.3653030567352, -584.9693114859838, 1155.0515142869908, 433.4534416204761, 1327.6443551045934, 2673.993911436916, 1370.6766875279654, -551.8278892828796, -1065.4887622619206, -243.72955052666282, 1070.3989498838696, 814.3635716584777, 467.62400455525705, -803.208005960439, 1361.2386220148658, 2996.004801240905, 3510.040551229575, 1846.6464402463134, 1303.2112770602375, -595.9574066901782, -151.48404665696225, -1942.1509007317065, -2514.698270079516, -3640.3107428128706, -3450.757287728455, -2385.452659325632, -158.99681550405126, 1314.5774975217757, 127.53458346265009, 90.5624534814536, 1417.6492780458764, -444.61424030147396, 2306.5079117355513, 2291.7261484658693, 2245.77992315502, 2173.970905200461, 2682.912144820011, 2001.0842691882874, 2739.504874242579, 4639.122473557658, 5052.185192264628, 4557.794488805327, 4692.658888725326, 5579.7229179041005, 4783.803716623839, 3466.9635069541755, 3097.7567483005123, 2257.242417916369, 1675.9665330530354, 61.357243928030236, 1517.525569491534, 1338.6084400877457, 2782.115168883025, 2781.769620162645, 1662.1190004022676, 2630.702230611501, 197.29300459207872],