{"k": 1, "noise_std": 10, "mean reward 1": [34.074422870199506, -1432.6836722284997, -1528.7404732032212, -2378.138436177792, -3243.9566936832775, -3481.074804878622, -3363.734512096157, -2275.043481643748, -991.5667196527402, 172.26654038058626, -1333.5630495968644, -2798.8197717771413, -2181.612793071114, -1334.3081733852, -645.1276590383634, -556.9201212972125, -2991.258502136284, -2789.6961115324675, -2647.4397380771725, -2633.62530073607, -3455.426936901074, -3748.792315585158, -1267.7673277105803, -1620.9403878259877, -1059.257806860444, -1647.2107290594088, -945.5796613714192, -295.30606570506495, -401.57943685223626, 123.34586985431626, 515.9901732272059, -767.3244029505173, 1825.6298617541897, 1737.5541849238218, 2054.113483536011, 2799.4134807714645, 2530.9757589165324, 2006.323499317761, 2341.213357777431, 1942.0869726493372, 1202.5793241600131, 2062.5589508482285, 2638.459310598257, 1950.779933244085, 2085.3053652426524, 649.3968028004566, -2185.0758321776425, -1897.4200509572781, -838.3328715476813, -737.3810896655772, -1546.7861326268612, -2038.6520991182242, -1619.8367600585811, -1353.4339130925546, -1685.1536816216785, -2530.376201948277, -1149.0457153748566, 45.39965673256017, -193.2698464579729, 1084.4802978088958, 920.5632303773168, 1212.4765528328567, 1027.7330278080049, -946.153073775094, -1417.4910565025432, -1272.7421409370213, -1034.5255210151636, 1896.1887407125132, 2765.3801507633943, 2243.891838602436, 2867.815189626938, 1315.6288511635928, 1965.671000418549, 1296.3679505437062, 80.1364080526934, -257.1784609979483, 1024.6636121700317, 3997.594226393633, 3016.1580166155563, 3136.814269930575, 4309.99821089634, 2567.694277877024, 3674.8404939779675, 5182.814877157637, 5261.337783145847, 3809.5542920688176, 2897.596918804261, 3867.30658263169, 3418.597363690374, 4774.285380907173, 4058.061828644966, 3249.7978492635357, 4979.545191529877, 4801.61032167543, 4164.63740155105, 5863.129215748819, 3889.600596783565, 1896.0630119722823, 2727.2240685961037, 3896.9560011323438, 2725.507408803216, 3707.349583153919, 3678.94078315763, 5691.947369137663, 2775.4089451174345, 3344.652302323635, 2732.9017487215333, 2123.898613769824, 2067.9175742291973, 1112.7972992966343, 2784.8466818193774, 1136.0651631429732, 193.2109960812271, 652.8174858337363, 985.0704913817481, 447.25434545531095, -1196.2731178943468, -61.679936272867764, 1707.0499678873382, 840.6471831259896, 368.4463202621484, 1305.598182930365, -56.345553111572144, 270.4478816970234, -990.1164977117755, -1297.7847785304714, 1003.6785149905104, 2547.7393656017375, 2446.352262605598, 4786.953614349949, 6182.4510983721175, 5839.5887000457005, 7339.127402431439, 7150.93270442945, 5735.06137770793, 3625.0779536252367, 1551.6286539028147, 855.3680682570798, -99.28960853717675, -665.2520636245304, 198.79764150178855, -492.9950640553203, -87.4564436563432, -1205.041324034667, -1794.004959056646, -1606.4586077269028, -2450.800141619528, -1858.2660369071352, -884.3100523000551, -745.3415816724658, -1920.2563662487585, -1568.8586411271892, -856.7222765528381, 118.87169406331877, 1153.46108232287, 2686.0638193387595, 3342.391629729737, 1597.706391472629, 1514.004713806679, 1518.5819433326078, 821.4607210257352, 305.67164844184873, 102.57755529095209, 179.93379714632036, 836.1938087151269, 1496.369380492702, 2165.5927892308396, 2093.1314439616563, 1284.650662804125, -1023.1906289643126, -1472.4421575695037, -854.1490540776475, -685.1110896051622, 1503.15619195702, 501.01327246801156, 1107.2415050963841, 212.86170782565873, 151.64492097059613, 1189.8380558696447, 2774.3668630299658, 1539.432017082285, 1620.444145519225, 826.0699241567547, 625.1620235350737, 1061.3732961382138, 3004.286087240958, 2782.6488562937266, 2563.6148850411596, 3822.715296620177, 2977.16041447349, 2113.1045330498773, 2627.7208195555118, 1737.1159977239636, 2520.111042356326, 4217.558385552747, 3390.2121004222154, 2879.7313550639724, 3414.3351698811093, 4819.348308441628, 4994.47799593881], "mean reward 0": [-34.074422870199506, 1432.6836722284997, 1528.7404732032212, 2378.138436177792, 3243.9566936832775, 3481.074804878622, 3363.734512096157, 2275.043481643748, 991.5667196527402, -172.26654038058626, 1333.5630495968644, 2798.8197717771413, 2181.612793071114, 1334.3081733852, 645.1276590383634, 556.9201212972125, 2991.258502136284, 2789.6961115324675, 2647.4397380771725, 2633.62530073607, 3455.426936901074, 3748.792315585158, 1267.7673277105803, 1620.9403878259877, 1059.257806860444, 1647.2107290594088, 945.5796613714192, 295.30606570506495, 401.57943685223626, -123.34586985431626, -515.9901732272059, 767.3244029505173, -1825.6298617541897, -1737.5541849238218, -2054.113483536011, -2799.4134807714645, -2530.9757589165324, -2006.323499317761, -2341.213357777431, -1942.0869726493372, -1202.5793241600131, -2062.5589508482285, -2638.459310598257, -1950.779933244085, -2085.3053652426524, -649.3968028004566, 2185.0758321776425, 1897.4200509572781, 838.3328715476813, 737.3810896655772, 1546.7861326268612, 2038.6520991182242, 1619.8367600585811, 1353.4339130925546, 1685.1536816216785, 2530.376201948277, 1149.0457153748566, -45.39965673256017, 193.2698464579729, -1084.4802978088958, -920.5632303773168, -1212.4765528328567, -1027.7330278080049, 946.153073775094, 1417.4910565025432, 1272.7421409370213, 1034.5255210151636, -1896.1887407125132, -2765.3801507633943, -2243.891838602436, -2867.815189626938, -1315.6288511635928, -1965.671000418549, -1296.3679505437062, -80.1364080526934, 257.1784609979483, -1024.6636121700317, -3997.594226393633, -3016.1580166155563, -3136.814269930575, -4309.99821089634, -2567.694277877024, -3674.8404939779675, -5182.814877157637, -5261.337783145847, -3809.5542920688176, -2897.596918804261, -3867.30658263169, -3418.597363690374, -4774.285380907173, -4058.061828644966, -3249.7978492635357, -4979.545191529877, -4801.61032167543, -4164.63740155105, -5863.129215748819, -3889.600596783565, -1896.0630119722823, -2727.2240685961037, -3896.9560011323438, -2725.507408803216, -3707.349583153919, -3678.94078315763, -5691.947369137663, -2775.4089451174345, -3344.652302323635, -2732.9017487215333, -2123.898613769824, -2067.9175742291973, -1112.7972992966343, -2784.8466818193774, -1136.0651631429732, -193.2109960812271, -652.8174858337363, -985.0704913817481, -447.25434545531095, 1196.2731178943468, 61.679936272867764, -1707.0499678873382, -840.6471831259896, -368.4463202621484, -1305.598182930365, 56.345553111572144, -270.4478816970234, 990.1164977117755, 1297.7847785304714, -1003.6785149905104, -2547.7393656017375, -2446.352262605598, -4786.953614349949, -6182.4510983721175, -5839.5887000457005, -7339.127402431439, -7150.93270442945, -5735.06137770793, -3625.0779536252367, -1551.6286539028147, -855.3680682570798, 99.28960853717675, 665.2520636245304, -198.79764150178855, 492.9950640553203, 87.4564436563432, 1205.041324034667, 1794.004959056646, 1606.4586077269028, 2450.800141619528, 1858.2660369071352, 884.3100523000551, 745.3415816724658, 1920.2563662487585, 1568.8586411271892, 856.7222765528381, -118.87169406331877, -1153.46108232287, -2686.0638193387595, -3342.391629729737, -1597.706391472629, -1514.004713806679, -1518.5819433326078, -821.4607210257352, -305.67164844184873, -102.57755529095209, -179.93379714632036, -836.1938087151269, -1496.369380492702, -2165.5927892308396, -2093.1314439616563, -1284.650662804125, 1023.1906289643126, 1472.4421575695037, 854.1490540776475, 685.1110896051622, -1503.15619195702, -501.01327246801156, -1107.2415050963841, -212.86170782565873, -151.64492097059613, -1189.8380558696447, -2774.3668630299658, -1539.432017082285, -1620.444145519225, -826.0699241567547, -625.1620235350737, -1061.3732961382138, -3004.286087240958, -2782.6488562937266, -2563.6148850411596, -3822.715296620177, -2977.16041447349, -2113.1045330498773, -2627.7208195555118, -1737.1159977239636, -2520.111042356326, -4217.558385552747, -3390.2121004222154, -2879.7313550639724, -3414.3351698811093, 