{"k": 1, "noise_std": 10, "mean reward 1": [101.19618666184185, -1437.3968908302268, -1227.326828001285, -1725.9627536638395, -1054.4566227547807, -830.267396714389, -253.8737482710391, -1243.5082275723403, 765.3066035484753, -762.9433953062231, 1878.4275069386113, 1601.1843641960877, 3053.3271137370875, 3406.6266652430977, 2501.5205010058517, 1912.920538504655, -765.0136922960282, 391.23553497174106, 908.5321236633947, -261.16647201323013, -938.2899017488373, -1686.5308505830697, -938.1711937446214, 698.6803607394856, -10.477436427075215, -92.5511614970187, 1927.1387521493593, 2237.6183200028, 2649.0509433494094, 2163.0738265755435, 3467.9237825734617, 2684.4534797406163, 1548.4312261583977, 1928.6825153121895, 730.0475640843467, 123.17796188270265, 364.80574676863216, -337.80381311368905, -201.86889558226096, 160.5591973593207, 470.64162225877527, 318.710614079575, 1200.3616922298409, 31.903502500818348, 430.31281515569833, -1221.7863402552837, -1648.9143217175701, -935.7919091388535, -1663.5137975519556, -395.50249258563497, -236.4167730485427, 856.0588722118705, 2595.2457852169337, 3448.567552050298, 2433.3375475875787, 1772.0479072087921, 1551.9696415221686, 157.1011837254055, 1051.9118074573244, 61.00197324016339, -190.13509193862507, -141.10177217851472, 500.8194146192998, -551.1125249350076, 1364.5577931647013, 894.9413103905977, 2284.32689041678, 2779.2866693109277, 2482.420104513394, 307.0539104552818, -750.888199320173, -1799.1038392207663, -2241.9550159954897, -1774.6756105267784, -2866.9128605006763, -2126.706226566833, -1251.674406651819, -654.8438510687572, 115.87526530082357, 25.3649591710952, 244.84921683555712, 1579.9727964112194, 2793.910720096531, 2667.7363270166593, 1162.4040567531229, 2706.5182446616836, 2247.2311621127055, 841.2525708648111, 1470.732735433133, 994.8731337318482, -43.27703429881531, 794.4461988297444, -368.0804279321836, 720.819678018743, 3329.541199125179, 3146.9305493310835, 1037.7328124887779, -748.891879852831, -1009.742402624307, -201.6617642711581, 528.8775820323459, 1230.1697611682907, 337.98534716841135, 34.70250621865048, 852.4924723416616, -170.23528676506504, -445.7243180936195, 496.7885977062251, 516.6921039631152, -577.3385974879279, -579.0424708877828, -2218.8768212228874, -1209.8265773256894, -1303.3588982843285, -497.335513475769, -249.45745185420913, 659.3203761942701, 430.0390651701139, 517.575139770754, 421.8835059565764, 268.3543635000322, -138.79214719560983, -356.3198210942015, 2.0547355701387993, -563.3337144802337, -1004.0868031277917, -773.5550283168079, -254.17963963684676, -1189.2189004198879, -1373.8702419809836, -1827.77661402682, -2086.5731240829673, -2794.6140435869474, -1583.7032557004413, -1368.7552609767176, -1167.3236449827755, -2212.700031329462, -1541.1426709855054, -914.3988703188392, -1169.1709241977028, -1591.3837261563667, -2038.822517180457, -1434.2012132401599, -2048.1116303589984, -2547.547514017269, -3228.7173095401345, -2996.8259254894365, -1232.2161960022022, -1318.234320109291, -2052.3357856400326, -2207.1242089354864, -2273.1021147741, -1902.5611628936772, -2366.338868240901, -4083.192032261561, -5419.017502373478, -4121.501551878108, -3429.174368470098, -2148.7729749197642, 34.55644735084071, 1114.4420830934628, -784.4751977757801, -914.7528180270081, -1488.3856724831892, -2175.9025906276484, -2462.5517306076526, -5102.99948357908, -4802.607788473104, -5027.273447911574, -3276.30189065164, -1141.0981689218006, -1206.251412412623, -123.20468321032808, -424.9567106801276, 1279.0633090126298, -107.1896577356572, 1239.9041224656544, 2211.143571091894, 1462.397232729108, 1401.7752379417793, 1133.5603073514378, -912.5373135001282, -2101.4812831170007, -2488.1844035742274, -2525.795547332846, -796.4493543768144, -991.8787763682805, -1451.3010171129858, -1486.5997122884728, -321.81666801388735, -735.9052058033011, -814.0965879375149, -2051.9590659421715, -1977.0843650133177, -2047.1204671574856, -2254.4351226594345, -2667.3625564973436, -820.2715432116163, -358.50587572354135, -1127.0160903534315],