{"k": 1, "sigma_z": 1, "mean reward 1": [1746.2276400926007, 1669.9752194185205, 1510.0061415624134, 1417.2014019267137, 1441.7993626227626, 1228.751745070178, 1299.9189165231026, 1215.5584100765589, 1105.4206194177714, 1029.9917415146715, 1018.687990185995, 835.2920801799759, 709.2666251227829, 585.5435704181909, 438.1606984308191, 461.68385496079935, 537.3204678609881, 400.3630807751953, 174.4696182392034, 192.18010467580237, 104.91468049307583, 26.281741189062714, 21.90470267463128, -65.45979036476618, 37.78596249124996, 62.97865939574727, -53.13207959593974, -66.35257799378111, -92.11928811601774, 48.40146863886784, 4.403991980530653, -55.10479847992475, -180.87945947407636, -341.12404295299694, -341.58149950163136, -234.8847151295151, -279.3945172404586, -250.20754941782593, -293.13988409210515, -127.16853765752154, -90.54864148839556, 34.33739373017617, 51.277950592821654, 145.01108321273648, -21.81597374079127, -58.69547916372346, 98.5289106802726, 100.91064152344515, 44.11546735834445, 51.8760820750789, 87.0172837599681, -2.4312379529365824, 83.09636885291434, 168.00268779441498, 162.6564003119089, 30.41104025289172, 26.657544929004377, 32.669544928984116, 68.11344767251288, 248.12421682771745, 216.9457609823183, 171.8939441930624, -31.818949309560374, 117.34097139111756, 60.337633373955725, 39.71113588358721, 210.69756366834085, 88.94580327074095, 132.96591460024968, -118.20504568301537, 44.95106535880697, -28.709520059172906, -60.53742456849842, 121.4716151596722, 161.78760057013366, 138.23924199642758, 139.0336921278986, 81.7361064757778, 204.82633729742773, 158.2753788848866, -31.45328453020946, -77.71192458748108, -89.38131721697033, 68.7570297156231, 71.03546270936978, 147.87496087914764, 94.16281823431048, -22.44536637561273, -71.07451051493156, -8.163911515766742, -20.600389524340017, 79.26779964912764, 80.47882070629328, 102.57173203205619, 53.57162153145214, 47.93893888614191, 158.62530496452302, 171.45809523505403, 76.33704473165045, 99.49898492335998, -51.78633242680499, 27.12671825403016, 29.914280173643103, -8.934184146211804, 0.4100107152467475, -5.962058964441401, 34.078793779487576, 72.82280490651914, 52.898187345100276, 136.07774978033186, 27.429054567399668, 11.383607870392384, 101.91808866886866, 45.90907866508627, 159.92036846568521, 208.21919077689026, 141.5224819799621, 231.1155447630835, 215.2544541041255, 244.70017403780614, 170.64788471211162, 47.04589756686273, -131.33585982257077, -168.5174002348386, -159.0915341780598, -46.53142476316652, 138.20264394302285, 116.53682635490064, 394.539088601364, 245.25173744872487, 97.54516684112753, 163.38076739676794, -74.22943457484288, -110.77734733519122, -150.80888421486347, -133.65209725972014, -13.308208515021501, 8.403288134242327, 88.66321413442134, 112.83309768646235, 95.46594205852973, 50.52601478290406, -133.38322538470788, -194.7536808237809, -266.6530935136152, -190.81825614953672, -257.13753088590477, -196.82203206185744, -127.74133977007025, -114.59500149875817, -91.87519743541066, -121.05553572515542, -109.86282566764089, -159.47263154247295, -162.4660159442077, -241.36161781820928, -291.53624189697223, -271.1345361475942, -171.9378565455257, -127.15061032713835, -120.35650477694755, 51.22567554688926, 72.91680049815858, 82.55290706926677, 217.15748115033122, 203.05296542059943, 16.523769451314795, -84.69034054207707, -88.71385015448305, -22.439450054367814, -36.406581789345616, -178.80326188299364, -130.32036636313111, 23.988273434252385, -11.82581554970216, 141.79373905186213, 161.2578931711984, 159.11213254540834, -37.46066469223748, 144.2024227735855, -5.004231076683552, -181.5374532472705, -339.46471980703825, -153.1096985850252, 67.1798342679939, 107.5016140317488, 121.7207245097245, 175.94280240840513, -76.09490275588091, -70.13214392436882, -34.208024348484926, -45.741126377063935, -53.6413626942676, -100.28658510646497, -113.71532692059381, -240.30048482785284, -242.66623697714618, -33.79382353203548, -253.2242389784586, -314.13446112639065],