{"k": 1, "sigma_z": 1, "mean reward 1": [-999.2400147902499, -932.6528801779742, -918.4902874026095, -902.9609430012322, -627.7291964337488, -573.560480147269, -529.3430842816223, -568.2879045270062, -545.5965382070342, -485.92513739289734, -507.3892277881122, -303.20170536431885, -316.3941680738592, -305.71122539064567, -271.14305927865405, -270.41128450862317, -174.6995201214953, -166.4407238064379, -171.77844497366047, -273.6358060854499, -353.76579072120603, -327.3072329359555, -135.61396764110373, -174.1143926305908, -29.83007298186957, -89.13992751155337, -23.32255566181306, -204.07880131431594, 57.63328060370585, 77.59137954859436, 18.129889212018647, -73.15797939461063, 163.19451146778005, 134.75913763763003, -0.19096228863280107, 125.98688620849603, 116.27251487825343, -137.3965729039987, -276.58028880669895, -292.60430873598455, -400.39442321159555, -566.4681762934471, -403.9000657282298, -336.6517720730955, -214.53515444079576, 63.67853691451704, 34.00834149548713, 15.579937361259535, -36.69612558760562, -266.9668760636109, -233.9112254189729, -393.53351050675496, -524.8876721103386, -524.2876565896216, -562.8913115727977, -543.1962283808573, -437.73994999553497, -318.184219069787, -227.32032234132782, -417.56246593297044, -381.53625148930684, -301.24348645701446, -306.26168013724777, -280.9742313908866, -170.05864445086675, -76.78058454609429, -128.0839141020137, -116.03732034191066, -82.89980746180544, -119.74747049022818, -110.62066140771063, -31.92953655696803, 11.019440365612232, -45.03632412534765, -223.14713635717283, -180.1242209082287, -195.96844742311617, -55.760779086939415, -19.746107305602994, -95.83191106046624, -99.1841819180437, 81.64427056102267, -87.93802328469698, -178.1745169790036, -173.21461180954802, -113.96057897136187, -97.56015471504948, -164.18979690121347, -96.1424942631078, -200.762842472216, -266.38621391068307, -6.927601468825362, 134.30721726684567, 229.02423259203863, 218.75363353705737, 250.6347160215169, 160.55208173623706, 290.84025227534045, 207.684489100796, 365.2919940109556, 293.75001163320354, 290.9613812012633, 405.3056311893683, 485.83499410460524, 364.75315616335917, 365.07860644189515, 395.51271321178433, 342.2418403309313, 373.64725850361555, 340.34944301723795, 382.99940088951394, 426.7450115152975, 304.46962468916314, 214.3869832305194, -4.047159352622343, 170.60874009669698, 206.20771317462768, 146.9930547952811, 179.11525255043875, 267.9714057940206, 340.3505381884714, 278.74186508369144, 177.90259679145578, 241.19966538487571, 248.5011237048246, 105.60139370422486, 152.8766402996674, 119.28418059407242, -9.04285333935202, 4.76604666989472, -171.10035143802583, -195.38435543156695, -50.29083643725352, -82.2270033561616, -183.314874164708, -105.19127529150971, -154.23210551624652, -343.2123688706369, -365.8557923856485, -204.05505202832154, -1.277330964781842, -60.59095299558215, -53.117171569499064, -294.63039719784246, -302.4213058005631, -432.4255519554866, -323.50674417878594, -470.52409082284214, -281.9239517101839, -355.1809561769201, -176.61545192695053, -202.01437056327597, -162.396519767435, -22.09672177328541, -191.71585245498173, -93.23604903786517, 66.655332807983, -69.66021114917866, -194.4863030322568, -203.60825074574817, -376.5196133828309, -295.10812918255675, -308.75738781889214, -203.55527310780892, -69.62799272628699, -84.9110247329668, 16.271475913564636, 53.115683994212084, 124.79865804914884, 208.65810170107005, 92.78769849281163, 10.102263740173534, 89.80553562227121, 11.063240806018937, -246.55690714036575, -245.61484072364178, -64.00389439882528, -238.4843036177725, -219.597724857862, -256.1106157961793, -479.9127977602116, -485.7241163610535, -408.6342719353668, -517.953629615504, -458.17029672203404, -442.87739691802955, -300.9312203876738, -479.39197616482375, -440.99179400380206, -541.3929450464587, -580.656338085264, -483.09466677609186, -397.42000094316677, -446.9503032946261, -401.3536092172408, -363.05135005245546, -449.4231454040055, -202.8458979192797, -252.30196127009822, -353.6195007780162],