{"k": 1, "sigma_z": 1, "mean reward 1": [-1169.6631172361672, -922.1061697176524, -765.8543726225777, -509.49286384777554, -376.18124502878743, -397.8101776770897, -247.61119273692435, -317.1657171469585, -205.95331842867762, -176.591760928788, -153.75318695289445, -105.62822093866353, -78.22253428333235, 20.344168993123002, -202.933143249835, -150.5023025443041, -243.5270928249371, -320.9595722289581, -291.8582391126055, -379.75829136887717, -314.62824024986844, -396.2654321695939, -448.6786445468754, -424.23208905663216, -299.4742689492456, -214.42190546894352, -156.25006849387734, -151.9779322730751, -230.72659385744015, -164.89324873541236, -118.22853249974634, -124.41293545973534, -369.5399131726679, -93.68383206711579, -54.79476193661619, -52.0700386494302, -271.4681214051875, -25.15005244076063, 120.2796719907033, 29.54461093367502, 141.9686297965789, 215.50001025460776, 217.38278128213514, 189.90935745747944, 228.03628492938793, 29.847404231356744, 14.971337020551607, -3.7913874026387684, -217.21939154764297, -113.44879115951714, 75.64117056048116, 108.39710036641694, 101.01339034090542, 48.36446049813054, -11.425636876249257, 216.28197756074502, 190.64447656411267, 118.3561852041771, 127.9165154635979, 61.40294676001182, 92.62798289112611, 314.71689273387324, 182.68300413667606, 299.30751116906714, 124.04226442926074, 105.19265351637569, 11.886539690732778, -104.33622984038924, -4.070378846961697, 11.65684334241927, 26.38047172089399, 83.8851718582178, -26.324784341416173, 85.27133292595417, 125.97137047018114, 163.85798545242173, 142.35897072372592, 109.7374786778032, 46.1053513604864, 23.806868224281633, -35.61249130742967, -28.2044723982132, 0.12866422903378139, 167.75878006076513, 446.1894445990007, 684.4945979720018, 673.1848048734989, 630.9414629049759, 524.1160860152903, 476.23035214661485, 267.88664283420025, 293.8533759953743, 240.48361200731753, 230.80871419961775, 183.33849802201712, 293.12145138952235, 193.04788007180952, 194.71178265350414, 249.39436478816233, 261.14613100216286, 191.90848035210902, 253.73966020264808, 87.52834014795663, 34.92517399660725, 3.0511207140548837, 5.101969668739603, -97.34541160850227, 34.26858089332071, -134.21063791356397, 39.70372625669973, 220.56871738456084, 77.69338350038666, 105.98264067641188, 82.72302682606527, 152.03729184741684, 147.56322721050714, 318.50906017615944, 177.14553440580198, 124.03602130307667, 317.5574248661496, 124.57698957394776, 178.75279835285153, 127.22702040934715, -64.90457820268283, 77.61658702564787, -1.1691979504708128, 177.9280272684595, 30.705792752798565, -26.321824688932487, -139.08185330179802, -186.47493362621375, -44.82586033552474, -67.80890167886217, -189.39000919702576, -69.35083423665016, -114.7937387064105, -64.54525466573465, -76.45163325310229, -233.89089400700104, -344.35235099270994, -248.54607448567822, -244.91658550838693, -233.02271658421265, -105.25991814774574, 58.119525866431424, 121.65774498061381, 122.53109988962257, 168.84595760274354, 253.495699261873, 180.98766081254004, 147.72663857899965, 111.61727286218878, 211.04633414577364, 292.11727782127406, 340.7697808064381, 397.26501960648545, 359.9915213458691, 422.9000735592423, 446.7596373646401, 512.6930825087919, 523.1571237636642, 574.5191135553359, 405.07136955150037, 340.00474453686445, 301.7943441513502, 271.56410119817826, 340.5355659859238, 171.01282137153243, 166.12738588497277, 126.96920165830257, 314.1320080350138, 296.17307444511056, 157.33494754813003, 196.2252937371397, 157.8613004159251, 136.3899520756357, 133.02156416799707, 233.5336625200029, 251.30752391781658, 168.15128213197858, 71.44517991559395, 14.62679048444196, -52.74322347927859, 124.51292135143765, 173.6568370446701, 110.52746662591701, -96.15526512603293, -17.934673936693546, 12.100361760927273, 171.28774441032596, 41.840820913234424, -97.07424907820975, 107.41416818216064, 120.25401075038427, 107.2539136566704, 55.012426663365744, -66.59388572277652, -60.05483188245818, 72.84179146238392, 88.88294154350591],