{"k": 1, "sigma_z": 1, "mean reward 1": [439.6485808626292, 349.089985722283, 354.9326154497055, 319.64591119532975, 112.20888944125471, 161.0378520890842, 127.77924076060367, 88.86567516537862, -65.3450336002383, -46.422439711510634, -194.43264892734356, -159.5558304889734, 59.306974636035115, -91.69159274222586, -311.35394366517556, -321.8659811506599, -182.43236987804434, -110.6461972576308, -165.7975114985486, -3.0201976273413367, -35.65955305591371, -50.092237875557366, -120.3667337301481, -288.63992620510743, -35.01642830382674, -83.9752474135293, -51.847538008457036, -21.405010652079582, -50.21214364575967, 4.971483036920377, 123.78292696762941, -79.23235358218035, 98.64461145070577, -0.20553579643974862, -105.18666332433311, -212.6662063377203, -219.66310931148632, -53.87284630696205, -69.75885837802194, 10.719685897516229, -168.15356798808625, -61.90298070722437, -148.06714830782371, -192.33741536335498, -43.415154554352185, 27.868180242049146, 92.74426117343282, 75.90348890738291, 62.72639501163724, 143.3576884358561, 81.82925437891832, 111.08336391478406, -44.33713817678816, -96.85065141095906, -71.48118789944478, -110.14574839810123, -69.15033833130113, -5.647055635430432, 13.207720089589287, -31.019911274968848, 146.83980378739247, 47.563559695872456, 55.86950145251053, 128.41273241230874, 151.79045926618713, 164.97505572304743, 112.24932730877033, 121.99660027555335, -73.4456564248596, -199.75314577794308, -142.44475281847994, -78.58773531272436, -182.9252006020099, -216.12540281218, -276.85887093258134, -402.7832134605706, -541.8697662945515, -417.9533786871387, -204.7200161315156, -108.3754944629155, 0.517753467172688, 41.645661232053314, -112.24626912681153, 10.207406351777859, 67.4836960451956, -20.485531702497838, 0.7937913496438492, 96.12593298688594, 73.38577467894748, 122.12491443454729, 176.4327914868637, 197.32816612764225, 299.52723791174094, 84.19392696979624, 148.8899728155557, 247.79888154340642, 148.1124197945132, 52.5614096621458, 253.68482380221602, 291.95762731992636, 277.4684508980929, 351.2230993543726, 181.73793292988873, 242.41459704859957, 299.2499659224914, 252.1066406746463, 195.2094312849141, 145.70568275891077, 73.80768932806777, 70.34378536801931, 122.54793109136317, 284.32776752150926, 233.16972579372828, 212.13054995627405, 116.88793082001045, 177.0548137559931, 107.43560226557119, 106.39399859464052, 212.8939437562283, 156.88413113320323, 169.62661135309605, -37.32218171044832, -31.653830789477833, -145.78010413854702, -190.02837433092301, -311.1680038705684, -303.0315967525887, -228.87796280174797, -108.41190401206502, -197.17230448229492, -114.61827040368706, -21.764299806924512, 18.117965979789524, 22.563806016478598, 51.22351068412666, 110.01247620611937, 238.31124158515777, 142.09164876707564, 221.4836539134792, 156.7558482726182, 231.42086234189995, -3.9561710955592133, -25.855569630553422, -32.17647454850049, -139.10878976615754, -36.625830122894676, -36.01413210474599, -127.53176470304446, -12.141455151463386, -10.084749639663778, -69.32733617002829, -79.7769608547068, -46.001981264950345, -56.22848553257664, 88.68709471361304, -69.94044660047602, -182.60868054750804, -133.37890073930535, -181.48892701340048, -224.3490389213983, -171.48341803637086, -132.16689237528655, -234.86891014414732, -216.80103773198712, -78.02083462538111, -94.31417277340653, -61.73677665681549, -190.39434500712665, -315.2635676277396, -427.8579577500595, -398.63661583057205, -465.21128520590685, -483.30788726259766, -493.95334514456425, -367.3602677298729, -404.29165811486223, -165.6439592549211, -378.2215612389096, -333.1486367515157, -292.45058731886996, -341.7766570319518, -207.0641533160333, -163.40976192983217, -225.72933805570997, -150.8142483431759, -357.0997996737001, -481.0456010331439, -255.03841780738588, -348.50957649250455, -196.61246630883718, -122.97737048374901, -115.57986281923216, -198.75664625564576, -330.681031026225, -315.13912955329783, -296.2939004187649, -187.88463121281507, -197.81195800692979, -80.74148340692304, -23.685121353038042],