{"Stationary": {"actions": [0.0, 1.0, 1.0, 1.0, 1.0, 1.0, 1.0, 1.0, 1.0, 1.0, 1.0, 1.0, 1.0, 1.0, 1.0, 1.0, 1.0, 1.0, 1.0, 1.0, 1.0, 1.0, 1.0, 1.0, 1.0, 1.0, 1.0, 1.0, 1.0, 1.0, 1.0, 1.0, 1.0, 1.0, 1.0, 1.0, 1.0, 1.0, 1.0, 1.0, 1.0, 1.0, 1.0, 1.0, 1.0, 1.0, 1.0, 1.0, 1.0, 1.0, 1.0, 1.0, 1.0, 1.0, 1.0, 1.0, 1.0, 1.0, 1.0, 1.0, 1.0, 1.0, 1.0, 1.0, 1.0, 1.0, 1.0, 1.0, 1.0, 1.0, 1.0, 1.0, 1.0, 1.0, 1.0, 1.0, 1.0, 1.0, 1.0, 1.0, 1.0, 1.0, 1.0, 1.0, 1.0, 1.0, 1.0, 1.0, 1.0, 1.0, 1.0, 1.0, 1.0, 1.0, 1.0, 1.0, 1.0, 1.0, 1.0, 1.0, 1.0, 1.0, 1.0, 1.0, 1.0, 1.0, 1.0, 1.0, 1.0, 1.0, 1.0, 1.0, 1.0, 1.0, 1.0, 1.0, 1.0, 1.0, 1.0, 1.0, 1.0, 1.0, 1.0, 1.0, 1.0, 1.0, 1.0, 1.0, 1.0, 1.0, 1.0, 1.0, 1.0, 1.0, 1.0, 1.0, 1.0, 1.0, 1.0, 1.0, 1.0, 1.0, 1.0, 1.0, 1.0, 1.0, 1.0, 1.0, 1.0, 1.0, 1.0, 1.0, 1.0, 1.0, 1.0, 1.0, 1.0, 1.0, 1.0, 1.0, 1.0, 1.0, 1.0, 1.0, 1.0, 1.0, 1.0, 1.0, 1.0, 1.0, 1.0, 1.0, 1.0, 1.0, 1.0, 1.0, 1.0, 1.0, 1.0, 1.0, 1.0, 1.0, 1.0, 1.0, 1.0, 1.0, 1.0, 1.0, 1.0, 1.0, 1.0, 1.0, 1.0, 1.0, 1.0, 1.0, 1.0, 1.0, 1.0, 1.0], "rewards": [-68.73012633020714, 66.23650669459136, -17.452133104397525, -26.942942549368386, 29.674743546773662, 149.3775100169861, 95.08798869623895, 66.30950039887131, 94.49105167536908, 66.52792013340928, 45.46824210804866, 124.81787666514646, 32.615040091657136, -20.002987482850568, 19.78073512897446, 49.99914152359023, 68.27920072532095, 98.75039522779603, 178.6002570320279, 209.85632311764508, 399.9455316862956, 203.7858265820897, 224.10535405257565, 231.91865974564826, 147.1826226178164, 65.56283521074619, -20.107731544188688, 67.42240271423057, 51.427946323971085, 39.3658013509889, 228.77350829773215, 199.60682999394234, 288.42672239969676, 380.77315292923237, 431.7260964409371, 156.60994399360692, 283.300506210115, 315.4607363109701, 49.70358102268618, 192.7561655069599, 234.49981762084593, 304.9546343515973, 197.14855413754057, 244.39625851931277, 179.61218078142025, 52.330640649857685, 50.87425344256531, 93.92788472110288, 68.85099140612421, 59.591075282793476, 81.68205983018538, 3.9774034767840982, -101.88699855049066, 21.702947203451206, 107.28660159871963, 176.71874150471828, 175.08772163970804, 158.66402523849214, 216.3970523806269, 125.45631544543136, 273.6358264883744, 192.7428107131832, -45.43439957964622, -3.337605945547663, -1.8906456151309667, 29.166876243252876, -35.77937832982481, -210.18097429135577, 5.419977802814924, 23.621662764033523, -18.04310205271612, 162.47430936916635, 261.46202377759647, 178.3351476456895, 215.05241321189038, 85.9686103686066, 238.79335879974184, 343.9322697160042, 272.34537185946954, 309.97653099574944, 303.87445979944766, 326.1917961474719, 225.1268562794791, 369.288160481637, 177.89209441308543, 236.10066085631416, 130.42871169692336, -30.252271287648036, 43.1193838207393, 49.15249166929503, 116.00256168561106, 188.9569604513011, 163.4828531063708, -22.385749417855187, -1.9548006732929508, -38.688273904372345, -118.3146007111778, -97.85490421189219, 18.176078129086623, -16.439066181496187, 102.50049794339246, 374.60477297675607, 323.58000187430457, 262.64437408012066, 231.78488657860456, 204.37824155639882, 49.987556728048894, 53.94051894555951, 37.32584546848922, -58.51575918943037, -23.66054411892579, 26.974708110123363, -29.66188953430887, -247.23390970570844, -251.60698680123576, -214.15779695026245, -18.427690195381327, 27.697798746616055, 2.68514621079466, 34.25406231661615, 1.5686398510384771, -1.1139803547585143, 113.22516506668482, 98.7869985114947, 43.241273511863504, -90.47756363965203, -103.64925936292178, -211.1206935828927, -202.21883331384498, -201.39528129445355, -125.13582400296467, -50.00835860532487, 127.84072165861592, 76.24308991997538, 116.5388114976863, 152.70458550900705, 121.4609484078943, 74.88340156966268, 181.74328742568036, 166.21303746405002, 58.43962870974319, -3.3919228058725217, 35.97790037386312, 16.74695916321771, -83.88726517173582, -223.31789441581978, -283.9023649676484, -248.87260173512985, -110.40591359589004, -115.09857680605148, -118.22364677156898, -153.26868530596278, -127.16493487545567, -28.598833895445573, -45.46809796817857, -18.07634528716702, 53.975239158751705, 238.3320819798876, 371.33173707161245, 210.9946738787968, 245.73244593889103, 240.1989683637018, 78.6838624639598, 306.02155581053916, 266.94683758217855, 76.8279282504378, 47.89181489110743, 33.63568423669291, -47.93062202088694, -42.67288633260864, 34.30081166430376, 92.32081979362553, 36.39680206757948, 95.82506522036934, 132.78102857477157, 202.9044719411446, -14.953510277864208, -216.79061157867636, -300.67134715714775, -273.57619294981436, -218.68668923002164, -269.09716496988284, -64.18549684553668, -278.61171314203864, -263.41700745975163, -210.8805728863942, -344.4301862282419, -252.0153416018511, -153.18534523855186, -104.5302632498757, -98.65013245963274, 72.39337093769575, 166.66181636757744, 101.81129997767607, 14.193262236882605, -63.50561054437366, -74.1604108299075, -14.672885038646664, -160.3364465305952, -345.9501340784135]}, "Latent AR LinUCB s=2": {"actions": [0.0, 0.0, 0.0, 0.0, 0.0, 0.0, 0.0, 0.0, 0.0, 0.0, 0.0, 0.0, 0.0, 0.0, 0.0, 0.0, 0.0, 0.0, 0.0, 0.0, 0.0, 0.0, 0.0, 0.0, 0.0, 0.0, 0.0, 0.0, 0.0, 0.0, 0.0, 0.0, 0.0, 0.0, 0.0, 0.0, 0.0, 0.0, 0.0, 0.0, 0.0, 0.0, 0.0, 0.0, 0.0, 0.0, 0.0, 0.0, 0.0, 0.0, 0.0, 0.0, 0.0, 0.0, 0.0, 0.0, 0.0, 0.0, 0.0, 0.0, 0.0, 0.0, 0.0, 0.0, 0.0, 0.0, 0.0, 0.0, 0.0, 0.0, 0.0, 0.0, 0.0, 0.0, 0.0, 0.0, 0.0, 0.0, 0.0, 0.0, 0.0, 0.0, 0.0, 0.0, 0.0, 0.0, 0.0, 0.0, 0.0, 0.0, 0.0, 0.0, 0.0, 0.0, 0.0, 0.0, 0.0, 0.0, 0.0, 0.0, 0.0, 0.0, 0.0, 0.0, 0.0, 0.0, 0.0, 0.0, 0.0, 0.0, 0.0, 0.0, 0.0, 0.0, 0.0, 0.0, 0.0, 0.0, 0.0, 0.0, 0.0, 0.0, 0.0, 0.0, 0.0, 0.0, 0.0, 0.0, 0.0, 0.0, 0.0, 0.0, 0.0, 0.0, 0.0, 0.0, 0.0, 0.0, 0.0, 0.0, 0.0, 0.0, 0.0, 0.0, 0.0, 0.0, 0.0, 0.0, 0.0, 0.0, 0.0, 0.0, 0.0, 0.0, 0.0, 0.0, 0.0, 0.0, 0.0, 0.0, 0.0, 0.0, 0.0, 0.0, 0.0, 0.0, 0.0, 0.0, 0.0, 0.0, 0.0, 0.0, 0.0, 0.0, 0.0, 0.0, 0.0, 0.0, 0.0, 0.0, 0.0, 0.0, 0.0, 0.0, 0.0, 0.0, 0.0, 0.0, 0.0, 0.0, 0.0, 0.0, 0.0, 0.0, 0.0, 0.0, 0.0, 0.0, 0.0, 0.0],