{"Stationary": {"actions": [0.0, 1.0, 1.0, 1.0, 1.0, 1.0, 1.0, 1.0, 1.0, 1.0, 1.0, 1.0, 1.0, 1.0, 1.0, 1.0, 1.0, 1.0, 1.0, 1.0, 1.0, 1.0, 1.0, 1.0, 1.0, 1.0, 1.0, 1.0, 1.0, 1.0, 1.0, 1.0, 1.0, 1.0, 1.0, 1.0, 1.0, 1.0, 1.0, 1.0, 1.0, 1.0, 1.0, 1.0, 1.0, 1.0, 1.0, 1.0, 1.0, 1.0, 1.0, 1.0, 1.0, 1.0, 1.0, 1.0, 1.0, 1.0, 1.0, 1.0, 1.0, 1.0, 1.0, 1.0, 1.0, 1.0, 1.0, 1.0, 1.0, 1.0, 1.0, 1.0, 1.0, 1.0, 1.0, 1.0, 1.0, 1.0, 1.0, 1.0, 1.0, 1.0, 1.0, 1.0, 1.0, 1.0, 1.0, 1.0, 1.0, 1.0, 1.0, 1.0, 1.0, 1.0, 1.0, 1.0, 1.0, 1.0, 1.0, 1.0, 1.0, 1.0, 1.0, 1.0, 1.0, 1.0, 1.0, 1.0, 1.0, 1.0, 1.0, 1.0, 1.0, 1.0, 1.0, 1.0, 1.0, 1.0, 1.0, 1.0, 1.0, 1.0, 1.0, 1.0, 1.0, 1.0, 1.0, 1.0, 1.0, 1.0, 1.0, 1.0, 1.0, 1.0, 1.0, 1.0, 1.0, 1.0, 1.0, 1.0, 1.0, 1.0, 1.0, 1.0, 1.0, 1.0, 1.0, 1.0, 1.0, 1.0, 1.0, 1.0, 1.0, 1.0, 1.0, 1.0, 1.0, 1.0, 1.0, 1.0, 1.0, 1.0, 1.0, 1.0, 1.0, 1.0, 1.0, 1.0, 1.0, 1.0, 1.0, 1.0, 1.0, 1.0, 1.0, 1.0, 1.0, 1.0, 1.0, 1.0, 1.0, 1.0, 1.0, 1.0, 1.0, 1.0, 1.0, 1.0, 1.0, 1.0, 1.0, 1.0, 1.0, 1.0, 1.0, 1.0, 1.0, 1.0, 1.0, 1.0], "rewards": [-1245.3370683296564, 1223.706221982681, 992.0178138210099, 857.9022727250713, 784.3582865671981, 659.5812796998836, 515.7061590208098, 373.1293998949266, 279.20210939820873, 196.41078821804146, 280.1640330174968, 209.26344060401323, 177.99186749563367, 141.0192491310146, 34.98476492715792, 178.45943722628783, 26.5354169018611, 122.6655970733836, 64.86845906613271, 14.590989080917723, -28.927908460932297, 91.54887281944164, 28.70143254389362, -75.745967458079, -180.18168886608478, -253.26026417914494, -345.6483522796061, -230.81406220473087, -370.78300313236815, -288.3848338405433, -323.02810820597733, -317.1325369180751, -329.83509918539124, -496.79060186497446, -359.2582080637182, -304.1026726756419, -113.10642538961685, -147.6074852926146, -243.31544819365445, -243.00460428867495, -225.8842591661644, -264.2520149337097, -292.8061931066889, -229.5366924237074, -36.33698374084374, 2.343604515392041, 55.866355961308486, -20.10773946064774, -36.036482943399996, 20.676200832609183, 17.74677788788433, 101.14440257304561, 120.92528990596352, 1.3892546308166693, -211.61113694233316, -247.23267297038376, -142.33914030496211, -212.04420781674222, -194.29514114090358, -221.45014966362405, -78.45562510140579, 8.25747569517208, 103.06001129320089, 130.6945895376045, 170.560158823651, 214.76028626592839, 162.00455147984363, 59.137729336457326, -51.725026858680955, 104.90122007384969, 281.6011886970546, 252.98913764006684, 118.44995341025795, 241.57809729908143, 108.40611179904407, 78.56071893460069, 154.82087364890634, 82.72252219705595, 199.12025676462895, 319.1245976189606, 433.51899590379014, 307.36917206892247, 216.94911297894265, 50.85866716334394, -153.61953940642775, 34.84920317365173, 133.1626091949849, 408.99698143679586, 420.8591902815366, 282.0795929149827, 356.9937561087213, 368.655055647232, 502.04367302571706, 417.572268388907, 289.09095646472565, 236.9624269032225, 468.8704038590524, 510.8955912830126, 622.0994613825962, 493.6048946611192, 409.67588289877597, 389.3027604252502, 220.80338829060892, 152.29587222709583, 232.8197766852302, 134.11386803346062, 370.01431650185623, 292.27702012482683, 299.6049843626061, 244.48570829861055, 74.68952707853896, 112.20521725806336, -52.923714727965894, -24.17085485692313, -59.217489743160556, 228.19679800751604, 331.61756055785753, 162.55703442596538, 175.1563110342146, 331.8668993073314, 209.03530766463027, 322.0497610360354, 236.6877489538013, 178.59066621303137, 116.15540593714705, 66.2046211747259, 9.868353540771203, 96.10899890473311, 179.4152581197473, 171.38735941019505, 77.34063064277252, 61.74639796523731, 217.1266091023639, 130.94064367979828, 253.71067652365582, 323.42973143021385, 186.81610961966732, 314.4322408942938, 351.7249063581056, 285.8570151981464, 239.34033856033116, 5.7570823107780695, -47.970742306558414, 75.28102808126847, 146.4323805541816, 368.9452750549868, 400.3746489515654, 294.352770877557, 257.96503795506305, 252.3395610053328, 130.83366059496433, 35.94387978910186, 40.90809320717906, -51.73749418203806, 175.8851931389204, 180.90675114058118, 262.89204671555837, 152.65671665085011, 129.05098631356185, -49.02473600207096, 38.83347051428468, 43.50606787064522, -101.8456495066518, -62.61740361159189, -162.1400710474792, -132.832593149153, -152.37948892738487, 47.177596145963186, 74.66592882315891, -43.850604271651676, -105.22865166534575, -180.09344838107856, -107.27848991791441, -56.70039529462932, -57.34386610671696, -2.5070490214327688, 30.646015429577478, 0.9543976891518398, 130.55782541129258, 86.00241667617142, -0.6474682216816587, 4.550730129437806, 50.77419887381591, -55.0527511439354, -82.78361238093896, 10.018304525802108, 65.47091123152128, -64.06938104084125, -131.62750949980193, -178.9230698431128, -71.95272827512387, 41.11831974323994, 74.4118100987779, -63.131574180352544, 40.723624949112875, 71.3680463105775, 289.9343919006219, 178.52571211845202, 179.24441497029756, -54.521699337409295]}, "Latent AR LinUCB s=2": {"actions": [0.0, 1.0, 0.0, 0.0, 0.0, 0.0, 0.0, 0.0, 0.0, 0.0, 0.0, 0.0, 0.0, 0.0, 0.0, 0.0, 0.0, 0.0, 0.0, 0.0, 0.0, 0.0, 0.0, 0.0, 0.0, 0.0, 0.0, 0.0, 0.0, 0.0, 0.0, 0.0, 0.0, 0.0, 0.0, 0.0, 0.0, 0.0, 0.0, 0.0, 0.0, 0.0, 0.0, 0.0, 0.0, 0.0, 0.0, 0.0, 0.0, 0.0, 0.0, 0.0, 0.0, 0.0, 0.0, 0.0, 0.0, 0.0, 0.0, 0.0, 0.0, 0.0, 0.0, 0.0, 0.0, 0.0, 0.0, 0.0, 0.0, 0.0, 0.0, 0.0, 0.0, 0.0, 0.0, 0.0, 0.0, 0.0, 0.0, 0.0, 0.0, 0.0, 0.0, 0.0, 0.0, 0.0, 0.0, 0.0, 0.0, 0.0, 0.0, 0.0, 0.0, 0.0, 0.0, 0.0, 0.0, 0.0, 0.0, 0.0, 0.0, 0.0, 0.0, 0.0, 0.0, 0.0, 0.0, 0.0, 0.0, 0.0, 0.0, 0.0, 0.0, 0.0, 0.0, 0.0, 0.0, 0.0, 0.0, 0.0, 0.0, 0.0, 0.0, 0.0, 0.0, 0.0, 0.0, 0.0, 0.0, 0.0, 0.0, 0.0, 0.0, 0.0, 0.0, 0.0, 0.0, 0.0, 0.0, 0.0, 0.0, 0.0, 0.0, 0.0, 0.0, 0.0, 0.0, 0.0, 0.0, 0.0, 0.0, 0.0, 0.0, 0.0, 0.0, 0.0, 0.0, 0.0, 0.0, 0.0, 0.0, 0.0, 0.0, 0.0, 0.0, 0.0, 0.0, 0.0, 0.0, 0.0, 0.0, 0.0, 0.0, 0.0, 0.0, 0.0, 0.0, 0.0, 0.0, 0.0, 0.0, 0.0, 0.0, 0.0, 0.0, 0.0, 0.0, 0.0, 0.0, 0.0, 0.0, 0.0, 0.0, 0.0, 0.0, 0.0, 0.0, 0.0, 0.0, 0.0],