{"Stationary": {"actions": [1.0, 1.0, 1.0, 1.0, 1.0, 1.0, 1.0, 1.0, 1.0, 1.0, 1.0, 1.0, 1.0, 1.0, 1.0, 1.0, 1.0, 1.0, 1.0, 1.0, 1.0, 1.0, 1.0, 1.0, 1.0, 1.0, 1.0, 1.0, 1.0, 1.0, 1.0, 1.0, 1.0, 1.0, 1.0, 1.0, 1.0, 1.0, 1.0, 1.0, 1.0, 1.0, 1.0, 1.0, 1.0, 1.0, 1.0, 1.0, 1.0, 1.0, 1.0, 1.0, 1.0, 1.0, 1.0, 1.0, 1.0, 1.0, 1.0, 1.0, 1.0, 1.0, 1.0, 1.0, 1.0, 1.0, 1.0, 1.0, 1.0, 1.0, 1.0, 1.0, 1.0, 1.0, 1.0, 1.0, 1.0, 1.0, 1.0, 1.0, 1.0, 1.0, 1.0, 1.0, 1.0, 1.0, 1.0, 1.0, 1.0, 1.0, 1.0, 1.0, 1.0, 1.0, 1.0, 1.0, 1.0, 1.0, 1.0, 1.0, 1.0, 1.0, 1.0, 1.0, 1.0, 1.0, 1.0, 1.0, 1.0, 1.0, 1.0, 1.0, 1.0, 1.0, 1.0, 1.0, 1.0, 1.0, 1.0, 1.0, 1.0, 1.0, 1.0, 1.0, 1.0, 1.0, 1.0, 1.0, 1.0, 1.0, 1.0, 1.0, 1.0, 1.0, 1.0, 1.0, 1.0, 1.0, 1.0, 1.0, 1.0, 1.0, 1.0, 1.0, 1.0, 1.0, 1.0, 1.0, 1.0, 1.0, 1.0, 1.0, 1.0, 1.0, 1.0, 1.0, 1.0, 1.0, 1.0, 1.0, 1.0, 1.0, 1.0, 1.0, 1.0, 1.0, 1.0, 1.0, 1.0, 1.0, 1.0, 1.0, 1.0, 1.0, 1.0, 1.0, 1.0, 1.0, 1.0, 1.0, 1.0, 1.0, 1.0, 1.0, 1.0, 1.0, 1.0, 1.0, 1.0, 1.0, 1.0, 1.0, 1.0, 1.0, 1.0, 1.0, 1.0, 1.0, 1.0, 1.0], "rewards": [365.1176002630468, 424.6472341916394, 446.15962671285513, 566.7278633985145, 548.7960447091787, 358.14695355413755, 366.08418534220505, 313.88448100085105, 237.93956547070226, 245.9705615697705, 114.17976799899843, 3.4308920212178053, 0.8018805045689321, -74.08902200829662, -343.4257146417244, -207.1366603283046, -196.8578379178706, -18.885100456453426, -25.911531361538028, 129.93839941356845, 177.92994462362392, 49.518421380588876, 17.05039645972535, -0.03490705052502108, -110.22629547266564, -137.00785927271505, -123.43704521747914, -13.623356477213765, 122.80009865688514, 69.78325309225802, -64.22574957959337, -108.11701311825716, -174.48709335559553, -84.44625567022157, -40.030935510841495, -30.923127074315563, -23.04295876541291, 88.26417038451297, 126.38815389922412, 165.4782361789755, 115.97114533841659, 101.72011830324792, 8.886599117328906, 73.12624406207289, -13.380322755209964, -219.2840182899494, -155.20979880792464, -194.83705854855864, -137.2892153027451, -289.15953783526675, -271.2271303737587, -189.0757407835341, -253.77872646392467, -179.80409479186608, -153.05283351448236, -100.32200105640945, -69.64237959195994, -74.08697178865972, -139.03234808419427, -213.82685878021232, -176.99479879632594, -10.707818468012144, 70.97440905723447, 177.4177333179334, 267.3405367222582, 248.55245181492583, 322.2186634526928, 246.8097452888506, 171.64462802088772, 77.60995958632454, 79.92443395897673, 16.961262176608567, -1.0998928205941674, 148.6186973357847, 181.45614064354376, 249.37147093679093, -9.36939430755139, 10.535003129538675, 81.98228101157878, 64.89936434478766, -54.626889769683025, -116.4250892603489, -121.1112549318741, -255.45812105225858, -238.43389352224588, -278.3925817659085, -171.15007662270932, -111.49684703646635, 154.18255858094633, 112.68189761967567, 119.67794829226442, 150.8226261313767, 248.1149538520444, 222.71720952624895, 222.04509872301955, 45.778198719335116, 14.352949844978063, 1.4095661950115854, 125.1913025340209, 159.4417674339289, -80.65377441998781, 14.503632210864879, 70.88141742756902, -102.66767814331125, -184.63244612703164, -37.32241540787722, -85.63375309699144, -55.96936801002353, -137.73634758230588, -139.37868201158582, -51.46605388119396, -14.536006803016, 35.974268488462, -239.3109068070805, -197.81675218221037, -100.69451561244821, -55.782095284911, -165.5445470663549, -196.49702039829035, -49.04805551211482, -165.617046524329, -288.5829369216555, -392.4203072134026, -450.67180385653535, -470.9843430883854, -325.91272450795424, -250.87503857226574, -235.8398624664145, -214.88035730898756, -195.99434117591906, -170.87336179221657, 20.542349380038537, -166.87979164243038, -74.75884303449905, -97.89359979278244, -178.87416528646608, -205.98060964182736, -144.0236874452505, -241.66817925509645, -332.63484149343776, -343.886907834516, -162.82768554591397, -61.70180641920384, -30.864618446356612, -44.63236301507541, -110.69385430579175, 16.13674533178032, -122.1407471942913, -150.5778526869371, -19.38291856391804, 0.46696988606109535, -91.90146720408727, -40.41211877642887, 62.96611544057547, 103.03079719334937, 244.13908234192402, 357.49997172355006, 453.6163547579662, 345.35159842935406, 295.12899198948486, 344.5410475005592, 269.0251095189986, 304.78366302839623, 347.9461469013385, 368.3679271566698, 375.29482992641516, 307.40601600354, 300.1986026308371, 87.21770925171138, 176.73823571412555, 122.00478833869414, 45.15111368451001, 181.6100137239006, 90.8281228618609, 14.657539956371142, -6.4319847445892755, 14.886558872496344, -50.90403872158206, -91.42890648921477, -47.599711556196596, -198.42464470196987, -300.0457973466013, -312.35937894645576, -149.5622098210179, -90.77553149916919, -8.17587566613263, -29.765785324876322, -47.05091482906272, 63.859441954391045, 258.22620762005374, -5.956147004399042, -34.43110613200899, 90.24800708426562, 100.85395137705831, 121.14752477680919, 191.86056870384, 114.95561592643524, -113.79972691854069, -130.0091145888579, 61.17253205906566]}, "Latent AR LinUCB s=2": {"actions": [1.0, 1.0, 0.0, 0.0, 0.0, 0.0, 0.0, 0.0, 0.0, 0.0, 0.0, 0.0, 0.0, 0.0, 0.0, 0.0, 0.0, 0.0, 0.0, 0.0, 0.0, 0.0, 0.0, 0.0, 0.0, 0.0, 0.0, 0.0, 0.0, 0.0, 0.0, 0.0, 0.0, 0.0, 0.0, 0.0, 0.0, 0.0, 0.0, 0.0, 0.0, 0.0, 0.0, 0.0, 0.0, 0.0, 0.0, 0.0, 0.0, 0.0, 0.0, 0.0, 0.0, 0.0, 0.0, 0.0, 0.0, 0.0, 0.0, 0.0, 0.0, 0.0, 0.0, 0.0, 0.0, 0.0, 0.0, 0.0, 0.0, 0.0, 0.0, 0.0, 0.0, 0.0, 0.0, 0.0, 0.0, 0.0, 0.0, 0.0, 0.0, 0.0, 0.0, 0.0, 0.0, 0.0, 0.0, 0.0, 0.0, 0.0, 0.0, 0.0, 0.0, 0.0, 0.0, 0.0, 0.0, 0.0, 0.0, 0.0, 0.0, 0.0, 0.0, 0.0, 0.0, 0.0, 0.0, 0.0, 0.0, 0.0, 0.0, 0.0, 0.0, 0.0, 0.0, 0.0, 0.0, 0.0, 0.0, 0.0, 0.0, 0.0, 0.0, 0.0, 0.0, 0.0, 0.0, 0.0, 0.0, 0.0, 0.0, 0.0, 0.0, 0.0, 0.0, 0.0, 0.0, 0.0, 0.0, 0.0, 0.0, 0.0, 0.0, 0.0, 0.0, 0.0, 0.0, 0.0, 0.0, 0.0, 0.0, 0.0, 0.0, 0.0, 0.0, 0.0, 0.0, 0.0, 0.0, 0.0, 0.0, 0.0, 0.0, 0.0, 0.0, 0.0, 0.0, 0.0, 0.0, 0.0, 0.0, 0.0, 0.0, 0.0, 0.0, 0.0, 0.0, 0.0, 0.0, 0.0, 0.0, 0.0, 0.0, 0.0, 0.0, 0.0, 0.0, 0.0, 0.0, 0.0, 0.0, 0.0, 0.0, 0.0, 0.0, 0.0, 0.0, 0.0, 0.0, 0.0],