{"Stationary": {"actions": [0.0, 1.0, 1.0, 1.0, 1.0, 1.0, 1.0, 1.0, 1.0, 1.0, 1.0, 1.0, 1.0, 1.0, 1.0, 1.0, 1.0, 1.0, 1.0, 1.0, 1.0, 1.0, 1.0, 1.0, 1.0, 1.0, 1.0, 1.0, 1.0, 1.0, 1.0, 1.0, 1.0, 1.0, 1.0, 1.0, 1.0, 1.0, 1.0, 1.0, 1.0, 1.0, 1.0, 1.0, 1.0, 1.0, 1.0, 1.0, 1.0, 1.0, 1.0, 1.0, 1.0, 1.0, 1.0, 1.0, 1.0, 1.0, 1.0, 1.0, 1.0, 1.0, 1.0, 1.0, 1.0, 1.0, 1.0, 1.0, 1.0, 1.0, 1.0, 1.0, 1.0, 1.0, 1.0, 1.0, 1.0, 1.0, 1.0, 1.0, 1.0, 1.0, 1.0, 1.0, 1.0, 1.0, 1.0, 1.0, 1.0, 1.0, 1.0, 1.0, 1.0, 1.0, 1.0, 1.0, 1.0, 1.0, 1.0, 1.0, 1.0, 1.0, 1.0, 1.0, 1.0, 1.0, 1.0, 1.0, 1.0, 1.0, 1.0, 1.0, 1.0, 1.0, 1.0, 1.0, 1.0, 1.0, 1.0, 1.0, 1.0, 1.0, 1.0, 1.0, 1.0, 1.0, 1.0, 1.0, 1.0, 1.0, 1.0, 1.0, 1.0, 1.0, 1.0, 1.0, 1.0, 1.0, 1.0, 1.0, 1.0, 1.0, 1.0, 1.0, 1.0, 1.0, 1.0, 1.0, 1.0, 1.0, 1.0, 1.0, 1.0, 1.0, 1.0, 1.0, 1.0, 1.0, 1.0, 1.0, 1.0, 1.0, 1.0, 1.0, 1.0, 1.0, 1.0, 1.0, 1.0, 1.0, 1.0, 1.0, 1.0, 1.0, 1.0, 1.0, 1.0, 1.0, 1.0, 1.0, 1.0, 1.0, 1.0, 1.0, 1.0, 1.0, 1.0, 1.0, 1.0, 1.0, 1.0, 1.0, 1.0, 1.0, 1.0, 1.0, 1.0, 1.0, 1.0, 1.0], "rewards": [-2110.8307010551703, 1956.914428272249, 1716.182746705976, 1609.9511873425706, 1408.4417817447277, 1385.4362808662145, 1209.035476466876, 1162.230146523301, 1167.633850192952, 958.7954069528054, 883.7332190442363, 752.2805450255247, 585.2882086251968, 560.3965453673973, 298.4640094608119, 329.1315786325434, 445.3689344014286, 375.0714834309863, 363.9945178667597, 255.24669223286296, 28.107180697368534, -46.858623701616295, 96.40927294544811, 8.551620383588425, -17.818519559830822, 65.2453974256866, 158.47965441034682, 117.07200951653013, 47.72326151298683, 227.63370053735804, 284.1574088867467, 397.2877362097378, 491.94628136380214, 323.764436082121, 397.79688000324137, 363.48399816516167, 179.46492257175169, 18.616989935775635, 53.10667335473745, 26.57208040352092, 60.573692391532035, 45.41080694122256, 326.49549052024145, 128.5234028274035, 42.33038566933685, -22.219135185188996, 97.19103026673956, 130.00496613973695, 59.423104944462125, 122.79807361358057, 162.48457806880864, 17.394216037673942, 31.98272655311688, 60.691872708475444, -4.7673871233903995, 16.97693228703836, -30.712182884833027, 47.228672201558794, -1.9179862407028079, -72.5984649045963, -50.87681159121827, -78.31202634329468, -51.6370110498864, -213.50121854674657, -165.62750777781622, -173.35853883463795, -189.47921089860893, -57.41903784381118, 9.79223433850481, 85.58227573945618, 183.33944835512887, 187.23129010797345, 345.13772127850996, 249.84863870065118, 303.1515122330867, 222.24037083692764, 263.34861612430115, 212.68238240960883, 174.01525762529937, 308.0494119681686, 79.22624490669979, 36.00710670464855, 137.82293649076354, -76.21261380975841, -77.38682049769675, -99.39993625584138, -3.945402622796042, -76.58357655898885, -127.76090220702058, -146.04975925256468, -310.74411859606187, -303.45765985842013, -279.587899410084, -318.7744522481504, -442.1317313769009, -327.20378898454123, -135.6113028621267, -196.9696989209095, -6.559847932002924, -92.75411963681812, -209.9865315664498, -162.64138209066215, -284.8936287445724, -408.60200835397916, -366.9225073803398, -404.5292661227349, -418.6361148737685, -460.8760695329841, -158.90605613126536, -177.52061303522586, -59.635471322922456, -125.59379168687752, -191.2477696792828, -92.16283017232337, -193.13780166040664, -204.18174054112205, -270.34339423167677, -366.7249139011865, -353.23535390277993, -354.9965269389306, -197.43476898691645, -201.27684339252448, -364.61219989116853, -440.59919894422865, -420.1821265926468, -340.88683464029975, -237.84821411411875, -322.59627127716914, -244.7347272249005, -279.86067805739407, -190.77519192938985, -287.32922713307266, -274.4431703419738, -389.76842363279303, -358.85227178210164, -272.5836161724333, -182.68042013496358, -126.61390776953854, -59.010698307075714, -194.47122723306134, -212.3398435715745, 25.571200397923693, 75.76207957841393, 296.5579951219648, 475.1382625813296, 362.2735993788725, 404.8704944239271, 410.4381498692906, 545.489180467333, 477.97173340162425, 399.9492882139723, 279.7485094454803, 269.02812846841425, 301.19933057831, 359.83289876659865, 296.28648849505623, 220.09011892543862, 129.66945337470128, 228.70331360614526, 16.865687782603047, 32.413304218927784, -1.0513474078140557, -206.02356886070132, -160.5077091885979, -192.47341341143525, -187.49376310571512, -159.7364263289836, -186.47624363769708, -307.22545921763157, -208.35895820168707, -289.5873986225206, -283.38096382433537, -247.80951889832605, -334.2702787426656, -288.41197067001593, -244.24221097620935, -322.55461767069295, -306.39956169425534, -253.5814233560284, -367.1979719015448, -293.3221536438276, -61.25348621897085, 119.51421037956308, 87.40860317299777, 235.40377084710076, 161.67942730651433, 82.88111584964342, 46.59126176435034, -28.437948127424423, 133.9607880139478, 136.78748531660838, 228.2614570110811, 47.01555086493773, -168.67361361836157, -166.63990129250004, -242.99700154756994, -70.66621357355781, 6.935494139610597, -114.29039646147967, -284.24464666829294]}, "Latent AR LinUCB s=2": {"actions": [0.0, 1.0, 1.0, 1.0, 1.0, 1.0, 1.0, 1.0, 1.0, 1.0, 1.0, 1.0, 1.0, 1.0, 1.0, 1.0, 1.0, 1.0, 1.0, 1.0, 1.0, 1.0, 1.0, 1.0, 1.0, 1.0, 1.0, 1.0, 1.0, 1.0, 1.0, 1.0, 1.0, 1.0, 1.0, 1.0, 1.0, 1.0, 1.0, 1.0, 1.0, 1.0, 1.0, 1.0, 1.0, 1.0, 1.0, 1.0, 1.0, 1.0, 1.0, 1.0, 1.0, 1.0, 1.0, 1.0, 1.0, 1.0, 1.0, 1.0, 1.0, 1.0, 1.0, 1.0, 1.0, 1.0, 1.0, 1.0, 1.0, 1.0, 1.0, 1.0, 1.0, 1.0, 1.0, 1.0, 1.0, 1.0, 1.0, 1.0, 1.0, 1.0, 1.0, 1.0, 1.0, 1.0, 1.0, 1.0, 1.0, 1.0, 1.0, 1.0, 1.0, 1.0, 1.0, 1.0, 1.0, 1.0, 1.0, 1.0, 1.0, 1.0, 1.0, 1.0, 1.0, 1.0, 1.0, 1.0, 1.0, 1.0, 1.0, 1.0, 1.0, 1.0, 1.0, 1.0, 1.0, 1.0, 1.0, 1.0, 1.0, 1.0, 1.0, 1.0, 1.0, 1.0, 1.0, 1.0, 1.0, 1.0, 1.0, 1.0, 1.0, 1.0, 1.0, 1.0, 1.0, 1.0, 1.0, 1.0, 1.0, 1.0, 1.0, 1.0, 1.0, 1.0, 1.0, 1.0, 1.0, 1.0, 1.0, 1.0, 1.0, 1.0, 1.0, 1.0, 1.0, 1.0, 1.0, 1.0, 1.0, 1.0, 1.0, 1.0, 1.0, 1.0, 1.0, 1.0, 1.0, 1.0, 1.0, 1.0, 1.0, 1.0, 1.0, 1.0, 1.0, 1.0, 1.0, 1.0, 1.0, 1.0, 1.0, 1.0, 1.0, 1.0, 1.0, 1.0, 1.0, 1.0, 1.0, 1.0, 1.0, 1.0, 1.0, 1.0, 1.0, 1.0, 1.0, 1.0],