{"Stationary": {"actions": [1.0, 1.0, 1.0, 1.0, 1.0, 1.0, 1.0, 1.0, 1.0, 1.0, 1.0, 1.0, 1.0, 1.0, 1.0, 1.0, 1.0, 1.0, 1.0, 1.0, 1.0, 1.0, 1.0, 1.0, 1.0, 1.0, 1.0, 1.0, 1.0, 1.0, 1.0, 1.0, 1.0, 1.0, 1.0, 1.0, 1.0, 1.0, 1.0, 1.0, 1.0, 1.0, 1.0, 1.0, 1.0, 1.0, 1.0, 1.0, 1.0, 1.0, 1.0, 1.0, 1.0, 1.0, 1.0, 1.0, 1.0, 1.0, 1.0, 1.0, 1.0, 1.0, 1.0, 1.0, 1.0, 1.0, 1.0, 1.0, 1.0, 1.0, 1.0, 1.0, 1.0, 1.0, 1.0, 1.0, 1.0, 1.0, 1.0, 1.0, 1.0, 1.0, 1.0, 1.0, 1.0, 1.0, 1.0, 1.0, 1.0, 1.0, 1.0, 1.0, 1.0, 1.0, 1.0, 1.0, 1.0, 1.0, 1.0, 1.0, 1.0, 1.0, 1.0, 1.0, 1.0, 1.0, 1.0, 1.0, 1.0, 1.0, 1.0, 1.0, 1.0, 1.0, 1.0, 1.0, 1.0, 1.0, 1.0, 1.0, 1.0, 1.0, 1.0, 1.0, 1.0, 1.0, 1.0, 1.0, 1.0, 1.0, 1.0, 1.0, 1.0, 1.0, 1.0, 1.0, 1.0, 1.0, 1.0, 1.0, 1.0, 1.0, 1.0, 1.0, 1.0, 1.0, 1.0, 1.0, 1.0, 1.0, 1.0, 1.0, 1.0, 1.0, 1.0, 1.0, 1.0, 1.0, 1.0, 1.0, 1.0, 1.0, 1.0, 1.0, 1.0, 1.0, 1.0, 1.0, 1.0, 1.0, 1.0, 1.0, 1.0, 1.0, 1.0, 1.0, 1.0, 1.0, 1.0, 1.0, 1.0, 1.0, 1.0, 1.0, 1.0, 1.0, 1.0, 1.0, 1.0, 1.0, 1.0, 1.0, 1.0, 1.0, 1.0, 1.0, 1.0, 1.0, 1.0, 1.0], "rewards": [-1282.3881422417887, -1084.961822801475, -1042.3387355492907, -793.7649355184578, -685.7050603210887, -684.0884360001778, -503.35247850309094, -733.8919274533623, -559.2529615031995, -545.658161018002, -443.27934649606635, -526.6705534029256, -472.8009005994449, -347.0471149175878, -560.5252496871111, -330.34667606899103, -239.6388946557691, -325.8096430897098, -339.33810246494124, -317.69332071854365, -205.02807917709583, -195.28818862187856, -151.67541283006952, -158.91966461208602, -239.29546156519112, -246.32041232912655, -318.2605854606622, -246.120654618185, -341.6806231500842, -223.32438933419508, -143.55156263742273, -162.17943525964387, -283.9335734125083, -222.0688341214246, -172.67064836993373, 85.70605512381624, 106.25420056057733, -13.42550694197911, 197.0674850846003, 209.6968151438317, 193.2910596733264, 96.52278371905493, 158.8214346013678, 277.03689272973105, 282.8416037942431, 239.69523532947798, 149.00401623230337, 219.96100345790575, 51.76409873979638, 58.47961065559753, 197.21886596380511, 8.552474437461935, 247.84894630288892, 20.625258009682238, -118.42584213007578, -133.3347399323489, -53.46682999232859, 102.88966548750545, 283.66058409246995, 267.1304764712506, 261.24041887374005, 322.8632526848526, 248.64223095283685, 143.53306750990455, 151.46495939356447, 72.81288832696467, -55.589692102519244, 33.455588764612116, 34.112489440811274, 60.60205652112721, -1.6636478347639532, 267.636204387044, 375.4816022284471, 433.785732908436, 347.9571425483791, 375.01857245857053, 444.22412927422954, 562.3052223020177, 471.2396782015304, 468.79694270619683, 447.3126951264475, 438.56317666571204, 551.9811789554836, 474.80048466338053, 356.1169286920103, 346.82178811713067, 380.7724985701396, 343.8413760689692, 370.99336484553567, 389.1885457953056, 327.0379098303174, 302.685169067593, 291.06505570820576, 232.08278631251352, 212.29506184343876, 117.90979419617051, 15.191992664297896, -50.18876132935608, -61.29276613545353, -131.00034383623077, -270.83068875989443, -304.8198002671529, -173.66141101772826, -48.980970343453436, -248.8262674567489, -205.74272437037607, -183.3581952451945, -75.93098219964725, -52.31615218807053, -62.08384873151236, -161.09880424971774, -352.56053521463724, -345.92342483493377, -399.2792740771001, -235.99136288105348, -308.77004958399493, -160.41832692911657, -220.73925183704378, -265.55809192461356, -316.2502314087092, -317.29110762610196, -21.290877907485175, -55.42084726223359, -72.22816446810216, 62.98673032491753, -15.278520257049506, -77.47558901984922, -132.8752832892045, -108.66084405637001, 45.36714432168021, -29.257542904010712, -124.53973900564, -163.89524475566995, -96.28188506386181, 4.385332097590254, -165.52131450968812, -64.9885877757723, -59.66357718683665, 160.11166965768626, 62.99553666557558, 31.988815219273018, 86.54139429234823, 202.7000323076026, 105.38700776800846, 29.286556812229875, 64.19552484579944, 303.12121366743537, 320.06445606811224, 154.91395075273078, 173.74110551953345, 151.27468137725955, 186.76803905478698, 97.2785829980306, 72.3495094724606, 34.67918114598387, 135.2932249927042, 213.54142306864964, 316.2112101667924, 298.07677084116364, 289.35717398777575, 212.72554504017404, 161.01514119122893, 193.21835388334836, 299.96727290898104, 305.1570685320676, 192.2693563921639, 69.42960607080569, 15.9296451379668, 52.35285987362895, 80.35331095172927, 1.3586868049321015, 136.38613160012204, 1.8608827102744958, 35.87229086614782, -171.79493004494995, -255.61881089860796, -215.3224564979892, -35.53129582035014, -26.585593787407955, -36.075093010008786, -9.293694434483273, 61.42288196650464, 114.83169940745412, 60.28176358645341, 141.16502635833533, 302.8509523661427, 54.003824139393735, 125.21416889415835, 54.031970790340765, 182.31710589766618, 152.01031336977516, 211.929790031944, 284.85394637719196, 297.0321277789377, 332.0165257512606, 283.02104356983, 366.24128526571985, 326.5861105054166, 357.659994506054, 280.3285037411992]}, "Latent AR LinUCB s=2": {"actions": [1.0, 0.0, 0.0, 0.0, 0.0, 0.0, 0.0, 0.0, 0.0, 0.0, 0.0, 0.0, 0.0, 0.0, 0.0, 0.0, 0.0, 0.0, 0.0, 0.0, 0.0, 0.0, 0.0, 0.0, 0.0, 0.0, 0.0, 0.0, 0.0, 0.0, 0.0, 0.0, 0.0, 0.0, 0.0, 0.0, 0.0, 0.0, 0.0, 0.0, 0.0, 0.0, 0.0, 0.0, 0.0, 0.0, 0.0, 0.0, 0.0, 0.0, 0.0, 0.0, 0.0, 0.0, 0.0, 0.0, 0.0, 0.0, 0.0, 0.0, 0.0, 0.0, 0.0, 0.0, 0.0, 0.0, 0.0, 0.0, 0.0, 0.0, 0.0, 0.0, 0.0, 0.0, 0.0, 0.0, 0.0, 0.0, 0.0, 0.0, 0.0, 0.0, 0.0, 0.0, 0.0, 0.0, 0.0, 0.0, 0.0, 0.0, 0.0, 0.0, 0.0, 0.0, 0.0, 0.0, 0.0, 0.0, 0.0, 0.0, 0.0, 0.0, 0.0, 0.0, 0.0, 0.0, 0.0, 0.0, 0.0, 0.0, 0.0, 0.0, 0.0, 0.0, 0.0, 0.0, 0.0, 0.0, 0.0, 0.0, 0.0, 0.0, 0.0, 0.0, 0.0, 0.0, 0.0, 0.0, 0.0, 0.0, 0.0, 0.0, 0.0, 0.0, 0.0, 0.0, 0.0, 0.0, 0.0, 0.0, 0.0, 0.0, 0.0, 0.0, 0.0, 0.0, 0.0, 0.0, 0.0, 0.0, 0.0, 0.0, 0.0, 0.0, 0.0, 0.0, 0.0, 0.0, 0.0, 0.0, 0.0, 0.0, 0.0, 0.0, 0.0, 0.0, 0.0, 0.0, 0.0, 0.0, 0.0, 0.0, 0.0, 0.0, 0.0, 0.0, 0.0, 0.0, 0.0, 0.0, 0.0, 0.0, 0.0, 0.0, 0.0, 0.0, 0.0, 0.0, 0.0, 0.0, 0.0, 0.0, 0.0, 0.0, 0.0, 0.0, 0.0, 0.0, 0.0, 0.0],