{"k": 5, "sigma_z": 1, "mean reward 1": [-1476.253247127857, 180.3640629778313, -252.51832340965657, -2357.919534097992, 466.2556536985888, -532.66393499369, 122.27751115891449, 103.38096103105174, 355.64516082815345, -97.24898915827322, 61.219044367336025, -158.90035067389422, 164.55378376881123, -95.72586562687474, 53.93371690490261, -44.51500984892131, 67.19502466849418, -281.82998103950376, 79.18266813080295, -40.786553742197015, -32.01918016143189, -83.58940569287316, 7.115433992441162, -120.04822834999614, -20.14563204037769, 101.90608036221074, -77.75565674587872, 145.2846097650625, -81.54276886866066, 70.39891541473212, -4.6048002699497435, 8.396241692332723, 63.56233866420741, 50.946190615350936, 183.5899859597418, 21.57882140475155, 156.64884244085533, -60.93675426032458, 24.681672683476368, -151.82775831628425, 75.44505700581273, -235.02324808614537, 168.32945887309253, -296.2645573547332, 21.40921930757567, 14.477738199978784, -7.710620505460694, 115.77191217749383, -116.99620811496456, -98.35799445181968, 43.72900192781166, -94.75685647675458, -42.196253233159084, 33.87879132692625, 124.70259974401516, 4.1653444689782475, 233.35963785864098, -5.54436971409063, 99.38408694428861, -92.2160827888522, -97.57706697214621, -37.47206111484979, 93.22489867585558, 51.805268627136726, 81.53530628596599, 83.52200860903241, 215.18063955034413, -38.67102926545465, 203.0168867076931, 12.206026383973246, -156.69932148662852, -118.77381602472545, -67.3707304230379, -106.26694632406124, -49.37171282882096, -129.03685585986784, -62.45431164578976, 8.530179098600952, 28.055107309689696, 23.22300350089981, -41.37371565723867, 15.296684786594147, 87.97408353217804, -29.59507000866824, 67.43870202709745, -20.198978143295935, 45.941090851137076, -109.53104683573251, -163.3834249476962, -98.12618652227778, -41.31236287742003, 11.383131455131569, 12.419025905473928, 63.56462041167019, 52.900260854037164, -146.83363603924556, -28.944406047096134, -96.43692862730688, -164.83239932087025, -103.47750390172496, -90.85969173626914, 44.75298252507416, -234.2691114295137, 69.95016737983826, 57.64724657452758, 67.92954948349184, 178.17092385145062, 141.72375023742273, 110.47936161229448, -170.58039493105898, -1.7828411357589502, -89.2047388450641, -92.13471789765725, -20.857616837718773, 7.007216916099631, -8.864089865323933, -43.13714406095342, -144.29488866386575, -95.39989450244826, -230.59842069671328, 33.205274722613055, -37.346740704749905, -145.37848032642788, 57.20907107798118, 52.51576989824822, 111.15973342893079, -7.714281453107002, 125.69969547044255, -128.63133069588653, 61.22558463532046, -165.6989760383973, -209.69912742883227, -194.86704412229133, -44.572315203713956, -138.42671726838853, 160.1482881624789, 95.45343637750203, -33.25598790449931, 1.5198031344042073, 99.2214268461115, -152.3276356425002, 82.21184515222784, -113.97393930738554, -26.161088372407733, 119.2574056378744, 106.59110944826351, 273.1495071370609, -63.49328214079652, 133.1465436027474, -36.122582499229495, 8.663154996197681, 67.69678679696035, 130.60838376579608, -77.92443905671594, 110.91007657657971, -32.41522935118443, -55.67746180284613, 28.924261592786067, -55.85279360428596, 142.02767796129697, -48.8931726032356, -128.50587484400063, -28.318824204588193, -119.76729210626233, -85.0991580064661, -146.31412417737474, -83.29495480302799, -46.27260164816512, 162.63474566663882, 143.4337885400919, 151.82214685746962, 215.13929867648383, 147.68547742450534, 3.9031341799681596, -43.281968793250606, -46.2025774634207, 22.48001463497815, -85.98428155713391, 100.73715392687555, -186.0748160892327, 9.54740229149592, -17.069920086845052, -83.96646534523204, -99.70177139076897, 89.26728755654364, -30.3678145425016, -7.772542039103408, 70.45418490996622, -130.7281652315781, -6.228485183101368, -133.91840027613205, -4.394090231108738, -33.42520686704848, 4.752477817386006, 10.18779064929672, 63.93906897702508, 78.27120033770795, 2.9103691011517165, 111.32168969686767, 81.25102082388712],