{"k": 5, "sigma_z": 1, "mean reward 1": [1073.770970132753, -215.60334986214477, 305.43715767004863, 1681.410559672652, -599.9922798940291, 528.5678402730963, -156.08145886703088, -174.82368917521387, -251.59347269573712, -21.320367319363154, -251.34496119106103, 107.70659262871354, -48.61130559915689, 159.13139887521447, 2.780341407215602, -37.42748823285811, -151.85919757849734, 112.38879842906691, -34.901503925130505, 21.288779923452612, -15.11839680982147, -57.92254302460591, 93.13071690029349, -16.17097394760699, 127.17685551702505, -46.3228474544554, -36.216937933037876, -85.05881030826163, -115.32373027562241, 27.77514033391747, -92.33638848903769, -13.787416382993372, -48.20900477670499, -42.82787335118521, 86.48726913964246, -40.744221035488195, 0.3442827944974358, 202.47986673480875, -127.58081924175882, 61.874578513466716, -176.33972302204262, -18.179220036177547, 101.81819580120587, -87.5406431696338, 0.8796899117568535, -14.60957209708423, -114.7508384889443, -116.10827341321487, 3.5974759777263166, -145.8938559687315, -19.451694008094456, -134.13073733076948, -0.7765367626986874, 73.01610652264195, 23.93320972489854, -0.9712220128722082, -13.405617582781904, 84.40332841802373, -106.49269318903958, -58.76939806325845, -196.64604427403953, -98.65664842302823, -248.4261444684983, 34.204225577945756, -127.93833324121007, 65.83443610854135, 118.8235249432659, 127.45293874137013, 20.684554055684533, 232.00124933380675, -2.549985699111268, 145.29826095676012, 40.85794556816077, 190.05687081017751, -197.9619352519874, 138.57956759963938, -226.71104998558675, 105.41579437653861, 51.64640366398452, 8.276897373077496, 46.97601459477576, 45.80358736889343, -46.13835114207049, 112.31251418815005, 6.062055977418296, 232.70467536050253, -24.67077887203113, 367.3300245441321, -150.21096192027048, 248.8302773690859, -137.46279731547602, -91.71436719730383, 8.773969194255205, -28.534452924789793, -30.457646635310955, -52.26913804326041, -5.516239589321698, -14.893011896976088, 6.032740048397759, 163.32105283172584, 15.763687944783317, 36.06443616620318, -4.790193519366276, 110.08950775542044, -329.7617653570641, 154.16103001495415, -300.95739218733064, -10.145487833916844, -241.02785688656994, 131.5861374403351, 58.0830983753333, -11.511960813791855, 155.093482954257, 76.73162717801813, -104.04139282927176, 210.28951251743112, -92.36251694579389, 110.40767998295884, -43.55831419985737, 190.60607903330006, -71.84547010915367, 207.48659823053802, -108.82161576581937, 85.87688510729166, -175.80606104861255, 150.13584806991662, -14.27345642954041, 110.91345686591501, 40.99815377831371, 64.96277974453903, 38.9890901816745, 89.64586510135096, -1.9065296370922802, -13.602084711304146, 20.185560457272476, -208.00494842037546, -80.7785818120407, -70.61993139706703, 70.08825748490696, -211.32288437454267, 110.763221722578, -28.01082323568927, 14.277233726811254, -67.03073844825077, 5.267012849039599, -113.39340930763248, -62.73398043031811, 96.07072766733688, -146.21663722763657, 130.76113477457102, -67.04379243761568, 106.43582758949277, 35.71195512304331, 104.0455446350463, -66.41017063481152, 54.52133294067594, -8.011714118761814, 71.82229212801407, -85.11783187974389, 185.34040807594215, 9.748015014063638, 148.541692883033, 109.94997072934338, -29.322760312121954, -24.217459983798307, -37.766327182920136, 11.054763867449225, -122.20203054822001, 51.93147142248983, -198.34669664749285, 75.24212250783151, -125.76233576027738, 39.93931821674317, -106.95203797393806, 88.07431763502156, -205.7734576745221, 95.7870917000651, -69.3951394267395, 94.18234903243142, -199.171163880813, 286.85137511451956, -149.89473996892667, -104.949684499163, -80.89674823120687, -67.85562053459321, -65.13178550793585, 68.4426410403816, -243.29014940165936, 2.188492142263665, -105.38772419377247, -150.17860291495805, -55.76648491094196, 91.00096149658191, -143.6030928764344, 49.63136089212351, 7.541417310088805, -1.3532670193634884, -44.00848615200951, -71.99632308793795, 19.725884578836506],