{"Stationary": {"actions": [1.0, 0.0, 1.0, 1.0, 0.0, 0.0, 0.0, 0.0, 0.0, 0.0, 0.0, 0.0, 0.0, 0.0, 0.0, 0.0, 0.0, 0.0, 0.0, 0.0, 0.0, 0.0, 0.0, 0.0, 0.0, 0.0, 0.0, 0.0, 0.0, 0.0, 0.0, 0.0, 0.0, 0.0, 0.0, 0.0, 0.0, 0.0, 0.0, 0.0, 0.0, 0.0, 0.0, 0.0, 0.0, 0.0, 0.0, 0.0, 0.0, 0.0, 0.0, 0.0, 0.0, 0.0, 0.0, 0.0, 0.0, 0.0, 0.0, 0.0, 0.0, 0.0, 0.0, 0.0, 0.0, 0.0, 0.0, 0.0, 0.0, 0.0, 0.0, 0.0, 0.0, 0.0, 0.0, 0.0, 0.0, 0.0, 0.0, 0.0, 0.0, 0.0, 0.0, 0.0, 0.0, 0.0, 0.0, 0.0, 0.0, 0.0, 0.0, 0.0, 0.0, 0.0, 0.0, 0.0, 0.0, 0.0, 0.0, 0.0, 0.0, 0.0, 0.0, 0.0, 0.0, 0.0, 0.0, 0.0, 0.0, 0.0, 0.0, 0.0, 0.0, 0.0, 0.0, 0.0, 0.0, 0.0, 0.0, 0.0, 0.0, 0.0, 0.0, 0.0, 0.0, 0.0, 0.0, 0.0, 0.0, 0.0, 0.0, 0.0, 0.0, 0.0, 0.0, 0.0, 0.0, 0.0, 0.0, 0.0, 0.0, 0.0, 0.0, 0.0, 0.0, 0.0, 0.0, 0.0, 0.0, 0.0, 0.0, 0.0, 0.0, 0.0, 0.0, 0.0, 0.0, 0.0, 0.0, 0.0, 0.0, 0.0, 0.0, 0.0, 0.0, 0.0, 0.0, 0.0, 0.0, 0.0, 0.0, 0.0, 0.0, 0.0, 0.0, 0.0, 0.0, 0.0, 0.0, 0.0, 0.0, 0.0, 0.0, 0.0, 0.0, 0.0, 0.0, 0.0, 0.0, 0.0, 0.0, 0.0, 0.0, 0.0, 0.0, 0.0, 0.0, 0.0, 0.0, 0.0], "rewards": [-717.3087258936421, -1092.577442978053, 477.2070741449239, -917.9829573556847, -199.9255062719509, 339.4425423787223, 106.47519361578614, 10.09108541519001, -235.73337768036413, -156.67471582167144, -28.685674861044145, -264.8615440397369, 187.46525723718474, -88.16914052314522, 75.97807706788664, 71.74437054761262, -91.89154094662467, 78.29853699332031, -145.48960957754903, -2.337491702991305, -111.65820849434425, 76.05492581056053, -125.66545209858911, 233.11114275468793, -215.91017078102686, 122.11389994189119, -75.34559062894677, 99.34140139283272, -63.40525967029621, 87.02650052058368, -90.67434593863469, 46.76518024665693, -94.96249693734175, 245.35704885560708, -121.35231014470969, 197.95205919103014, -175.63013885523642, 42.6956643021527, -1.699862239197113, 100.37703769674785, 25.473526281411324, 9.786814710291363, 123.61708455593423, 182.05092889227546, -186.5546708200354, 143.51626532575474, 16.62981363638003, 57.68483181884456, 36.47923194753848, -21.86039177428762, -90.55634783103329, -39.02744984043849, -245.6159887700947, -68.23108256432165, 41.84858462819443, -167.52854745164998, 190.73845209000126, -30.95058087409164, 19.717566775868207, 313.2887953808438, -52.224519512324825, 223.39528421650076, -64.28886778761279, -89.98930508103098, 45.09694125588753, -233.1501052694779, 97.60499525411831, -70.62305122106524, -0.5616856976912574, 45.22266906390364, -21.313760782444387, -78.09163892703017, 41.20633566369184, -22.972049609147348, 32.14950076253388, 123.89237548542934, -15.359533607525819, -138.31944946320831, 316.0328670499766, -180.14267838923897, 132.65924730252456, -56.06709786876076, 42.56176536246805, -141.16432458624942, 16.30870979404171, -297.5253039134092, 55.269530299556045, -215.63820532115403, 95.83538647909717, -94.41209363752165, 148.08488956386887, 110.67784493069577, 136.89717375292585, -54.29204863573933, -58.17654576869245, -88.38003006538825, -83.57606748878858, 127.40451278658212, 125.03356704230757, -162.2956837427027, 33.15530413510719, 40.594616464819026, -163.62470818468893, -13.953792562372849, 32.57333904307826, -55.4522866109766, -144.12451235040643, 17.13177578160125, -30.09355288825055, 115.70713227113112, 23.457048552683855, 155.71079117341728, -114.44754566667741, 187.0288281515784, -44.500536088437116, -25.820434299608827, 128.59873894562182, -54.35114530415436, 130.42891887403667, 33.873221464269896, -2.991270086261725, -4.214684344794598, -0.7339087301281165, -105.18976173107585, -71.33694657993753, 148.63556116422276, -14.021800371298074, 35.468516302088446, 60.23128030874552, -38.405666633172565, 1.1517798786909998, 24.78569130856733, -79.2013001709447, 116.13965010986321, 16.2062671798025, 2.038030747426745, 111.01831916418783, 161.91560425900013, 53.56490892797242, -65.96272311799319, -6.594730046103934, -156.02159589429007, -202.6471243762945, 17.877972441435634, 42.67933014557011, -85.56589044913623, 195.6292280402339, 29.040720091019338, 48.09042005681498, 225.48698949616082, -74.54457912493868, 106.17105722325076, -150.0917891973041, -133.23347430222802, 48.99764430695541, 68.47467496422531, 240.97416621979738, 51.80495837029039, -18.45181822281025, -29.646590181461082, 40.7221756324797, -61.66915347877703, 20.364294326482973, 61.49305022214092, -152.08107579271126, 71.01467173196934, 145.49909206170034, -63.8297774603512, 165.60683876082706, -87.04170411181896, 17.05159518597698, 172.25606081909453, -12.18579809540685, 24.21019167616081, -54.728718539402614, 218.9011697534667, -17.113103743026148, -240.8103956478917, 120.42037486573656, -158.8356960174497, 11.54068279502744, -124.459909902729, 163.80416384427014, 9.793575151773824, 210.21612378280798, -22.25268179109441, 24.98062318381118, -60.32487484531552, 86.95380847449796, 6.6795656714601925, -31.070615480963514, -128.90738192631918, -132.77567687764744, 10.602173244342039, -75.47814491345166, 103.67631875788003, -21.79860856512144, 157.38613141369945, 56.934589336331065, -99.18417198660244]}, "Latent AR LinUCB s=2": {"actions": [1.0, 0.0, 0.0, 1.0, 1.0, 0.0, 1.0, 0.0, 0.0, 0.0, 1.0, 0.0, 1.0, 0.0, 1.0, 1.0, 0.0, 1.0, 1.0, 1.0, 0.0, 1.0, 0.0, 0.0, 0.0, 0.0, 1.0, 0.0, 0.0, 1.0, 0.0, 1.0, 0.0, 1.0, 0.0, 1.0, 1.0, 0.0, 1.0, 0.0, 1.0, 1.0, 1.0, 0.0, 1.0, 1.0, 0.0, 1.0, 0.0, 0.0, 0.0, 1.0, 0.0, 1.0, 0.0, 0.0, 1.0, 1.0, 1.0, 1.0, 0.0, 1.0, 0.0, 0.0, 0.0, 1.0, 0.0, 1.0, 0.0, 1.0, 0.0, 1.0, 1.0, 1.0, 0.0, 1.0, 1.0, 1.0, 0.0, 1.0, 1.0, 0.0, 1.0, 0.0, 0.0, 1.0, 0.0, 1.0, 0.0, 1.0, 0.0, 1.0, 0.0, 1.0, 0.0, 1.0, 1.0, 0.0, 0.0, 0.0, 1.0, 0.0, 0.0, 1.0, 1.0, 1.0, 1.0, 0.0, 0.0, 0.0, 1.0, 0.0, 1.0, 0.0, 1.0, 0.0, 1.0, 0.0, 1.0, 0.0, 1.0, 0.0, 1.0, 0.0, 1.0, 0.0, 1.0, 1.0, 0.0, 1.0, 0.0, 1.0, 1.0, 0.0, 0.0, 1.0, 1.0, 1.0, 0.0, 0.0, 1.0, 1.0, 1.0, 0.0, 0.0, 0.0, 0.0, 1.0, 0.0, 1.0, 1.0, 0.0, 1.0, 1.0, 0.0, 1.0, 0.0, 0.0, 1.0, 1.0, 0.0, 0.0, 1.0, 1.0, 1.0, 0.0, 1.0, 1.0, 0.0, 1.0, 1.0, 0.0, 1.0, 0.0, 1.0, 1.0, 1.0, 0.0, 1.0, 0.0, 1.0, 0.0, 1.0, 0.0, 1.0, 0.0, 1.0, 0.0, 1.0, 0.0, 0.0, 1.0, 1.0, 1.0, 0.0, 1.0, 0.0, 1.0, 0.0, 1.0],