{"Stationary": {"actions": [1.0, 1.0, 0.0, 1.0, 0.0, 0.0, 0.0, 0.0, 0.0, 0.0, 0.0, 0.0, 0.0, 0.0, 0.0, 0.0, 0.0, 0.0, 0.0, 0.0, 0.0, 0.0, 0.0, 0.0, 0.0, 0.0, 0.0, 0.0, 0.0, 0.0, 0.0, 0.0, 0.0, 0.0, 0.0, 0.0, 0.0, 0.0, 0.0, 0.0, 0.0, 0.0, 0.0, 0.0, 0.0, 0.0, 0.0, 0.0, 0.0, 0.0, 0.0, 0.0, 0.0, 0.0, 0.0, 0.0, 0.0, 0.0, 0.0, 0.0, 0.0, 0.0, 0.0, 0.0, 0.0, 0.0, 0.0, 0.0, 0.0, 0.0, 0.0, 0.0, 0.0, 0.0, 0.0, 0.0, 0.0, 0.0, 0.0, 0.0, 0.0, 0.0, 0.0, 0.0, 0.0, 0.0, 0.0, 0.0, 0.0, 0.0, 0.0, 0.0, 0.0, 0.0, 0.0, 0.0, 0.0, 0.0, 0.0, 0.0, 0.0, 0.0, 0.0, 0.0, 0.0, 0.0, 0.0, 0.0, 0.0, 0.0, 0.0, 0.0, 0.0, 0.0, 0.0, 0.0, 0.0, 0.0, 0.0, 0.0, 0.0, 0.0, 0.0, 0.0, 0.0, 0.0, 0.0, 0.0, 0.0, 0.0, 0.0, 0.0, 0.0, 0.0, 0.0, 0.0, 0.0, 0.0, 0.0, 0.0, 0.0, 0.0, 0.0, 0.0, 0.0, 0.0, 0.0, 0.0, 0.0, 0.0, 0.0, 0.0, 0.0, 0.0, 0.0, 0.0, 0.0, 0.0, 0.0, 0.0, 0.0, 0.0, 0.0, 0.0, 0.0, 0.0, 0.0, 0.0, 0.0, 0.0, 0.0, 0.0, 0.0, 0.0, 0.0, 0.0, 0.0, 0.0, 0.0, 0.0, 0.0, 0.0, 0.0, 0.0, 0.0, 0.0, 0.0, 0.0, 0.0, 0.0, 0.0, 0.0, 0.0, 0.0, 0.0, 0.0, 0.0, 0.0, 0.0, 0.0], "rewards": [-641.6944073163296, 238.5685812789275, -293.2767419920328, 705.0123347842864, 690.8664553048715, -647.4669235762112, 411.5499182932492, -91.88308973570952, 175.8633442639166, -73.90826114920763, 204.0666259471771, -324.7234813081703, 112.890294287057, -103.67401046351469, -106.04503445579891, 75.64443322406414, 10.640899033916735, 11.236356451952972, -9.219209577779592, -19.557225156512008, 114.76246117087697, -43.815395870038316, 105.23725356338805, -141.55540126710005, -16.040692080506183, -209.4398680831794, 33.40377360462332, -53.423218366075346, 86.09088276469673, 97.85371034929737, 103.90094471267783, 107.66539261077612, 53.91116479113167, 88.30510120969711, 98.67617664660403, 129.82238719621307, 75.25562811645423, -98.82186455922361, 74.81337320001926, -188.79540158855679, -194.78120262991936, -89.06492924941188, -61.971631946603054, -107.25210620993036, 7.523971597219296, -65.6424131302989, -257.02296236600165, 89.36902807825717, -169.79384853059457, 94.05472719098545, -45.92166054642964, 150.56069979929148, 44.16189256314408, -30.53055768789751, -153.721917811871, 117.71251281073872, -148.25724968876958, 83.35194175814574, -113.5955827198971, 244.90040182967388, -186.85361233050855, 310.22482230425993, -31.598893599328573, 320.09238876186413, -156.49166261522112, 201.61858884735375, -7.789693614588427, -22.942559253132664, -145.9229289891731, 162.5655696753397, -285.85914246629665, 133.5385585456277, -23.944329989195992, 26.840492001387126, -141.00160161309944, 147.62066488526483, 3.27855836232483, 187.64430054694387, 38.22065991378468, 133.2818162465044, 30.652357082716605, 67.90093991707911, -58.53740320037451, -41.213425669072, 36.13525668115438, -57.57172178493991, -51.059562452214024, 27.380813288815194, -278.52033092551045, -16.47883355468483, -38.69578691273126, 94.03827043744344, 7.955555122121899, 90.06803203702367, -192.57728721632162, 173.29211881239664, -251.80981126686518, 136.97868283071068, 103.01244628837688, 169.8339762460424, -95.12823151873933, 86.64166668674262, -6.717749166950534, 43.48074527006499, 53.702879752799866, 0.3180722581152781, -66.21900449936645, -135.66235571934223, -47.726664027519156, -29.796835921219834, 66.4112765496973, 77.1381699495395, -28.653097938400638, 54.5509458000824, 26.716676540470445, 19.722039660112365, -75.42545615518141, 82.04445597880874, 92.11353580713164, -107.50698728495082, 18.14048042190695, -14.197154118031554, -3.820906342739845, 164.6035888565957, 155.97652413358364, -163.06504537008934, 55.675489280905325, 52.89482875095026, 104.45728447908547, 39.26171512540778, -30.85469552963292, -149.89296105385654, 5.67887491979867, -219.59869271116523, 2.6749852217422556, -35.31909338691132, 204.6952946305598, -105.77797137407221, 285.35781757993453, -77.79233797742101, -51.64811548195577, -66.63010912604035, -64.6834145350675, -157.4913232459553, -38.92565437577095, 17.478312802282584, -59.77896034928901, 203.23316763573797, 14.705428708533043, -21.67733885353359, 9.278788960433634, 111.88455496958962, -101.40976680886301, 111.98809545266143, -79.47995141103588, -12.238690695334238, 55.35410419361729, 189.5012191317137, -41.95232107469284, 282.7575346662291, 77.50139830558629, 96.64125046947957, 47.79034947890768, 116.0316946621327, -141.62123909806675, 11.441504483029622, 21.965470280338288, -129.31745874759278, -90.26835553270068, -27.053788899587836, 197.30019566232778, 92.77849275503925, 107.41803117121367, -44.41343067439429, 45.769640612865565, 10.812420988983071, 36.48886269573914, -47.639224073231965, 101.92752940570341, 109.05961555293773, -12.90051149225247, -74.41990917983637, 129.30081548047303, 48.197055923264934, -163.3058336943187, 108.48753361412436, -188.8325160733443, 85.73555287038819, -133.1520526160067, -12.399843469062208, -236.28209017782697, 94.62673908347512, -135.82056704828213, 74.1774773050929, 22.2266234538859, 135.01530459971934, -10.354032893881586, 3.1574628734879253, -127.5807264868989, 41.84014239926429]}, "Latent AR LinUCB s=2": {"actions": [1.0, 1.0, 0.0, 1.0, 1.0, 1.0, 0.0, 1.0, 0.0, 1.0, 0.0, 1.0, 0.0, 1.0, 0.0, 1.0, 0.0, 0.0, 1.0, 0.0, 0.0, 0.0, 0.0, 1.0, 0.0, 1.0, 0.0, 0.0, 1.0, 0.0, 1.0, 0.0, 1.0, 0.0, 0.0, 0.0, 1.0, 0.0, 1.0, 0.0, 1.0, 1.0, 0.0, 1.0, 1.0, 1.0, 0.0, 1.0, 0.0, 1.0, 0.0, 1.0, 0.0, 0.0, 1.0, 0.0, 0.0, 1.0, 0.0, 0.0, 0.0, 1.0, 0.0, 0.0, 0.0, 0.0, 0.0, 1.0, 0.0, 1.0, 0.0, 1.0, 1.0, 0.0, 0.0, 0.0, 0.0, 0.0, 1.0, 1.0, 1.0, 1.0, 0.0, 1.0, 1.0, 1.0, 0.0, 1.0, 0.0, 1.0, 1.0, 1.0, 0.0, 1.0, 0.0, 1.0, 0.0, 1.0, 1.0, 0.0, 1.0, 0.0, 1.0, 0.0, 0.0, 0.0, 0.0, 1.0, 1.0, 1.0, 0.0, 1.0, 0.0, 1.0, 0.0, 0.0, 0.0, 0.0, 1.0, 1.0, 0.0, 1.0, 1.0, 1.0, 1.0, 0.0, 0.0, 1.0, 0.0, 0.0, 0.0, 0.0, 1.0, 0.0, 1.0, 0.0, 1.0, 0.0, 0.0, 1.0, 0.0, 1.0, 1.0, 0.0, 0.0, 1.0, 0.0, 1.0, 1.0, 0.0, 0.0, 1.0, 0.0, 1.0, 0.0, 1.0, 0.0, 1.0, 0.0, 1.0, 0.0, 1.0, 0.0, 0.0, 0.0, 1.0, 0.0, 1.0, 0.0, 1.0, 1.0, 0.0, 1.0, 0.0, 1.0, 0.0, 0.0, 0.0, 1.0, 0.0, 1.0, 1.0, 1.0, 0.0, 1.0, 0.0, 0.0, 0.0, 0.0, 1.0, 1.0, 0.0, 1.0, 1.0, 0.0, 0.0, 1.0, 0.0, 1.0, 0.0],