{"Stationary": {"actions": [0.0, 0.0, 1.0, 0.0, 0.0, 0.0, 0.0, 0.0, 0.0, 0.0, 0.0, 0.0, 0.0, 0.0, 0.0, 0.0, 0.0, 0.0, 0.0, 0.0, 0.0, 0.0, 0.0, 0.0, 0.0, 0.0, 0.0, 0.0, 0.0, 0.0, 0.0, 0.0, 0.0, 0.0, 0.0, 0.0, 0.0, 0.0, 0.0, 0.0, 0.0, 0.0, 0.0, 0.0, 0.0, 0.0, 0.0, 0.0, 0.0, 0.0, 0.0, 0.0, 0.0, 0.0, 0.0, 0.0, 0.0, 0.0, 0.0, 0.0, 0.0, 0.0, 0.0, 0.0, 0.0, 0.0, 0.0, 0.0, 0.0, 0.0, 0.0, 0.0, 0.0, 0.0, 0.0, 0.0, 0.0, 0.0, 0.0, 0.0, 0.0, 0.0, 0.0, 0.0, 0.0, 0.0, 0.0, 0.0, 0.0, 0.0, 0.0, 0.0, 0.0, 0.0, 0.0, 0.0, 0.0, 0.0, 0.0, 0.0, 0.0, 0.0, 0.0, 0.0, 0.0, 0.0, 0.0, 0.0, 0.0, 0.0, 0.0, 0.0, 0.0, 0.0, 0.0, 0.0, 0.0, 0.0, 0.0, 0.0, 0.0, 0.0, 0.0, 0.0, 0.0, 0.0, 0.0, 0.0, 0.0, 0.0, 0.0, 0.0, 0.0, 0.0, 0.0, 0.0, 0.0, 0.0, 0.0, 0.0, 0.0, 0.0, 0.0, 0.0, 0.0, 0.0, 0.0, 0.0, 0.0, 0.0, 0.0, 0.0, 0.0, 0.0, 0.0, 0.0, 0.0, 0.0, 0.0, 0.0, 0.0, 0.0, 0.0, 0.0, 0.0, 0.0, 0.0, 0.0, 0.0, 0.0, 0.0, 0.0, 0.0, 0.0, 0.0, 0.0, 0.0, 0.0, 0.0, 0.0, 0.0, 0.0, 0.0, 0.0, 0.0, 0.0, 0.0, 0.0, 0.0, 0.0, 0.0, 0.0, 0.0, 0.0, 0.0, 0.0, 0.0, 0.0, 0.0, 0.0], "rewards": [-1075.820400648981, 811.9357000783205, -770.3835264022745, 43.00436731468159, -259.4651891225974, 348.29009495454676, -265.7365637863988, 136.04956859064066, -5.263989854100974, 296.59953919437373, -108.4134629613411, 167.39938620813012, -142.32542419447626, -27.32948321522388, -140.6553552576674, 57.11514661866852, -113.67435439335456, 61.988324178904264, -137.38296856461594, 119.85282584351354, 40.04048411025272, 162.60700210661813, 1.955439784994519, 240.679227274015, -38.81838694941892, 97.25146407229268, 103.26269078904465, 87.565116173219, -24.464944634154335, 24.84225922040278, -24.07346309233999, 8.91394935090758, 8.416086503438658, 27.224634345134433, -8.306088883724339, 116.41220100197778, 102.75352761763058, -23.412233691620393, 20.6313632369271, -109.99913316012221, 124.590089326023, -213.1660494153821, 26.428456686506166, -253.8463577364957, -48.76020725147725, -289.54797342499495, -79.0661418386832, -18.58447462178287, -72.11971687136618, -86.08403907316969, 61.669788630796155, 21.516136780638135, -46.87142624522999, 19.40404524918293, 196.76037446918588, 10.73663868727974, 47.67573462358432, -129.70439242980197, 93.81550894548498, -381.75646989996415, 38.95408298764848, -65.95118775921537, -1.4035106664965369, -84.68001474632756, 42.2114505900257, 57.79952477914736, 65.69338246100307, 43.62099138344217, 10.27197310660754, 16.811161748954735, 38.78677187982658, 29.62758338654642, 59.781251666257866, 10.331837688998277, 294.912767977353, -97.91209812186459, 60.94641700303563, -49.40811947454987, -32.78422947140732, -62.99524147347258, 199.2276950293945, -134.597584959744, 40.1020296531685, 16.76831866737016, 94.916850536587, -143.45962239939138, -17.613267868607185, -76.48500448446082, -122.1155756758642, -108.93084607151575, -2.123533162221605, -45.00953135415872, -1.9882503474562125, -42.86794522897611, 57.339189640152064, 13.482959270762226, -67.82238450604193, 73.87359672865792, 16.078018632564042, 59.82611076848028, 141.546378083356, 102.18496317851637, -259.4775750009152, -102.3750903899787, -264.32398534516807, 6.970099735338337, -89.17012358640402, 108.3556233774837, -197.1529282678679, 129.31937943246737, -102.67642747104853, -153.43483247721682, -104.26699328666483, 29.442108572573108, -129.5435338118194, 234.7151625733715, -67.41984498668302, 64.07680051830958, -71.02109035532148, 203.15227718196738, -52.552586310772426, 202.3973637945556, 31.924663721871834, 10.5899187162555, -85.90895525470683, 18.61245755121382, -85.75845774885704, 35.70191822144246, -13.290661251229404, 1.3160898905923282, 24.364894936373584, 0.7343017800608794, -113.15383947380812, -161.67253657643695, 66.53665768442225, -93.36388589128133, -91.22554666821362, 112.17001558274487, -208.89617295144615, -84.8406299943805, 151.6495836715957, 76.2752905877203, 58.470646623342155, -18.360299643094415, 127.07606272170167, -99.1394078507245, 30.396727721524424, 2.2757470110729856, -188.42979688865773, 76.02059682394571, -262.64394008154903, -47.301536843887455, -95.77309127429456, 5.727132561908418, -110.53306171301162, 141.16348402754124, -161.40006798101984, 103.67667178247027, -38.38066290529097, -137.1662685404588, 225.37648141237432, 28.07454923521459, -61.296732239178375, 48.61211477740906, 159.34473543841915, 30.134684290889492, -64.42927711189387, -77.8583529029456, -57.948477627311235, 37.298640529120746, -6.138363056360863, -34.62207358162506, -115.24365560711728, -109.88468452011804, -137.82643715594932, -5.627312438451516, 26.24394126767085, 151.08212085331994, -218.73509128155166, 316.59649129921416, 1.5096816167847094, 98.46148484949266, -103.38767960569623, -46.4837758402645, -95.91625470577524, 114.17114757535077, -240.57599195599607, 8.315957295844155, -104.6452073650983, 60.67342277248762, -82.80816465047864, -97.34233520895089, 120.3992915451586, -5.83909626698138, 134.66103816778485, 54.30662515441261, 131.7089649921183, -97.3441490225623, 88.75694313038197, 8.73903605611912]}, "Latent AR LinUCB s=2": {"actions": [0.0, 0.0, 1.0, 0.0, 0.0, 0.0, 1.0, 0.0, 1.0, 1.0, 1.0, 0.0, 0.0, 0.0, 1.0, 0.0, 1.0, 1.0, 1.0, 0.0, 1.0, 1.0, 0.0, 0.0, 0.0, 0.0, 0.0, 0.0, 1.0, 0.0, 1.0, 0.0, 1.0, 0.0, 1.0, 1.0, 1.0, 1.0, 1.0, 0.0, 0.0, 1.0, 0.0, 0.0, 0.0, 0.0, 1.0, 0.0, 1.0, 0.0, 1.0, 0.0, 1.0, 0.0, 0.0, 1.0, 0.0, 0.0, 1.0, 1.0, 1.0, 1.0, 1.0, 0.0, 1.0, 1.0, 1.0, 0.0, 0.0, 0.0, 1.0, 1.0, 0.0, 1.0, 0.0, 1.0, 0.0, 1.0, 0.0, 1.0, 0.0, 0.0, 1.0, 0.0, 1.0, 0.0, 0.0, 0.0, 1.0, 0.0, 1.0, 0.0, 1.0, 0.0, 1.0, 0.0, 1.0, 0.0, 0.0, 0.0, 0.0, 0.0, 1.0, 0.0, 1.0, 1.0, 0.0, 0.0, 1.0, 1.0, 0.0, 1.0, 0.0, 0.0, 1.0, 0.0, 1.0, 0.0, 1.0, 1.0, 1.0, 0.0, 0.0, 0.0, 0.0, 1.0, 0.0, 1.0, 0.0, 1.0, 0.0, 1.0, 1.0, 1.0, 1.0, 0.0, 0.0, 0.0, 1.0, 0.0, 1.0, 0.0, 1.0, 0.0, 0.0, 1.0, 0.0, 0.0, 1.0, 0.0, 1.0, 0.0, 1.0, 0.0, 1.0, 0.0, 1.0, 1.0, 0.0, 1.0, 0.0, 1.0, 0.0, 0.0, 1.0, 0.0, 1.0, 0.0, 0.0, 1.0, 0.0, 1.0, 0.0, 1.0, 0.0, 1.0, 0.0, 1.0, 0.0, 1.0, 1.0, 1.0, 0.0, 0.0, 1.0, 0.0, 0.0, 1.0, 0.0, 1.0, 0.0, 1.0, 0.0, 0.0, 1.0, 0.0, 0.0, 1.0, 0.0, 0.0],