{"Stationary": {"actions": [0.0, 0.0, 1.0, 1.0, 1.0, 0.0, 0.0, 0.0, 0.0, 0.0, 0.0, 0.0, 0.0, 0.0, 0.0, 0.0, 0.0, 0.0, 0.0, 0.0, 0.0, 0.0, 0.0, 0.0, 0.0, 0.0, 0.0, 0.0, 0.0, 0.0, 0.0, 0.0, 0.0, 0.0, 0.0, 0.0, 0.0, 0.0, 0.0, 0.0, 0.0, 0.0, 0.0, 0.0, 0.0, 0.0, 0.0, 0.0, 0.0, 0.0, 0.0, 0.0, 0.0, 0.0, 0.0, 0.0, 0.0, 0.0, 0.0, 0.0, 0.0, 0.0, 0.0, 0.0, 0.0, 0.0, 0.0, 0.0, 0.0, 0.0, 0.0, 0.0, 0.0, 0.0, 0.0, 0.0, 0.0, 0.0, 0.0, 0.0, 0.0, 0.0, 0.0, 0.0, 0.0, 0.0, 0.0, 0.0, 0.0, 0.0, 0.0, 0.0, 0.0, 0.0, 0.0, 0.0, 0.0, 0.0, 0.0, 0.0, 0.0, 0.0, 0.0, 0.0, 0.0, 0.0, 0.0, 0.0, 0.0, 0.0, 0.0, 0.0, 0.0, 0.0, 0.0, 0.0, 0.0, 0.0, 0.0, 0.0, 0.0, 0.0, 0.0, 0.0, 0.0, 0.0, 0.0, 0.0, 0.0, 0.0, 0.0, 0.0, 0.0, 0.0, 0.0, 0.0, 0.0, 0.0, 0.0, 0.0, 0.0, 0.0, 0.0, 0.0, 0.0, 0.0, 0.0, 0.0, 0.0, 0.0, 0.0, 0.0, 0.0, 0.0, 0.0, 0.0, 0.0, 0.0, 0.0, 0.0, 0.0, 0.0, 0.0, 0.0, 0.0, 0.0, 0.0, 0.0, 0.0, 0.0, 0.0, 0.0, 0.0, 0.0, 0.0, 0.0, 0.0, 0.0, 0.0, 0.0, 0.0, 0.0, 0.0, 0.0, 0.0, 0.0, 0.0, 0.0, 0.0, 0.0, 0.0, 0.0, 0.0, 0.0, 0.0, 0.0, 0.0, 0.0, 0.0, 0.0], "rewards": [-424.3637560399051, 511.3562597192918, 619.6607457642117, 2080.1123937099437, 374.4691143753164, -765.5634966879425, -267.5439431179316, -189.82533013501563, 410.74547184662066, -46.978730149543544, 331.662945236211, -39.090789531338785, 265.76719364070425, -147.34327195870495, 56.14896883739189, -161.8919772544231, -11.782765454151791, -136.0021445693762, 245.69083048246412, 39.52734486521312, 107.27453429457385, 109.70665231413085, -56.39927326651954, -93.81474957861332, -90.71450523933979, -284.5194954460091, 14.083343794955498, -13.439263240488875, -97.81102356782408, 134.21493971315027, 53.915776804407514, 130.62781732496995, -41.44384862905213, 143.13006177512943, 12.190274116090448, 72.0408363071288, 95.51016159571967, 21.476461116694004, 137.7153747043743, 39.44693354509463, 23.655275483548824, 32.16902495235329, 220.88125482948934, -104.57546775301847, 4.455321757653691, -75.86228826297118, -22.503584929173524, -63.72811253596251, 32.827644750212606, 20.147784482035394, 25.218482918888647, 30.854953793570356, -61.6320368549509, 85.24087043669988, -104.06417260706695, -34.6909188644594, -22.56059567628263, 54.05254843459809, 10.92636494587989, 91.46063521484895, -122.64469202687427, 181.0664925077875, 102.73682180697598, 149.79136963104142, 109.24429987426333, 78.91357918797128, -100.31127040508954, 72.21719874030079, -107.39105401568067, -136.88690054513478, -86.64309965424158, -106.7830478483447, -108.0582381714739, 120.65139482017253, -151.1321854673652, 159.58519413284125, 148.6742734821727, -25.932297729163817, 12.47935566809441, -67.76510400314248, 88.0728044276179, -152.234276312717, -13.65345987705637, -67.96213662941052, -40.62239427827704, -38.92834528415745, 14.564675293939748, 90.68283545607177, 74.6887667593299, -141.08005878952522, 51.56298482017991, -43.79779061399904, 210.00313601242897, -138.2991265438164, 238.47456181241898, 46.40925449118717, 81.255252999919, 140.6335134952088, 69.21977300297503, 272.2477549230926, -113.87652848069703, 214.99491068279005, -123.13706502640026, 125.53949964022243, -188.48671869190352, -36.61119328837964, -142.74132341513712, -122.9270316783923, -157.6978658097143, 193.94390500279647, -31.863992076325076, 315.7829571373525, -66.39883146435659, 200.8808972009131, -123.8732416034339, 36.390063490443225, -226.1189238440767, 98.65515767432817, -287.27638101206327, 104.47445361588424, -220.11260707929793, -4.778731228735956, 18.86610470219709, 63.41120796497225, -15.848466307226332, 45.98043755595329, 42.111187217049896, 40.86456985361482, -66.96335239614832, 116.80096277343245, -95.72520103742873, -114.73705584412956, 86.18039271988967, -75.67150248655207, 83.41482330198248, -96.09797906385494, 52.11676798476576, -128.2923778793137, 145.617964656529, -105.58229364840616, -12.468777239849837, -43.546997136161124, 59.85635485987427, -71.48274627290638, -138.02924641526914, 12.373391671431794, 132.98316413714807, -19.82958224220373, 254.1907207628515, -18.22879866756183, 248.74917904235107, -46.15570459369892, 82.90079155294741, -27.585499938760353, 35.24533640715288, 84.09789532812536, -121.04961510329566, -26.55592989828221, 1.5297735590095203, 23.210569684149018, 101.05282689469145, -23.581744396443334, 5.917247740438457, -201.27583928974383, -47.84116547397732, -139.7734950666282, 110.24407175061673, 144.3768975570906, 143.26121886670649, 264.83916574828703, 9.362638291869349, 35.662648161442924, -53.56958884218893, -48.94650583770623, -49.109782853723736, -125.38037540665991, 11.673906381766297, -23.185215631235916, -47.38622675014514, 58.922857373505394, -82.389309545226, -119.50117542016531, 137.40601598586505, -256.33019887654524, 172.82113492814014, -153.93777395017463, 300.7147619022953, -79.97583044086392, 125.5332634547585, 81.21760711209052, 54.77757825197264, 96.44497423170299, 25.594989116995734, -80.49118626132498, 186.5845974445406, -289.39605262733846, 59.61272195090327, -181.93695539199754, 29.8574930601496, -171.29332213846843]}, "Latent AR LinUCB s=2": {"actions": [0.0, 0.0, 1.0, 0.0, 0.0, 1.0, 1.0, 1.0, 1.0, 1.0, 0.0, 1.0, 0.0, 0.0, 0.0, 1.0, 1.0, 0.0, 1.0, 0.0, 0.0, 1.0, 0.0, 1.0, 0.0, 0.0, 0.0, 0.0, 0.0, 1.0, 0.0, 1.0, 0.0, 1.0, 0.0, 1.0, 0.0, 1.0, 0.0, 0.0, 0.0, 1.0, 0.0, 1.0, 0.0, 1.0, 0.0, 1.0, 1.0, 0.0, 1.0, 1.0, 0.0, 0.0, 1.0, 1.0, 0.0, 1.0, 0.0, 1.0, 0.0, 1.0, 1.0, 0.0, 0.0, 0.0, 0.0, 1.0, 0.0, 1.0, 0.0, 1.0, 0.0, 1.0, 0.0, 0.0, 1.0, 1.0, 0.0, 1.0, 0.0, 1.0, 1.0, 1.0, 0.0, 1.0, 0.0, 1.0, 0.0, 1.0, 0.0, 1.0, 0.0, 1.0, 1.0, 0.0, 0.0, 0.0, 0.0, 1.0, 1.0, 0.0, 1.0, 0.0, 1.0, 0.0, 1.0, 0.0, 1.0, 0.0, 0.0, 0.0, 0.0, 1.0, 0.0, 1.0, 0.0, 1.0, 0.0, 1.0, 0.0, 1.0, 0.0, 0.0, 0.0, 1.0, 0.0, 1.0, 1.0, 1.0, 1.0, 1.0, 1.0, 1.0, 0.0, 1.0, 0.0, 0.0, 1.0, 0.0, 1.0, 0.0, 1.0, 0.0, 0.0, 0.0, 1.0, 1.0, 0.0, 0.0, 0.0, 1.0, 1.0, 0.0, 1.0, 0.0, 1.0, 0.0, 1.0, 0.0, 0.0, 1.0, 0.0, 1.0, 1.0, 0.0, 0.0, 0.0, 0.0, 0.0, 1.0, 0.0, 1.0, 0.0, 1.0, 0.0, 1.0, 0.0, 1.0, 0.0, 0.0, 1.0, 0.0, 0.0, 0.0, 1.0, 0.0, 1.0, 0.0, 1.0, 1.0, 0.0, 0.0, 1.0, 0.0, 1.0, 0.0, 1.0, 0.0, 1.0],