{"k": 2, "sigma_z": 0.001, "mean reward 1": [2080.1130214493705, 374.46853569718115, -852.7223886780658, -613.6996829177153, 119.36198403249905, 366.4690404238434, 123.43486384323923, -121.53430328810992, -122.31556505167927, -0.3978247607983311, 60.84521567645059, 30.67515465449801, -15.04619972581979, -22.84056773153497, -3.6524091288931033, 9.582412425809578, 6.759476942048584, -1.4821586638752435, -4.242958943993937, -1.3444052804739233, 1.2402907138349732, 1.2070380417320135, -0.0421430723961873, -0.6817761230231202, -0.5516218333770831, 0.005853017010216314, 0.10242490315891647, -0.06225035685104754, -0.22731576882682142, -0.054998373020308265, 0.016376255174541252, -0.017908235581105124, 0.07529609445052543, -0.17768192148475592, -0.20223808881331762, -0.11380494267222213, 0.12026909668272083, 0.10663609225319984, -0.12837738145441563, -0.22351927015399234, -0.0929976292371271, -0.09259436119250923, 0.0019684946351204388, -0.01105146450672104, 0.02294364324221819, 0.13473328860480824, 0.25031193178924693, -0.012556317307356533, -0.10753162634481636, -0.03698433164010259, -0.07865641198340281, -0.0833149880890579, 0.13919754898780815, 0.18389876722289425, -0.12063877524682934, -0.11418256848891159, 0.1149168124832043, 0.26785510948486646, -0.04325363531845752, -0.19164936374057237, 0.007823992120221099, -0.13436328819002838, -0.11986013738613491, 0.22510198424519562, 0.19266532123086033, -0.08984539536887169, -0.102950692082, -0.041240384710708566, 0.0034219847173729816, 0.0028897945535882046, 0.10671930200470213, -0.06706001033782782, -0.09327067837761557, 0.26726527017414803, 0.22949104208731436, -0.07186461875585451, -0.030322809785696538, 0.002004041574805296, 0.07730056433897493, 0.14159307680199923, 0.07895012622290978, -0.006002502575145051, -0.056749702467631995, 0.18452532357406234, 0.062376866316296575, -0.0491041126354374, -0.17123674857755186, -0.06796188877958687, 0.28265954268729393, 0.3075981942780069, 0.03047859575047204, -0.10129666804279693, -0.00969115597171396, 0.04074226807990024, 0.1713094195415658, -0.04175738748388119, -0.16058343294500615, 0.007584198504006568, 0.11441978770186756, 0.006953704760744332, -0.08837026277974334, 0.12324478695301844, 0.20784011915049266, 0.038026189546293124, -0.22441815165550588, -0.15328286222437318, -0.07391572584677378, 0.26352553440476156, 0.12530630270603982, -0.013006775703241926, -0.17030668645786995, 0.17538913210917345, 0.16298283077477563, 0.04934472856832936, -0.16549246186832592, -0.0843299692611464, 0.12829171009331367, 0.15322058413976225, -0.02859172444400975, -0.12013489766141382, -0.057817482689636844, 0.0855968595929798, 0.09705452891249286, -0.013796361485283456, -0.03447873868372817, -0.0725239309056558, 0.11864832887159815, 0.2121603700262311, 0.04992233943690269, -0.03670590222420847, -0.013603626294241987, 0.1612724934988361, 0.06805083066504825, 0.05431008185380734, 0.06621099894541654, 0.220665392334364, 0.16365800898944233, -0.1328369209327878, -0.08744403326790602, 0.12484432451505066, 0.10901030979319686, -0.1947516544766315, -0.02525748663584303, 0.05084024873677215, 0.03518249158891793, 0.07899888259476769, 0.10258166421881812, -0.12078298080854509, -0.2463737347534747, -0.08415891090151734, 0.12757420555989993, 0.1465368393344407, -0.07215356999552977, -0.018961485001139457, 0.05601560821386596, 0.14476372211920782, 0.0278284735235282, -0.1065004252996177, -0.1319928825900938, 0.11951540617821518, 0.026891020837544344, -0.005623281143871714, -0.1869571299602638, -0.15605347578182496, 0.02884604080571724, -0.004194938937422937, -0.049704408857304545, -0.14047459332440856, -0.2528711526824746, 0.1882618128317479, 0.2519586836567953, 0.1878444128917352, -0.055268261984220676, -0.07945258593673099, -0.059049512405288614, 0.05190367254818717, 0.050934985815724705, 0.009986376194289114, -0.17369405625299894, -0.15868739467921888, -0.05363934528798814, 0.01564494810034233, 0.18450391461897384, 0.06732093991297831, -0.17197060322303845, -0.19745914215556598, 0.08353373373885525, 0.12794943395831385, 0.10765417638426002, -0.10727677996847126, -0.0909173455341875, 0.03857084331147584, -0.11701500041062818, -0.1740752254079448, 0.04328172122528965, 0.21167163434716854, -0.12253079253996439, -0.19964968404027955, -0.109287878624513, 0.19301540703609946],