{"k": 2, "sigma_z": 0.001, "mean reward 1": [-211.12615206005688, 2704.769444354408, 1457.9955004561505, -623.3419304920357, -1040.607352379301, -208.49805880033296, 416.07472739862175, 312.2099762607603, -51.87393312859327, -182.11425236663948, -65.04870433408944, 58.59578442053808, 61.87636473165452, 1.609375456912678, -30.148321571653565, -16.01028740818861, 7.070845161889896, 11.691289747200365, 2.2519222370229595, -4.552958592742465, -3.2272059338479653, 0.6668002356798877, 1.9411004658020024, 0.6893436475678273, -0.7710855648097372, -0.9881412576530166, -0.14054274496240943, 0.3860216752927478, 0.3025281889617361, -0.20632383153950556, -0.11731460726663451, -0.036768415148134566, -0.09359207722311592, 0.16073879461165475, -0.005248402207524809, -0.0885846169322527, 0.0030597592716833507, -0.09310023651267071, -0.047326985486795016, -0.032583544168515666, 0.007208930966386412, -0.03142664711834399, -0.061511318730490164, 0.19000670580970358, 0.1345739868400819, 0.07565084709741521, -0.07787420072720834, -0.1624222820298369, 0.09220954725804549, 0.14870846176406535, 0.08389499714450631, -0.039682958718982336, -0.08621595212792985, 0.11723817424941975, 0.010781245960327448, -0.11199445255358534, -0.02941978665294823, 0.07195362096563754, 0.07777326405104411, -0.07207736852787337, -0.11920304201279153, -0.050085935561795865, -0.019474293036674254, 0.24643616779195754, 0.24616669843358902, 0.017350924552955282, -0.15406390427340486, -0.1599900440774515, 0.030918243917471094, -0.0194948153099778, -0.027728282055020124, 0.07898993876221183, 0.12165522099961999, 0.277495864432785, 0.029522524623062662, -0.1785123381047713, -0.14650043353759, 0.08487708552443284, 0.09778152647938812, -0.18312467344620637, -0.18231829100989108, -0.017553873290057528, 0.02842759134284393, 0.04244147674047228, -0.07425923718630677, 0.01919727289606705, 0.03243816758577892, -0.04185250095851622, 0.023166547631095723, 0.02879015975895921, 0.062339168045271766, 0.10705653452167929, 0.09611479078369234, -0.06607766057960768, -0.03281986520128949, 0.1372755720366158, 0.04038361593578816, -0.003914517822674644, 0.06455432046253104, 0.09526056980212025, 0.173117945614122, 0.13278533755439553, -0.017342126076695323, 0.010390871195616817, -0.024850636396896213, -0.04677125081622291, 0.024395393781699574, 0.06521939147805791, 0.06918534063230278, -0.003737075342506418, 0.03158876110314178, 0.22762307509105986, 0.10504692478783165, 0.03399945546144526, 0.04417085414899742, -0.03465757373956148, -0.11601265193871184, 0.11433887353225711, 0.05916716577617224, 0.03757697549235138, -0.03824902981649569, 0.04628026885742139, -0.04470546400745416, -0.15826492829767838, -0.013365539618478646, -0.03884531944093104, -0.1749866516703532, -0.03542071511675299, 0.21878121359618571, 0.0682100205702706, 0.14114987261223247, -0.1998593485644978, -0.10973431183773916, -0.057255474986914204, -0.019361895038941392, 0.030095896125772514, -0.11064045941254438, -0.1322026379108411, -0.036301736543839766, -0.022180448983579456, 0.0033731481138030953, -0.11041494693380752, -0.057001415962869055, -0.1240272656425188, -0.06696597468483448, -0.17154941604864032, 0.03915607554097326, 0.2588271887969575, -0.07657644191308309, -0.20781595691251475, 0.05365399545241496, 0.11479521984999318, -0.029436507853951674, -0.21062988611373676, -0.1043369834996218, 0.09646155935503047, -0.0016296463674006587, -0.12123494725903272, -0.06523459376030327, 0.028039144761979107, 0.038561528149962686, -0.1265135977901545, -0.11509368059490191, 0.21825089959725774, 0.18796551330451047, -0.03811558521394391, -0.010906947274551597, 0.08584073174251491, -0.16413130585615254, -0.17825392634394063, 0.10656573811878996, 0.16583208745872932, 0.182982151915315, 0.1430438909371995, 0.13933454357048083, -0.0817998527406633, 0.014224576106453456, 0.033846757019324374, -0.09907109091455396, -0.0575228287731002, 0.11500039536829364, 0.10971962085961691, 0.02013293977649532, -0.110503170840803, -0.24239838107849807, -0.024133690998663717, 0.14957350308819675, 0.11099631979513448, 0.02563199417180193, -0.08290774970910415, -0.041804349942467976, 0.03231540097023646, -0.011448939196958403, -0.055694747538511793, -0.05737282700026496, 0.06292652762718012, 0.1331854319311767, -0.0014849767776098984, 0.07284277033271033, 0.21595439551801565],