{"k": 2, "sigma_z": 0.001, "mean reward 1": [1556.2708383476938, -288.6583385251418, -922.5157760609228, -316.9877904485541, 302.7304918895793, 309.7213858578655, 3.4364305211774187, -153.30228354772086, -78.51451282932811, 37.338610796254294, 57.75607842187171, 10.139541590656398, -23.753816753559086, -16.93100300219798, 3.3618110366500065, 9.926693531676715, 3.1761951975526124, -3.4271274997378836, -3.160141973457517, 0.003176820735753972, 1.5567765112932241, 0.8711594718669325, -0.304423835709312, -0.49300165866794504, -0.16734936563101466, 0.0934459056715296, 0.1698657027636953, -0.015885029321823663, 0.02397465671567144, -0.031781318162952134, 0.013083907027622972, 0.02242608898826569, -0.0016050184295035787, 0.032736907689983684, -0.011586809969127507, -0.14713500120375472, -0.0713668094101767, 0.020560771019455033, 0.28785880615529186, 0.20892778415249136, -0.07334002836607262, -0.2555702152598683, -0.008956506060443858, 0.13989442122730822, 0.22346966203330415, -0.13311601161847575, -0.2687651883260169, -0.18868683793672417, 0.04286225820952244, 0.2696183466854583, 0.0667598345302441, -0.2595562632313611, -0.0511566930639203, 0.21471472840344977, 0.1899342381019539, 0.2579491078615117, -0.006793277777227929, -0.14175808406473303, -0.12695573091995038, -0.26864019386290117, 0.04225190982329689, 0.13349871310987085, 0.004952862977911288, -0.07672611492814113, 0.130007747288962, 0.13547787664465277, 0.08879083695603147, -0.18451691901553163, -0.00024637441130503316, 0.09881975127980658, -0.06780532511078567, 0.12181736667475652, 0.05840116222821427, 0.024960084945997874, -0.12228654857881598, 0.07924078263040689, 0.19384347417627618, -0.0413305731756499, -0.051378415478729865, -0.14970998988490408, -0.03881747282723159, 0.13875401151246694, 0.11921698930720129, -0.10230624654119784, -0.07175468723119442, -0.010660413783030039, 0.00701252885485683, 0.18151591799430816, 0.058571462048791295, -0.040678036072579284, -0.11915170783030168, 0.1849972748296637, 0.12851088365224422, -0.010450504008714633, 0.04684145074591965, 0.004996746316412521, 0.1124510493864125, -0.06676237935391416, -0.0029859067764540317, 0.053380098303823856, -0.004501675819793141, 0.10218082603389149, 0.002270286091499607, -0.039795328657338196, 0.14058058511538304, 0.07730403243669336, -0.09473850798892576, -0.12174584974415922, -0.1399204513098258, 0.022192778384843563, 0.03617889230025989, -0.015709379880335553, 0.15890553699515675, 0.008635062854806268, -0.1667988803282311, -0.05203688333012885, -0.02426184739769612, -0.143877880687513, 0.012032325931513151, 0.019608911963225853, 0.07709986049331462, 0.10571454288333396, -0.017994085549478896, -0.22810690259491886, -0.19525202289058488, 0.018085625295264158, 0.2189892548038531, 0.08120583671216182, -0.07467782283223513, -0.05920728747216173, -0.004047257316629832, -0.0852832506272932, -0.2571041637900555, -0.05097269738702536, 0.159206130958884, 0.16500613235256112, -0.046518780157811884, -0.19023508398175426, -0.09480651843712119, 0.0734949361925316, -0.09664196440645179, -0.011483607279657162, 0.1378774447785623, 0.15303705478319682, -0.08615298327250948, -0.1438044327307319, -0.026569415710501327, 0.07828633465789776, 0.18797417801828734, -0.07841350168844123, -0.13271255747103022, 0.06231940645620079, 0.16139306446785437, -0.11984936858773536, -0.24588537966566837, -0.054461327478705274, 0.13523702722701514, 0.15714218974493815, 0.022802315373636386, -0.15726518611604096, -0.13497871907878178, 0.003713362753368753, -0.021016557912098513, 0.07336204380212702, 0.09199497727797466, 0.18108642999643668, -0.04279870778227082, -0.17948259987124232, -0.08821435520040863, -0.19569519566366178, -0.028018602142839886, 0.24812280129637346, 0.055019695947702625, -0.13713145328472495, -0.02517247733741731, 0.009787844555968098, -0.12051279137860976, 0.02904214199350517, 0.013435075697522402, -0.17485035367649301, -0.16893266287187902, 0.04831642179631372, 0.10194480084797704, 0.05543077398185706, -0.045357778592969224, 0.00930514018514933, -0.04595695573392213, -0.05885062367389312, 0.044934407692980176, 0.23854174633062944, 0.11274539325340632, -0.09508559865136437, -0.23825313101226464, 0.002888247062727417, 0.10930567815422018, -0.05015411321133965, -0.07231590816764424, -0.11552911608954633, 0.1597317584046376, 0.1984808078965294],