{"k": 2, "sigma_z": 0.001, "mean reward 1": [211.38409547906386, 710.2816064699292, 249.33714886512618, -230.5100649488223, -240.07534002485383, -4.806705595866021, 117.69790632251859, 61.28197418096345, -28.025684494465754, -44.499556375165795, -8.250648441387822, 18.191981083632207, 13.313129352139763, -2.3877891170224306, -7.8295815344583755, -2.770718685365922, 2.5211726504840737, 2.3787346675078034, -0.09395042721259282, -1.1232964216825299, -0.38429195292691437, 0.30385697662527783, 0.2940842028154348, -0.042467691594015526, 0.023449077010844463, -0.030914591287318344, -0.14826570854452256, -0.12886712795789518, -0.2558739262096572, -0.12912205773706933, 0.14031077809873255, 0.30408021006479247, -0.19745230452049012, -0.21102337323103282, -0.05616021574585657, 0.06045760177872163, -0.12257514025669183, -0.09378934705899294, -0.023918545475992113, -0.05058088302349387, 0.05305433734606414, 0.005235772955688556, -0.020359328807430906, 0.0035023048414337963, 0.062182894209376005, 0.1316436434608554, 0.08843488468343619, 0.0708740375893174, 0.005421563277293646, 0.10407297323164014, 0.009777479910195975, 0.008979957988768187, 0.04759115045269098, -0.08774563452808641, 0.02433921938905241, 0.11007123209282833, 0.13995212647954056, 0.05720132805890671, 0.04697662395382624, 0.0763011297109083, -0.21116143989052152, -0.1839077608569109, -0.11081362921742119, 0.012466274832294478, -0.0479140109144888, -0.05818111715842665, -0.013327499868295217, -0.058260240986695244, -0.08033023642842542, 0.1285560513638033, 0.0027870513196935186, 0.09305132137701436, 0.1411912057544357, -0.1004672023851744, -0.1806672499469302, -0.11918372545073277, 0.024776723054002855, -0.03707752434458795, 0.07560078560558306, 0.15831875194740436, -0.03188440243758474, -0.030495169415586984, 0.07141615067753194, 0.13033757725375789, -0.05450533691195299, 0.01831803629172117, -0.06631139048733316, 0.16198288200037045, 0.034280975484665396, -0.14145628901141039, -0.13660209304601442, -0.10117353953070579, 0.05620216712262992, 0.11295161576601268, 0.009519901462608607, -0.18427820025195685, -0.1419680201065712, -0.1593880379789934, -0.06543940021719427, 0.03487336071554187, 0.13368446657772093, -0.06908859568413693, -0.19287505550134157, -0.13562626938166483, 0.1233431148506724, 0.3192930975958064, 0.08391704305027162, -0.16513976409327447, 0.006291417063104864, 0.24597859938406755, 0.09403719502419487, -0.07499139848905155, -0.1948943858385863, -0.011816649575622097, 0.16086569655647184, 0.20936442529668986, -0.12434392712996055, -0.008396147317183463, 0.18552123809242207, 0.15894226668468808, -0.06655059099599754, -0.09482098743316941, 0.0701308044371612, -0.08481791710010614, -0.10564589473625657, -0.10633338613234207, 0.05519911735909049, 0.22765206837400864, 0.19197515922095507, 0.09069761842612105, -0.1599375290284072, -0.13766646136610539, 0.2327775879455662, 0.08458458392465062, -0.08651657711669508, -0.2156615470713614, -0.02745144335966973, 0.16099398782218996, 0.26967410185381135, 0.10143086024801877, -0.12164302030158053, -0.16747228055641933, -0.026414870304082877, 0.2722357466777607, 0.226822366142567, -0.019805714890963444, -0.1962439560096302, -0.06339389037998835, -0.050730406275980175, -0.062491054300706825, 0.028930726506993944, -0.07362431107054625, -0.03492293904161921, 0.07924437900880428, 0.2831946584713897, 0.10719115288632805, 0.07200788028967721, -0.08029703476833859, -0.1819940385935778, 0.05238691958922572, -0.07170616054525084, -0.025518646558617353, 0.03066229422790825, -0.021837796014190506, -0.04400148005383931, -0.06585975143318049, -0.04931025533141994, 0.17864862610987015, 0.43499237948248365, 0.11296233530670556, -0.3001123339483169, -0.20420905024562847, 0.07754227189860101, 0.1456443751101124, 0.09148574064284141, 0.15272533350151463, 0.09201618202642542, 0.06321385273287464, -0.07785124461299289, 0.08908817506848064, 0.15605869562036281, 0.0702805693491482, -0.19292220825217746, -0.23830596828700168, -0.12696268458004867, 0.1739352446919845, 0.08821927538847849, -0.007110241396918475, 0.006299005310933542, -0.02375103575793303, 0.03796157353020823, 0.010875340464803393, 0.027945883392921523, 0.06630229047332292, -0.10744572442406547, -0.020698746191066146, 0.1595534384812043, 0.07512932107753288, -0.07954807062115649, 0.056946978102824855],