{"Stationary": {"actions": [0.0, 0.0, 0.0, 0.0, 0.0, 0.0, 0.0, 0.0, 0.0, 0.0, 0.0, 0.0, 0.0, 0.0, 0.0, 0.0, 0.0, 0.0, 0.0, 0.0, 0.0, 0.0, 0.0, 0.0, 0.0, 0.0, 0.0, 0.0, 0.0, 0.0, 0.0, 0.0, 0.0, 0.0, 0.0, 0.0, 0.0, 0.0, 0.0, 0.0, 0.0, 0.0, 0.0, 0.0, 0.0, 0.0, 0.0, 0.0, 0.0, 0.0, 0.0, 0.0, 0.0, 0.0, 0.0, 0.0, 0.0, 0.0, 0.0, 0.0, 0.0, 0.0, 0.0, 0.0, 0.0, 0.0, 0.0, 0.0, 0.0, 0.0, 0.0, 0.0, 0.0, 0.0, 0.0, 0.0, 0.0, 0.0, 0.0, 0.0, 0.0, 0.0, 0.0, 0.0, 0.0, 0.0, 0.0, 0.0, 0.0, 0.0, 0.0, 0.0, 0.0, 0.0, 0.0, 0.0, 0.0, 0.0, 0.0, 0.0, 0.0, 0.0, 0.0, 0.0, 0.0, 0.0, 0.0, 0.0, 0.0, 0.0, 0.0, 0.0, 0.0, 0.0, 0.0, 0.0, 0.0, 0.0, 0.0, 0.0, 0.0, 0.0, 0.0, 0.0, 0.0, 0.0, 0.0, 0.0, 0.0, 0.0, 0.0, 0.0, 0.0, 0.0, 0.0, 0.0, 0.0, 0.0, 0.0, 0.0, 0.0, 0.0, 0.0, 0.0, 0.0, 0.0, 0.0, 0.0, 0.0, 0.0, 0.0, 0.0, 0.0, 0.0, 0.0, 0.0, 0.0, 0.0, 0.0, 0.0, 0.0, 0.0, 0.0, 0.0, 0.0, 0.0, 0.0, 0.0, 0.0, 0.0, 0.0, 0.0, 0.0, 0.0, 0.0, 0.0, 0.0, 0.0, 0.0, 0.0, 0.0, 0.0, 0.0, 0.0, 0.0, 0.0, 0.0, 0.0, 0.0, 0.0, 0.0, 0.0, 0.0, 0.0, 0.0, 0.0, 0.0, 0.0, 0.0, 0.0], "rewards": [-436.13043681443463, 1399.602626940688, 893.4233441301254, -245.21430865953153, -591.9938200178404, -183.94898198653294, 192.7541183581592, 187.84741601677143, -6.22311327862296, -82.44341186598466, -31.46187780455911, 29.929372016685978, 36.63508202027998, 5.042840782916947, 1.0339747666957386, -14.654406405592889, 9.686858576900397, 2.68048659283359, 12.988732982746313, 2.824199769342478, 8.47797516089038, 0.5585008652080252, 7.726524145146311, 0.7842301592971034, 3.308620831020006, -11.991279199470917, 0.9258464911316144, 7.114637261288945, -14.246229480893113, 8.556332633503652, -9.491113261109229, 8.475502014025322, -13.435430522536112, -3.2057686595440096, 5.0270420873053165, 11.773359149354418, -1.2556530992038617, 2.7655389202886194, 2.6988593525977547, 2.686713913016824, 10.007963273419023, -0.1411516697158014, -1.5154862669500864, -2.839838863306679, 9.816177946259225, -7.439670808688831, 11.201402009158107, 14.67583100044718, -15.991091512674265, -13.221680779636227, -12.865816482360453, 5.872557078428558, 7.392838458159528, -8.635585738764721, 3.6976450706772233, 31.974791760907024, 5.728215927086932, -5.044395781952884, 14.81754850359131, -5.7977879603205675, -8.303894721004838, 5.39725581654205, -4.684825122600254, 7.463359707961041, 11.092161076115383, 0.9954136966238094, -6.7099712342374485, 1.1076398950735153, -9.719444140322635, -9.914498921305627, -6.6429360541991205, -18.97124974027417, 9.852402266932387, 1.4711081405135416, 0.280925753135322, 1.800113119641751, 1.5487080306625074, -7.403877532808859, -1.5482400128557243, 0.7814911800930424, -11.569295358863661, -15.653899059810271, 9.887985707256467, -11.235582845550297, -1.4683297893987541, 3.391433183869782, -22.801358017160908, -1.053701227748967, 2.0563331881809, 3.4291963580013576, -4.774020249604253, 15.200874916646987, -5.455334108572147, 5.7438829801233435, -15.97633476392258, 21.324486746317845, -0.21333021122546197, 0.9630234461453596, -2.526018112342724, -16.804028095019827, 6.35781036752825, -8.368627634053691, 0.9249378945079106, 9.610019553710083, 7.503547582074443, 2.8691956149985978, 13.800901098917063, 0.18153162430376027, 1.701652412103359, 0.9048033954331944, 26.273910927161133, -2.385452137202378, -3.215315346020612, -6.907813002898887, -5.952798343668237, -0.29540788951564523, -3.734589560942334, 18.330642812751766, -4.747622926603155, -2.321392927977614, -3.251287309763274, 5.524293324455744, -3.9836588121262673, 5.70548688688716, -19.322624674324167, -3.882938944251879, -6.751896563533691, -4.5605653554188486, -2.152048504867564, -17.86326040544917, 6.091563744156129, 8.521858074318216, 2.1005828698843394, 6.813808707530078, -2.803677905118569, -7.722463502740937, 2.8856816476580827, 1.4647823544050587, 5.886427054427724, 2.4213774540451563, 19.4091964110463, -11.186366375218528, -10.454130687542554, -2.302315290179915, 10.94369552969167, 7.009707649637134, -7.635267221742721, -18.668027848316598, 4.1184878638814615, 1.204199726617782, 1.8331426304842062, 30.59060148019116, 12.268380964065045, -12.118183126347612, 1.700434629350625, 4.506167924051799, -11.950118494800373, 2.57001773474844, 7.924468070865489, -9.959710260310212, -0.030865957011603343, 21.27850247485297, -15.093068791537664, 0.8479480458347406, -2.557199566111313, -30.714137396301954, 6.975956652725612, 2.8222041649013136, 0.2603341117913057, 3.0622899865846014, 3.16495659849649, -2.0186981017218506, 2.3200095653859387, 17.002536333885082, -8.712050549037816, 5.668104328589874, -5.665673452009466, -21.364564548393027, -16.540669119922207, 7.014416944895546, -0.3288812371146185, 4.280055899424846, 5.523946429368645, -21.49094516932554, -23.590931442723555, 0.942753374111317, 0.8581588699178618, -1.4387194918507569, 10.745314761149949, -18.610173658637038, 2.320709617875994, 7.455190491223329, 12.49990599382117, -1.033513605160277, 6.176679367431577, -13.617631918895766, 7.498885389813827, 23.859675267794913, 7.176911313393295, -1.8470143426681096]}, "Latent AR LinUCB s=2": {"actions": [0.0, 0.0, 0.0, 1.0, 1.0, 1.0, 0.0, 0.0, 1.0, 1.0, 1.0, 0.0, 0.0, 0.0, 1.0, 1.0, 0.0, 0.0, 1.0, 1.0, 1.0, 1.0, 0.0, 0.0, 1.0, 1.0, 0.0, 1.0, 1.0, 0.0, 0.0, 1.0, 1.0, 0.0, 1.0, 1.0, 1.0, 0.0, 0.0, 0.0, 0.0, 0.0, 1.0, 1.0, 1.0, 1.0, 0.0, 0.0, 0.0, 1.0, 0.0, 1.0, 1.0, 1.0, 0.0, 0.0, 0.0, 1.0, 1.0, 1.0, 0.0, 1.0, 1.0, 0.0, 0.0, 0.0, 1.0, 1.0, 1.0, 0.0, 1.0, 0.0, 1.0, 0.0, 0.0, 0.0, 0.0, 0.0, 1.0, 0.0, 0.0, 1.0, 0.0, 0.0, 1.0, 0.0, 0.0, 1.0, 0.0, 0.0, 0.0, 1.0, 1.0, 0.0, 0.0, 1.0, 1.0, 0.0, 0.0, 0.0, 1.0, 0.0, 0.0, 0.0, 0.0, 0.0, 0.0, 0.0, 1.0, 1.0, 1.0, 1.0, 0.0, 0.0, 0.0, 0.0, 0.0, 0.0, 0.0, 1.0, 1.0, 1.0, 1.0, 0.0, 0.0, 1.0, 0.0, 1.0, 0.0, 0.0, 1.0, 0.0, 0.0, 1.0, 1.0, 0.0, 1.0, 1.0, 1.0, 1.0, 1.0, 1.0, 0.0, 1.0, 0.0, 0.0, 0.0, 1.0, 0.0, 1.0, 1.0, 1.0, 1.0, 0.0, 0.0, 0.0, 0.0, 1.0, 0.0, 0.0, 1.0, 0.0, 0.0, 1.0, 0.0, 0.0, 1.0, 0.0, 0.0, 0.0, 0.0, 0.0, 0.0, 0.0, 0.0, 1.0, 1.0, 0.0, 1.0, 0.0, 1.0, 1.0, 1.0, 1.0, 0.0, 1.0, 0.0, 0.0, 0.0, 0.0, 1.0, 0.0, 0.0, 0.0, 1.0, 1.0, 0.0, 0.0, 0.0, 1.0],