{"Stationary": {"actions": [0.0, 0.0, 0.0, 0.0, 0.0, 0.0, 0.0, 0.0, 0.0, 0.0, 0.0, 0.0, 0.0, 0.0, 0.0, 0.0, 0.0, 0.0, 0.0, 0.0, 0.0, 0.0, 0.0, 0.0, 0.0, 0.0, 0.0, 0.0, 0.0, 0.0, 0.0, 0.0, 0.0, 0.0, 0.0, 0.0, 0.0, 0.0, 0.0, 0.0, 0.0, 0.0, 0.0, 0.0, 0.0, 0.0, 0.0, 0.0, 0.0, 0.0, 0.0, 0.0, 0.0, 0.0, 0.0, 0.0, 0.0, 0.0, 0.0, 0.0, 0.0, 0.0, 0.0, 0.0, 0.0, 0.0, 0.0, 0.0, 0.0, 0.0, 0.0, 0.0, 0.0, 0.0, 0.0, 0.0, 0.0, 0.0, 0.0, 0.0, 0.0, 0.0, 0.0, 0.0, 0.0, 0.0, 0.0, 0.0, 0.0, 0.0, 0.0, 0.0, 0.0, 0.0, 0.0, 0.0, 0.0, 0.0, 0.0, 0.0, 0.0, 0.0, 0.0, 0.0, 0.0, 0.0, 0.0, 0.0, 0.0, 0.0, 0.0, 0.0, 0.0, 0.0, 0.0, 0.0, 0.0, 0.0, 0.0, 0.0, 0.0, 0.0, 0.0, 0.0, 0.0, 0.0, 0.0, 0.0, 0.0, 0.0, 0.0, 0.0, 0.0, 0.0, 0.0, 0.0, 0.0, 0.0, 0.0, 0.0, 0.0, 0.0, 0.0, 0.0, 0.0, 0.0, 0.0, 0.0, 0.0, 0.0, 0.0, 0.0, 0.0, 0.0, 0.0, 0.0, 0.0, 0.0, 0.0, 0.0, 0.0, 0.0, 0.0, 0.0, 0.0, 0.0, 0.0, 0.0, 0.0, 0.0, 0.0, 0.0, 0.0, 0.0, 0.0, 0.0, 0.0, 0.0, 0.0, 0.0, 0.0, 0.0, 0.0, 0.0, 0.0, 0.0, 0.0, 0.0, 0.0, 0.0, 0.0, 0.0, 0.0, 0.0, 0.0, 0.0, 0.0, 0.0, 0.0, 0.0], "rewards": [437.0343573790612, 1776.0622038516503, 675.5164530141867, -566.8796217105162, -614.6323921713137, -22.368583728619033, 298.47409450263143, 135.09075264776342, -65.35963398410634, -105.10987736989921, -27.326467495332967, 53.75991581043649, 33.32845139478181, -14.03855901116891, -2.9401208124151417, -17.942524209375325, 9.39791996202624, 5.372637240450856, 9.041434599229653, -11.494951178151819, 21.397121545914846, -4.242624876523761, -5.105288818686089, 21.365794850922143, -10.493837943500843, 0.0876690224066573, 25.063465523056962, -11.113978007101787, 6.495550872950778, 13.512649825599288, 7.618119670633635, 11.252082775942512, 15.872523444508001, 8.7227435015859, 19.207291812848823, 30.092371604874014, -0.12841328549144967, -9.485216324039273, -0.045407893771884505, 0.39292013708999324, -6.390480628538276, 13.608461262980448, 22.721348669002705, -5.344470428648613, 4.018773283535854, 8.471101290404384, -3.8241411486005856, -14.279305406271048, -1.2224343501817763, -5.45293665034786, -0.9930504203354062, 17.26630874291148, -7.897421251532714, -17.16796863062692, 5.3665355041863405, 7.790151072451148, 4.283927672296136, -1.7558960748861479, 4.176465903015043, -9.47908402397804, -17.935812217731, -6.06915190574763, -10.982289026862384, 2.1051104608365776, -16.87979539875447, 8.655813746438518, 13.968894298177988, -2.1569476976745423, -20.039965873693806, 5.73932261815225, -3.754219666135981, -1.3269800199951645, -14.60207789622584, -6.098726292133252, 9.892062672214061, 0.16963381672239358, 16.525447875515635, -8.104324156967092, -17.330914710668786, 9.092863420963399, -13.288146054569161, -5.1101971394749, 4.6329058557031, -16.15586432058781, 26.244859392793558, -4.205122760165482, -5.019956788028181, -6.035836393327006, 2.3385389207142055, -23.619814426154917, 3.181842805156818, 9.631153308809237, -4.942427038154054, -1.1513314355098598, -5.2352315811521235, -19.993763913363388, 4.022550673294572, -6.231672221079654, 6.274417007295068, -9.8265931417999, -2.9436596483828694, -10.140308916856943, -3.0608747071787197, -2.693201004440472, 8.385152328350204, -6.756199354877543, -2.87336630983254, 7.370142935948502, 7.329705584914835, 3.916678992042272, 13.265526453958016, 6.810800714571168, 3.728057282405381, 9.78429851868085, -2.7860709949186, 13.439015851324804, -20.127495224801283, -7.28604573573576, 4.540705582222128, -5.106846920179345, -1.74709935458833, 2.3578072926659477, -1.9000036483985674, -4.156911915039565, -2.0897944377486555, -4.561388861027302, -17.609225456748938, -11.923110562983616, 3.801709336249181, 2.3578788396864026, -4.4168902048457825, -9.071472534756952, 8.6227241729053, 9.822490824445943, 11.52853431035279, -5.465066100355005, -8.82052889839468, -9.98259091232748, -11.667711046054187, -10.858461586416372, 7.688283321698219, 0.1351827799277055, -5.756350313885193, -10.989341502263185, -9.946147964517008, 16.70571435302529, 12.288974281037772, 6.615711021950027, -7.772345717601108, 20.11791788601316, -11.728230901492084, -12.552190081823182, -8.463556963154794, 0.16360763654987542, 6.270200732001061, 1.1555191572789636, 3.3527198143501282, -11.307415694598406, 10.4912939696104, 5.133659319870271, 5.605042898354391, -15.204640234468679, 3.775638766375718, 2.239816985890621, -0.4146454248996355, -5.7060240549963765, -4.119361043924851, -3.3343276800543626, -19.544298466133387, 15.375997403533722, -2.0012206879942545, 7.706080640780746, 1.8399176557582195, -11.077711078582274, 6.560895056322526, -13.383138651420856, -6.984876288659435, 9.658962509736446, 17.455898652735037, -4.540208876050637, 11.647325847991553, -6.681224031850463, 9.797089067923292, 10.446822953911887, 2.136816501274625, -0.9844090354975484, 18.72971548400911, 9.75402732857247, -9.351700375540785, 9.168537242621666, 3.3300778225150847, -9.934311593945493, -4.253629020607253, -15.5971257105678, -1.2464082782567651, 2.050833372411304, -27.33540544795453, -11.567985446580588, -2.894917072328486, 1.5329338663890457]}, "Latent AR LinUCB s=2": {"actions": [0.0, 0.0, 0.0, 1.0, 1.0, 1.0, 0.0, 0.0, 1.0, 1.0, 1.0, 0.0, 0.0, 1.0, 1.0, 1.0, 0.0, 0.0, 0.0, 0.0, 1.0, 1.0, 0.0, 1.0, 1.0, 0.0, 1.0, 1.0, 0.0, 0.0, 0.0, 1.0, 1.0, 1.0, 0.0, 0.0, 0.0, 1.0, 0.0, 1.0, 1.0, 0.0, 0.0, 0.0, 1.0, 1.0, 1.0, 0.0, 1.0, 0.0, 0.0, 0.0, 0.0, 1.0, 0.0, 1.0, 1.0, 1.0, 0.0, 0.0, 1.0, 0.0, 1.0, 0.0, 1.0, 0.0, 1.0, 1.0, 0.0, 1.0, 0.0, 0.0, 0.0, 1.0, 0.0, 0.0, 1.0, 1.0, 0.0, 1.0, 0.0, 0.0, 0.0, 0.0, 1.0, 1.0, 0.0, 1.0, 0.0, 0.0, 1.0, 0.0, 0.0, 1.0, 1.0, 1.0, 0.0, 1.0, 1.0, 1.0, 0.0, 1.0, 0.0, 1.0, 1.0, 1.0, 0.0, 1.0, 1.0, 1.0, 1.0, 1.0, 0.0, 0.0, 0.0, 1.0, 1.0, 0.0, 1.0, 1.0, 0.0, 0.0, 0.0, 0.0, 0.0, 0.0, 0.0, 1.0, 0.0, 0.0, 0.0, 1.0, 0.0, 0.0, 0.0, 0.0, 1.0, 0.0, 1.0, 0.0, 1.0, 1.0, 0.0, 0.0, 0.0, 0.0, 0.0, 0.0, 0.0, 1.0, 1.0, 0.0, 1.0, 0.0, 0.0, 0.0, 0.0, 0.0, 1.0, 1.0, 0.0, 0.0, 1.0, 0.0, 0.0, 0.0, 0.0, 0.0, 0.0, 1.0, 1.0, 0.0, 0.0, 1.0, 0.0, 0.0, 1.0, 0.0, 0.0, 0.0, 1.0, 1.0, 0.0, 0.0, 0.0, 1.0, 1.0, 1.0, 0.0, 0.0, 0.0, 0.0, 1.0, 0.0, 1.0, 0.0, 0.0, 1.0, 0.0, 1.0],