{"k": 2, "sigma_z": 0.001, "mean reward 1": [267.101768446643, -1632.4899418287239, -949.8093443523443, 341.38456852251016, 645.6978467860376, 152.12300046144358, -246.70687739179306, -199.35747695173634, 23.575224532848928, 111.524537523636, 44.18136118171599, -33.61145166365226, -39.0132015885058, -2.612523007700994, 18.065296071977794, 10.428395023222773, -3.572080363934132, -7.082159108524976, -1.6473177468956497, 2.7851824125428326, 2.041107895022946, -0.25816714453533146, -1.1190240023567677, -0.2236295682503095, 0.2873847251901569, 0.2703729101633765, -0.03357099431701889, -0.1689884396959482, -0.17958538984141142, -0.1466183608546724, 0.05372952652730172, 0.1971814808321141, 0.1251724490216279, -0.09159733442315737, -0.2588974929567147, -0.12978881893711863, 0.11299878523331171, 0.06723067999782531, 0.024542927450831215, 0.19566481421876541, 0.3885825789406949, 0.08774076624044082, -0.025640982580125007, 0.028335595200248562, -0.15449498584324217, 0.17054183725657776, 0.1940475937276024, 0.11360663491464829, 0.12626967196101485, 0.12560943474228736, -0.15651127620974953, -0.2615560191061258, 0.06334817487579311, 0.2827955835352539, 0.02118712421294188, -0.09482007309658488, -0.058298307674064555, -0.16739278188082699, -0.005073493802991826, 0.1866686630361286, 0.13011320956230782, -0.09335437355974759, -0.016656351237626578, 0.05874029274771152, 0.1151123372463299, 0.0485848747525559, 0.06208221626113866, 0.05152930201172098, 0.050638632041036954, -0.044964338637861485, -0.030000460885106058, 0.10496600423337847, -0.03770954982011928, 0.0030664941638647823, 0.005109603956283515, -0.058919821107027495, 0.030974871469463705, 0.03084587092126239, 0.04304528071734264, 0.04103281909568836, 0.005183883081087907, 0.0050202383831996055, 0.05839188933085527, -0.04677853345922298, -0.0549695537209839, -0.009668563091825972, -0.00028465462567762285, -0.09498693156698101, -0.02775398204876528, 0.004700396414341083, -0.15156141634798223, -0.06480417574587455, -0.03226979538035148, 0.012892781153520336, 0.19413158962584667, 0.02626098993745035, 0.029408490414849643, -0.08371171875030325, 0.0008978146451529487, 0.06561167719992844, -0.08087263400882773, 0.011208973824934512, -0.0007783738721840131, -0.1236249941818483, 0.006654754715717441, 0.25933493883080305, 0.07879999358776704, -0.14600360655168212, -0.03373194764145764, 0.1245490015165092, -0.05745414030481662, 0.05236183863274498, 0.06521339734772373, 0.07342382422097805, 0.062070602117610875, -0.10271713134602967, -0.07580847462327871, 0.20058053718526517, 0.24123373329191297, 0.04509210865478653, -0.10412300613913533, 0.06933022991287144, 0.2175175239906642, 0.1953613151945639, -0.19826339175071364, -0.2500761286384693, 0.005716519536422287, 0.22231329011981937, 0.06591011403646845, -0.16054123636243825, 0.027219317371458093, 0.17292252838338845, 0.02424249632072956, -0.20390162191351607, 0.055881745482213405, 0.14664318539008173, 0.07063446890410721, -0.239753545002452, -0.03645443020463756, -0.047974445286275993, -0.20062474138199765, 0.07003693675613093, -0.0852111227179993, -0.1622320427727047, -0.12458331474655908, -0.17019705619449346, 0.012315649986810596, 0.11169278671882758, 0.0908564039342689, -0.13388179308997436, -0.13810471784890552, -0.1511785727352998, 0.0360803088995832, 0.0828431838831378, 0.09295013129734576, -0.10133095086614706, -0.03462849424588412, -0.09592948444786593, -0.03625409644913571, -0.018809432378401363, -0.04854796789761775, -0.06996922918076649, 0.11321377133502537, 0.07371843781014004, 0.07911638084432901, -0.1357509747857209, -0.053505924549832884, -0.13033236772020723, 0.0365124916823479, -0.22801430732209707, -0.06730726017614728, 0.47510285772889294, 0.3918699287972637, 0.028544766650621965, -0.2067322232852345, -0.05857080196015834, 0.13999149362864755, 0.09067399116280263, -0.21075153275674047, -0.09122941724217423, 0.2456776988429588, -0.005821172331530854, -0.18378872074180488, -0.2697515343549713, -0.20346260008701966, 0.022646141192968868, 0.006026580318223285, 0.04249679640886904, 0.08072587331327197, -0.059884107761532926, -0.14799411587727657, 0.011187041308982019, -0.06080582724074086, -0.03179464465301074, -0.0729753214387689, -0.02543887731678799, 0.02494058883132615, 0.13181642461541107, 0.023785803310843498, -0.12195550942137315],