{"Stationary": {"actions": [1.0, 1.0, 0.0, 0.0, 0.0, 0.0, 0.0, 0.0, 0.0, 0.0, 0.0, 0.0, 0.0, 0.0, 0.0, 0.0, 0.0, 0.0, 0.0, 0.0, 0.0, 0.0, 0.0, 0.0, 0.0, 0.0, 0.0, 0.0, 0.0, 0.0, 0.0, 0.0, 0.0, 0.0, 0.0, 0.0, 0.0, 0.0, 0.0, 0.0, 0.0, 0.0, 0.0, 0.0, 0.0, 0.0, 0.0, 0.0, 0.0, 0.0, 0.0, 0.0, 0.0, 0.0, 0.0, 0.0, 0.0, 0.0, 0.0, 0.0, 0.0, 0.0, 0.0, 0.0, 0.0, 0.0, 0.0, 0.0, 0.0, 0.0, 0.0, 0.0, 0.0, 0.0, 0.0, 0.0, 0.0, 0.0, 0.0, 0.0, 0.0, 0.0, 0.0, 0.0, 0.0, 0.0, 0.0, 0.0, 0.0, 0.0, 0.0, 0.0, 0.0, 0.0, 0.0, 0.0, 0.0, 0.0, 0.0, 0.0, 0.0, 0.0, 0.0, 0.0, 0.0, 0.0, 0.0, 0.0, 0.0, 0.0, 0.0, 0.0, 0.0, 0.0, 0.0, 0.0, 0.0, 0.0, 0.0, 0.0, 0.0, 0.0, 0.0, 0.0, 0.0, 0.0, 0.0, 0.0, 0.0, 0.0, 0.0, 0.0, 0.0, 0.0, 0.0, 0.0, 0.0, 0.0, 0.0, 0.0, 0.0, 0.0, 0.0, 0.0, 0.0, 0.0, 0.0, 0.0, 0.0, 0.0, 0.0, 0.0, 0.0, 0.0, 0.0, 0.0, 0.0, 0.0, 0.0, 0.0, 0.0, 0.0, 0.0, 0.0, 0.0, 0.0, 0.0, 0.0, 0.0, 0.0, 0.0, 0.0, 0.0, 0.0, 0.0, 0.0, 0.0, 0.0, 0.0, 0.0, 0.0, 0.0, 0.0, 0.0, 0.0, 0.0, 0.0, 0.0, 0.0, 0.0, 0.0, 0.0, 0.0, 0.0, 0.0, 0.0, 0.0, 0.0, 0.0, 0.0], "rewards": [-502.40069541370246, -641.8491356909547, 69.54120837213044, -286.08729884206014, -177.72667538859974, 54.10417817793106, 116.00930380695279, 30.909985738115545, -42.71907458625765, -36.93280197597924, 2.896747538480685, 20.046857989269622, 8.553992417098451, -5.695254612266758, -7.074836832555673, -0.7360371113037901, 3.3734181893492043, 1.9831520896891355, -0.7297609907544861, -1.542174938557497, -0.4132178140229204, 0.47738849075309786, 0.40776922197796867, 0.14074263598991882, 0.1298808445973699, -0.08146201227522161, -0.0668351658473627, 0.08293371913067335, 0.011656702668177615, -0.048729716014836874, -0.0714565958031746, -0.03209841624941958, -0.13046272491259686, 0.15358419943938317, 0.16062312554149993, 0.07430461436191889, -0.11128403596471226, -0.06736661443304995, 0.20639830182229357, -0.0031008416755085475, 0.11594602688158821, 0.12063951379660375, 0.14518992093204253, -0.08765156963614038, -0.1947795299117416, -0.14032382490174944, 0.12368430876156807, 0.039563917083357936, 0.020772116009597674, -0.011946954661094453, -0.01037200333215804, 0.02190659928990153, -0.14042459047458009, -0.18396223717623011, -0.15630417143375147, -0.03656823560764515, 0.05963535847511412, 0.09490902482621548, -0.19978144978222642, -0.12891383453866542, 0.08107731935375181, 0.028005983795513837, -0.10222929314281273, 0.13838507309874445, 0.05516226695860925, -0.21967751579601152, -0.25119180504296734, 0.154851070221445, 0.345115033143484, 0.21201782295641322, -0.04181205369909743, -0.07249158710220796, 0.18512201579188386, 0.252951521299612, 0.10367758287684797, -0.10617307538054437, -0.061110796228452176, -0.17189594504140582, -0.024174894277854166, 0.08378415881759368, -0.05793549537125483, -0.2133527393950514, 0.04449350831342743, 0.1419518455639899, -0.13605346095060616, -0.139621271608255, 0.13492271948140558, -0.022244127846776054, 0.06204055628723196, 0.0021770684373332502, 0.01274892283773225, -0.05761460492949161, -0.40524607025987885, -0.15063894895429322, 0.14295460400127313, 0.11354038348424113, -0.04336011921936513, 0.004283143473191168, 0.0538440945321304, 0.0574735969730651, 0.005624428086943085, 0.01695799581505997, 0.11861402364920721, 0.028977863198776137, 0.03187060488222144, -0.014800560551648995, 0.00951859628607325, 0.10110875043816786, -0.014474458272684744, -0.20751748098807726, 0.022632674533394324, 0.2764474357891545, 0.15264927905635936, -0.14476836334825408, -0.03005309846146003, 0.21015855975541473, 0.164228022437007, 0.12250174219176901, -0.22248968964516516, -0.3291975656185314, -0.1526025592943948, 0.14673534039181457, 0.10994193033866484, -0.09924293929340164, -0.05031088212610736, 0.1260258372137512, 0.06058701014193581, 0.12872069325812388, -0.07832472738263124, -0.020378686899099458, 0.00879295744223913, 0.01026054422735897, 0.02607169722509851, -0.09609425872983085, -0.00893821413213318, 0.10552825726186349, 0.055654816805957893, -0.1695799777951354, -0.07507642595141305, -0.12244916651264538, -0.022186331294282994, -0.007851992349993377, -0.1505020971826966, -0.19099173313069184, 0.07693339033761012, 0.11995162273880608, 0.06518742057810546, 0.12333137469361681, -0.0047810637445259195, -0.011769673023420092, 0.06420305717171645, -0.09091524844718946, -0.05054848686406168, 0.209524466226843, 0.02573337742874261, -0.06257303789188305, -0.031640909176938126, -0.12701480537150517, -0.15882510511024045, -0.06483806769482887, 0.18603623338311565, 0.2202088018903123, -0.041647635392289814, -0.09505065102005358, 0.05647474900768928, 0.27492945032216476, 0.2556719949220786, 0.10913203169440115, -0.09511215515604128, -0.15460637337774746, -0.09328870934259077, 0.0562452815173626, -0.03426988025819433, -0.19413118836809365, -0.048522025708387866, -0.01350897986494676, 0.025776821487098523, 0.14768452052037404, 0.176884704470906, 0.034748735226574255, -0.20859069341862685, 0.006643556605107723, 0.0791912335717807, -0.019090350520765704, 0.0013288332526508696, 0.08135113320909267, 0.16668269121232593, -0.07331885811548977, -0.05633950414764993, -0.21048578806167575, -0.14837962870274884, 0.20761756012682753, 0.2021371837024997, -0.01649234047857097, 0.010222210223205802, 0.2417586848275563, 0.006483692825036192, -0.0891914165953595, -0.06683629562116461, -0.19051003358969726]}, "Latent AR LinUCB s=2": {"actions": [1.0, 1.0, 0.0, 1.0, 1.0, 0.0, 0.0, 0.0, 1.0, 1.0, 0.0, 0.0, 0.0, 1.0, 1.0, 1.0, 0.0, 0.0, 1.0, 1.0, 1.0, 0.0, 0.0, 1.0, 1.0, 1.0, 1.0, 0.0, 0.0, 1.0, 1.0, 1.0, 0.0, 1.0, 0.0, 0.0, 1.0, 1.0, 0.0, 0.0, 1.0, 0.0, 0.0, 0.0, 1.0, 1.0, 0.0, 0.0, 1.0, 1.0, 1.0, 1.0, 0.0, 1.0, 1.0, 0.0, 0.0, 0.0, 0.0, 1.0, 0.0, 0.0, 1.0, 1.0, 0.0, 1.0, 1.0, 1.0, 0.0, 0.0, 1.0, 1.0, 1.0, 0.0, 0.0, 1.0, 1.0, 0.0, 1.0, 0.0, 0.0, 1.0, 1.0, 0.0, 0.0, 1.0, 0.0, 0.0, 1.0, 0.0, 1.0, 0.0, 1.0, 1.0, 0.0, 0.0, 1.0, 1.0, 0.0, 0.0, 0.0, 1.0, 0.0, 0.0, 1.0, 0.0, 1.0, 0.0, 0.0, 1.0, 1.0, 0.0, 0.0, 1.0, 1.0, 0.0, 0.0, 1.0, 1.0, 1.0, 1.0, 0.0, 0.0, 1.0, 1.0, 0.0, 0.0, 1.0, 0.0, 1.0, 0.0, 0.0, 0.0, 0.0, 1.0, 0.0, 0.0, 1.0, 1.0, 0.0, 1.0, 0.0, 0.0, 1.0, 1.0, 0.0, 0.0, 1.0, 0.0, 1.0, 0.0, 0.0, 1.0, 0.0, 0.0, 1.0, 1.0, 0.0, 1.0, 1.0, 0.0, 0.0, 0.0, 1.0, 1.0, 0.0, 0.0, 1.0, 1.0, 1.0, 1.0, 0.0, 0.0, 1.0, 1.0, 0.0, 0.0, 0.0, 0.0, 0.0, 1.0, 1.0, 0.0, 0.0, 1.0, 0.0, 0.0, 0.0, 1.0, 0.0, 1.0, 0.0, 0.0, 0.0, 1.0, 0.0, 0.0, 1.0, 1.0, 0.0],