{"Stationary": {"actions": [1.0, 0.0, 0.0, 0.0, 0.0, 0.0, 0.0, 0.0, 0.0, 0.0, 0.0, 0.0, 0.0, 0.0, 0.0, 0.0, 0.0, 0.0, 0.0, 0.0, 0.0, 0.0, 0.0, 0.0, 0.0, 0.0, 0.0, 0.0, 0.0, 0.0, 0.0, 0.0, 0.0, 0.0, 0.0, 0.0, 0.0, 0.0, 0.0, 0.0, 0.0, 0.0, 0.0, 0.0, 0.0, 0.0, 0.0, 0.0, 0.0, 0.0, 0.0, 0.0, 0.0, 0.0, 0.0, 0.0, 0.0, 0.0, 0.0, 0.0, 0.0, 0.0, 0.0, 0.0, 0.0, 0.0, 0.0, 0.0, 0.0, 0.0, 0.0, 0.0, 0.0, 0.0, 0.0, 0.0, 0.0, 0.0, 0.0, 0.0, 0.0, 0.0, 0.0, 0.0, 0.0, 0.0, 0.0, 0.0, 0.0, 0.0, 0.0, 0.0, 0.0, 0.0, 0.0, 0.0, 0.0, 0.0, 0.0, 0.0, 0.0, 0.0, 0.0, 0.0, 0.0, 0.0, 0.0, 0.0, 0.0, 0.0, 0.0, 0.0, 0.0, 0.0, 0.0, 0.0, 0.0, 0.0, 0.0, 0.0, 0.0, 0.0, 0.0, 0.0, 0.0, 0.0, 0.0, 0.0, 0.0, 0.0, 0.0, 0.0, 0.0, 0.0, 0.0, 0.0, 0.0, 0.0, 0.0, 0.0, 0.0, 0.0, 0.0, 0.0, 0.0, 0.0, 0.0, 0.0, 0.0, 0.0, 0.0, 0.0, 0.0, 0.0, 0.0, 0.0, 0.0, 0.0, 0.0, 0.0, 0.0, 0.0, 0.0, 0.0, 0.0, 0.0, 0.0, 0.0, 0.0, 0.0, 0.0, 0.0, 0.0, 0.0, 0.0, 0.0, 0.0, 0.0, 0.0, 0.0, 0.0, 0.0, 0.0, 0.0, 0.0, 0.0, 0.0, 0.0, 0.0, 0.0, 0.0, 0.0, 0.0, 0.0, 0.0, 0.0, 0.0, 0.0, 0.0, 0.0], "rewards": [-983.9060748796446, -477.99508651020875, -731.018417407848, -126.4389836558924, 302.3465432935643, 214.49468175783392, -43.90032610930957, -129.03906160554953, -42.67646608036076, 43.108523564173574, 43.00684960778284, 0.016349006284151042, -21.550517995604288, -10.685376089488699, 5.462632355818259, 7.8984899329440434, 1.2937964957113577, -3.3283978987349516, -2.060732323864498, 0.4853550957766434, 1.1001245383859957, 0.3923931212181903, -0.27349868802522526, -0.16787918831822063, 0.18563399224452315, 0.1920041695423812, 0.034860191672098084, -0.14556099324383084, -0.14563524900138058, 0.1258591933792606, 0.1955118421918353, -0.10559606106569268, -0.23864162140306996, 0.042917114460978595, 0.055060869425762146, -0.04810925867270067, -0.11480407163599404, -0.2231321018279233, -0.11579597869294952, 0.04545539522053035, 0.14462408734398347, -0.017546244844601766, 0.025255107069834325, 0.04845341430518019, 0.049929109621912306, -0.045355524602081344, 0.004658800475141693, 0.09214310354603762, -0.22318603416374005, -0.10981685594405469, 0.1937510021620897, 0.1431137346348025, -0.026991151557989302, -0.005310884836195652, -0.017105764509440076, -0.031239144596032657, 0.017819093532424158, 0.12619256266062798, -0.030707357560807932, 0.0405973623519149, 0.14089026341301886, 0.053403568360348826, 0.2572114404467566, 0.1557291089550797, -0.014141147295764388, -0.014400911381587297, -0.14389503545752239, -0.04901057756730995, 0.24230407296674444, 0.04995732320905373, -0.189095894535737, -0.3918775897477796, -0.24322192853158917, 0.023511257293822717, 0.09860027828565833, 0.042192293262351674, -0.14904186785276324, -0.2728883235186356, 0.018900481138929365, 0.017370842063697857, 0.10514839366597116, 0.11941062297411313, 0.20200455008973783, -0.07870261376282536, -0.05259620151275339, -0.058780326977082256, -0.12551436996844564, -0.22719577235669744, 0.016916623829298094, 0.20147444128453812, 0.17045581246166913, 0.10389044632032413, 0.06461987399583442, -0.08100679793467339, -0.06862697201550101, 0.019475170864247212, 0.020780614173585017, 0.2555875274692862, 0.14696579740619187, 0.03335197353335063, 0.004606302293390941, 0.05022860007983654, -0.20348867414994634, -0.17686670069995666, -0.050629553342377905, 0.013002138889076842, 0.06962599257494252, -0.024942873076348706, -0.04074404241049433, -0.03502480317305721, -0.01946059255848223, -0.054318945121178894, 0.048530324678188484, 0.12518133644981408, -0.05619158734254062, -0.2147152293340317, 0.03414090301091338, -0.07450896289743965, -0.10342891295312645, -0.1522251109179696, 0.031084039196835802, -0.022490914948024708, -0.040388440121299496, 0.079625790612057, 0.19062034427255328, -0.00828301530241845, -0.19396508251418582, -0.2171161369024305, -0.060515148609735066, 0.06600772573427853, 0.00553096880795546, 0.009049219486329719, 0.026654292896174388, -0.07436442940910054, -0.05615642050896472, 0.11189315369653112, 0.1601010922413975, -0.03158419975496682, -0.16709967785514027, -0.13048392891466243, 0.07800396799246966, 0.024169940945650864, -0.029708401168057275, -0.17912072551037472, -0.07470816665675248, 0.17684041631314582, 0.22103597128122485, -0.0028235476640774606, -0.12003871572567287, 0.11794070448695995, -0.01125400716928737, -0.052530681410413796, -0.04065638452344464, -0.041064961999322115, -0.19150712519596583, -0.12750576464345476, -0.1487385716462285, -0.030147000149931314, -0.0036569617466792586, 0.05308688365285043, 0.1488198450009104, 0.16852601018993463, -0.06340019112461062, -0.2190345908130902, -0.18280753459607987, 0.0028518212239369684, 0.1845492422063082, 0.20844826838653815, -0.028539468403483783, -0.2682394362555643, -0.05696308624927944, 0.1253937001485534, 0.048528539144373176, -0.06483443070127709, 0.07886729465105916, 0.11145166447519529, 0.10798367209443374, 0.19178664637198997, -0.08865516929304679, -0.33662535941577654, -0.21417327632311361, -0.09055371457918536, -0.035232124128141244, -0.023349281775717518, -0.04124275913730633, -0.07348337561532985, -0.1374273876287177, -0.07867460895998045, -0.11872870742802999, 0.0623690841555975, -0.04803179780301276, 0.1441686627514208, 0.16493711638302264, 0.039366933979622064, -0.08608863491584492, -0.11379337525890447, 0.004504604178825927, -0.08240148864082199, 0.10680620059219861, 0.18811647101946272]}, "Latent AR LinUCB s=2": {"actions": [1.0, 0.0, 1.0, 1.0, 0.0, 0.0, 1.0, 1.0, 1.0, 0.0, 0.0, 1.0, 1.0, 1.0, 0.0, 0.0, 0.0, 1.0, 1.0, 0.0, 0.0, 0.0, 1.0, 1.0, 0.0, 0.0, 0.0, 1.0, 1.0, 0.0, 0.0, 0.0, 1.0, 1.0, 0.0, 0.0, 1.0, 1.0, 1.0, 0.0, 0.0, 0.0, 1.0, 0.0, 0.0, 0.0, 1.0, 0.0, 0.0, 1.0, 0.0, 0.0, 1.0, 1.0, 0.0, 1.0, 1.0, 0.0, 0.0, 1.0, 0.0, 0.0, 1.0, 0.0, 1.0, 1.0, 0.0, 1.0, 0.0, 0.0, 1.0, 1.0, 1.0, 0.0, 0.0, 0.0, 1.0, 1.0, 1.0, 0.0, 1.0, 0.0, 0.0, 0.0, 1.0, 0.0, 1.0, 1.0, 1.0, 0.0, 0.0, 1.0, 1.0, 1.0, 1.0, 0.0, 0.0, 0.0, 0.0, 1.0, 1.0, 1.0, 0.0, 1.0, 0.0, 0.0, 0.0, 0.0, 1.0, 1.0, 0.0, 0.0, 1.0, 0.0, 0.0, 1.0, 1.0, 0.0, 1.0, 1.0, 1.0, 0.0, 1.0, 1.0, 0.0, 0.0, 1.0, 1.0, 1.0, 0.0, 0.0, 1.0, 0.0, 0.0, 1.0, 0.0, 0.0, 0.0, 1.0, 1.0, 0.0, 0.0, 1.0, 1.0, 1.0, 0.0, 0.0, 0.0, 1.0, 1.0, 0.0, 1.0, 1.0, 0.0, 1.0, 1.0, 0.0, 1.0, 0.0, 0.0, 0.0, 0.0, 0.0, 1.0, 1.0, 0.0, 0.0, 0.0, 0.0, 1.0, 1.0, 0.0, 0.0, 1.0, 1.0, 0.0, 0.0, 0.0, 0.0, 1.0, 1.0, 0.0, 0.0, 0.0, 0.0, 1.0, 1.0, 1.0, 0.0, 1.0, 0.0, 1.0, 0.0, 0.0, 1.0, 1.0, 1.0, 0.0, 1.0, 0.0],