{"k": 1, "sigma_z": 1, "mean reward 1": [0.09056455499823304, 0.7430395723152107, 1.0765469386870028, -1.0058168549520698, -2.481040341981645, -2.957731330776243, -1.4980160396867643, -2.3247924420744894, -0.3948839663457455, -0.5445571519772031, -0.6505968103622458, -1.282521143531203, -1.5468140783763338, 0.3687982220694672, -0.19831553389718154, 0.11341844723264616, -1.4669611627432506, -1.365909739783768, -0.11033229025233782, 0.17576105087195382, -0.9400545754064193, -1.878113469341973, -1.1333632258423523, -1.1471389884906504, -0.961466277297808, -1.985589758370336, -0.8982702730002675, -1.450053581154306, -0.474520704696918, -0.5647062923866013, 0.6511124604632523, 0.6933523127669886, 1.2419273694240502, 2.786942432986251, 2.236022744159034, 1.9065120814709442, 3.202611483365523, 4.0771147833759525, 3.575283282577761, 3.3997447191574506, 2.1633225296211167, 3.4199913622755718, 3.2285618200229367, 2.1711435049971635, 1.0169770935158366, 0.07921880271167492, -0.06306436417161389, 0.5661879696274458, 1.5655481960473487, 0.8887936923121909, 0.5827125843049884, 1.303540942106931, -0.06712507369325715, -0.14308652163349017, 0.4317610118873434, 0.675414453086107, 1.8585860874268345, 0.7900035801411823, 0.6953168815702162, 2.1327256021715897, 2.4065248666071795, 2.84969840359093, 2.8079279635548478, 1.3951016409322765, -0.5328797727936767, -2.0551503261463093, -3.903418738421676, -2.3562954685727364, -0.2979859026361096, -0.6198798566423234, -0.8222941424447187, -0.36111195643205357, -1.0112020790776879, -1.2047059948110355, -0.8036511417008573, -0.5057910088657049, -0.1570032591886878, 1.6964939585172518, 1.8337874072800915, 1.8775040908066196, 2.718135414911243, 4.542024685710553, 3.96728413662136, 4.201488841714082, 3.3136948045248165, 4.641339885449898, 4.249106199828573, 3.4178138885073457, 3.211808794640737, 3.176710969464723, 1.3625521479968858, 1.883415285382724, 0.4129832734814345, 0.8750105490174875, 0.8483030320888865, -0.28578308722941936, 0.4457111403109178, -1.1458403923879272, -0.915776919532556, -2.427765802626282, -2.750253991036188, -2.1398242937750425, -3.230614797051418, -2.435804251033463, -2.3987294535580905, -2.9215560719374025, -1.9082563733295737, -0.8687069221637873, -0.1868555194097411, 0.05794583917676796, -1.3372591755831609, -1.7090157716203096, -0.8315248387143639, -1.239037775638576, -0.7018632800579716, 0.24735938496119259, 2.2849656458739065, 2.985543424550688, 0.9120742794752508, 0.8906725439680772, -0.049290918832629815, -0.6399949592039539, -1.1311249412858633, 0.7281793193617221, -0.127638531043741, -0.6556586057928873, -0.9161002232958382, -0.9863983821264748, -0.44396240146728216, 0.8047186545336618, 0.2057072245549848, 2.3499482038744834, 2.073231963273239, 0.9228292556189251, 0.030577310591447193, -0.4099277909115637, 0.20407324697938006, -1.2299221475681108, -1.3617251830629145, -2.3811207761811337, -3.160962536321189, -3.6919587953090574, -2.6229568097240827, -2.9293465367627802, -1.5934747506785925, -1.2657484246044208, -2.307798411083235, -0.7621728257720781, -1.1198448954612654, -0.7054063472452321, -0.3278607057931656, 0.13922965759861305, 2.0749716247249124, 0.6378486512485948, -0.4754425913245105, -0.4033294783162416, -0.13846364839949168, -2.5079760412829883, -3.233167920803113, -0.43671646403348996, -1.5713300864764195, -1.3645807797609484, -1.7100375105557322, -0.9432537690773377, -0.5174160241021335, -2.615642178797607, -2.922614139190731, -3.0012270303930846, -4.3052685211254, -3.1244765818939837, -2.4208796355657474, -2.3089436574930966, -2.1259208474740645, -2.142027652810451, -1.6032487178954145, -2.520239120744824, -2.598111499728274, -0.3034457196708549, 0.43613160774631116, -0.7264894397223263, 1.0824933690399443, 0.5856444431478216, -0.5278681681786053, -1.2635555373711884, -0.9075589920912506, 0.2095669897718504, 1.7066404621359406, 1.3944464830220986, 0.9892519599054423, 0.043989259571893924, 0.748732047024356, 0.2763922783470604, 0.7385276926345792, 1.7538333911874069, 1.0688554259241339, 1.913742583570236, 1.6725352105133096, 2.1335669333879386, 2.6483005641917927, 1.5000119047345861],