{"k": 1, "sigma_z": 1, "mean reward 1": [2.588602858993318, 3.035774669246832, 0.5904417065921477, 0.998470151530752, 1.780632581451644, 0.655404476046231, -0.04099641050442171, 0.6153081764705659, -0.5906290448580267, -0.10498124522372321, -0.2923486509008301, 1.4507041076459153, 2.653109656917416, 1.4921236025128102, 1.0568134488975403, 0.33215683610421076, 0.24082154297633634, -0.5617638063743562, -0.549875190056432, -0.9033625671911462, -0.39501736583868485, -2.1021997446376166, -3.1552905568243377, -3.806992584764165, -0.7576793069832437, -0.6092949500889319, -1.6934663037723925, -1.4396962556685156, -0.4678453479532664, -0.9290507124398469, -2.5221102537083313, -1.0904086110976523, 0.006276172834563165, -0.055962815881036174, -0.3489756799829131, 0.5339419488249806, 0.06782544772489818, 0.985436485511144, 0.24195596051772916, 1.7975824869946575, 2.07890679597387, 2.0491059559860463, 2.6753911253308824, 1.166813904581488, -0.0326163427753976, 0.6392303657692461, 1.5659335964905654, 1.0917791097727114, -1.3281685505976801, -0.9982334455856495, -0.6444673805680827, -1.4904814457273692, -0.8118834799114428, -0.8420712586745753, -1.3335106310113085, -0.09926702979685254, -1.2742719750857927, -1.8577623847360902, -0.9951028997545359, 0.2130235208840584, -0.15070364729879956, 0.03689228654005733, 0.2655166336238912, 1.495405206166812, 2.1418872503809645, 1.5998331157647552, 1.7086480898836094, 2.035823865048256, 1.4024593916144978, 1.8665351065301294, 0.8557262659299187, 0.11976465840014228, -0.11284618125000744, -0.8895102280411196, -1.6821298132375797, -1.544762340319741, -2.980552179064821, -2.71467354715754, -1.2648011999000541, -1.8931039298072396, -2.204981064997817, -2.615855876864446, -2.6023483497417406, -1.746342184061446, -0.1260476196176199, -0.4085547011430092, -0.758065912403006, -1.4009194326099217, -1.5215254387777994, 0.0814284389527673, 0.7632686137657687, 0.7027797433776463, -0.103850224090278, -1.8161578236858786, -1.5975561980542337, -0.8535066217393646, -0.938940907207314, -0.6271864049463518, 0.20838848935701626, 0.33628608817671163, 0.7077199330585067, 1.1020873368782476, 0.7362046857024626, 0.18388265428258144, -1.3953036556113867, -1.8688576034299222, -0.4902503324091281, -1.7814529024047863, -1.351267169777578, -0.5903249502289241, -1.818118490696569, -1.8178632762374727, -0.9876452697426216, 0.04704676973745592, -1.4785847239819783, -1.7827014564608712, -0.8659084771457737, 0.4508487541757511, 0.6481981944599712, 1.026192885555472, -0.6935635227524849, -1.2127908829353364, -1.3140789454123585, -1.567203317306138, -3.2560626567204785, -2.4986417444422724, -1.9865824660702782, -1.5989216930395411, -1.8827640737861986, -1.6292484934649514, -2.9097120901342186, -1.0149977686214748, -0.7090835301686685, -0.09145553452039501, -0.22674723218819698, -0.5241999841535925, -1.6585781728946967, -2.4401161317257825, -2.985525969924456, -2.901052021646057, -4.60686492776263, -3.485784005397667, -4.091474737020057, -4.353059234838962, -2.9437838136270096, -4.322167499366034, -3.2086038149482277, -4.701240349282758, -5.013904116705227, -1.8974904070489074, -0.6613381982920916, 0.5927456096676764, 1.683661013637046, 0.24529982784929039, -1.5795413610296725, 1.7308754993484852, 1.953661925340718, 2.1033160446282184, 1.8366435848237133, 1.0031572660539596, 1.3726112704388953, 0.07965740619911332, -0.2954960317346011, -0.03587812985543387, -1.2742327193691172, -2.266962467846783, -1.928779531164879, 0.6135278133912823, 0.5027181910806809, 0.8011210652956111, 1.2787628429842521, 1.4652734730231551, 0.9013272987343153, -1.1838433413341143, -0.02425514577523491, 0.5209526826048986, -0.8179673259668477, -0.9967999563178975, 0.14480974321704365, -0.6039841834594614, 1.0931198371959168, -0.2900253657338866, 0.15871275067031643, 0.8755016988955263, 0.9110804216572218, 1.454717451012383, 0.2450590907260024, 0.8012365988860704, 0.311252260162667, 0.24800310799373437, -0.05889620295127182, -1.093009259952481, -2.235488213361092, -0.8780985565505293, -1.0039271818492148, -1.2826367447420273, -1.506133378061251, -0.47008833467327094, -0.6845445217466972, -0.9171808914800582],