{"k": 1, "sigma_z": 1, "mean reward 1": [6.864883469556544, 5.40836167059604, 3.8767151168954754, 2.0503303253711254, 2.1410191804563508, 2.146482461158792, 3.821106946458194, 3.5430074474961137, 4.038935233974747, 4.692779146158381, 4.738519609582205, 4.827528785331529, 4.28144792334777, 5.060905669212096, 6.18261084677304, 6.601877394822069, 6.461507656124183, 4.48939374474902, 1.9511000928047508, 2.3875130328886076, 2.439481810577429, 2.4855684113970637, 3.040917459197386, 2.8549236490408045, 2.616271997999532, 1.9622842077163263, 2.8273855421794742, 2.10865841771738, 2.4999271393040954, 2.2867013539993994, 2.5572091059257342, 2.0644872260560403, -0.02431339304638147, -1.0910573905694303, -2.206875093330312, -1.0548833131210766, 1.2767643882344322, 0.8153102766422166, 2.295086920340651, 2.095040593436473, 3.866953700327219, 3.2452240061320734, 3.5791812186730776, 4.5750481355542405, 3.14426413309944, 2.7809962524365868, 3.3740027408272217, 3.4599619086276308, 3.4203860956993695, 3.9506835845684996, 4.786359315761601, 5.149429831053528, 5.10167205094334, 3.3087622235179226, 3.071388590621672, 3.7548709220583456, 4.372240839463133, 3.5529245956836344, 5.304376901379539, 5.265291231241682, 4.120757020694062, 3.8414708226188368, 3.1034824119048867, 2.9432125642099125, 1.010803443328452, -0.7565176865189198, -1.4719912259181471, -0.9799478382843718, -0.18874245218346586, -0.7586355844590426, -0.0800630171367478, -0.5136390399802452, -0.8890432825208365, 0.34516348670122543, 1.044915259665403, 0.03497245435527796, -0.1949141205021059, 1.2309217338067862, 0.7429637161068873, -0.8224008228412962, -0.3329975015472044, 0.703041256988087, 1.458939466232604, 1.445255504955958, 1.1384699455576974, 0.5202770800043927, 2.3108605906313393, 3.4679166724081956, 3.6847299442991703, 3.7999504600304355, 3.170377412961679, 1.9993399183361875, 1.8094739308810308, 2.574479245561135, 2.6687414369963087, 2.50757950738595, 1.8514395311857532, 3.0935671077087803, 2.969410836080733, 2.4592566929841007, 2.524488271889732, 0.4968718160466299, -0.023689264940133015, -0.3294692651642608, -0.884648044193065, -2.4698929484470806, -1.4163216874595235, -1.5322423900480313, -1.2086913217010211, -1.2025022648791135, -2.195233529057364, -2.967938831566035, -1.940384775905156, -2.302479146266461, -0.9479725670727588, -0.5691133850470083, -0.35967182025910127, -1.6755793298915436, -1.7696650054017091, -1.466605175522872, 0.8935386402601666, -0.13880563222133324, -0.8210147785793469, -1.6663134090053615, -1.2510227201371942, -1.5167109211469352, -0.38254427922249645, 0.9858473136491841, -0.09667458142284946, -0.3111147407907233, 1.2802694216239205, 0.388942051750661, 0.49763044146773716, 0.5684909677108133, 0.6926847746031883, -0.5159486584494671, -1.2501813568993676, -2.2825789757084975, -1.963403499817429, -2.6808216699997525, -2.9038279587024753, -2.8336499742211725, -5.3563561397024575, -2.584367188112762, -1.389471873708618, -2.6151050955299624, -2.155420268925057, 0.25421767357580505, 0.1289372187013678, 1.4638376330955978, 1.992365377227975, 0.6485510218659605, 0.3770252665860875, 0.09638671441410665, -1.738251767599438, -2.1877720428719116, -2.533931988402866, -2.310373237056517, -1.8996459595509219, -3.118332028008713, -2.5706710159486366, -1.0005523505940392, -3.354179329278314, -4.242167612893747, -2.9649629012268672, -3.0902410017396695, -3.127088359746957, -3.30282443147234, -3.008405312657017, -2.9107551009481654, -4.0391492990516715, -3.16265152341596, -1.804882262022759, -0.4540241075658251, -1.2027646775823233, -3.411516687555738, -4.222834588694831, -2.9456354269767453, -3.1684810767177196, -4.11859363740408, -3.763758390094814, -3.727809228468861, -4.380919875756936, -4.642039657013349, -4.097766714841267, -4.633214973356601, -3.7265936859887243, -3.0351799752100534, -2.8765298356318474, -2.9549924012583246, -2.922416036920026, -2.068609742103324, -2.7342513314845034, -3.2809459131765655, -3.055106431012076, -1.6297930407412673, -1.0828587718364213, 0.29436935478288717, -0.4233250770929831, -0.17828191709235514],