{"k": 1, "sigma_z": 1, "mean reward 1": [-13.807372710238814, -12.40082235814866, -10.212106299838853, -10.241977233762086, -10.355239201110905, -7.547457002692384, -6.122571139525994, -5.449971091402907, -5.9149158588504624, -4.194547419518615, -4.713861308686882, -3.197103900464069, -2.0652748406454084, -2.811256887583858, -1.2628829902692995, -2.3598494654495124, -1.666153539121901, 0.46889654570010664, -0.2574113805214085, -0.08470974756225313, -0.09877766285903261, 0.8470449971725074, 1.1739601383605862, 1.0111265489733103, 0.8159791594204439, 0.1823926786040263, 0.35429476977361446, 0.4504037594631086, -1.2270228970994197, -2.0968943879573905, -0.6948006184808264, -1.4389368041032318, -1.563185262828507, -0.16225625630461638, 3.0414720558921857, 2.747554151755734, 3.800586359558335, 5.013638350769475, 3.8030206135326843, 3.405361612689101, 2.500785823869098, 3.261766069596818, 4.868679296781901, 3.370276170370583, 3.458388637139883, 2.2951104465601198, 2.1653226797983165, 3.1732210832451466, 3.0480186540472682, 3.2044759912455825, 4.707406626776238, 5.874057185241078, 3.6885423562114052, 3.55358611120967, 1.9366512923827388, 1.409712177134503, -0.75911985645073, 0.920026240176707, 1.394527541322097, 0.6399398072878353, -0.5272476381477558, 1.1429291541742819, 0.405149856419864, 2.235528845262311, 1.5105199860840437, 1.2655234062758025, -0.43087147559680106, -2.643670939001306, -3.125116642575727, -2.2632948950218337, -2.7738075182823936, -0.8143812899659895, -1.3385067653786207, -0.7085983507849142, -1.1229485680586815, -0.3455584947827579, 0.3122166309525031, 0.5529642327659945, 1.2914615730170138, 0.8577178311531948, 0.5398802795117879, 1.011276291211835, -0.7208132041692435, -0.5674415420726856, -0.07333984592845083, -0.603405336115588, -1.986896134055449, 0.004796532725390712, -2.092929488680774, -1.7107194784536375, -2.168228319940854, -1.6017389656520755, -1.7947576838411925, -2.4929221210307073, -2.643976799076689, -2.619958892547145, -1.789102785552451, -1.8538153368280252, -2.0033660909249877, -0.4942117833561932, -0.2556396494966583, -0.883013308835809, 0.025917230796455692, -0.7376648451190332, -1.3861297011503588, -2.091045372570599, 0.4728065563882422, -0.19639428343238097, 0.12578722313229437, 0.0667587796218174, 0.8154588882847145, 0.4752809877460071, 0.7950677568007845, -0.7499407544338568, 0.5561406982441214, 0.6175719101841141, 0.9457443327445414, 0.9041934804615932, 1.3441729909382327, 0.11986137729785162, 1.0563004934865292, 0.6166848545374569, -0.6360255211986384, -0.36129176980043076, -1.5876736083541283, -0.6003458424574386, -1.5323742260158113, -0.9502324361070908, -1.8025479825792794, -3.6906039598767713, -1.9064190653159052, -1.2035711844238888, -0.8693281662396342, 0.0042340837059958725, -0.6236830391023505, 1.1384581480915839, 0.19709733065600266, -0.7616320072136253, 0.1355407147807074, -0.1284101500977391, -0.9463619965880296, -1.4508071981368245, -1.9415313726316423, -0.362443224970761, -0.8511197556983474, -0.8937435404751601, -0.42742994472821877, -1.601810672644311, -2.0277429485187035, -1.5713337287229292, -1.4365967091807745, -3.6472943186650326, -4.999309740693455, -4.6979297127293655, -6.690576789626096, -6.062095662535833, -4.657536682345441, -5.933757220605093, -5.1202157073897245, -3.8690458983822835, -3.2540772099813533, -3.4221721089210657, -2.3125250371130286, -2.663493116018622, -1.8713045024106383, 0.6536613566793874, -0.1873493445862886, -0.7542225841523323, -0.43746304680659853, 0.9183780112457358, -0.2666296947857749, -1.081945180728019, -0.5755257921576138, 1.4876493970671734, 0.9376349136638391, 1.707350109966859, 0.9926016897789481, 0.5074556376290009, 0.03501560271465509, -0.8624082538321227, -1.6187745681317964, -2.7677550239534603, -2.1688989829496537, -1.194094214385506, 0.5764184185930621, -0.4114836829712707, -0.5562029944305265, -1.682670884433183, -1.131704141095355, 1.2242560401355134, 0.2622922333601698, -0.513081600255064, 0.14458588798641198, -0.7284311527527495, -0.3537787848377355, -0.276694187590427, -0.6256372111304535, -0.01586712428377346, -0.3265470425968224, -0.3457260536965181],