{"k": 1, "sigma_z": 1, "mean reward 1": [-3.0825700918254872, -2.5139913812202876, -2.466893148136521, -4.817082463579883, -5.208678861034121, -3.7527054310457992, -3.1178389216878886, -2.004128433442846, -2.298767521522948, -2.0436465834962516, -3.3861551070666405, -4.441352268715929, -3.664584887488354, -1.6278265783679216, -0.7919149559650686, -2.366986211417804, -2.432202831176681, -1.0779964883656394, 0.308212751464349, 0.6316942163105503, 0.14407596739144446, 0.7087125376096519, -0.2034990497037833, -0.3300318462833258, -0.5675854862101934, -1.851085009165358, 0.09751570429663614, -0.8200475473503976, -0.7426044631859109, -2.2583489007945476, -1.9266514441990847, -2.4478623558054364, -1.0000442828028642, -0.7361059311804842, -0.8894021883426384, -0.48635209008335784, 0.21444727691880427, 1.3777487357866198, 2.4564746508845303, 2.4321191631326196, 3.9317912218959945, 2.949064251596893, 2.601939669335675, 2.7727985307846543, 1.8349272653698967, 1.441891735074497, -0.14091863417836215, -0.6942611579771271, -1.6550232750123315, -1.117691206964197, -0.04193893452469333, 0.39102098578564554, 1.0820052588980191, 2.4883822443303005, 1.91330465011895, 0.03484944942509349, -0.5977902070287832, 1.9085820819961108, -0.087912011086138, -1.102706990295555, -1.1935069419189033, -1.312723448209084, -2.5603261939618855, -4.116735575640338, -1.9448572735518002, -0.7722423919735825, -2.0627121750781203, -2.3744039054004618, -1.8144550933755104, 1.3606243917911032, 0.9454158383639064, 1.8330334193876572, 1.975859813704357, 1.6906993539817448, 1.049855469363151, 0.784632608053728, -0.18649859635686294, -0.1935797049066345, -0.46706400122308356, 1.0011508446316946, 1.0409711857607586, 1.7902484467019837, 2.8260523706380707, 2.6750877402110507, 3.715938323113919, 2.762420951809524, 1.9620747352763053, 2.300439443042207, 2.550489830596278, 1.873355237545257, 2.1991762975094464, 1.1824218419526855, -0.30755855730154247, 0.4181880380682908, 2.0551988749702157, 2.7289228292572374, 3.35321567671896, 4.2033244428918515, 1.3559555190040138, 2.0118703591237876, 0.8283290262214825, 1.293512533334674, 2.4587207573537366, 0.6152737090165088, 0.4555770564819356, 1.936570683314155, 2.667573404842747, 1.7572197787031545, 2.4446800076986537, 1.9520558609504302, 0.4728999148906943, -0.16985006432845395, -0.42236563553589695, -0.8617004626972088, -0.8219758619489252, -0.9180626763874477, -0.16393144245825697, -0.20943920944565866, 1.037728935480741, 2.111015913923894, 2.694294266803629, 1.130235418383318, 0.9727250762665156, 2.4183624096681435, 0.9551997800335563, -0.3843730643762059, -0.3185331382214861, -0.8201142918996599, -0.5306928847385685, 2.624401918821825, 1.6358285122102867, 0.26546204663728745, 0.41428613103030665, -0.027754018830109528, -1.2890535921619728, -0.8383465788830454, -1.3312902572575473, -1.7761442684770514, -3.9325705456808286, -4.029112028714673, -3.902156840230664, -2.8337565958544015, -0.1919867032910081, -0.5092852128124438, -0.05199565835166714, 0.8922853737420386, 1.6231007991464335, 2.1626149101207615, 2.0353930501954816, 2.5923636986346015, 2.2901456561461244, 2.812234138524761, 2.336826271842907, 4.162855259638615, 3.3370925875368984, 4.376624838851466, 2.863915339693321, 3.513466217118713, 3.031853924702959, 2.0541064224353414, 0.4980279321756258, -0.42785014363226453, -1.5724119908667058, -1.751351080424769, -1.1880240022398778, -2.0755900357165773, -3.0633097560759865, -3.003193332350362, -0.08593160909303466, -2.1338673325109694, -1.3580289248098385, -0.9400201613954953, -0.13563053480381793, -1.1402328632986356, -1.3740112513620701, 0.3817192922510142, -0.5086702628560158, 0.11833028018923342, -2.5970677026726, -2.519750486199933, -2.3335229940083217, -2.8454253963162883, -3.761485578639297, -3.34121326176397, -2.4405793043613926, -2.4642562895977784, -2.9237910257299053, -3.057094375812958, -4.2411152362196916, -4.708968872307983, -4.629718538395024, -4.272164818113117, -4.18051509391521, -3.646699377016887, -2.2743754314097906, -2.696996872629994, -2.85718947416459, -3.461243223951223, -1.1911737358926213, -2.459369289052587],