{"k": 5, "sigma_z": 10, "mean reward 1": [1127.2121266495742, -2.4552091771828635, 37.70417457574886, 94.714239652306, -416.4740021935717, 624.6769176236377, -185.11192718673598, -1343.5207573039352, -827.4573935555587, -601.6339676835742, 47.15892231801124, -315.8397343580726, 563.2961251182641, -88.66008924567979, 1820.7985582587867, 1186.3001367539246, 568.899479708802, -323.43793607799427, -419.12749581288944, 674.2817784651393, -209.20746595452098, -232.28562065174233, -45.73929710902844, 729.539044429629, 280.5221644039897, -402.4939745227368, 1497.156936340297, 67.61345682276686, 826.559216875625, -953.9456503967157, 1123.0279392420737, -1250.957483103543, 212.9613970281683, -182.78232672785458, 771.3828005196103, 480.84956496732156, 491.37876627138144, 704.6796440244286, -1349.6574187326532, -390.5534484667321, -1930.4692583331398, -1126.1625114106607, -2165.812233212217, 473.6764096990358, 544.2001415015615, -614.579808219177, -560.8694290364298, 673.0591259487619, -2177.2796534449385, 280.29154581508806, -1175.6968024750051, -204.9030950710016, 458.4759057190592, -1676.9984144499163, 786.227237560822, -2266.4627949569845, -113.13173281896142, 122.5812852194002, 875.9105945290431, 1714.7741244597366, 1247.0791505777179, -738.1886516775749, 1184.3096476818569, -1159.452854007458, 226.2089193818218, -1662.3001160593028, 1238.216289548463, -1725.926996239836, 326.26724575595165, -247.3130527248753, 1314.9725795300665, 377.3200263440726, 693.907245722318, -604.3887036542078, -719.0138574196367, -3194.3054696237305, 275.00700916162054, 77.6926959259221, 570.7286369059341, -1636.0612931587323, -470.44979764289894, -983.5834422186206, -541.9956802227376, 394.59574441207116, 123.9317453935027, -325.04515112207906, -752.1629481796023, 19.80524870283339, -423.3308329061608, -30.163993899443074, -1522.1968759100787, 1101.6120454330328, -587.8309958141273, -961.3221503298291, -110.59841285567451, -463.4319886063665, -237.4711819268078, 788.7165551076454, 1642.3386923864189, -407.37778020774493, 746.1602242354162, -1207.5202913671696, -98.4061128734033, -573.8231129622296, 1210.4371913172695, 416.0050610643689, -1826.8181286862682, 1628.7083855754304, 1929.0611456356796, -449.11650390520634, 1921.3648046674552, -818.2641681685387, -424.6746259056697, -279.2434277206751, 802.5367473106024, -1472.9064917123455, 738.2296515477831, -1165.996602309453, 1608.739537585685, -1319.6488890618916, 309.16489817727995, -77.05465020069448, -524.9305504900323, -62.56720704702063, -1278.6491476658005, -1146.278063195366, -1812.932592845499, -2243.71520840152, -404.4504709977168, 342.54077971964597, 686.2682173877989, 79.94136285218305, 1951.6018043833792, 1136.9947679807826, -782.241607667073, 635.7870273861354, 111.42331964762349, -427.7311440974264, 2591.4427761750903, -687.3659810971998, 59.28718709851175, -468.4717518366538, -1095.83010143405, -1978.133045851753, -783.1058480141462, -1229.9878494905254, 193.2544765988308, 1058.3274330744168, 846.1145832560426, 2213.8305091530156, 369.39990369770703, 1453.575732014119, -1677.7880501934483, 468.6560699888239, 1637.739044349354, -766.2612156807905, 1358.9407573535607, 526.2764608466456, 1381.9994958180584, -1159.837627736891, -1647.3395684504244, 93.22687898217757, -3051.936465029684, 1259.681415614272, -2534.6269714027576, 1040.6408528598372, -1078.697272317364, 344.25586481971527, -75.35884851808294, -1517.7241309302187, -517.8494453983031, 2022.5719128293147, -1384.8874101915787, 513.4024454928752, 161.43200862494896, -210.2962043516321, 333.4028782864926, -649.602462660858, 1368.3467261867454, 1022.8043081918748, 463.7756269782988, -1482.423722236327, 1496.9577096232806, -2471.230584814289, 816.1575269124181, 1115.0785136813631, -60.35789689313861, 99.8367332745822, 200.92832706855935, -556.7672946505938, -2069.3705664830522, 1128.02268357439, -2381.57076582624, -1478.538285338061, -672.8863792532806, -271.8286717230085, -1279.8253190572073, 244.27966170191365, -1389.9092054381408, -1477.6643483455066], "mean reward 0": [-1127.2121266495742, 2.4552091771828635, -37.70417457574886, -94.714239652306, 416.4740021935717, -624.6769176236377, 185.11192718673598, 1343.5207573039352, 827.4573935555587, 601.6339676835742, -47.15892231801124, 315.8397343580726, -563.2961251182641, 88.66008924567979, -1820.7985582587867, -1186.3001367539246, -568.899479708802, 323.43793607799427, 419.12749581288944, -674.2817784651393, 209.20746595452098, 232.28562065174233, 45.73929710902844, -729.539044429629, -280.5221644039897, 402.4939745227368, -1497.156936340297, -67.61345682276686, -826.559216875625, 953.9456503967157, -1123.0279392420737, 1250.957483103543, -212.9613970281683, 182.78232672785458, -771.3828005196103, -480.84956496732156, -491.37876627138144, -704.6796440244286, 1349.6574187326532, 390.5534484667321, 1930.4692583331398, 1126.1625114106607, 2165.812233212217, -473.6764096990358, -544.2001415015615, 614.579808219177, 560.8694290364298, -673.0591259487619, 2177.2796534449385, -280.29154581508806, 1175.6968024750051, 204.9030950710016, -458.4759057190592, 1676.9984144499163, -786.227237560822, 2266.4627949569845, 113.13173281896142, -122.5812852194002, -875.9105945290431, -1714.7741244597366, -1247.0791505777179, 738.1886516775749, -1184.3096476818569, 1159.452854007458, -226.2089193818218, 1662.3001160593028, -1238.216289548463, 1725.926996239836, -326.26724575595165, 247.3130527248753, -1314.9725795300665, -377.3200263440726, -693.907245722318, 604.3887036542078, 719.0138574196367, 3194.3054696237305, -275.00700916162054, -77.6926959259221, -570.7286369059341, 1636.0612931587323, 470.44979764289894, 983.5834422186206, 541.9956802227376, -394.59574441207116, -123.9317453935027, 325.04515112207906, 752.1629481796023, -19.80524870283339, 423.3308329061608, 30.163993899443074, 1522.1968759100787, -1101.6120454330328, 587.8309958141273, 961.3221503298291, 110.59841285567451, 463.4319886063665, 237.4711819268078, -788.7165551076454, -1642.3386923864189, 407.37778020774493, -746.1602242354162, 1207.5202913671696, 98.4061128734033, 573.8231129622296, -1210.4371913172695, -416.0050610643689, 1826.8181286862682, -1628.7083855754304, -1929.0611456356796, 449.11650390520634, -1921.3648046674552, 818.2641681685387, 424.6746259056697, 279.2434277206751, -802.5367473106024, 1472.9064917123455, -738.2296515477831, 1165.996602309453, -1608.739537585685, 1319.6488890618916, -309.16489817727995, 77.05465020069448, 524.9305504900323, 62.56720704702063, 1278.6491476658005, 1146.278063195366, 1812.932592845499, 2243.71520840152, 404.4504709977168, -342.54077971964597, -686.2682173877989, -79.94136285218305, -1951.6018043833792, -1136.9947679807826, 782.241607667073, -635.7870273861354, -111.42331964762349, 427.7311440974264, -2591.4427761750903, 687.3659810971998, -59.28718709851175, 468.4717518366538, 1095.83010143405, 1978.133045851753, 783.1058480141462, 1229.9878494905254, -193.2544765988308, -1058.3274330744168, -846.1145832560426, -2213.8305091530156, -369.39990369770703, -1453.575732014119, 1677.7880501934483, -468.6560699888239, -1637.739044349354, 766.2612156807905, -1358.9407573535607, -526.2764608466456, -1381.9994958180584, 1159.837627736891, 1647.3395684504244, -93.22687898217757, 3051.936465029684, -1259.681415614272, 2534.6269714027576, -1040.6408528598372, 1078.697272317364, -344.25586481971527, 75.35884851808294, 1517.7241309302187, 517.8494453983031, -2022.5719128293147, 1384.8874101915787, -513.4024454928752, -161.43200862494896, 210.2962043516321, -333.4028782864926, 649.602462660858, -1368.3467261867454, -1022.8043081918748, -463.7756269782988, 1482.423722236327, -1496.9577096232806, 2471.230584814289, -816.1575269124181, -1115.0785136813631, 60.35789689313861, -99.8367332745822, -200.92832706855935, 556.7672946505938, 2069.3705664830522, -1128.02268357439, 2381.57076582624, 1478.538285338061, 672.8863792532806, 271.8286717230085, 1279.8253190572073, -244.27966170191365, 1389.9092054381408, 1477.6643483455066],