{"k": 5, "sigma_z": 10, "mean reward 1": [-1697.5174345667078, 1206.3980908391159, 363.5328620677709, 696.7828294355451, -318.4325780651193, -779.865543445169, -1543.2005795086484, 1016.7677713101536, -1725.7670814300302, -639.6859976242456, 1164.0804485871688, 356.3224994458091, 1893.8627174073574, 440.3455577743524, 2213.343128409334, 587.6191012975208, 1767.6135895039245, -245.35024635402104, -1359.1228045545943, 997.549034412897, 748.6318092895968, 809.8154714967087, 1892.6520571346607, 1674.0579347288297, -1023.5608328513205, 920.3030543007944, -740.4510464518842, -730.1074734346884, -75.62469953650424, -68.97518677455716, 112.53904980943545, -986.9300160937421, 89.6465402991705, -1114.6150460483784, 1048.2820392817162, -1483.5689755776443, 431.19881418041575, -1732.550413590345, 456.15618684891024, -85.08986903828006, -960.0418009426173, -724.0488759136894, 616.0523058347106, -1044.8268430684507, 505.3949955625427, 623.7839049692516, 1064.3484660181302, -1258.7617787823644, 1090.5818230343052, -725.259284110435, -607.0172305779536, -312.53399178230563, -1904.3965656879463, 45.493369044208535, -719.7555834097469, 2067.0233451188496, 1082.9771758682853, 803.167493342956, 1087.6874891695327, -805.724157224346, -214.8777493493132, 511.30360634207284, 681.843416675748, -1540.733833467585, -305.645269100601, -574.1904713274087, 861.9904364695415, 501.6578843333704, 312.367514812779, -507.1113551170446, -618.8241780163863, 225.42054474807935, -2424.0643066172106, -270.2615783369576, 693.3540573799241, -791.8361188415425, 1598.6417590691974, 1167.7773962376261, 1592.6523989018824, -183.76184552404163, 1239.9561040869378, 344.6410265606302, 933.4605260807554, -938.6114341425106, 2169.8362680195787, 869.8086088506806, 1495.741817365492, 2705.8248568367176, 1719.8600483875375, 1895.8703518863117, 229.3438476386361, 1631.0868153123142, -905.5028351265415, -321.4638003681616, -2526.1682209105174, -215.22985623936907, -2267.39964642375, -939.1077243857079, 701.1902632917639, 155.58679942652174, -1461.2907673073928, 1967.9011223908565, 1479.864859742159, -1031.6371584026488, -136.2272615977952, 1363.191280542627, -1914.326322109995, 180.3751340899292, -144.4994944960862, -1482.3992120634105, 296.72446325611946, 614.591764148049, 84.26810503380464, -216.2397369500564, -21.437534006743064, -1917.294177589927, 1546.0140875985114, 282.01845927091756, -890.7261322611018, 821.0470167495334, 290.31584078188104, -291.6912326057226, -1465.7371497228385, -53.70902639537762, -1107.6222981262401, -1978.2792040435784, -1615.3589378843067, 844.1912369701968, -2464.3635390592517, 746.4523146398885, 446.3708240371956, -1415.9396478996102, 48.73647340520728, -1083.9729201261748, 661.3337012271734, -1353.9885502112875, 818.8594509807565, 356.40331318903395, 816.1249977289078, -1374.4983766981802, 974.6392111802007, 220.3197158762224, 1672.2172554180152, -1092.7329798087412, 1361.2528725462073, -1488.6540677401258, 565.9412615624691, 192.1721422477984, -1474.9293917345876, 624.4030646511486, -739.031634920619, -563.9017302195438, -367.955751318082, 2427.970903459965, -508.5952033747833, 1650.0631458969426, -1587.0377981672752, 1525.9755027628873, -770.0704150526566, 1478.7119161488679, 457.18945843323536, 1847.1701045299305, -1360.3096173458089, 2171.9137501546556, -1841.1425630295157, 2128.6857090422977, -472.44424391006675, 383.28561707723406, -1413.3083025892895, 802.3579946387962, 130.29113990958746, 582.3625750619838, -1047.5796225366435, -221.89578365084034, -1838.2675694870582, -438.8824137015361, 2302.646839838273, 68.46686521641328, 1285.684133893746, -474.100761865465, 1432.9056633104783, -2373.582078403577, 475.9051952927652, -3586.2439120531453, 189.2986999701172, -766.9562323358064, 2171.546014347433, 231.73603092186164, 2251.9949219201203, -352.7568166085115, 601.316163988526, -531.3749135154244, 1278.4108415934543, -1388.3700981634977, 564.042558507346, -25.92847585614262, 1717.086282444258, 1750.5149552160706, -602.8339018866619, 538.4696688345933],