{"k": 5, "sigma_z": 10, "mean reward 1": [-1599.5724985971485, 63.033999259842155, -791.8116815438157, 1656.3643039166689, 1389.2256212359262, 639.9612008393026, -1415.5739341603944, 2109.4853739106193, -2986.400925480161, -261.110944485336, -1211.0046892436937, 341.74599368527146, -857.3226439818433, 1039.6392287288852, -1179.870218414582, -575.2335178622466, -1432.6167548579704, -472.31747223459786, -2480.294834222391, -828.333569230726, -1058.11274814649, 741.8770660249612, -256.9871098335949, 1729.8107386924137, 554.8655113055429, 2359.8296995273804, -328.8859355157078, -112.73009774930678, -487.8693093462301, 780.0136081246659, -1156.9793787669746, 651.4892678441093, -1428.2380907915872, 94.40692343573609, -1108.504814325565, -145.85904546227187, 1448.4547452205045, 412.42433711688784, 4.3543075335088055, 1348.7626834251655, -558.4568167858774, 2569.238824022599, -1860.4302595827412, 472.5944356955682, 1136.848595816862, 397.3569940403902, 503.435025974407, 585.8775533920971, -1361.278476254116, -1029.408779873942, 1576.7128742604473, -858.7151081328986, 1704.6020700765905, -712.5227035676835, -357.9939465805977, -114.10671479778473, 485.0062750675269, -2026.3313620800745, 1355.9488264080283, -1318.64990099595, 610.9302829573744, 445.5030810258869, 1102.698832356846, -2420.9989713403293, 531.8404277392523, -1400.4319805204443, -142.22095138956448, -1886.5427584880074, 784.7672534121251, -1520.51290659885, 328.9973459322904, -1554.8255562442375, 513.4774453163953, -397.90252407323925, -16.55836882597086, -448.1659074422802, -1009.7150397680766, 28.873520250690255, 302.0488697080275, 1637.2009544083508, -1073.396421073236, 1623.8758770401291, -962.6942971551169, -3.3319269722638545, -2136.209708910499, 92.28378769470615, -523.96014663671, 2236.1927755575484, -1507.9813719547292, 2835.3613269657844, 2021.4830911888153, 2.9420797046977754, 1259.6288267171383, 874.2390931831444, 103.19411075645392, -659.6849678657593, 516.8953597315377, -1417.6208076950318, -250.02922360162785, 504.3470832423927, 922.8273982759266, -331.9192247336822, 84.5518261446779, -1065.6393395469781, -2.05592431727436, -622.7951728441001, 373.6532843229309, -355.6453606601859, 1769.3412524644336, -1406.4665647645768, 2386.2618406065303, -1870.5124802786713, 2416.789980340415, -1353.1335729466803, 178.39033021088557, -1002.8083716417212, -16.22625292627422, 33.75029356535153, -481.2564234884285, 723.4268142482141, -531.2245344327805, -2230.572133707243, 3559.802109804398, -3204.9824644662012, 1583.2703727556375, -1145.1510686142633, -183.80072561384893, -214.92485997475654, 824.6436318970079, -1492.6747825092673, 8.237749803421579, -120.68929188337152, 1781.137527389926, 686.8529293750919, 769.9778270245301, 2044.9830750045762, 1840.2875832932714, 1574.3308485587222, -1734.074105860192, 2106.7713319450027, -435.7099288506758, -180.88088332815008, 741.6983345328904, -2125.3092503413877, -223.3181328285281, -735.6606699294456, -1069.6330681110478, 1345.9391711510225, -772.7409983541878, -411.6496288113153, -1469.1280146018514, -906.8237185270015, -997.9846296889356, -933.2225541114809, 946.4579341345777, 1313.4526262763095, 1131.6745159032203, 1583.2535216686247, -206.2336190171432, 223.49597894240281, -1013.1357723102632, 141.3809858058356, 944.373090074582, -507.06002502241415, 1298.7731364682145, -515.5940042512966, 703.0958291138777, 944.5710613978893, 240.04024013089662, -1180.0215978150186, 1590.0235627425445, -1389.6542946983643, 1107.810888172866, -619.5795906649926, -819.52147530814, 1446.415427477751, -183.63749874372144, 996.4772582044905, 1398.9311783744718, 1903.246875462059, 1301.370311319812, -743.5409593481469, 352.65059235339766, 409.47995968096143, 1260.1803248206832, -1696.4302583342399, 54.95909520954392, -2161.574917277029, -1066.7597371218121, -284.3023915536236, -1105.9723786111276, 694.6827238472733, -2010.2053319656384, 1178.54166801169, 170.7634255209407, 2426.288519171735, 872.2609699446441, 2433.399613220476, -1721.600707821512, 1293.2547382308878],