{"Stationary": {"actions": [0.0, 0.0, 1.0, 0.0, 0.0, 0.0, 0.0, 0.0, 0.0, 0.0, 0.0, 0.0, 0.0, 0.0, 0.0, 0.0, 0.0, 0.0, 0.0, 0.0, 0.0, 0.0, 0.0, 0.0, 0.0, 0.0, 0.0, 0.0, 0.0, 0.0, 0.0, 0.0, 0.0, 0.0, 0.0, 0.0, 0.0, 0.0, 0.0, 0.0, 0.0, 0.0, 0.0, 0.0, 0.0, 0.0, 0.0, 0.0, 0.0, 0.0, 0.0, 0.0, 0.0, 0.0, 0.0, 0.0, 0.0, 0.0, 0.0, 0.0, 0.0, 0.0, 0.0, 0.0, 0.0, 0.0, 0.0, 0.0, 0.0, 0.0, 0.0, 0.0, 0.0, 0.0, 0.0, 0.0, 0.0, 0.0, 0.0, 0.0, 0.0, 0.0, 0.0, 0.0, 0.0, 0.0, 0.0, 0.0, 0.0, 0.0, 0.0, 0.0, 0.0, 0.0, 0.0, 0.0, 0.0, 0.0, 0.0, 0.0, 0.0, 0.0, 0.0, 0.0, 0.0, 0.0, 0.0, 0.0, 0.0, 0.0, 0.0, 0.0, 0.0, 0.0, 0.0, 0.0, 0.0, 0.0, 0.0, 0.0, 0.0, 0.0, 0.0, 0.0, 0.0, 0.0, 0.0, 0.0, 0.0, 0.0, 0.0, 0.0, 0.0, 0.0, 0.0, 0.0, 0.0, 0.0, 0.0, 0.0, 0.0, 0.0, 0.0, 0.0, 0.0, 0.0, 0.0, 0.0, 0.0, 0.0, 0.0, 0.0, 0.0, 0.0, 0.0, 0.0, 0.0, 0.0, 0.0, 0.0, 0.0, 0.0, 0.0, 0.0, 0.0, 0.0, 0.0, 0.0, 0.0, 0.0, 0.0, 0.0, 0.0, 0.0, 0.0, 0.0, 0.0, 0.0, 0.0, 0.0, 0.0, 0.0, 0.0, 0.0, 0.0, 0.0, 0.0, 0.0, 0.0, 0.0, 0.0, 0.0, 0.0, 0.0, 0.0, 0.0, 0.0, 0.0, 0.0, 0.0], "rewards": [-260.8320453938827, 118.2213344920502, 824.1164682287335, -129.90867673293812, 540.4774949528532, 926.8711706536876, 1025.6068328813153, -584.088583351687, 445.0584814380893, -1381.9736814732921, 1086.8031682198616, 507.77099897679716, -759.380468595124, 2159.822631029821, -1437.0165202735627, -480.60554421074147, -992.9278491708305, -1195.4618760306482, -636.9828948790611, -1018.717633356328, 918.0608401470028, -2057.384206789067, 1670.4273164955202, 526.2215300627961, 482.7453368537663, 217.49465073639192, -483.088943491159, -205.82089406323962, 217.52092099807808, -7.617310688856953, -448.8335552867858, -1060.7160074159117, -755.828691939924, -3336.9371191310897, 1438.6461437561377, -2315.7568022488467, 362.0274673245098, -398.80607784035794, 1159.4523984197756, -2257.4328946044748, 1422.8778099940273, -1279.5844603986454, -149.76426213720217, -1018.6075696430154, -1978.8530952750925, 825.8945749398439, -2990.097372578608, 2111.659518898613, -302.1280315385331, 660.8072504247059, 2622.501294979125, -22.39609059357164, 1166.7786567265193, 74.98313817425613, -1508.4658100341244, 1884.1284883678732, -352.88626070776763, 703.6647326008045, -545.6603421493992, -1015.2979374751136, -1347.801661980499, 888.6411853571782, 520.5721678972737, 157.7938934997535, 391.64627520887103, 75.28572257668566, -1001.67358593193, 1719.9795759360597, 822.236082718316, 1271.8202645234958, -768.9085160272163, 2300.8507590777103, -1434.03838286996, 673.2226241673167, 951.1738161863087, -330.2294509622648, 1607.8298796060299, -1515.091053533836, 1499.444949455682, -1087.064410967089, 195.1360948420244, 194.79874126403178, 1152.0698351222647, -386.4500384600531, 2109.0003248710323, -1137.9069674597756, 1834.7805983059027, 86.10990118678471, -1173.132643012313, 35.04554329631321, -918.0260243648629, -32.9058844715284, -1596.4540623938096, 1163.5724042127435, 163.51053085906042, -232.6859042664907, 214.96006330592658, -75.99787047913635, -1132.357559565007, 1193.0137671942673, -1956.6591830644272, 1931.105769277876, -648.3353598311558, 2025.4782886459393, -952.4616895427957, 2877.9096440284357, 371.39222921386346, 501.2422764598619, -1333.921874177123, -885.9708840073145, -690.181920219943, 542.8492920794126, -338.099238060322, 318.7893769423282, -399.5705978092743, 378.3272209085376, -783.929032595707, 1168.4151642416618, 518.9536275906481, 883.0866383609508, -302.00474589620995, -417.5335088000432, -507.5454352118553, -1333.1302487691978, -351.16755927545444, -2301.8042091054263, 611.3445810934983, 584.152974039486, -505.44837139846817, -671.7605791297237, -2409.1787278101156, -1227.434975982473, -977.7696685082186, -704.488690443754, 164.3163877167121, 38.45466126572201, -1037.5680338153836, 333.1020111623859, -1228.918582701526, 869.9073612929628, -986.2521153831201, 2204.699256070222, 972.6995281563946, -937.3229932597702, 821.4819766317028, -1068.4206173850935, -406.8579286591065, 723.5427306730894, 16.811027653513808, 1601.7521811572944, -1062.2333670774922, 1333.5314036049588, -13.35515639109643, 1140.719489109643, 958.2019936128526, 689.7755902672197, -1496.065253935054, -828.204966732143, -815.6531838664647, -1471.8474685405167, 648.0893484687704, -546.2485141272558, 1401.9634313095175, 599.9605603160616, -1247.6218761491793, -436.64816738598256, -854.6146117244197, 590.0037644251496, -253.1337358851134, 1867.6374136129514, -364.26551341903155, 2386.916411864102, 682.4374248202166, 2203.402305969431, 731.3033357673678, -135.06941419467032, -710.1448249870311, 781.0036681514362, 122.35188961012896, 667.0527594094247, 419.2478918126462, 1345.9780354522513, -1779.0877611761136, 720.3112518538647, -1321.7221657774517, 305.06838332443135, -794.3559034164848, -965.0047351021948, -733.3937250316319, 233.06830650777377, -1862.9279976482885, 42.74431228774118, -1673.9529960776238, 708.797059730474, 175.8288499623451, 971.5260170305432, 1457.341302968573, -409.3556964978665, 821.7739962529923, 859.3500684053654]}, "Latent AR LinUCB s=2": {"actions": [0.0, 0.0, 1.0, 0.0, 1.0, 1.0, 0.0, 1.0, 0.0, 0.0, 1.0, 1.0, 0.0, 1.0, 0.0, 0.0, 1.0, 1.0, 0.0, 1.0, 0.0, 1.0, 1.0, 0.0, 1.0, 0.0, 0.0, 0.0, 1.0, 0.0, 1.0, 1.0, 0.0, 0.0, 1.0, 0.0, 0.0, 1.0, 1.0, 0.0, 0.0, 1.0, 0.0, 1.0, 0.0, 0.0, 0.0, 1.0, 0.0, 1.0, 0.0, 1.0, 0.0, 1.0, 1.0, 0.0, 0.0, 1.0, 0.0, 1.0, 0.0, 0.0, 1.0, 0.0, 1.0, 1.0, 0.0, 1.0, 1.0, 0.0, 1.0, 1.0, 0.0, 1.0, 0.0, 1.0, 0.0, 1.0, 0.0, 0.0, 0.0, 0.0, 0.0, 1.0, 0.0, 1.0, 1.0, 0.0, 1.0, 1.0, 0.0, 1.0, 0.0, 1.0, 1.0, 0.0, 1.0, 0.0, 0.0, 0.0, 1.0, 1.0, 0.0, 1.0, 0.0, 0.0, 1.0, 0.0, 0.0, 1.0, 1.0, 1.0, 0.0, 0.0, 1.0, 1.0, 1.0, 0.0, 1.0, 0.0, 1.0, 0.0, 1.0, 0.0, 1.0, 0.0, 1.0, 1.0, 0.0, 1.0, 1.0, 0.0, 1.0, 0.0, 1.0, 1.0, 0.0, 0.0, 1.0, 0.0, 1.0, 0.0, 1.0, 0.0, 1.0, 0.0, 1.0, 0.0, 1.0, 0.0, 1.0, 0.0, 0.0, 1.0, 1.0, 1.0, 0.0, 1.0, 0.0, 0.0, 1.0, 0.0, 0.0, 1.0, 0.0, 0.0, 1.0, 1.0, 1.0, 0.0, 0.0, 1.0, 0.0, 1.0, 1.0, 0.0, 1.0, 0.0, 0.0, 1.0, 1.0, 1.0, 0.0, 0.0, 1.0, 0.0, 0.0, 1.0, 0.0, 0.0, 0.0, 1.0, 0.0, 1.0, 0.0, 1.0, 0.0, 1.0, 1.0, 1.0],