{"Stationary": {"actions": [0.0, 1.0, 0.0, 1.0, 0.0, 0.0, 0.0, 0.0, 0.0, 0.0, 0.0, 0.0, 0.0, 0.0, 0.0, 0.0, 0.0, 0.0, 0.0, 0.0, 0.0, 0.0, 0.0, 0.0, 0.0, 0.0, 0.0, 0.0, 0.0, 0.0, 0.0, 0.0, 0.0, 0.0, 0.0, 0.0, 0.0, 0.0, 0.0, 0.0, 0.0, 0.0, 0.0, 0.0, 0.0, 0.0, 0.0, 0.0, 0.0, 0.0, 0.0, 0.0, 0.0, 0.0, 0.0, 0.0, 0.0, 0.0, 0.0, 0.0, 0.0, 0.0, 0.0, 0.0, 0.0, 0.0, 0.0, 0.0, 0.0, 0.0, 0.0, 0.0, 0.0, 0.0, 0.0, 0.0, 0.0, 0.0, 0.0, 0.0, 0.0, 0.0, 0.0, 0.0, 0.0, 0.0, 0.0, 0.0, 0.0, 0.0, 0.0, 0.0, 0.0, 0.0, 0.0, 0.0, 0.0, 0.0, 0.0, 0.0, 0.0, 0.0, 0.0, 0.0, 0.0, 0.0, 0.0, 0.0, 0.0, 0.0, 0.0, 0.0, 0.0, 0.0, 0.0, 0.0, 0.0, 0.0, 0.0, 0.0, 0.0, 0.0, 0.0, 0.0, 0.0, 0.0, 0.0, 0.0, 0.0, 0.0, 0.0, 0.0, 0.0, 0.0, 0.0, 0.0, 0.0, 0.0, 0.0, 0.0, 0.0, 0.0, 0.0, 0.0, 0.0, 0.0, 0.0, 0.0, 0.0, 0.0, 0.0, 0.0, 0.0, 0.0, 0.0, 0.0, 0.0, 0.0, 0.0, 0.0, 0.0, 0.0, 0.0, 0.0, 0.0, 0.0, 0.0, 0.0, 0.0, 0.0, 0.0, 0.0, 0.0, 0.0, 0.0, 0.0, 0.0, 0.0, 0.0, 0.0, 0.0, 0.0, 0.0, 0.0, 0.0, 0.0, 0.0, 0.0, 0.0, 0.0, 0.0, 0.0, 0.0, 0.0, 0.0, 0.0, 0.0, 0.0, 0.0, 0.0], "rewards": [165.08567193553012, -1297.9003246820532, 118.23532822680882, -1416.1105316008468, 129.63637922806558, 1970.0594664523471, -20.893660072646657, 967.4367948564375, -410.2961462037127, 1377.9608004261706, -898.9565101332159, 1502.0852526804103, -345.855831985318, 705.3212234435118, -1918.160757022291, 1052.9198386675994, -322.8659415845336, 1879.7283625761552, 202.10339821416719, 2041.2530538240726, -285.63139948420616, -645.0009907643179, 249.21500666559822, -527.2584138435593, -793.3063897049051, -845.0751852687545, 171.55889496907048, -2071.6769093305, -1742.3290557831792, -298.96301791428033, -2177.203403474501, 9.99592197840922, 419.1809569354641, 1127.7220686122284, 1247.0592805965923, 714.5520512547932, 499.4800408269065, 246.0813004405101, 676.9583808987608, -128.17888302526816, 120.63713705528804, -503.2270442115374, 157.0059059078501, -676.8720591746455, -494.39479248403364, -145.8040264836151, -1513.5392960508113, -331.7731055417478, -914.9114585307744, 1058.7051298957385, 1493.1904471463745, -549.8140494839104, 708.9509868560275, -1178.025538082555, 782.2650669075995, -889.70004003792, -1332.7819884641276, 1595.7139237609479, -1268.1474729142874, 1754.2284821672736, -2018.456630953797, 1410.7318338981722, 618.7902014416343, 1390.4532262998803, 153.16252412947128, 1173.3529853887428, -1236.802385371994, 1053.6928621976308, -836.7467262979166, 1856.2334489505165, -978.4195939381758, -111.3932984310767, 360.15562591016925, 631.3110222548893, -1051.8684949576107, 1084.9008868550263, -962.5807554544384, 483.54843438377964, -1081.2344571757676, 1692.484434288825, 678.8620589256043, 213.15327429316397, -259.8443224485112, -384.4113291521399, 550.9446081101482, -56.793105107291986, 1015.7998081140965, -358.8113374078296, 726.2354830439572, -156.83736402362453, -1242.3650492635534, -113.05157967504124, 321.60477117812627, 895.2310610912364, 1164.6461161480431, 63.299335815881484, 190.4137148879755, 615.8572776085479, -1881.8066062329922, 436.89005062739153, 483.9045711555132, -557.8052168213222, 888.041262951189, 768.2979052141512, 1329.6097620759078, 1215.903986833543, -1353.5057973149978, -79.62065798147034, -1327.0402455039286, -194.27652411198, 1075.8932851023917, -218.06161835483394, -1210.8946259028094, 403.8034877589293, 1699.7535345516826, -2685.74686105085, 1049.6610156084926, -311.2540812441296, 2030.1561222298483, -739.1139369144453, 1850.956367750901, 995.0048704208574, -587.2743448165719, -75.02587543647945, -949.8502141592911, -1077.4827324935325, -1617.6083190807376, 858.5888027893823, 764.4315489404439, -839.4162951894149, -450.1051269080341, 451.3881089411511, 821.5811789548691, -541.647272113402, 756.3242622076561, -46.31185928996402, 260.2455700889586, -424.91559621966024, -768.5002384846356, 356.8818712905933, -1993.8524673928005, 2086.267383671935, -262.0514419546516, 178.26971131928224, 1953.1279054429049, -504.2606512332128, -2394.5397888334705, 434.90523284485073, -1106.668942172792, 1487.8858219584565, 1108.3297643193239, 1746.3892585653841, 191.14325218981358, 2076.012691147985, -1350.668668668281, 1706.509825437927, -329.4788738775172, 2278.8023342770493, -751.7897413841537, 1808.2712308914097, -398.9000849574826, -1030.716291745493, 55.50636216173024, -1040.0312712026398, -1682.460386212365, 291.060012589166, 221.3874483224443, -1223.5864840880708, 1572.3176094300316, -1168.6695393713906, -1169.1154586667467, 550.2552830759242, -320.0210511578701, 9.445708440695018, 462.675820125008, 260.0244935413718, 2541.728030434079, -1483.9284001767255, -450.3228656757547, 1077.2650969712295, -479.4430749979707, 568.6925501683646, 538.6382318399773, -807.6574815867502, 164.27094315565043, 897.0248258603568, 103.51458035830547, -1437.1275611641981, 1538.7177933482703, -1229.5608035006846, 264.0834520194008, -396.87902373571177, 1629.5419542192203, 884.8511682032214, -415.19911258619504, 1449.0719597070972, -46.333442968631424, 638.0772920591173, -999.452862834642, 272.1856306553334]}, "Latent AR LinUCB s=2": {"actions": [0.0, 1.0, 1.0, 0.0, 1.0, 0.0, 1.0, 0.0, 1.0, 0.0, 1.0, 1.0, 0.0, 0.0, 1.0, 0.0, 1.0, 0.0, 1.0, 0.0, 1.0, 1.0, 0.0, 1.0, 0.0, 0.0, 1.0, 1.0, 0.0, 1.0, 0.0, 0.0, 1.0, 1.0, 0.0, 0.0, 1.0, 1.0, 0.0, 1.0, 0.0, 1.0, 0.0, 1.0, 1.0, 1.0, 1.0, 0.0, 0.0, 1.0, 1.0, 0.0, 1.0, 0.0, 0.0, 1.0, 0.0, 1.0, 0.0, 1.0, 0.0, 1.0, 0.0, 1.0, 0.0, 0.0, 1.0, 0.0, 0.0, 0.0, 1.0, 0.0, 1.0, 1.0, 1.0, 0.0, 1.0, 0.0, 0.0, 0.0, 0.0, 0.0, 1.0, 1.0, 0.0, 1.0, 0.0, 0.0, 1.0, 0.0, 0.0, 0.0, 1.0, 0.0, 1.0, 0.0, 1.0, 0.0, 0.0, 1.0, 0.0, 0.0, 1.0, 1.0, 0.0, 1.0, 0.0, 1.0, 0.0, 0.0, 1.0, 0.0, 1.0, 0.0, 0.0, 0.0, 0.0, 1.0, 1.0, 0.0, 0.0, 1.0, 1.0, 0.0, 0.0, 1.0, 0.0, 1.0, 0.0, 1.0, 0.0, 1.0, 0.0, 0.0, 1.0, 1.0, 1.0, 1.0, 0.0, 1.0, 1.0, 1.0, 0.0, 1.0, 0.0, 0.0, 1.0, 1.0, 0.0, 0.0, 1.0, 0.0, 1.0, 0.0, 0.0, 1.0, 0.0, 1.0, 0.0, 1.0, 0.0, 1.0, 0.0, 0.0, 0.0, 1.0, 0.0, 1.0, 1.0, 0.0, 1.0, 1.0, 0.0, 1.0, 0.0, 1.0, 0.0, 1.0, 0.0, 1.0, 0.0, 1.0, 0.0, 1.0, 0.0, 1.0, 1.0, 0.0, 1.0, 1.0, 0.0, 0.0, 0.0, 1.0, 1.0, 1.0, 0.0, 1.0, 0.0, 0.0],