{"Stationary": {"actions": [1.0, 1.0, 1.0, 1.0, 0.0, 0.0, 0.0, 0.0, 0.0, 0.0, 0.0, 0.0, 0.0, 0.0, 0.0, 0.0, 0.0, 0.0, 0.0, 0.0, 0.0, 0.0, 0.0, 0.0, 0.0, 0.0, 0.0, 0.0, 0.0, 0.0, 0.0, 0.0, 0.0, 0.0, 0.0, 0.0, 0.0, 0.0, 0.0, 0.0, 0.0, 0.0, 0.0, 0.0, 0.0, 0.0, 0.0, 0.0, 0.0, 0.0, 0.0, 0.0, 0.0, 0.0, 0.0, 0.0, 0.0, 0.0, 0.0, 0.0, 0.0, 0.0, 0.0, 0.0, 0.0, 0.0, 0.0, 0.0, 0.0, 0.0, 0.0, 0.0, 0.0, 0.0, 0.0, 0.0, 0.0, 0.0, 0.0, 0.0, 0.0, 0.0, 0.0, 0.0, 0.0, 0.0, 0.0, 0.0, 0.0, 0.0, 0.0, 0.0, 0.0, 0.0, 0.0, 0.0, 0.0, 0.0, 0.0, 0.0, 0.0, 0.0, 0.0, 0.0, 0.0, 0.0, 0.0, 0.0, 0.0, 0.0, 0.0, 0.0, 0.0, 0.0, 0.0, 0.0, 0.0, 0.0, 0.0, 0.0, 0.0, 0.0, 0.0, 0.0, 0.0, 0.0, 0.0, 0.0, 0.0, 0.0, 0.0, 0.0, 0.0, 0.0, 0.0, 0.0, 0.0, 0.0, 0.0, 0.0, 0.0, 0.0, 0.0, 0.0, 0.0, 0.0, 0.0, 0.0, 0.0, 0.0, 0.0, 0.0, 0.0, 0.0, 0.0, 0.0, 0.0, 0.0, 0.0, 0.0, 0.0, 0.0, 0.0, 0.0, 0.0, 0.0, 0.0, 0.0, 0.0, 0.0, 0.0, 0.0, 0.0, 0.0, 0.0, 0.0, 0.0, 0.0, 0.0, 0.0, 0.0, 0.0, 0.0, 0.0, 0.0, 0.0, 0.0, 0.0, 0.0, 0.0, 0.0, 0.0, 0.0, 0.0, 0.0, 0.0, 0.0, 0.0, 0.0, 0.0], "rewards": [1038.918573911035, -906.1073092509722, -2002.459730767447, 86.58107931629328, 1235.7129086819498, -456.71538256396445, 367.4553890284881, -1620.2947113624243, -158.93602178765278, -872.4731676607615, 1988.3439420177313, -961.2953159139657, 1660.1915131562607, -253.61283676591975, -24.603065323311654, -449.48423658831393, -839.9075604738395, -1092.3434711638868, -364.3411588126952, -676.2639954199353, -470.51595431432236, 205.3863488757948, 837.2541111873842, 1398.2104225085711, 1001.047670743107, 2267.8951321190693, -74.91082586548384, 898.7098475384927, -262.50213267321703, 320.5457053394111, -3122.7112485565535, 1289.5712260592381, -2358.8866122758564, 621.6301209559816, -1032.783231234094, 1041.9345802967414, 714.6596038356884, 345.19710969369027, 486.5142614027162, 255.32049605333134, 345.4400721415429, -230.04139148930915, 151.84515702685042, -252.9755777623249, 889.1453028361202, -206.04031452536395, 1229.9034153889438, -1444.096440405365, 883.5982737842776, -2093.422353629443, -1517.2386875461427, -1836.9734689496818, -956.8195162928057, -1348.1773331371492, 739.2432611257434, -1312.5248603065886, 389.6561186180959, 1654.0459476127896, -1415.1076444373105, 863.8518008158381, -796.2257556141404, -1292.2564447131258, 520.2581954904875, -2114.226842765511, -23.48184496132651, -2195.430742040578, 524.6053434444917, -1165.0195782197159, 671.2476374192762, -873.009853860018, 2455.3281324421473, 174.94317425495458, 2384.7022706971984, -2080.9260717671114, 1474.477120332409, -819.9319781746202, 807.4617516617301, -1563.7910358713775, 987.9265203567363, 126.34265484087616, 1488.2076410993939, -662.7565566788096, 1067.4323794224263, -1431.133807723754, -206.27677648234382, -1457.7893344564038, -1343.88335520069, -359.35466213866783, 925.7233709181384, 461.18987656646544, 165.65118034467784, 1943.0365968721478, -1044.3119657084073, 261.323974328686, -38.823994066917265, -484.6838480035744, 893.2759561857167, -335.66439483255704, 952.0396001148516, -729.7808830127769, 53.303785542978716, 1050.1702588541887, -193.4171091614919, -1257.372344212334, 1143.8835737820355, -452.6091825866671, 919.2101388023053, 373.7256401797588, 2138.313898910496, 594.6067865721107, 112.03708313494448, -1205.8943387157494, 839.0172541902605, -600.9036007532409, -1076.099203866839, 609.9855776436019, 28.056204183825464, -209.84418907208195, 17.531347797222796, 1372.3911368901536, -358.31955936569733, 2550.811860132198, -1011.3741681349923, 9.034001447853463, -1553.867538875539, 1659.0102839640438, -1128.5880837776597, 2074.156213683592, -117.44585214439073, 1765.2235658564448, -350.62292082920226, 532.0138723573618, 768.5286495416937, 152.72611269731544, -1027.2674994988051, -230.09985954993604, -535.5727666499399, 666.2914926118958, -685.6884769895504, 482.8100380321779, 357.8146525263356, 1130.6493274656932, -313.6799634807489, 1938.6751763516634, -1152.4091080570172, 205.38939524834063, -1363.3763007973434, 1132.5280931040577, -1020.36194009472, 559.6202131661295, 781.4795728023297, 1284.992324669706, -828.9362649167855, 2611.9539360478807, -594.7224772935489, 572.9371012995534, 769.9104298633363, -1833.4141556300096, -525.588529478347, -1072.0041790125456, -1306.6706032012557, -567.822915677615, -2719.7157436693465, 244.9656091999157, 204.92581163861453, -311.7750664156653, -775.2034473201701, 461.78616261396945, 1272.3472455439376, -3016.3336105504914, 2307.5154964166004, 1330.5011459987916, -210.50148273633374, 612.0527407775676, 1428.6097376453217, -364.8793490412021, 522.0115915746042, 1703.0640644825348, -1887.741316499591, 628.5745035686325, -1969.0391047642208, 443.0376115931632, -1700.9299101168774, 1478.5797288122246, -293.51060134320306, 705.7247558814137, 1735.0878425639519, 526.9755640430686, -30.451725134650882, 2022.6021734233243, -1489.488736108285, -1283.7262129900305, -1391.4301995015062, -780.4563314106163, -4002.3165050037483, 80.14365273050946, 411.38761575532425, -396.9786859702307, 1219.1496438130766, 2331.1362293221964]}, "Latent AR LinUCB s=2": {"actions": [1.0, 1.0, 1.0, 0.0, 0.0, 1.0, 0.0, 1.0, 1.0, 1.0, 0.0, 1.0, 0.0, 1.0, 0.0, 0.0, 0.0, 1.0, 0.0, 1.0, 0.0, 0.0, 0.0, 0.0, 0.0, 0.0, 1.0, 0.0, 1.0, 0.0, 1.0, 0.0, 1.0, 1.0, 1.0, 0.0, 0.0, 1.0, 0.0, 1.0, 0.0, 1.0, 0.0, 1.0, 0.0, 1.0, 1.0, 0.0, 0.0, 0.0, 1.0, 0.0, 0.0, 1.0, 1.0, 0.0, 1.0, 0.0, 1.0, 1.0, 1.0, 0.0, 1.0, 0.0, 1.0, 0.0, 0.0, 1.0, 0.0, 0.0, 0.0, 0.0, 1.0, 1.0, 1.0, 0.0, 0.0, 0.0, 1.0, 0.0, 0.0, 1.0, 1.0, 0.0, 0.0, 0.0, 1.0, 1.0, 1.0, 1.0, 0.0, 1.0, 0.0, 1.0, 0.0, 1.0, 0.0, 1.0, 0.0, 1.0, 0.0, 1.0, 0.0, 0.0, 1.0, 0.0, 1.0, 0.0, 1.0, 1.0, 1.0, 0.0, 0.0, 0.0, 0.0, 1.0, 0.0, 1.0, 0.0, 1.0, 0.0, 0.0, 1.0, 0.0, 0.0, 0.0, 0.0, 1.0, 0.0, 1.0, 0.0, 0.0, 0.0, 1.0, 0.0, 0.0, 1.0, 1.0, 0.0, 1.0, 0.0, 1.0, 0.0, 1.0, 0.0, 1.0, 0.0, 1.0, 0.0, 1.0, 0.0, 0.0, 0.0, 1.0, 0.0, 1.0, 0.0, 1.0, 0.0, 1.0, 0.0, 1.0, 0.0, 0.0, 1.0, 1.0, 1.0, 0.0, 1.0, 0.0, 1.0, 0.0, 0.0, 0.0, 1.0, 0.0, 1.0, 1.0, 0.0, 0.0, 1.0, 0.0, 1.0, 1.0, 0.0, 1.0, 0.0, 0.0, 1.0, 0.0, 1.0, 1.0, 0.0, 0.0, 0.0, 0.0, 1.0, 0.0, 0.0, 1.0],