{"Stationary": {"actions": [1.0, 1.0, 0.0, 0.0, 1.0, 0.0, 0.0, 0.0, 0.0, 0.0, 0.0, 0.0, 0.0, 0.0, 0.0, 0.0, 0.0, 0.0, 0.0, 0.0, 0.0, 0.0, 0.0, 0.0, 0.0, 0.0, 0.0, 0.0, 0.0, 0.0, 0.0, 0.0, 0.0, 0.0, 0.0, 0.0, 0.0, 0.0, 0.0, 0.0, 0.0, 0.0, 0.0, 0.0, 0.0, 0.0, 0.0, 0.0, 0.0, 0.0, 0.0, 0.0, 0.0, 0.0, 0.0, 0.0, 0.0, 0.0, 0.0, 0.0, 0.0, 0.0, 0.0, 0.0, 0.0, 0.0, 0.0, 0.0, 0.0, 0.0, 0.0, 0.0, 0.0, 0.0, 0.0, 0.0, 0.0, 0.0, 0.0, 0.0, 0.0, 0.0, 0.0, 0.0, 0.0, 0.0, 0.0, 0.0, 0.0, 0.0, 0.0, 0.0, 0.0, 0.0, 0.0, 0.0, 0.0, 0.0, 0.0, 0.0, 0.0, 0.0, 0.0, 0.0, 0.0, 0.0, 0.0, 0.0, 0.0, 0.0, 0.0, 0.0, 0.0, 0.0, 0.0, 0.0, 0.0, 0.0, 0.0, 0.0, 0.0, 0.0, 0.0, 0.0, 0.0, 0.0, 0.0, 0.0, 0.0, 0.0, 0.0, 0.0, 0.0, 0.0, 0.0, 0.0, 0.0, 0.0, 0.0, 0.0, 0.0, 0.0, 0.0, 0.0, 0.0, 0.0, 0.0, 0.0, 0.0, 0.0, 0.0, 0.0, 0.0, 0.0, 0.0, 0.0, 0.0, 0.0, 0.0, 0.0, 0.0, 0.0, 0.0, 0.0, 0.0, 0.0, 0.0, 0.0, 0.0, 0.0, 0.0, 0.0, 0.0, 0.0, 0.0, 0.0, 0.0, 0.0, 0.0, 0.0, 0.0, 0.0, 0.0, 0.0, 0.0, 0.0, 0.0, 0.0, 0.0, 0.0, 0.0, 0.0, 0.0, 0.0, 0.0, 0.0, 0.0, 0.0, 0.0, 0.0], "rewards": [989.5581969393704, 1022.0483436879283, -664.1658781969228, -1150.1295307657651, 262.05975997675847, 1574.8055907538228, -942.8996545123481, 590.8454252021355, -1009.0123472455291, 358.09199711174244, -2012.9313239563235, 2224.7123241434747, -762.6187904679139, 2776.1630529086665, -629.2820973340101, 812.0380174108191, -1083.029076402636, -432.1010588857093, 493.0873911150461, -286.1608305738432, -306.5862440310698, -1365.1207084724365, 313.77047577998866, -3712.047349180308, 1696.2405027389198, -575.5591616682634, -1780.5676172298206, 1153.9160384500906, 707.5950668912992, -685.5258381020583, 1432.3235837985526, 82.15569089528717, -68.73268617297803, 175.57859341797925, 264.2107294962238, -29.349066015365096, -525.8001834978049, -593.3464557531084, -1007.7821110245012, 118.51338393911405, -1148.8140331243487, -776.8984490266956, 338.6097638302871, 157.7136305269659, -1232.9588392104886, -546.7626332470644, -879.0465543455597, 791.9852973057658, -1353.6005647838351, 3833.067479915004, -1845.7405164160825, 391.30985721263374, -1754.581127749187, 2469.048925374642, -792.796640102972, 1387.7295893623336, 1119.1901953936535, -1456.1104831202051, 1455.9776883374934, 421.4921592163737, 511.1187669015943, -86.901445291876, -12.175694997159662, -734.687129136452, -1309.0445932890123, 614.7012312489103, -1386.4608863327455, 1685.9429569826464, -308.11474945833487, 1333.3938404006267, -281.4836470194813, -36.7991608987422, -690.4021643537961, -1119.5664099280414, -1656.3614675269018, 115.49120107058265, -1577.6590973950626, -378.6989567678666, -698.2150160231569, 144.66719009097727, -803.9011583735291, 167.69250227462402, 786.7169008554474, 177.17178809132537, 2303.1953808098374, 563.5556218847925, 622.6807396254957, 1422.6198424333477, 566.4342653101854, 410.8726920376326, 107.06204672904256, -850.873954462232, -364.59041739748494, -1547.7100488350306, -430.9624017141433, -447.48807231973217, -1534.190387651239, -956.1668869161165, -2317.7457974957006, 176.81777229182157, -1775.7908033120357, 1806.1879891006204, 506.28255320647395, -445.7963894699527, -534.5931497088868, -783.5591382293338, -596.0354820616737, 202.4031824078264, 122.50142663383797, -1242.9400104041406, 1201.0059589734783, -113.53639122458729, -1487.915376646598, -61.39439005770258, -2003.9451467594083, 301.6116037170812, 120.46477225612237, 1367.6915672354178, -94.90238223902095, -709.8203382989676, -1605.6013961343613, 20.92124085801637, -661.8743818162274, -187.20086762019926, 355.2661202735588, -619.3901493695697, 663.930621078224, 641.3973146948956, 1346.9572875624078, 1113.730718582808, 25.501343317711715, 1901.7435746798938, -150.66792611763364, -1072.6143964384971, 1.304030081180838, -303.4349005998225, 328.63185042013276, 1090.4993165581159, 1260.453650982727, 1414.0082855967476, -534.2016530944138, 1302.059678938468, 451.01704693225514, -863.9420454221145, 45.501658987362184, -196.18061963989368, -510.29521527146943, 1149.664136981632, -378.62665640459755, -888.0852572450214, 2249.082219779558, -909.8554221615186, 1127.2902258370484, -1271.0427977191891, -188.5728985528837, -1677.6815382294824, -1323.3152975867413, -207.83987661514743, -410.5081818220114, 241.91684390078882, -249.57094192431492, 290.4023901839988, 1300.6227246490282, -155.3198336108498, 1414.7569507436774, 150.21132378202591, 328.7774372746616, 583.7874358830579, 757.0519829584622, 1072.4148030593933, -353.3387347882594, 2299.6537502262513, -1039.4743747284529, -643.0981396916831, -1416.297687780281, -694.658816575209, -1259.7166344810746, -175.19247857251514, 462.21544922602124, -2150.797033560702, 1093.233731460894, 562.0787413305626, 1250.3379621160032, -1812.1944001456097, 1570.0614457271815, -2385.3332042739175, 1888.7683909685118, -3225.029093560697, 1383.595650701701, -575.8092780736182, 328.48415762823544, 106.75446238518414, 558.6526806313227, -1781.1859099526946, -187.08388240994853, -2608.3246174755373, 377.7933719842517, -1029.3408597844768, -1186.4700734555117, -650.816561658419]}, "Latent AR LinUCB s=2": {"actions": [1.0, 1.0, 1.0, 1.0, 1.0, 1.0, 1.0, 0.0, 0.0, 1.0, 1.0, 1.0, 1.0, 0.0, 0.0, 1.0, 0.0, 0.0, 0.0, 1.0, 0.0, 0.0, 1.0, 0.0, 1.0, 0.0, 0.0, 0.0, 1.0, 1.0, 0.0, 1.0, 1.0, 0.0, 0.0, 1.0, 0.0, 1.0, 1.0, 0.0, 1.0, 1.0, 0.0, 1.0, 0.0, 1.0, 0.0, 0.0, 0.0, 1.0, 0.0, 1.0, 0.0, 1.0, 0.0, 1.0, 0.0, 0.0, 1.0, 0.0, 0.0, 1.0, 0.0, 0.0, 1.0, 0.0, 1.0, 1.0, 1.0, 0.0, 1.0, 0.0, 1.0, 0.0, 0.0, 0.0, 1.0, 1.0, 1.0, 1.0, 1.0, 1.0, 0.0, 1.0, 0.0, 0.0, 0.0, 1.0, 0.0, 1.0, 1.0, 1.0, 0.0, 1.0, 1.0, 0.0, 0.0, 1.0, 0.0, 0.0, 1.0, 0.0, 1.0, 1.0, 1.0, 1.0, 0.0, 1.0, 0.0, 0.0, 1.0, 1.0, 0.0, 1.0, 1.0, 1.0, 0.0, 0.0, 0.0, 0.0, 1.0, 1.0, 0.0, 1.0, 0.0, 0.0, 0.0, 1.0, 1.0, 0.0, 0.0, 0.0, 1.0, 0.0, 1.0, 1.0, 1.0, 0.0, 1.0, 0.0, 1.0, 0.0, 1.0, 0.0, 1.0, 0.0, 0.0, 1.0, 0.0, 0.0, 1.0, 1.0, 1.0, 1.0, 0.0, 1.0, 0.0, 1.0, 1.0, 0.0, 1.0, 0.0, 1.0, 1.0, 0.0, 1.0, 1.0, 0.0, 0.0, 1.0, 0.0, 1.0, 1.0, 0.0, 0.0, 1.0, 0.0, 1.0, 1.0, 0.0, 1.0, 0.0, 0.0, 0.0, 1.0, 0.0, 0.0, 1.0, 0.0, 0.0, 0.0, 1.0, 1.0, 0.0, 1.0, 1.0, 0.0, 0.0, 1.0, 0.0],