{"k": 10, "sigma_z": 10, "mean reward 1": [211.51675648852648, -625.9779457461127, -845.9784857172307, 1063.5179235369721, -2076.028217704942, 1127.2121266495742, -2.4552091771828635, 37.70417457574886, 94.714239652306, -416.4740021935717, -219.05420091739157, 2168.553209460343, -723.8730488890969, 20.996040618842304, -329.31147825006326, -1396.0730084199652, -2340.408584172028, 1489.1570524408942, -1291.1489725941078, 27.730137918272302, 495.50401366409267, -900.1613627207878, -76.71429847856366, -771.7228118186868, -1154.5117706880892, -566.3977827909043, 212.54458554386736, -258.6117316971847, 1283.7961262175686, 168.56839468874676, -2100.7344831649657, -739.2859574811018, -68.91692089459087, -1164.2215473332553, 652.6381439596582, -1119.4749670247477, -463.1010962326261, 297.61262228091124, 6.465023055827945, 1506.2433888492076, 1701.4187910380251, -1320.1540594045819, 108.18133301538116, -845.6677113329555, -527.3978899158296, 250.49833764893847, -452.0448461146475, 79.84320750928839, -615.3509438855363, 1165.7245559552655, -248.84771000537648, 1613.8320148445673, 627.991411833315, 612.0929595188205, -450.10811893944975, 1018.8567030869592, -564.1513648541217, 257.1907900338917, -689.3377759153966, -99.21904262532799, -1638.9339454934077, -107.70463996149422, -1140.2442918678655, 181.70611565028233, -414.1661175229167, -145.75581855399173, -188.20037436976, 670.7735510270905, 571.4216165120155, 1119.6823206332958, -581.4556878255347, 71.2342012142218, 874.4392942989903, -1740.4016589279656, 537.8831115017795, 547.2574595096243, 501.21280914480815, 1484.4775187805676, 1367.0979446491253, 1334.609438908924, -2194.005478204771, -27.17869523018992, -1135.257860148148, -1113.146899794749, -48.73334104355634, -396.5669743811907, -1217.8401002600192, 1839.5196291045415, 173.44660798162428, 451.805872595384, 683.6655363299315, 805.4343859483131, -684.724477051148, -156.53331072446673, -0.14608763139571934, -2452.341826262566, -116.37432899942564, -924.1745614334478, 627.5901902073736, -654.500490497446, 1146.3035069077907, -584.0584300133996, 207.51988380820814, 766.6789336313094, -586.6416383838699, 969.7518863390032, 346.0563551406648, 1234.2266996536268, 471.92017199582193, -1050.4791872973756, 88.15530131624325, -935.9857726724701, -201.76014046320475, 241.47210865310907, -1136.7055236306849, -1070.7647003283419, -184.91488961282096, 1213.8181427572042, -1122.2854472115544, -426.7743642968745, -1479.0301965864492, -766.3269988042639, -1314.3056851821168, 1110.0843472560562, 453.4800423033038, -258.9103001548189, 1537.5102956063326, -1325.7757109362487, -369.2284153172869, 1404.645677145749, -579.7717391243665, 2463.081296504961, -616.2516337821135, -286.24005433087854, -293.6760614576192, -869.798462740856, -296.8975735595536, -127.86219170122037, 911.7359349082467, 641.2949617890995, 297.66371782484975, 201.7198920410386, -1029.1634504267, 1515.3173523916987, -1161.3533938998278, 1366.9299856502832, 346.46286256243144, -1078.7838055189886, 2087.885955649117, -1571.6206042303393, 905.4339748195579, -963.670266761209, -954.3773503052613, 1226.3870768786703, 811.587416605397, 2023.7745826543862, -213.59250068611416, -1230.7914384927585, 792.7958403033891, -235.28592912488028, 954.6757119909424, 680.9020965822904, 1637.827761902499, 162.84816799130803, 54.41063686033418, 787.9868334990242, -1379.4374307687413, -1265.1621366934462, -1554.234845209367, -1069.28272919246, 829.0762889659852, -374.10007110313643, -1515.6178471581115, -1134.1998461594012, 923.3640780971957, 745.4597015800102, 653.3891907556949, 297.2170642696697, -1121.3242431753638, 1032.758626080845, 1692.846355725705, 735.4062288400427, -1023.4660141859061, -130.1814573794899, -2772.004144851078, 874.7691677577315, 989.1520280411189, 575.4122943554956, 293.37646044595715, -242.49334158737014, -565.0798611587946, 1080.611723296121, -1515.3801302125223, 354.3099224969986, -339.2384434040386, -506.99087662870335, 1768.0493462160325, -1414.7347532919043, 278.76483830999484, -1156.9873636656205],