{"k": 10, "sigma_z": 10, "mean reward 1": [199.06166050679408, -1448.6181135728361, 559.5258217977392, -806.7919151016081, -1271.470517991162, 1073.770970132753, -215.60334986214477, 305.43715767004863, 1681.410559672652, -599.9922798940291, -1856.9461433272754, -459.25380479678995, -767.7742584571317, 457.2402170577755, 739.02139088097, 1139.0344965011632, 593.7016789606062, 2989.6993502815712, -313.20755858194894, 851.9025322413382, -705.3263109409007, -1726.3975502814653, -41.3988390340176, -1254.1768606979497, 596.3965424696731, -57.16945344331661, -24.36868431468213, 548.4494469160489, -865.8227706670099, -1005.6561776912903, 1106.3379643675742, -1718.020625494819, -875.9389890170933, 677.1169837063218, 1003.3109973976059, 661.9664899436536, 244.12456731339418, 351.23802218941336, -69.91309950474802, 969.2810933591888, -739.6134402998891, -632.6017874742216, -1417.381350684845, 407.57393981335355, 1958.5917278662614, 642.3933974362076, -984.8361450295968, -1012.6408614120544, 135.04109131727384, -2126.898134762066, 47.05277037521478, -1429.161462503013, 858.3707859236142, -1566.3731189954128, -231.71286391681383, -1538.970072723869, 1067.1027418307226, 334.2144503934778, 602.4358563857652, -203.87858283732373, 1157.245540260819, 1053.757020934176, 1466.7168061908476, -966.5401960984863, -2571.4382404727435, 263.29332238565996, -104.8664351609486, -309.9487625597183, 805.1839869831317, 222.6395734111552, 1229.550085543787, 201.4840283262526, 157.0000344136231, -142.33703387573428, 1084.6145272415117, 1913.2635323810362, 101.42015171964727, -15.03678060328375, -27.404211582230253, -627.4272154994842, 1166.1481714294152, -527.8137976308127, -459.41419299769785, 319.3307476513751, 1291.0750906406604, 19.660154116641603, 1449.3383227098523, -1625.93688675516, -136.3215069669823, 728.0992525886255, -1410.1450467992167, 838.6178425228135, -210.67256426610203, -764.3127350859756, 704.3936155918509, 301.2263054532846, 279.1298466733945, 960.5460707975247, 528.2017927056226, -954.9398013470304, -1026.324987158529, 563.8181961850551, -1623.2712930648472, 1953.5952546103126, -617.328740580374, -171.0323972733526, -143.05960066899004, -1233.8768123055509, -1720.3706870514268, 424.7808094862528, -295.76379184603263, 721.3080478959506, -1011.3600456817594, 2400.9072142261884, -1007.5627768575989, 840.2698877682731, -675.0486762663294, 363.5640566511026, 667.1826658833029, -793.9089711689538, 1256.4082958576166, 3.758323477807224, -313.38584254559987, 1245.6915850223, 497.672974934378, -750.652322089745, -1112.193992531814, 511.28756174890333, -686.959255813568, 3179.284972598984, -170.96373422403514, 1147.0266904545358, 644.1410619915924, -556.3402061282333, -278.90756831350194, 2535.2513079567975, 665.7842408917066, 622.5934552454813, 596.6734988937624, -154.11036803347957, -1968.5757276946972, 214.20427627142732, 954.8393097770049, -397.5752277873794, -810.8782501935151, -198.49077639063265, -1632.9873160122759, 1585.3092315307065, -813.0661560921383, -930.8141172970176, -208.26496740702277, -563.8462809062058, 2001.1046286953733, 2070.5359624704647, 1288.2881743297503, -619.800935796186, 20.247740783793954, -105.57753336009377, -309.56797760734054, 707.2725766411705, -579.5324615567112, -788.5807664249955, -1691.766449550452, -11.445255666990006, -421.9200128437748, 347.835547403505, -6.65877380719575, 19.354739616536797, 421.5292341587435, 749.8239779225137, 709.0076381742134, 1374.067208324593, 1645.0170632081515, 577.4458587448561, -25.58336434982906, 665.4986118884427, -1065.6954847588204, -581.679476902424, -1660.2488280590926, -860.7505590291911, 71.14793120322305, -594.4746426898932, 837.1418537738833, -276.18917562999917, -370.45516278232515, -195.93326931154087, -667.6855448963171, -831.2579615880743, -1224.5323119193101, 836.7393032697397, -1360.1468298017664, 1311.4865090740154, 205.13229675637925, -205.1176895889646, 1542.1905414014388, 1140.3785335452797, -2726.218296243265, 1344.0220885296287, -1853.852759894943, -800.6312552105738], "mean reward 0": [-199.06166050679408, 1448.6181135728361, -559.5258217977392, 806.7919151016081, 1271.470517991162, -1073.770970132753, 215.60334986214477, -305.43715767004863, -1681.410559672652, 599.9922798940291, 1856.9461433272754, 459.25380479678995, 767.7742584571317, -457.2402170577755, -739.02139088097, -1139.0344965011632, -593.7016789606062, -2989.6993502815712, 313.20755858194894, -851.9025322413382, 705.3263109409007, 1726.3975502814653, 41.3988390340176, 1254.1768606979497, -596.3965424696731, 57.16945344331661, 24.36868431468213, -548.4494469160489, 865.8227706670099, 1005.6561776912903, -1106.3379643675742, 1718.020625494819, 875.9389890170933, -677.1169837063218, -1003.3109973976059, -661.9664899436536, -244.12456731339418, -351.23802218941336, 69.91309950474802, -969.2810933591888, 739.6134402998891, 632.6017874742216, 1417.381350684845, -407.57393981335355, -1958.5917278662614, -642.3933974362076, 984.8361450295968, 1012.6408614120544, -135.04109131727384, 2126.898134762066, -47.05277037521478, 1429.161462503013, -858.3707859236142, 1566.3731189954128, 231.71286391681383, 1538.970072723869, -1067.1027418307226, -334.2144503934778, -602.4358563857652, 203.87858283732373, -1157.245540260819, -1053.757020934176, -1466.7168061908476, 966.5401960984863, 2571.4382404727435, -263.29332238565996, 104.8664351609486, 309.9487625597183, -805.1839869831317, -222.6395734111552, -1229.550085543787, -201.4840283262526, -157.0000344136231, 142.33703387573428, -1084.6145272415117, -1913.2635323810362, -101.42015171964727, 15.03678060328375, 27.404211582230253, 627.4272154994842, -1166.1481714294152, 527.8137976308127, 459.41419299769785, -319.3307476513751, -1291.0750906406604, -19.660154116641603, -1449.3383227098523, 1625.93688675516, 136.3215069669823, -728.0992525886255, 1410.1450467992167, -838.6178425228135, 210.67256426610203, 764.3127350859756, -704.3936155918509, -301.2263054532846, -279.1298466733945, -960.5460707975247, -528.2017927056226, 954.9398013470304, 1026.324987158529, -563.8181961850551, 1623.2712930648472, -1953.5952546103126, 617.328740580374, 171.0323972733526, 143.05960066899004, 1233.8768123055509, 1720.3706870514268, -424.7808094862528, 295.76379184603263, -721.3080478959506, 1011.3600456817594, -2400.9072142261884, 1007.5627768575989, -840.2698877682731, 675.0486762663294, -363.5640566511026, -667.1826658833029, 793.9089711689538, -1256.4082958576166, -3.758323477807224, 313.38584254559987, -1245.6915850223, -497.672974934378, 750.652322089745, 1112.193992531814, -511.28756174890333, 686.959255813568, -3179.284972598984, 170.96373422403514, -1147.0266904545358, -644.1410619915924, 556.3402061282333, 278.90756831350194, -2535.2513079567975, -665.7842408917066, -622.5934552454813, -596.6734988937624, 154.11036803347957, 1968.5757276946972, -214.20427627142732, -954.8393097770049, 397.5752277873794, 810.8782501935151, 198.49077639063265, 1632.9873160122759, -1585.3092315307065, 813.0661560921383, 930.8141172970176, 208.26496740702277, 563.8462809062058, -2001.1046286953733, -2070.5359624704647, -1288.2881743297503, 619.800935796186, -20.247740783793954, 105.57753336009377, 309.56797760734054, -707.2725766411705, 579.5324615567112, 788.5807664249955, 1691.766449550452, 11.445255666990006, 421.9200128437748, -347.835547403505, 6.65877380719575, -19.354739616536797, -421.5292341587435, -749.8239779225137, -709.0076381742134, -1374.067208324593, -1645.0170632081515, -577.4458587448561, 25.58336434982906, -665.4986118884427, 1065.6954847588204, 581.679476902424, 1660.2488280590926, 860.7505590291911, -71.14793120322305, 594.4746426898932, -837.1418537738833, 276.18917562999917, 370.45516278232515, 195.93326931154087, 667.6855448963171, 831.2579615880743, 1224.5323119193101, -836.7393032697397, 1360.1468298017664, -1311.4865090740154, -205.13229675637925, 205.1176895889646, -1542.1905414014388, -1140.3785335452797, 2726.218296243265, -1344.0220885296287, 1853.852759894943, 800.6312552105738],