{"k": 10, "sigma_z": 10, "mean reward 1": [2257.3365690204914, -1574.635714395852, 1314.5645382416944, 498.84761224966354, -607.883758554128, 989.5585304034421, 1022.0496677020028, 664.1649513293834, 1150.1294092579897, 262.0607497512549, 445.45354430463124, -626.1786836158819, -99.67580165636846, -2401.9851188206376, -1444.0592785248784, -241.70924722068037, -247.28563835292783, 145.35811334542174, -445.90486312707503, 769.5804268444717, -1213.2649996511796, 612.8411210692013, -1270.223564435623, 754.302735934061, 368.87747817018777, 340.3418598569854, -487.840644995143, -1209.713364876865, -26.39452046228783, -1562.8896916043902, 1634.2349203749318, -482.2813659889478, -1253.0436681868437, 651.9757209763136, 258.00990887791636, 1392.2738600724647, -1119.7810402781324, 828.6740856303463, -1343.4510392201814, 1844.2053909125748, 31.61788679509556, 33.63987299027269, -304.9220267816856, -841.3140150715242, 597.4892183241209, 22.707727365456787, 21.449595812422594, -759.2602520285506, -183.11734579348428, 81.1967833097101, 803.6801577229953, -43.08108452008845, -234.46662219482323, 1327.4346367413336, -467.0667739716898, 365.00349464369475, -1149.992262151143, -1199.9207375506294, -1577.0782360069381, -1383.4980864520464, -206.6186015863541, -1010.6383463065226, 416.4024472997388, -1956.016906821188, -929.5066507434763, -475.8717092506842, 877.9619162575933, -235.35166466303653, 158.95604035036658, -403.15953502673335, -783.448635255112, 899.5470203901949, -883.2228895129838, 493.5615804776687, 1667.5055265487135, -170.14294366967218, 2745.9039634363608, 1323.5514443803986, 515.2581858997147, 1827.682636754631, -435.8974608368579, 1579.3790294538703, 806.6698389785273, 2254.127237204915, -3000.349975157159, 1681.1675776847417, 736.4066892542323, 378.96314296342155, -331.4536464738012, -79.01821972444371, -484.95868609328187, -398.05458362096823, -848.5420170819114, -1385.5231987990321, -466.00550044875195, -771.9103891715823, 1297.9478749753707, -1747.9947511750424, -251.1981531570371, 371.7507698997986, 900.9190018137975, -121.02743054130273, 761.7697829194068, 390.64559373473895, -970.5014763231704, 962.2554069071598, -35.236121465213884, 650.2440111289162, 1192.6587817145212, 315.92409209745813, -2751.3965290915025, 688.3518392171997, -1744.9387977099182, -494.9350853310957, 302.06104875554473, -1237.6448492170446, -110.16625575210166, 1206.8728322304623, -1661.3653465468726, 1404.890111703553, 1789.488159241278, -680.6254793192044, 2054.277276980913, 1053.2091582106964, -825.0056589508766, -822.0405202690738, -1587.1161146021384, 995.4130197234899, 682.767498530402, 1203.8467028000653, 608.3301272400287, 570.6311827751917, -196.6252305243011, 268.14649279772283, 137.0515305773138, -2800.3990346286214, 184.63005268595145, 576.783081725581, 81.9813438722184, -40.98242064279596, 1621.497638532121, -423.1820198601961, 2050.3505172482323, -198.97703717654798, 114.658607096433, 920.7963436643499, 1309.3305952981896, -275.91464102407855, 711.0621212853678, -892.7854029335335, -883.2935277286001, -216.24454171928943, 1609.4148664144432, -307.9685255441042, 1835.2958082192085, 56.25420633246758, 1233.6205683639844, 94.4638341062903, 874.3052732302971, 1136.7567221096729, 329.16627764442455, -103.5762155575323, -525.7066154326216, -420.80797042583777, 143.2768591645903, 66.17548749284727, 1444.0255872202015, 252.26089935827284, -604.8717485141392, 495.95413421592076, -519.9488407861384, 1117.4051498121112, 1525.3267519822568, 259.3719735307211, 724.572665803914, -455.36953395139636, 661.9537153880436, -633.9916691525585, -335.8241201713632, -1157.029711639041, 1034.3421384808678, 1378.4267686619255, -213.09028139631204, 467.28700497143575, -1594.796879759962, -656.4574554421794, -1950.6277392552327, 1569.1865051725306, 140.1118262517989, -1520.7841871655185, -1755.4742284170009, -234.44530862473476, -87.74658083408076, 260.10279208599724, -765.017326761324, -1483.3291908714943, -74.82645619835513, 73.89359041641457, -61.96427665179365, 920.6901124059588],