{"Stationary": {"actions": [1.0, 1.0, 0.0, 0.0, 0.0, 1.0, 0.0, 1.0, 0.0, 1.0, 0.0, 0.0, 0.0, 0.0, 0.0, 0.0, 0.0, 0.0, 0.0, 0.0, 0.0, 0.0, 0.0, 0.0, 0.0, 0.0, 0.0, 0.0, 0.0, 0.0, 0.0, 0.0, 0.0, 0.0, 0.0, 0.0, 0.0, 0.0, 0.0, 0.0, 0.0, 0.0, 0.0, 0.0, 0.0, 0.0, 0.0, 0.0, 0.0, 0.0, 0.0, 0.0, 0.0, 0.0, 0.0, 0.0, 0.0, 0.0, 0.0, 0.0, 0.0, 0.0, 0.0, 0.0, 0.0, 0.0, 0.0, 0.0, 0.0, 0.0, 0.0, 0.0, 0.0, 0.0, 0.0, 0.0, 0.0, 0.0, 0.0, 0.0, 0.0, 0.0, 0.0, 0.0, 0.0, 0.0, 0.0, 0.0, 0.0, 0.0, 0.0, 0.0, 0.0, 0.0, 0.0, 0.0, 0.0, 0.0, 0.0, 0.0, 0.0, 0.0, 0.0, 0.0, 0.0, 0.0, 0.0, 0.0, 0.0, 0.0, 0.0, 0.0, 0.0, 0.0, 0.0, 0.0, 0.0, 0.0, 0.0, 0.0, 0.0, 0.0, 0.0, 0.0, 0.0, 0.0, 0.0, 0.0, 0.0, 0.0, 0.0, 0.0, 0.0, 0.0, 0.0, 0.0, 0.0, 0.0, 0.0, 0.0, 0.0, 0.0, 0.0, 0.0, 0.0, 0.0, 0.0, 0.0, 0.0, 0.0, 0.0, 0.0, 0.0, 0.0, 0.0, 0.0, 0.0, 0.0, 0.0, 0.0, 0.0, 0.0, 0.0, 0.0, 0.0, 0.0, 0.0, 0.0, 0.0, 0.0, 0.0, 0.0, 0.0, 0.0, 0.0, 0.0, 0.0, 0.0, 0.0, 0.0, 0.0, 0.0, 0.0, 0.0, 0.0, 0.0, 0.0, 0.0, 0.0, 0.0, 0.0, 0.0, 0.0, 0.0, 0.0, 0.0, 0.0, 0.0, 0.0, 0.0], "rewards": [-1758.1880654691836, 762.4584457415577, -870.9136605595268, -1016.6657742770597, 51.3555355350276, -204.16046867794788, -1809.3078951907185, -1871.890487256444, 1671.919277570156, -151.25392932251134, 3528.54253770674, -933.4605295934131, 503.68305630915404, -564.0455031512638, 1420.8889246585256, 887.0473778979947, 2076.888169579371, 250.15517349624426, -1471.4904591051793, 7.857652007261695, -1040.8417583831492, 328.1133799802617, -1261.8477028877337, -2145.8123316763176, 229.17029510058688, -846.2766964211485, -150.77280507537557, 1015.3972286885117, -2166.0241267035058, -298.6469145199898, -1060.1252246801887, 559.0214795752328, 915.9960016213012, 630.7393616896252, -936.0504825200406, -1236.3326373169034, 851.8123623522999, 799.3971373969553, 227.11517516943633, 214.82406162030688, -778.0978665190786, 1950.5671986542477, -656.9771881806466, 996.4222327115548, -836.9390676101171, 682.289986552649, -440.7915555931173, -409.80034098943196, -48.69654310581719, -932.9265644668762, -625.733506646, -985.0626306434332, -1197.1523516653046, 299.5929734692443, 471.7310793823505, -1068.7012058995115, 1535.090272931334, 418.80865115259223, 92.19765616338258, -476.47235349312854, -547.8398613347514, -284.06662938731216, -854.5436658566838, -599.9118045688513, -2169.6753293708985, -869.9131898679191, 804.958796483942, -591.4908166099104, -1593.9033476521079, 230.1337745808789, 241.30199913178762, -1102.4866587021704, 779.4738204466145, 233.38834817583182, -1500.7697618842012, 309.7321638139665, 798.2995822501314, 762.4083594793148, 976.3494639470607, -815.8956457001185, 884.2474963630797, 84.63893354496606, -76.08498236005292, -297.3876339096846, -1008.8356222984851, -1324.4330406313936, 748.10024088713, -328.5228361417334, 1863.2869756911286, 750.6175285277436, 2377.130424893737, -115.73317585520536, 105.85656195219892, 941.9892424353912, -1618.1797029414251, 789.9450696400241, 777.0053715911727, -600.4248894136035, -804.1507324641767, -964.0289479654444, 293.50254814861114, 1508.8860022223205, 120.54861521174527, 2548.703634786651, 649.8029559769593, -691.7965878555034, 835.184375819214, -59.44756502435368, -2063.880378807896, 218.86529506561416, -1583.5384638068508, -780.5730959675266, 503.4351525312112, 992.8130939858618, 61.06649906657678, 1705.0406277162272, 408.2696887417091, -519.0359112793508, 1896.744526656851, -930.28758018601, -722.0154266387715, 1509.1236923604604, -293.76271100261897, 841.2108452114184, 1143.3547038932788, -1655.7240188295582, 541.9606402317689, 632.3385602507858, -570.2122787857544, 507.89597334596505, 45.893729389909105, -1488.1209662693236, 890.6708188057866, -462.6510555124887, 311.59462162448193, -837.2995961263418, 399.835986358196, 622.6657419314732, 959.9070708640515, -312.86984303144243, 636.9964970291828, 178.2729531960664, -515.2787178229833, 1009.5923729088876, -1752.672077477515, -87.8104678315412, 405.0611017608952, -1572.7233544853834, 352.2968143603012, -612.9350190415894, -2252.2679361947376, 326.8972791241084, 60.29530541297481, 273.01742557356084, 147.72655526262125, 922.2839617053648, -83.85504468632001, 2940.8789765261954, 498.43626467681196, 1435.5363939538463, -2572.855332310025, -368.9798519719474, 559.5035295476057, -53.28163678121098, -1108.181342778096, 575.3543129532874, -217.2420298974987, 292.2948579349902, 2681.666179563102, 896.4605831557576, 9.609977380899643, -429.83543029482416, -911.2936929027018, 692.9925569941132, -460.0711090811402, 494.5815168964596, 1705.6218221297527, -753.1046106058303, 475.70665308172323, -2012.9056453091466, 912.0330313585216, -1698.1184494091767, 2338.6376961335855, 510.769787300356, -1249.9210647563261, -1481.7100085381153, 5.332391890235902, 542.834610865035, 2010.4030598790725, 1347.3023984155352, -527.9915544342693, -466.74997623113507, 1015.62859906436, 230.44006176565378, 1396.1949527731567, 729.8024800372397, -222.24176731921568, 658.6682869474998, 365.93331635847306, 220.4616305991425]}, "Latent AR LinUCB s=2": {"actions": [1.0, 1.0, 0.0, 0.0, 1.0, 1.0, 0.0, 0.0, 1.0, 0.0, 0.0, 1.0, 0.0, 0.0, 1.0, 1.0, 0.0, 0.0, 0.0, 1.0, 0.0, 0.0, 0.0, 1.0, 1.0, 0.0, 0.0, 1.0, 1.0, 1.0, 0.0, 0.0, 1.0, 0.0, 1.0, 1.0, 0.0, 0.0, 1.0, 0.0, 0.0, 1.0, 1.0, 0.0, 0.0, 1.0, 1.0, 0.0, 0.0, 0.0, 1.0, 0.0, 0.0, 1.0, 1.0, 0.0, 0.0, 1.0, 1.0, 0.0, 0.0, 1.0, 0.0, 0.0, 1.0, 1.0, 0.0, 0.0, 1.0, 1.0, 1.0, 0.0, 0.0, 1.0, 1.0, 0.0, 0.0, 1.0, 1.0, 0.0, 1.0, 1.0, 0.0, 0.0, 0.0, 1.0, 0.0, 0.0, 1.0, 1.0, 0.0, 0.0, 1.0, 1.0, 0.0, 0.0, 0.0, 1.0, 1.0, 0.0, 1.0, 1.0, 0.0, 0.0, 1.0, 1.0, 0.0, 0.0, 1.0, 0.0, 0.0, 1.0, 0.0, 0.0, 1.0, 1.0, 0.0, 0.0, 1.0, 0.0, 0.0, 0.0, 1.0, 1.0, 0.0, 0.0, 1.0, 0.0, 0.0, 1.0, 0.0, 1.0, 1.0, 0.0, 0.0, 1.0, 1.0, 0.0, 0.0, 1.0, 1.0, 0.0, 0.0, 1.0, 0.0, 0.0, 1.0, 1.0, 0.0, 0.0, 1.0, 1.0, 0.0, 1.0, 1.0, 0.0, 1.0, 1.0, 0.0, 0.0, 1.0, 0.0, 0.0, 0.0, 1.0, 0.0, 1.0, 1.0, 0.0, 0.0, 1.0, 1.0, 0.0, 0.0, 0.0, 1.0, 1.0, 0.0, 0.0, 1.0, 1.0, 0.0, 0.0, 1.0, 0.0, 1.0, 0.0, 1.0, 0.0, 0.0, 1.0, 1.0, 0.0, 0.0, 0.0, 0.0, 1.0, 1.0, 0.0, 0.0],