{"Stationary": {"actions": [0.0, 1.0, 0.0, 0.0, 0.0, 0.0, 1.0, 1.0, 0.0, 0.0, 0.0, 0.0, 0.0, 0.0, 0.0, 0.0, 0.0, 0.0, 0.0, 0.0, 0.0, 0.0, 0.0, 0.0, 0.0, 0.0, 0.0, 0.0, 0.0, 0.0, 0.0, 0.0, 0.0, 0.0, 0.0, 0.0, 0.0, 0.0, 0.0, 0.0, 0.0, 0.0, 0.0, 0.0, 0.0, 0.0, 0.0, 0.0, 0.0, 0.0, 0.0, 0.0, 0.0, 0.0, 0.0, 0.0, 0.0, 0.0, 0.0, 0.0, 0.0, 0.0, 0.0, 0.0, 0.0, 0.0, 0.0, 0.0, 0.0, 0.0, 0.0, 0.0, 0.0, 0.0, 0.0, 0.0, 0.0, 0.0, 0.0, 0.0, 0.0, 0.0, 0.0, 0.0, 0.0, 0.0, 0.0, 0.0, 0.0, 0.0, 0.0, 0.0, 0.0, 0.0, 0.0, 0.0, 0.0, 0.0, 0.0, 0.0, 0.0, 0.0, 0.0, 0.0, 0.0, 0.0, 0.0, 0.0, 0.0, 0.0, 0.0, 0.0, 0.0, 0.0, 0.0, 0.0, 0.0, 0.0, 0.0, 0.0, 0.0, 0.0, 0.0, 0.0, 0.0, 0.0, 0.0, 0.0, 0.0, 0.0, 0.0, 0.0, 0.0, 0.0, 0.0, 0.0, 0.0, 0.0, 0.0, 0.0, 0.0, 0.0, 0.0, 0.0, 0.0, 0.0, 0.0, 0.0, 0.0, 0.0, 0.0, 0.0, 0.0, 0.0, 0.0, 0.0, 0.0, 0.0, 0.0, 0.0, 0.0, 0.0, 0.0, 0.0, 0.0, 0.0, 0.0, 0.0, 0.0, 0.0, 0.0, 0.0, 0.0, 0.0, 0.0, 0.0, 0.0, 0.0, 0.0, 0.0, 0.0, 0.0, 0.0, 0.0, 0.0, 0.0, 0.0, 0.0, 0.0, 0.0, 0.0, 0.0, 0.0, 0.0, 0.0, 0.0, 0.0, 0.0, 0.0, 0.0], "rewards": [-1830.946472856425, 940.1749867825612, -1018.7174049881368, -2302.378510661381, -1621.0931291879901, -712.6844209136656, -208.70374073523195, 137.61577683634601, 103.35333498273212, -848.3527255088383, 527.7592403147622, -47.07345951867607, 889.6036135461461, 448.748742307724, -771.2486110636167, 315.60089798458193, -381.0667440709195, 2022.0776537831487, 529.2614527330937, 1957.4646816278714, 205.58623269100892, -152.9820605355094, 1020.0457195941716, 1321.8223631806666, -140.38888965597928, 328.7463549118114, -1780.3337695956213, -1125.5548372411567, 1078.4593334702924, 1151.5823222945492, 1970.247982252031, 1032.8991697166912, -815.1605149211699, -1238.5149707293174, -2349.4364573903986, 202.395501701469, 922.0896130386083, -124.65333765558732, -1573.8293366315313, -293.96525541987467, -908.5450957242516, -737.2592921584909, -315.6934674641665, -690.5908111017682, -1206.5914422022165, 852.6275233040005, -938.2367138839163, 1087.543992590334, -707.0821184526912, 58.031833933410624, 1348.6531451483468, -215.53316749689708, 449.4104982260789, -808.1969982819271, 1450.7061868534531, -579.0159402694007, 1255.6473692619115, -217.55963913407564, 167.56533103724598, -880.3260943684913, 496.93149663805593, -1317.9191480419242, -304.8224290642529, -615.264840349593, -1533.3830620214023, 512.8711714135916, -975.1740010722093, 1244.6662709170248, -569.2016436034497, 2051.5568150733984, -210.0463729090515, 472.9595268644039, -309.4608261477028, 972.1367178531567, -1603.065641752948, -1140.0792888743747, 395.00785745025604, -645.2158838957877, 225.62025248397197, -900.9839153468758, -317.3580318666792, 604.6227017468658, 265.93207323808554, 306.82223979492335, -1819.605481982658, -1545.2429679274621, 189.71531744618076, 324.32926423010866, 1040.4475169453726, 248.5153123940359, -189.88438538920732, -515.1046895538699, -68.01860979744605, 867.9014734874737, -39.17420950095719, -1252.353199646307, 265.2045616533052, 177.79391695395955, -482.9225895258802, 1240.8989114118483, -908.2296288289983, 307.720281566544, -618.6547696338025, 195.63170521255347, -1898.9835247543717, 811.6051857743603, -230.76515640971766, -313.7722288328006, -1557.971488516414, -1540.4526959709897, -524.9164323474913, 849.0241992747128, 508.5151876315199, 81.91905182909314, -1631.6553967088869, -162.89043367883852, 1548.803268356926, -123.1337707834463, 208.87347374529327, -521.3708170333471, -614.0790704018602, 1180.3367623892188, 1008.1465540994747, 1027.127958792773, -166.01905083666094, -2084.687969600024, -340.54020638538174, -2051.9325250287725, -2121.346299903753, 93.80442227664469, -2489.1434316345444, 280.83337958966126, 259.5195393791584, -1245.8919544213977, -628.7602378421745, -1287.403935761495, -2576.838286554625, -4.887908646466623, 409.9517977406084, -397.4146706963217, 566.9038990770097, -480.8756730676469, -619.5341410400891, 571.1551697776466, 645.352200063983, 1915.3905803468847, 295.83005551856763, -189.75090036523554, 1996.5897567212487, 1105.7481129549212, 501.34209685315693, 1591.640507371006, 551.0671134684223, 77.43930563514844, 1522.1442967687397, -1861.1689808169615, 991.980227245548, -1167.376635212878, 996.5460544638993, 305.46555872910454, 62.06081419175508, -1827.5649790758225, -644.4019597277636, -189.64140462435057, 257.1827873892568, 2156.4888677615522, 1384.7164307925377, -3334.5066675924772, -619.3798379621234, -116.51932269801998, -1459.8477955902842, -457.5230061214914, 1645.751307697494, -2694.738309678256, 3060.214404189037, 1090.9492152042462, 602.1641453986191, 295.10593139575036, 814.0471627206995, -224.4733462594574, 28.032553758017457, -911.0785354412062, -519.3491325222299, 678.4444448925577, 2636.9281666886695, 56.987432719096766, 129.65536763972426, 149.14078153842783, 47.17699560542547, -1114.5551698157012, 217.20735752243615, 36.67452505377011, 84.61167326602627, 669.8551138053033, -519.5867290232286, 46.00722741244602, 144.62956771136547, 320.4852844196849, 1266.9055019185316, -219.48376182560804]}, "Latent AR LinUCB s=2": {"actions": [0.0, 1.0, 1.0, 0.0, 0.0, 1.0, 1.0, 0.0, 0.0, 1.0, 1.0, 1.0, 0.0, 0.0, 0.0, 1.0, 1.0, 0.0, 0.0, 0.0, 1.0, 0.0, 0.0, 0.0, 0.0, 1.0, 1.0, 0.0, 0.0, 0.0, 1.0, 1.0, 0.0, 0.0, 0.0, 0.0, 1.0, 1.0, 1.0, 0.0, 0.0, 1.0, 1.0, 0.0, 0.0, 1.0, 1.0, 0.0, 0.0, 0.0, 1.0, 0.0, 0.0, 1.0, 0.0, 0.0, 1.0, 1.0, 0.0, 0.0, 0.0, 1.0, 0.0, 0.0, 0.0, 1.0, 1.0, 0.0, 1.0, 0.0, 0.0, 0.0, 1.0, 0.0, 0.0, 1.0, 1.0, 0.0, 1.0, 1.0, 0.0, 0.0, 1.0, 1.0, 0.0, 0.0, 1.0, 0.0, 1.0, 1.0, 0.0, 0.0, 0.0, 1.0, 1.0, 0.0, 0.0, 0.0, 1.0, 1.0, 0.0, 0.0, 1.0, 0.0, 0.0, 1.0, 1.0, 0.0, 1.0, 0.0, 0.0, 1.0, 1.0, 0.0, 0.0, 0.0, 1.0, 0.0, 1.0, 1.0, 0.0, 0.0, 1.0, 1.0, 0.0, 0.0, 0.0, 0.0, 1.0, 1.0, 0.0, 1.0, 1.0, 0.0, 1.0, 1.0, 0.0, 0.0, 1.0, 1.0, 1.0, 0.0, 0.0, 1.0, 0.0, 0.0, 1.0, 1.0, 0.0, 0.0, 1.0, 1.0, 0.0, 0.0, 1.0, 0.0, 0.0, 1.0, 0.0, 1.0, 0.0, 0.0, 0.0, 1.0, 0.0, 1.0, 1.0, 0.0, 0.0, 0.0, 0.0, 1.0, 1.0, 0.0, 1.0, 1.0, 0.0, 1.0, 0.0, 0.0, 1.0, 1.0, 0.0, 0.0, 1.0, 1.0, 0.0, 0.0, 0.0, 1.0, 1.0, 0.0, 0.0, 1.0, 1.0, 0.0, 0.0, 1.0, 1.0, 0.0],