{"Stationary": {"actions": [0.0, 1.0, 0.0, 0.0, 1.0, 1.0, 0.0, 1.0, 0.0, 1.0, 0.0, 0.0, 0.0, 0.0, 0.0, 0.0, 0.0, 0.0, 0.0, 0.0, 0.0, 0.0, 0.0, 0.0, 0.0, 0.0, 0.0, 0.0, 0.0, 0.0, 0.0, 0.0, 0.0, 0.0, 0.0, 0.0, 0.0, 0.0, 0.0, 0.0, 0.0, 0.0, 0.0, 0.0, 0.0, 0.0, 0.0, 0.0, 0.0, 0.0, 0.0, 0.0, 0.0, 0.0, 0.0, 0.0, 0.0, 0.0, 0.0, 0.0, 0.0, 0.0, 0.0, 0.0, 0.0, 0.0, 0.0, 0.0, 0.0, 0.0, 0.0, 0.0, 0.0, 0.0, 0.0, 0.0, 0.0, 0.0, 0.0, 0.0, 0.0, 0.0, 0.0, 0.0, 0.0, 0.0, 0.0, 0.0, 0.0, 0.0, 0.0, 0.0, 0.0, 0.0, 0.0, 0.0, 0.0, 0.0, 0.0, 0.0, 0.0, 0.0, 0.0, 0.0, 0.0, 0.0, 0.0, 0.0, 0.0, 0.0, 0.0, 0.0, 0.0, 0.0, 0.0, 0.0, 0.0, 0.0, 0.0, 0.0, 0.0, 0.0, 0.0, 0.0, 0.0, 0.0, 0.0, 0.0, 0.0, 0.0, 0.0, 0.0, 0.0, 0.0, 0.0, 0.0, 0.0, 0.0, 0.0, 0.0, 0.0, 0.0, 0.0, 0.0, 0.0, 0.0, 0.0, 0.0, 0.0, 0.0, 0.0, 0.0, 0.0, 0.0, 0.0, 0.0, 0.0, 0.0, 0.0, 0.0, 0.0, 0.0, 0.0, 0.0, 0.0, 0.0, 0.0, 0.0, 0.0, 0.0, 0.0, 0.0, 0.0, 0.0, 0.0, 0.0, 0.0, 0.0, 0.0, 0.0, 0.0, 0.0, 0.0, 0.0, 0.0, 0.0, 0.0, 0.0, 0.0, 0.0, 0.0, 0.0, 0.0, 0.0, 0.0, 0.0, 0.0, 0.0, 0.0, 0.0], "rewards": [329.7728107684994, -1105.0506361528212, -615.6153488885144, -492.81630079978936, -966.7731622407692, 1729.0773750764258, 840.011774926696, -67.40247115955903, 22.221055805616345, -514.687502629849, -929.7330995169116, 1119.5411595896, 1912.730423109986, 279.3058016765113, 994.7535561877721, 151.15819752346763, -138.93712463309367, 895.3514841204914, -425.513625115945, 705.9419332420011, -2396.592030424262, 429.8034097479413, 234.77897359526034, -75.4234325379356, -198.05992619308086, -48.785913837102285, -486.3997948117844, 1826.1661442337509, 93.44643522775218, 1257.072774916611, -2187.4802266741754, -630.7234519697774, -839.1144743186609, 933.9513927400395, 1285.0942106200496, 662.0411501444181, -1673.941518177853, 778.8461230901502, 41.6217674332659, -310.4967802772241, -174.6992028104772, 99.52489685788593, 1096.0229894542342, 3143.3977853333204, -1185.5930179433687, -228.76434128093285, 665.3162796216952, 240.90795710101483, 424.84567937404086, 863.4241017214966, -614.1392856559604, -789.4967675706091, 192.8404690724524, 645.7267915144342, -100.83822339733884, -300.29662383358294, -663.0778519961202, -1549.2177119715843, -1625.826890760356, -2347.803021609456, -745.0984492229884, -774.3499232438057, -52.94652387728829, 187.73487063902434, -570.994804310099, -888.5673615625822, 119.76014730665348, -176.71109464350346, 698.2729953386029, -554.9451196509717, -1687.2629134668623, -435.6819263056541, -207.94211531359943, 899.0149982049816, -242.3303030512868, -25.416279958662344, 201.71800045425599, -693.0646035058763, 3162.474810416032, -319.6628734780633, 1642.7412252240285, 278.39761699080015, -661.0331726540901, 929.618684119985, 407.5065946671896, 695.2807901321177, 1342.2007166853182, -1972.500032112156, 400.68000746103536, 1552.6815825387519, -81.04887896139381, -892.4554297889855, 637.024176449744, 530.9852557869317, -753.2373753686402, 1093.749356997058, -144.4088074979505, 1545.6647917120001, 187.72833472790725, 995.0968457310746, -550.806639447706, -1150.070772387703, -90.43546787215465, -1706.1903980626835, -92.34535814987787, -466.0507421046209, 116.31541072138431, 1416.194913222733, -597.8163614854143, -1201.6193381663427, 647.1093210067424, -337.91957616266035, 182.4740639345169, 1052.3704655071447, -224.53943308391936, -384.78825421287354, 3472.308908717863, -715.4892510106191, 416.1884048902106, 388.66721719359464, -1632.52143653719, -1581.2280754777166, -3046.1701301896737, -333.6667079934146, -1063.8089544841441, 3266.79837992226, -1302.0025973455865, -897.9810978739702, 1465.3116626033693, 471.9044623227694, 912.164900350287, -923.9630278109911, -1476.608017684907, 466.63686854644055, -117.87184817453601, -1221.8253869646394, 234.171876866407, -1414.24556211517, 147.59192832548902, -191.51409241641915, 479.04615271844835, -2165.174373742381, 443.71669740626965, -1303.6972228800023, 614.1327596061615, 1228.710980987339, 1471.1601890772724, -913.522488514879, 657.8911748601563, -2790.22979399195, 234.44486968862626, -2484.1333672946357, -305.77062762100746, 3.8645794414669132, -323.9060649721538, 766.0402398790087, -145.1721761189176, -342.30721451577557, 1291.121040832738, -310.79418335987594, 471.00085178331506, 438.7766555428892, 2982.2311168111883, -571.4765791020461, 1595.8725403444275, -1068.053082700927, 170.18192160829656, -985.3271715182296, -1484.9013619840907, -878.8531120323208, 855.3965128629167, -280.9878542145892, -699.4486440771742, -26.49281790702164, -1928.2619932627729, -815.8430516889626, -840.8390320661158, -1431.5549065379078, -1086.4689195778824, -372.6540469307299, 1406.7234445345998, 527.0159309574864, 1654.7444897264315, -1207.7241306134404, -3342.5751138215865, 380.7157298263597, 325.5051934038529, -355.0821141084511, 1383.1220319464605, 518.6280980508403, -423.48215214536003, 1543.712676861118, 1386.2506958941897, -1257.365204188765, -205.94368246844934, -18.699419888409782, -582.0392463541009, -290.25319297856254, 1599.5622885698467, -3103.7322166857384]}, "Latent AR LinUCB s=2": {"actions": [0.0, 1.0, 1.0, 0.0, 0.0, 1.0, 0.0, 1.0, 0.0, 0.0, 1.0, 1.0, 0.0, 0.0, 1.0, 0.0, 0.0, 1.0, 0.0, 0.0, 1.0, 0.0, 0.0, 0.0, 1.0, 1.0, 0.0, 0.0, 1.0, 1.0, 0.0, 0.0, 1.0, 0.0, 1.0, 1.0, 0.0, 0.0, 1.0, 0.0, 1.0, 0.0, 0.0, 1.0, 1.0, 0.0, 0.0, 0.0, 1.0, 1.0, 0.0, 0.0, 1.0, 0.0, 0.0, 1.0, 1.0, 0.0, 0.0, 1.0, 1.0, 0.0, 0.0, 1.0, 1.0, 0.0, 0.0, 1.0, 1.0, 0.0, 0.0, 1.0, 0.0, 0.0, 1.0, 1.0, 0.0, 0.0, 1.0, 1.0, 0.0, 0.0, 0.0, 1.0, 0.0, 0.0, 1.0, 0.0, 0.0, 1.0, 0.0, 1.0, 1.0, 0.0, 0.0, 1.0, 1.0, 0.0, 0.0, 1.0, 1.0, 0.0, 0.0, 1.0, 1.0, 0.0, 0.0, 1.0, 1.0, 0.0, 0.0, 0.0, 1.0, 1.0, 0.0, 0.0, 1.0, 0.0, 0.0, 1.0, 0.0, 0.0, 1.0, 0.0, 0.0, 1.0, 1.0, 0.0, 1.0, 0.0, 0.0, 1.0, 0.0, 0.0, 0.0, 1.0, 1.0, 0.0, 0.0, 1.0, 0.0, 0.0, 1.0, 1.0, 0.0, 1.0, 0.0, 0.0, 1.0, 1.0, 0.0, 0.0, 0.0, 1.0, 0.0, 1.0, 1.0, 0.0, 0.0, 1.0, 1.0, 0.0, 0.0, 1.0, 1.0, 0.0, 0.0, 1.0, 0.0, 0.0, 1.0, 1.0, 0.0, 0.0, 1.0, 1.0, 0.0, 0.0, 1.0, 1.0, 0.0, 0.0, 1.0, 1.0, 0.0, 0.0, 0.0, 1.0, 1.0, 0.0, 0.0, 1.0, 0.0, 0.0, 1.0, 0.0, 0.0, 1.0, 1.0, 0.0],