{"Stationary": {"actions": [0.0, 0.0, 0.0, 0.0, 0.0, 1.0, 1.0, 0.0, 0.0, 0.0, 0.0, 0.0, 0.0, 0.0, 0.0, 0.0, 0.0, 0.0, 0.0, 0.0, 0.0, 0.0, 0.0, 0.0, 0.0, 0.0, 0.0, 0.0, 0.0, 0.0, 0.0, 0.0, 0.0, 0.0, 0.0, 0.0, 0.0, 0.0, 0.0, 0.0, 0.0, 0.0, 0.0, 0.0, 0.0, 0.0, 0.0, 0.0, 0.0, 0.0, 0.0, 0.0, 0.0, 0.0, 0.0, 0.0, 0.0, 0.0, 0.0, 0.0, 0.0, 0.0, 0.0, 0.0, 0.0, 0.0, 0.0, 0.0, 0.0, 0.0, 0.0, 0.0, 0.0, 0.0, 0.0, 0.0, 0.0, 0.0, 0.0, 0.0, 0.0, 0.0, 0.0, 0.0, 0.0, 0.0, 0.0, 0.0, 0.0, 0.0, 0.0, 0.0, 0.0, 0.0, 0.0, 0.0, 0.0, 0.0, 0.0, 0.0, 0.0, 0.0, 0.0, 0.0, 0.0, 0.0, 0.0, 0.0, 0.0, 0.0, 0.0, 0.0, 0.0, 0.0, 0.0, 0.0, 0.0, 0.0, 0.0, 0.0, 0.0, 0.0, 0.0, 0.0, 0.0, 0.0, 0.0, 0.0, 0.0, 0.0, 0.0, 0.0, 0.0, 0.0, 0.0, 0.0, 0.0, 0.0, 0.0, 0.0, 0.0, 0.0, 0.0, 0.0, 0.0, 0.0, 0.0, 0.0, 0.0, 0.0, 0.0, 0.0, 0.0, 0.0, 0.0, 0.0, 0.0, 0.0, 0.0, 0.0, 0.0, 0.0, 0.0, 0.0, 0.0, 0.0, 0.0, 0.0, 0.0, 0.0, 0.0, 0.0, 0.0, 0.0, 0.0, 0.0, 0.0, 0.0, 0.0, 0.0, 0.0, 0.0, 0.0, 0.0, 0.0, 0.0, 0.0, 0.0, 0.0, 0.0, 0.0, 0.0, 0.0, 0.0, 0.0, 0.0, 0.0, 0.0, 0.0, 0.0], "rewards": [-71.8158152066259, 1125.9551425311486, 206.3099168154398, -421.5810572224536, 552.2910354130595, 1481.0524449261936, 495.92717735693293, -682.6745750364254, 565.3765191174086, 131.80725727010903, 1527.0741058746771, -550.9073017266755, 880.4859769401943, -173.50023100598992, -702.6020870187747, -203.72406764989003, 3028.7178569692705, -1281.4959110584873, 1971.1410470056035, -683.1148943141119, -129.45666909139445, 915.067972381257, -1103.3796836560277, -523.9417800635619, 1042.8100897307775, -102.99516246297428, 1415.1684182978677, -1298.5538102983814, 955.8320672048177, -317.06081127573617, 338.42175574859203, 1353.1105082333522, -667.2813830110977, -591.3370097633276, 1144.5467858887853, 381.16873015013715, 524.8730914426374, 191.10456931569692, -545.3477265605366, 515.9728718741757, -581.7322911993153, -1742.5289063921562, -693.7329258434305, -1145.6394040514913, 311.1263219090785, 279.50576531388714, 299.5783301830036, 679.9492913282803, -1009.6513508221626, -335.9260365360923, -161.55801315716732, -617.8806309830162, -188.9894026494889, 902.6669538389659, -445.98785232674555, 180.24348976114786, 879.7205694689892, -1700.0263010788497, 389.54197990004286, 406.93750936458235, 366.364446232307, -108.74957995139206, 141.52477435971315, -540.5299425310145, 963.4001102204617, 1263.9837637318174, 1141.1315969647655, -445.3643881812724, -791.7642624729932, -122.44945457444896, 940.4444695333212, 479.7136419940433, 1421.7690535973197, -917.3245455326796, 315.2621956684158, -1532.7214528118132, 1910.908129934438, 376.51551921427676, 160.21773473406304, 1188.9664451715025, -245.95985451028554, 1084.9946224638097, -227.52567193296582, 827.4343542610236, 259.8940470963522, -1173.522858894174, 1333.3338769560903, -1156.658738014667, 1012.5110895063556, 877.0821737893527, -1039.216865990601, 1256.7581652305932, -1284.6461336907591, -987.8522390228858, 669.8261162865437, -278.13959011933525, -197.61339129804068, -495.4720463544203, 53.68673453986346, 732.3517577712664, 662.9111200499348, 306.4364439728785, -291.5251098777925, -42.972449976105864, -711.7139950242998, -1144.534643132461, 1564.1136957359897, -562.4124407069394, 276.37699383814765, 1712.3063418118704, -501.3449954776463, 939.8679471283051, 999.4218252818148, -429.12082574187673, -731.3825895016628, -2184.119729475084, 554.7761443348666, 501.77982049654474, 902.0376690656691, 1817.8529122091252, -1111.1417274224775, 1537.5351710094114, 2099.640896338254, -1671.0216386802515, -345.02587089733845, 656.3297161927073, -2658.58330695577, 2934.537178663403, 245.3264727758403, 172.9813528864106, 958.9869389683911, -383.46554656177125, -554.8611665404776, -387.2532633431281, -1782.021213640748, -267.08802338910806, 1455.099274988797, 1045.0264860236643, 449.32247056661544, 0.9926496777501058, 342.5525092398811, -1344.0761638305914, 137.5391489488619, -579.9580056563453, -1125.6055703711077, -292.97415230094964, 648.7867534980724, 460.5015300946806, 510.5542593925486, -365.735867052506, 61.31775145816784, -316.39140494562156, -1580.0608393890848, -281.7349700539122, 882.5984832833502, 1144.303170496094, -352.1572128312869, -752.3463228308473, -2440.69952427708, 196.16892986364138, 367.922316326144, -796.4504191439474, 2159.6601447395246, -1524.7143793038592, 1062.341837258764, -49.74824140912766, -1024.7356141198902, -543.2564274725934, 67.30883463279444, -155.74854072474034, 331.58236418886827, 1318.6733826958898, 1036.7740888539633, -917.8434790236347, 1094.1664473126114, -16.409965500056515, -73.28881238860946, 604.4161119189437, -322.5778018783854, -1104.6162075911368, -748.0002576515944, 611.8561902894617, -1160.3504622449445, 132.22371211888142, -1659.7045166923879, 520.6761827933572, 1537.194243250135, 111.04485381775417, -210.0838531956095, 747.1327106377706, -207.92742301162173, -640.9212636471933, 1024.0333115883898, -725.8382678165107, -104.49563014770716, 2195.3086105414923, 106.42465896143035, 1551.5930572863072, -1961.0801470398155, 390.54318507357516]}, "Latent AR LinUCB s=2": {"actions": [0.0, 0.0, 1.0, 1.0, 0.0, 0.0, 1.0, 1.0, 0.0, 0.0, 1.0, 1.0, 0.0, 0.0, 1.0, 1.0, 0.0, 0.0, 0.0, 1.0, 0.0, 0.0, 1.0, 0.0, 0.0, 1.0, 1.0, 0.0, 0.0, 1.0, 0.0, 0.0, 1.0, 0.0, 0.0, 1.0, 1.0, 0.0, 0.0, 1.0, 1.0, 0.0, 0.0, 1.0, 1.0, 0.0, 0.0, 1.0, 1.0, 0.0, 0.0, 1.0, 1.0, 0.0, 0.0, 1.0, 1.0, 0.0, 0.0, 1.0, 1.0, 0.0, 0.0, 1.0, 1.0, 0.0, 0.0, 1.0, 0.0, 0.0, 1.0, 1.0, 0.0, 0.0, 0.0, 1.0, 0.0, 1.0, 0.0, 0.0, 1.0, 0.0, 0.0, 1.0, 1.0, 0.0, 0.0, 1.0, 0.0, 0.0, 1.0, 0.0, 0.0, 0.0, 1.0, 1.0, 0.0, 0.0, 1.0, 1.0, 0.0, 0.0, 1.0, 1.0, 0.0, 0.0, 1.0, 1.0, 0.0, 0.0, 1.0, 0.0, 0.0, 1.0, 0.0, 0.0, 1.0, 1.0, 0.0, 0.0, 1.0, 0.0, 0.0, 1.0, 0.0, 0.0, 1.0, 0.0, 1.0, 0.0, 0.0, 1.0, 0.0, 0.0, 1.0, 1.0, 0.0, 0.0, 1.0, 1.0, 0.0, 0.0, 1.0, 1.0, 0.0, 0.0, 1.0, 1.0, 0.0, 0.0, 1.0, 1.0, 0.0, 0.0, 1.0, 1.0, 0.0, 0.0, 1.0, 1.0, 1.0, 0.0, 0.0, 1.0, 0.0, 1.0, 0.0, 0.0, 1.0, 1.0, 0.0, 0.0, 1.0, 1.0, 0.0, 0.0, 1.0, 1.0, 0.0, 0.0, 1.0, 1.0, 0.0, 0.0, 1.0, 0.0, 1.0, 1.0, 0.0, 0.0, 1.0, 1.0, 0.0, 0.0, 1.0, 1.0, 0.0, 0.0, 1.0, 0.0],