{"Stationary": {"actions": [1.0, 1.0, 1.0, 1.0, 1.0, 1.0, 0.0, 0.0, 1.0, 1.0, 0.0, 0.0, 0.0, 0.0, 0.0, 0.0, 0.0, 0.0, 0.0, 0.0, 0.0, 0.0, 0.0, 0.0, 0.0, 0.0, 0.0, 0.0, 0.0, 0.0, 0.0, 0.0, 0.0, 0.0, 0.0, 0.0, 0.0, 0.0, 0.0, 0.0, 0.0, 0.0, 0.0, 0.0, 0.0, 0.0, 0.0, 0.0, 0.0, 0.0, 0.0, 0.0, 0.0, 0.0, 0.0, 0.0, 0.0, 0.0, 0.0, 0.0, 0.0, 0.0, 0.0, 0.0, 0.0, 0.0, 0.0, 0.0, 0.0, 0.0, 0.0, 0.0, 0.0, 0.0, 0.0, 0.0, 0.0, 0.0, 0.0, 0.0, 0.0, 0.0, 0.0, 0.0, 0.0, 0.0, 0.0, 0.0, 0.0, 0.0, 0.0, 0.0, 0.0, 0.0, 0.0, 0.0, 0.0, 0.0, 0.0, 0.0, 0.0, 0.0, 0.0, 0.0, 0.0, 0.0, 0.0, 0.0, 0.0, 0.0, 0.0, 0.0, 0.0, 0.0, 0.0, 0.0, 0.0, 0.0, 0.0, 0.0, 0.0, 0.0, 0.0, 0.0, 0.0, 0.0, 0.0, 0.0, 0.0, 0.0, 0.0, 0.0, 0.0, 0.0, 0.0, 0.0, 0.0, 0.0, 0.0, 0.0, 0.0, 0.0, 0.0, 0.0, 0.0, 0.0, 0.0, 0.0, 0.0, 0.0, 0.0, 0.0, 0.0, 0.0, 0.0, 0.0, 0.0, 0.0, 0.0, 0.0, 0.0, 0.0, 0.0, 0.0, 0.0, 0.0, 0.0, 0.0, 0.0, 0.0, 0.0, 0.0, 0.0, 0.0, 0.0, 0.0, 0.0, 0.0, 0.0, 0.0, 0.0, 0.0, 0.0, 0.0, 0.0, 0.0, 0.0, 0.0, 0.0, 0.0, 0.0, 0.0, 0.0, 0.0, 0.0, 0.0, 0.0, 0.0, 0.0, 0.0], "rewards": [1436.2210181103546, -243.04372706571985, -757.411420537429, -935.5677114904252, 146.0170859157965, -1408.9132485125815, 375.53545583986016, -110.47378960706578, -383.54159216243806, -199.57817430422068, -1323.863167628345, 366.22542211162056, -1557.4071803437894, 703.9066656888821, 1922.8853744495832, -704.4012299014893, 964.3383552486439, 332.88047423964997, 1787.666576334171, -1197.9313235452519, 436.88610102489946, 91.64329637925754, -1228.5864004046366, 1758.0855216939742, 638.9560457510519, -110.21902752947146, 1548.777280568986, 176.0041830690894, -322.3539621756247, 134.40929638263947, -1906.5041250687582, 703.2094709058154, 469.15462582214775, -421.6706932821783, -806.8781087483629, 102.46767068278187, 553.7452820104882, -193.07660298754416, 485.52133826218534, -1613.0582681753206, -995.8163074870389, -933.8369086200743, -285.09748964226105, -1129.385449212147, 82.86821235399805, -826.6384041903693, 1563.4448185950198, -849.4295861423697, 2104.418787941856, 48.52012008069454, -940.2316908418296, 556.4573460733424, -790.4813286248274, -794.4860515904279, -1255.7007233750417, 1802.066347851447, -2618.697629263179, 1277.477502404498, -2145.6661101689965, 236.74543005120674, 1047.0477272055455, -1291.3315040520959, 1194.2200434223266, -20.402767665283577, -434.8085282767282, 1066.29672023381, -430.35714412154937, 843.4262528759594, 22.59383800540183, -1535.030968659278, -1014.636916887485, -13.366050075255979, -1198.5188835656427, -701.8449884444484, -328.1566556786125, -1369.187840588872, 1711.746834095593, 1294.002983281065, 201.1758879499813, -143.01537715499614, 1139.3190245491949, 796.7696086880345, 1522.0204681557695, 310.2456861164085, -397.3572158692309, -75.86818241869719, -902.1326452690338, -247.34173557547228, 1089.6650199816556, -787.0435384697856, 299.5218902530444, 1477.1566326634654, 830.6533046230869, 455.9762386329604, 328.4195061448016, 78.66297255088077, -296.945055400214, 1201.6182374837354, 330.5567099171988, -356.046948113752, 654.7702122855289, -366.51646527118106, 536.50582970215, 805.7344385950925, 814.053788824354, -332.71638394837714, -1963.465637333577, 628.0753889448494, -1270.884410305146, 690.812973509712, 25.39775711754934, 1329.3590626355888, 416.70924184492304, 111.99537601706129, -1034.3630079637983, -1140.5884072690926, 1086.651111424202, -660.3728340861195, -96.26767385598822, -652.7355613765772, -670.1043129642102, -674.891135703591, -94.9373410176258, 694.1695797007523, -614.1528277495163, -1161.0784046573922, 255.57165136985697, -1056.1811623551034, 446.44436446077, -2304.3006229777543, -1897.0669792904246, 367.0057310122596, -1792.256846836739, -668.4627154477056, 294.73944807682574, -2497.208397171787, 670.8485977859497, 1383.425847247085, -87.15528025547336, -872.1212874130586, 8.36000548123769, -917.9525240881188, 339.8234922501216, 1572.1028153765333, 667.2479599276958, -366.8401560230532, 785.425404363916, -1303.4927188144738, 2870.9727221968983, -579.4695712406082, -527.1980241743536, -749.3196700683734, -165.84319683979757, -657.8719782477755, 1290.1703189031923, -1859.5677838971835, 1625.634029518225, -46.53297352541366, -133.75838721064667, -346.3742693332474, 249.66361900374108, 1966.2884100250935, 381.20026076190624, -819.2683350723028, -1540.4983689788844, -2104.7845803299842, -330.58335893131095, -117.79437474665187, 724.977563451947, -821.0097075828085, 1557.9739979063202, 1392.2668134729247, 657.2619956815133, -145.98396031096038, 1156.0448346918429, -2435.1541917329196, 1157.7006031698313, 185.15278700294425, -1605.1081292767162, -343.2571423823802, 321.225388200882, 246.90800508643855, -805.4728289850223, 1369.04792576347, 170.62089420788217, -683.0253131022525, -356.2033530633672, 146.201868608299, 398.4055642838794, 420.57640472263415, 1670.5088453779965, -764.73156379688, 968.1035078696342, 1422.706715484571, -398.082732395205, 816.3904070539951, -668.7239337426734, 336.77878092893025, 281.82188860677786, 866.1601838383434]}, "Latent AR LinUCB s=2": {"actions": [1.0, 1.0, 0.0, 0.0, 1.0, 0.0, 0.0, 0.0, 1.0, 1.0, 0.0, 0.0, 1.0, 1.0, 0.0, 1.0, 1.0, 0.0, 0.0, 1.0, 1.0, 0.0, 0.0, 1.0, 1.0, 0.0, 0.0, 1.0, 1.0, 0.0, 0.0, 1.0, 1.0, 0.0, 0.0, 1.0, 1.0, 0.0, 0.0, 1.0, 1.0, 0.0, 0.0, 1.0, 1.0, 0.0, 0.0, 1.0, 1.0, 0.0, 0.0, 0.0, 1.0, 1.0, 0.0, 0.0, 1.0, 1.0, 0.0, 1.0, 0.0, 1.0, 1.0, 0.0, 0.0, 1.0, 1.0, 0.0, 0.0, 1.0, 0.0, 0.0, 1.0, 1.0, 0.0, 0.0, 1.0, 1.0, 0.0, 0.0, 1.0, 1.0, 0.0, 0.0, 1.0, 0.0, 0.0, 1.0, 1.0, 0.0, 0.0, 0.0, 1.0, 1.0, 0.0, 0.0, 1.0, 1.0, 0.0, 0.0, 1.0, 1.0, 0.0, 0.0, 1.0, 1.0, 0.0, 0.0, 1.0, 1.0, 0.0, 0.0, 1.0, 1.0, 0.0, 0.0, 1.0, 1.0, 0.0, 0.0, 1.0, 1.0, 0.0, 0.0, 1.0, 1.0, 0.0, 0.0, 1.0, 1.0, 0.0, 0.0, 1.0, 1.0, 0.0, 0.0, 1.0, 0.0, 1.0, 1.0, 0.0, 0.0, 1.0, 1.0, 0.0, 0.0, 0.0, 1.0, 1.0, 0.0, 1.0, 0.0, 0.0, 1.0, 1.0, 0.0, 0.0, 0.0, 1.0, 0.0, 0.0, 1.0, 1.0, 0.0, 0.0, 1.0, 1.0, 0.0, 1.0, 1.0, 0.0, 0.0, 1.0, 0.0, 0.0, 1.0, 1.0, 0.0, 1.0, 0.0, 0.0, 1.0, 1.0, 0.0, 0.0, 1.0, 0.0, 0.0, 1.0, 1.0, 0.0, 0.0, 1.0, 0.0, 0.0, 1.0, 0.0, 0.0, 1.0, 1.0],