{"Stationary": {"actions": [1.0, 1.0, 1.0, 0.0, 1.0, 0.0, 1.0, 1.0, 1.0, 0.0, 0.0, 0.0, 0.0, 0.0, 0.0, 0.0, 0.0, 0.0, 0.0, 0.0, 0.0, 0.0, 0.0, 0.0, 0.0, 0.0, 0.0, 0.0, 0.0, 0.0, 0.0, 0.0, 0.0, 0.0, 0.0, 0.0, 0.0, 0.0, 0.0, 0.0, 0.0, 0.0, 0.0, 0.0, 0.0, 0.0, 0.0, 0.0, 0.0, 0.0, 0.0, 0.0, 0.0, 0.0, 0.0, 0.0, 0.0, 0.0, 0.0, 0.0, 0.0, 0.0, 0.0, 0.0, 0.0, 0.0, 0.0, 0.0, 0.0, 0.0, 0.0, 0.0, 0.0, 0.0, 0.0, 0.0, 0.0, 0.0, 0.0, 0.0, 0.0, 0.0, 0.0, 0.0, 0.0, 0.0, 0.0, 0.0, 0.0, 0.0, 0.0, 0.0, 0.0, 0.0, 0.0, 0.0, 0.0, 0.0, 0.0, 0.0, 0.0, 0.0, 0.0, 0.0, 0.0, 0.0, 0.0, 0.0, 0.0, 0.0, 0.0, 0.0, 0.0, 0.0, 0.0, 0.0, 0.0, 0.0, 0.0, 0.0, 0.0, 0.0, 0.0, 0.0, 0.0, 0.0, 0.0, 0.0, 0.0, 0.0, 0.0, 0.0, 0.0, 0.0, 0.0, 0.0, 0.0, 0.0, 0.0, 0.0, 0.0, 0.0, 0.0, 0.0, 0.0, 0.0, 0.0, 0.0, 0.0, 0.0, 0.0, 0.0, 0.0, 0.0, 0.0, 0.0, 0.0, 0.0, 0.0, 0.0, 0.0, 0.0, 0.0, 0.0, 0.0, 0.0, 0.0, 0.0, 0.0, 0.0, 0.0, 0.0, 0.0, 0.0, 0.0, 0.0, 0.0, 0.0, 0.0, 0.0, 0.0, 0.0, 0.0, 0.0, 0.0, 0.0, 0.0, 0.0, 0.0, 0.0, 0.0, 0.0, 0.0, 0.0, 0.0, 0.0, 0.0, 0.0, 0.0, 0.0], "rewards": [27.60100862213501, 494.54636506537963, -218.70971806083196, 1099.1567829178862, 125.89855746596652, -385.890400352949, 263.3424909820863, -27.5562462797663, 81.0285681863259, -647.8612873256889, 849.6002904768792, -1163.3512665665103, 814.748633369474, 816.6219584444982, 27.312882072694244, 566.9419476885635, -270.9294251868045, 1591.288375790021, -676.6949818964034, -1121.1540359843736, 876.4191855678258, -760.8948456180894, 333.6964262766948, -1145.9580710884854, -1459.9288310809864, 817.9013218262388, 757.1013498203376, -195.19788369702428, -913.3859936252198, 103.41034657711535, 125.3703338964429, -254.10266771094456, -530.4540259666013, -1908.5090308960177, 176.38225485312734, -275.37905541951835, 151.71770909360018, 1291.669205954695, 485.45544004620945, 639.7162223068692, 164.01684927348313, 1523.2459214346006, -1171.9533535760731, 1466.6090226591539, -869.0723571363999, 1978.6698090295245, 1699.3810649367995, -111.45192117251413, -263.27751184652425, -374.51423655920206, -1125.4097936655678, -296.4474551765556, -425.2262940553469, -505.1872074486489, 492.9344135620999, -7.8467748344892465, 65.57198498167806, -550.6050001870858, -1227.2683855336193, -28.973184348018396, -2179.2353237776324, 143.96691275044947, -1074.66309008759, -166.99014402350997, 1870.7393192002073, -683.5441906824702, -456.7834058937647, -660.7743090494296, 2235.70790696172, 1387.1358849173064, -207.77082092655968, 2099.2478274869127, -1693.8592490841618, -8.020405590964518, 1561.0374570162148, 857.1837507622578, -428.0067103882695, -155.34940942944613, -637.9782997200003, 9.502897752909348, -1611.6935176732368, -212.34519657025217, 167.70441149894015, 1365.4188097748947, -61.21666063789098, 724.7460278343291, -873.7943557300845, 198.06643002102413, 405.23331385788356, 687.288271681171, -1589.848424365452, -1267.0680467118248, -498.41149927038776, -1088.0272394582778, 350.8673938925344, 954.7444450491798, -538.6966812249407, 2047.7682339739454, -889.2624526080207, 906.3655830796685, -1550.416477273408, 148.85600913348551, -934.2261274294675, 1314.4273571940587, 480.75692821312754, -866.329498325369, 536.1660992835725, 262.75209004195045, -365.4333458075496, 500.88357415947434, 228.67527077206051, -177.79861486649008, -732.6652636054807, 601.4575380789132, 356.03645045307866, -864.8004475627253, 452.98599614362894, -578.0774296265196, 1081.506855123079, -1034.5808709039325, -961.7414396323823, -1050.9589596709834, 493.5933215805995, 2556.4548251554947, 833.5694687065986, 2306.7636681863282, -223.83065258229428, 314.92707497019194, 1939.3481278393442, 2068.3706751289637, 798.0915671693996, -80.29975808990595, -2365.837041198499, -568.6999942920143, 52.25878001612377, 1061.6903933531867, -1177.4885288970354, 567.0867898616488, -103.93021059133642, -886.7548553980565, 1467.3057604702533, -1156.9548132614814, -1578.1321677862081, -307.43603708638176, -1324.6708635302764, -901.3778055004884, -126.61460637739967, -798.9262379082102, 833.0877872477431, -1517.4284400699182, 7.006690428228948, 1124.8441128323134, -1079.715057219996, -115.84981011294929, -556.6443808639758, -490.8385524017375, -625.232710870974, 1395.9703929418033, -6.005818588167151, 760.4906025763964, -770.7931478937298, -82.11873164617785, 1483.0629440879623, 1458.2944740314897, 99.45633828222647, 1331.5129966070303, 491.8702996184652, -240.1034616503173, 629.7374369302032, -440.6625323146548, -2982.248963024965, 521.1455195832543, -1996.6986679094737, 451.75100910296544, 388.2583030152843, -235.2812908893229, -395.911174414319, -41.74752493445136, -661.9347095599472, 1226.8058194164958, 1022.3953403267118, 837.9734802522881, -92.95395207694978, 42.95315970657168, 57.89048566933547, -384.82286398104856, -2576.8044651071614, -255.7493533570836, 558.757061426212, -33.211343418557874, 1041.9223462490118, -121.4509413646218, -1967.4108211828002, 1456.889340575706, 99.26501398060122, -879.4368156112212, 1199.9252382619734, -684.9930531854989, 228.53728101207625, -615.554284472125]}, "Latent AR LinUCB s=2": {"actions": [1.0, 1.0, 0.0, 0.0, 1.0, 0.0, 0.0, 1.0, 1.0, 0.0, 0.0, 1.0, 0.0, 0.0, 0.0, 1.0, 1.0, 0.0, 0.0, 1.0, 1.0, 0.0, 0.0, 1.0, 0.0, 0.0, 1.0, 1.0, 0.0, 0.0, 1.0, 1.0, 0.0, 0.0, 1.0, 1.0, 0.0, 1.0, 1.0, 0.0, 0.0, 1.0, 1.0, 0.0, 0.0, 0.0, 1.0, 0.0, 0.0, 0.0, 0.0, 1.0, 1.0, 0.0, 0.0, 1.0, 1.0, 0.0, 0.0, 1.0, 1.0, 0.0, 0.0, 1.0, 1.0, 0.0, 0.0, 1.0, 0.0, 0.0, 1.0, 1.0, 0.0, 0.0, 1.0, 0.0, 1.0, 1.0, 0.0, 0.0, 1.0, 1.0, 0.0, 0.0, 1.0, 1.0, 0.0, 0.0, 1.0, 0.0, 0.0, 1.0, 1.0, 0.0, 0.0, 1.0, 1.0, 0.0, 0.0, 1.0, 1.0, 0.0, 0.0, 0.0, 1.0, 1.0, 0.0, 0.0, 1.0, 1.0, 0.0, 0.0, 1.0, 1.0, 0.0, 0.0, 1.0, 1.0, 0.0, 0.0, 1.0, 1.0, 0.0, 0.0, 1.0, 1.0, 0.0, 0.0, 1.0, 0.0, 0.0, 1.0, 0.0, 0.0, 1.0, 1.0, 1.0, 0.0, 0.0, 0.0, 1.0, 1.0, 0.0, 0.0, 0.0, 1.0, 1.0, 0.0, 0.0, 1.0, 1.0, 0.0, 0.0, 1.0, 1.0, 0.0, 0.0, 1.0, 1.0, 0.0, 0.0, 0.0, 1.0, 0.0, 0.0, 1.0, 0.0, 0.0, 1.0, 0.0, 0.0, 1.0, 0.0, 0.0, 1.0, 0.0, 1.0, 1.0, 0.0, 0.0, 1.0, 1.0, 0.0, 0.0, 1.0, 0.0, 0.0, 1.0, 1.0, 0.0, 1.0, 1.0, 0.0, 0.0, 1.0, 1.0, 1.0, 0.0, 0.0, 1.0],